	Deformación;     Fuerza estándar
  0,000000000000e+00;  9,092559814453e+00
 -1,393193815602e-05;  9,043491363525e+00
  0,000000000000e+00;  9,036309242249e+00
 -1,393193815602e-05;  8,970129966736e+00
 -1,393193815602e-05;  8,915099143982e+00
 -2,431123051792e-03;  6,964010238647e+00
 -2,853260934353e-02;  5,661690235138e+00
 -4,332832619548e-02;  4,975095748901e+00
 -5,569988861680e-02;  4,271862506866e+00
 -6,580750644207e-02;  3,562599420547e+00
 -7,947473973036e-02;  2,455667495728e+00
 -9,094072133303e-02;  1,701273679733e+00
 -1,017449423671e-01;  1,259698510170e+00
 -1,129601523280e-01;  9,135642647743e-01
 -1,238479614258e-01;  6,559602618217e-01
 -1,022952571511e-01;  2,623453140259e+00
 -8,736718446016e-02;  3,221431493759e+00
 -7,383230328560e-02;  3,875188827515e+00
 -6,141198053956e-02;  4,572187900543e+00
 -5,010621622205e-02;  5,271288871765e+00
 -3,218974173069e-02;  6,523684501648e+00
 -1,922607421875e-02;  7,509161472321e+00
 -6,938104983419e-03;  8,521188735962e+00
  3,657133784145e-03;  9,118893623352e+00
 -1,263626758009e-02;  6,628719806671e+00
 -2,768972702324e-02;  5,930285453796e+00
 -4,066732525826e-02;  5,204858779907e+00
 -5,159693211317e-02;  4,459775447845e+00
 -6,745844334364e-02;  3,143260478973e+00
 -8,070074766874e-02;  2,146486043930e+00
 -9,280760586262e-02;  1,565585374832e+00
 -1,035909205675e-01;  1,156188607216e+00
 -1,140398755670e-01;  8,280081152916e-01
 -1,230468750000e-01;  1,407104969025e+00
 -1,057225093246e-01;  2,244164705276e+00
 -9,190899133682e-02;  2,764788627625e+00
 -7,955832779408e-02;  3,341100454330e+00
 -6,792516261339e-02;  3,964615821838e+00
 -5,728116258979e-02;  4,609630584717e+00
 -3,910695016384e-02;  5,818234920502e+00
 -2,569049410522e-02;  6,821249961853e+00
 -1,530423387885e-02;  7,613495349884e+00
 -4,897076170892e-03;  8,465763092041e+00
  5,294136237353e-03;  9,221330642700e+00
 -1,407125685364e-02;  6,475698471069e+00
 -2,666572853923e-02;  5,800718307495e+00
 -3,756050392985e-02;  5,098365783691e+00
 -5,416737496853e-02;  3,734797477722e+00
 -6,506215035915e-02;  2,843612909317e+00
 -7,648634165525e-02;  2,148978710175e+00
 -8,774334192276e-02;  1,633061766624e+00
 -9,828285872936e-02;  1,225082874298e+00
 -1,085715889931e-01;  8,898444771767e-01
 -1,190205439925e-01;  7,586894035339e-01
 -9,874957799911e-02;  2,284909486771e+00
 -8,662878721952e-02;  2,787633895874e+00
 -7,528819143772e-02;  3,343174219131e+00
 -6,479744613171e-02;  3,938648223877e+00
 -4,614257812500e-02;  5,122998237610e+00
 -3,190413862467e-02;  6,152923583984e+00
 -2,034062892199e-02;  7,004867553711e+00
 -8,059626445174e-03;  7,971860408783e+00
  2,396293217316e-03;  8,808502197266e+00
  2,013165038079e-03;  7,171819210052e+00
 -1,044895313680e-02;  6,551014900208e+00
 -2,191493846476e-02;  5,898791313171e+00
 -4,050710797310e-02;  4,536055088043e+00
 -5,305978655815e-02;  3,414651632309e+00
 -6,544528156519e-02;  2,540606021881e+00
 -7,746853679419e-02;  1,937974333763e+00
 -8,878824114799e-02;  1,472174882889e+00
 -1,001984998584e-01;  1,069505691528e+00
 -1,102852225304e-01;  7,599892616272e-01
 -1,137891039252e-01;  1,506288766861e+00
 -9,358779340982e-02;  2,290720462799e+00
 -8,309007436037e-02;  2,767995834351e+00
 -7,296852767467e-02;  3,292159557343e+00
 -5,497542768717e-02;  4,400704383850e+00
 -3,965029492974e-02;  5,421765804291e+00
 -2,746681496501e-02;  6,304564476013e+00
 -1,725470460951e-02;  7,044905662537e+00
 -6,262406241149e-03;  7,918924808502e+00
  3,824316896498e-03;  8,711493492126e+00
  1,448921579868e-02;  8,480582237244e+00
 -2,410225337371e-03;  6,882865905762e+00
 -1,359060499817e-02;  6,260769367218e+00
 -3,164639696479e-02;  4,943623065948e+00
 -4,487477242947e-02;  3,770973682404e+00
 -5,757373198867e-02;  2,801129102707e+00
 -6,766045838594e-02;  2,271831512451e+00
 -7,787256687880e-02;  1,803244352341e+00
 -8,788266032934e-02;  1,404576182365e+00
 -9,831768274307e-02;  1,046151161194e+00
 -1,086133867502e-01;  7,340251803398e-01
 -1,081188023090e-01;  1,621500611305e+00
 -9,791366010904e-02;  1,993096590042e+00
 -8,745773881674e-02;  2,417471647263e+00
 -6,832919269800e-02;  3,405317306519e+00
 -5,158996582031e-02;  4,456791400909e+00
 -3,747691214085e-02;  5,411008834839e+00
 -2,584374509752e-02;  6,245184421539e+00
 -1,213471777737e-02;  7,261870861053e+00
  1,462853542762e-04;  8,249993324280e+00
  1,104106102139e-02;  9,100159645081e+00
 -5,475251469761e-03;  6,612241744995e+00
 -2,376092039049e-02;  5,341585159302e+00
 -3,744905069470e-02;  4,122103691101e+00
 -5,076798051596e-02;  3,049097537994e+00
 -6,095222756267e-02;  2,468750715256e+00
 -7,186093181372e-02;  1,965462803841e+00
 -8,194766193628e-02;  1,540002226830e+00
 -9,302354604006e-02;  1,141335010529e+00
 -1,038068681955e-01;  7,986211180687e-01
 -1,113301143050e-01;  8,451017141342e-01
 -9,622092545033e-02;  1,923887372017e+00
 -7,691822946072e-02;  2,781757116318e+00
 -5,981677398086e-02;  3,782110214233e+00
 -4,470758885145e-02;  4,750531673431e+00
 -3,239175677299e-02;  5,616241455078e+00
 -2,167809568346e-02;  6,371464252472e+00
 -9,362262673676e-03;  7,308275699615e+00
  2,256973879412e-03;  8,235306739807e+00
  1,269199512899e-02;  9,060684204102e+00
  3,998466301709e-03;  7,049777507782e+00
 -1,485841162503e-02;  5,842153072357e+00
 -2,914561331272e-02;  4,590635776520e+00
 -3,968512639403e-02;  3,665320158005e+00
 -5,075404793024e-02;  2,881562709808e+00
 -6,271462142467e-02;  2,268138885498e+00
 -7,415970414877e-02;  1,765677571297e+00
 -8,436484634876e-02;  1,367097258568e+00
 -9,479986876249e-02;  1,013172626495e+00
 -1,040088832378e-01;  7,338814735413e-01
 -1,069067269564e-01;  1,376675844193e+00
 -9,018839895725e-02;  2,045335054398e+00
 -7,233462482691e-02;  2,904701709747e+00
 -5,653580278158e-02;  3,869886159897e+00
 -4,245758056641e-02;  4,777524948120e+00
 -3,092890232801e-02;  5,594044208527e+00
 -2,075162157416e-02;  6,310041427612e+00
 -8,944303728640e-03;  7,207911968231e+00
  2,535612788051e-03;  8,113416671753e+00
  1,317961327732e-02;  8,957419395447e+00
  1,832049898803e-02;  7,929460048676e+00
  1,901709474623e-03;  6,857758998871e+00
 -1,506739109755e-02;  5,651233673096e+00
 -2,782904542983e-02;  4,460139274597e+00
 -4,120370745659e-02;  3,356936216354e+00
 -5,378424748778e-02;  2,590782403946e+00
 -6,419140100479e-02;  2,100360870361e+00
 -7,581760734320e-02;  1,612189292908e+00
 -8,614116907120e-02;  1,230813503265e+00
 -9,692449122667e-02;  8,827742934227e-01
 -1,045522242785e-01;  6,573086380959e-01
 -9,182540327311e-02;  1,869995594025e+00
 -7,450800389051e-02;  2,664819717407e+00
 -5,912714451551e-02;  3,586467504501e+00
 -4,523003473878e-02;  4,470123767853e+00
 -3,371528908610e-02;  5,271504878998e+00
 -2,348924800754e-02;  5,985974311829e+00
 -1,120824366808e-02;  6,892877578735e+00
  7,941204821691e-04;  7,839382648468e+00
  1,098533254117e-02;  8,649194717407e+00
  2,119047753513e-02;  9,125206947327e+00
  5,503115244210e-03;  7,003861904144e+00
 -1,085297949612e-02;  5,830008029938e+00
 -2,336386032403e-02;  4,647322177887e+00
 -3,684997558594e-02;  3,512524843216e+00
 -4,688097164035e-02;  2,878483057022e+00
 -5,780360847712e-02;  2,319781064987e+00
 -6,888646632433e-02;  1,833890676498e+00
 -8,005987852812e-02;  1,385614037514e+00
 -9,095465391874e-02;  1,014071226120e+00
 -9,959245473146e-02;  7,473022937775e-01
 -1,051025390625e-01;  1,103391528130e+00
 -8,684473484755e-02;  1,978159904480e+00
 -7,032842189074e-02;  2,787592172623e+00
 -5,553967133164e-02;  3,691564559937e+00
 -4,229736328125e-02;  4,544229984283e+00
 -3,131202980876e-02;  5,317539691925e+00
 -1,704572513700e-02;  6,315915584564e+00
 -6,366895511746e-03;  7,145224094391e+00
  4,646301269531e-03;  8,002047538757e+00
  1,506042480469e-02;  8,849155426025e+00
  2,356587350368e-02;  8,764370918274e+00
  5,064259283245e-03;  6,884655475616e+00
 -1,040019188076e-02;  5,713355541229e+00
 -2,216571383178e-02;  4,567166805267e+00
 -3,503882512450e-02;  3,502681255341e+00
 -4,770295694470e-02;  2,734636783600e+00
 -5,782450735569e-02;  2,229030609131e+00
 -6,822469830513e-02;  1,778500795364e+00
 -7,881297171116e-02;  1,366799116135e+00
 -8,929675817490e-02;  1,009899258614e+00
 -9,767681360245e-02;  7,512026429176e-01
 -1,038765311241e-01;  9,508637785912e-01
 -9,187416732311e-02;  1,700209140778e+00
 -7,515583932400e-02;  2,431201457977e+00
 -6,019293889403e-02;  3,298578977585e+00
 -4,651873931289e-02;  4,156904697418e+00
 -3,499702736735e-02;  4,944243907928e+00
 -2,477795071900e-02;  5,655031681061e+00
 -1,216954737902e-02;  6,576071739197e+00
  3,413324884605e-04;  7,559060096741e+00
  1,133363135159e-02;  8,430025100708e+00
  2,196370065212e-02;  9,257359504700e+00
  2,562083303928e-02;  9,501152992249e+00
  2,657517232001e-02;  9,553175926208e+00
  2,702795900404e-02;  9,575078964233e+00
  3,051094338298e-02;  9,709136009216e+00
  3,296992927790e-02;  9,781690597534e+00
  3,481591120362e-02;  9,824954032898e+00
  3,463479876518e-02;  9,012708663940e+00
  1,989480666816e-02;  7,259629249573e+00
  8,609937503934e-03;  6,133867263794e+00
 -3,963636234403e-03;  5,023895740509e+00
 -1,754030957818e-02;  4,061404705048e+00
 -3,159067034721e-02;  3,270476341248e+00
 -4,450557380915e-02;  2,640922546387e+00
  0,000000000000e+00;  2,384596824646e+00
 -4,479118157178e-03;  2,161178112030e+00
 -1,203719433397e-02;  1,818135976791e+00
 -1,786074414849e-02;  1,585290551186e+00
 -2,015951462090e-02;  1,497051239014e+00
 -3,045521676540e-02;  1,156953811646e+00
 -3,465569391847e-02;  1,072460055351e+00
 -3,580508008599e-02;  1,084514141083e+00
 -3,600012883544e-02;  1,702420234680e+00
 -1,829960010946e-02;  3,696702241898e+00
 -2,472918946296e-03;  4,818040847778e+00
  1,778411865234e-02;  6,123874664307e+00
  4,194209724665e-02;  7,603234767914e+00
  6,967362016439e-02;  9,232130050659e+00
  1,001009717584e-01;  1,097775363922e+01
  1,327853053808e-01;  1,281504249573e+01
  1,666190177202e-01;  1,470527744293e+01
  2,009403407574e-01;  1,660940933228e+01
  2,358119785786e-01;  1,847559356689e+01
  2,704328596592e-01;  2,024641418457e+01
  3,030614554882e-01;  2,193930435181e+01
  3,336420357227e-01;  2,359005928040e+01
  3,623697161674e-01;  2,519574165344e+01
  3,895091116428e-01;  2,675424003601e+01
  4,150254726410e-01;  2,825321197510e+01
  4,388212263584e-01;  2,969005775452e+01
  4,611192643642e-01;  3,106422805786e+01
  4,819684326649e-01;  3,237422943115e+01
  5,014801025391e-01;  3,362070083618e+01
  5,193896293640e-01;  3,480339431763e+01
  5,359686017036e-01;  3,591838836670e+01
  5,516141653061e-01;  3,696963882446e+01
  5,661243200302e-01;  3,795380020142e+01
  5,797636508942e-01;  3,887040328979e+01
  5,921282768250e-01;  3,972255706787e+01
  6,037335395813e-01;  4,051296615601e+01
  6,142173409462e-01;  4,124559402466e+01
  6,328791975975e-01;  4,254617309570e+01
  6,487337350845e-01;  4,364480972290e+01
  6,624566912651e-01;  4,455922317505e+01
  6,742848753929e-01;  4,532210540771e+01
  6,884676218033e-01;  4,623825454712e+01
  7,001007795334e-01;  4,689698410034e+01
  7,118732333183e-01;  4,755218124390e+01
  7,238756418228e-01;  4,813911056519e+01
  7,344012260437e-01;  4,857405090332e+01
  7,445157766342e-01;  4,892974472046e+01
  7,543238997459e-01;  4,924288940430e+01
  7,614152431488e-01;  4,840420532227e+01
  7,619516253471e-01;  4,740252304077e+01
  7,490924596786e-01;  4,239479064941e+01
  7,361496686935e-01;  4,024263763428e+01
  7,210404872894e-01;  3,791681289673e+01
  7,052207589149e-01;  3,544538497925e+01
  6,905504465103e-01;  3,291997909546e+01
  6,775588989258e-01;  3,048435974121e+01
  6,659327149391e-01;  2,829863548279e+01
  6,550309658051e-01;  2,642817878723e+01
  6,368985176086e-01;  2,353493118286e+01
  6,225695610046e-01;  2,145700454712e+01
  6,103442907333e-01;  1,989840126038e+01
  6,001530289650e-01;  1,868025398254e+01
  5,869873762131e-01;  1,725789070129e+01
  5,756676793098e-01;  1,615856361389e+01
  5,635747313499e-01;  1,501802730560e+01
  5,531954765320e-01;  1,415078258514e+01
  5,415204763412e-01;  1,321732044220e+01
  5,309322476387e-01;  1,243513774872e+01
  5,200304985046e-01;  1,171414756775e+01
  5,126813650131e-01;  1,125760078430e+01
  5,071573853493e-01;  1,094316482544e+01
  5,028942227364e-01;  1,071163463593e+01
  5,002958774567e-01;  1,129650688171e+01
  5,133849382401e-01;  1,436120700836e+01
  5,313432216644e-01;  1,702087974548e+01
  5,426559448242e-01;  1,860456657410e+01
  5,549648404121e-01;  2,028915405273e+01
  5,682489275932e-01;  2,201391601563e+01
  5,823550224304e-01;  2,373683166504e+01
  5,957853794098e-01;  2,543666648865e+01
  6,082057356834e-01;  2,709593963623e+01
  6,194418072701e-01;  2,869523429871e+01
  6,299952864647e-01;  3,022019767761e+01
  6,488103270531e-01;  3,297143554688e+01
  6,651734113693e-01;  3,532806777954e+01
  6,793282628059e-01;  3,736365890503e+01
  6,912818551064e-01;  3,910445404053e+01
  7,018213868141e-01;  4,058069229126e+01
  7,143810391426e-01;  4,241092300415e+01
  7,249901890755e-01;  4,384734725952e+01
  7,360799908638e-01;  4,527736282349e+01
  7,476713657379e-01;  4,671136856079e+01
  7,586218714714e-01;  4,782489013672e+01
  7,670367956161e-01;  4,842354202271e+01
  7,731528878212e-01;  4,875947952271e+01
  7,783773541451e-01;  4,903176498413e+01
  7,824872732162e-01;  4,919081878662e+01
  7,859702706337e-01;  4,929293441772e+01
  7,889308333397e-01;  4,936212539673e+01
  7,900105118752e-01;  4,889918136597e+01
  7,784052491188e-01;  4,371292877197e+01
  7,612410783768e-01;  4,004828262329e+01
  7,405939698219e-01;  3,590368270874e+01
  7,298175692558e-01;  3,385984420776e+01
  7,192571759224e-01;  3,194547462463e+01
  7,006649971008e-01;  2,863155364990e+01
  6,857021450996e-01;  2,600297164917e+01
  6,728150844574e-01;  2,396404266357e+01
  6,615789532661e-01;  2,235257720947e+01
  6,515131592751e-01;  2,102611351013e+01
  6,383265852928e-01;  1,942141532898e+01
  6,274178624153e-01;  1,814979743958e+01
  6,149139404297e-01;  1,683099937439e+01
  6,046530604362e-01;  1,580780982971e+01
  5,941553711891e-01;  1,480535697937e+01
  5,833163261414e-01;  1,386229419708e+01
  5,725538730621e-01;  1,299950885773e+01
  5,620700716972e-01;  1,220435237885e+01
  5,540731549263e-01;  1,165462112427e+01
  5,483123064041e-01;  1,129756927490e+01
  5,439376831055e-01;  1,102893543243e+01
  5,403850674629e-01;  1,083157348633e+01
  5,374245047569e-01;  1,065997886658e+01
  5,360173583031e-01;  1,099669265747e+01
  5,491551756859e-01;  1,427337741852e+01
  5,654416084290e-01;  1,674654006958e+01
  5,755214095116e-01;  1,818562698364e+01
  5,863186120987e-01;  1,969961738586e+01
  5,980702042580e-01;  2,124350547791e+01
  6,101561784744e-01;  2,279016304016e+01
  6,211484670639e-01;  2,432111358643e+01
  6,316183209419e-01;  2,582063484192e+01
  6,505866646767e-01;  2,865196037292e+01
  6,675000190735e-01;  3,117516136169e+01
  6,823236346245e-01;  3,341213226318e+01
  6,952176094055e-01;  3,537787628174e+01
  7,066975235939e-01;  3,711138153076e+01
  7,210125923157e-01;  3,933864593506e+01
  7,334538102150e-01;  4,116172409058e+01
  7,461109757423e-01;  4,315185165405e+01
  7,567410469055e-01;  4,467715072632e+01
  7,678030133247e-01;  4,623226547241e+01
  7,786699533463e-01;  4,760713577271e+01
  7,865275740623e-01;  4,843524169922e+01
  7,916126847267e-01;  4,881176757813e+01
  7,954927682877e-01;  4,903122711182e+01
  7,986971139908e-01;  4,917070770264e+01
  8,014346957207e-01;  4,929167175293e+01
  8,038728237152e-01;  4,935880279541e+01
  8,045694231987e-01;  4,891527175903e+01
  7,938488125801e-01;  4,416707229614e+01
  7,789346575737e-01;  4,074400711060e+01
  7,602658271790e-01;  3,685449981689e+01
  7,403083443642e-01;  3,307409667969e+01
  7,230815291405e-01;  2,983518409729e+01
  7,085853219032e-01;  2,722301101685e+01
  6,965272426605e-01;  2,518218231201e+01
  6,857996582985e-01;  2,355327987671e+01
  6,717075109482e-01;  2,160419464111e+01
  6,596423983574e-01;  2,004598999023e+01
  6,490471959114e-01;  1,877330398560e+01
  6,370308995247e-01;  1,742599678040e+01
  6,248334646225e-01;  1,614008522034e+01
  6,144611239433e-01;  1,513538646698e+01
  6,032738089561e-01;  1,409627532959e+01
  5,930547118187e-01;  1,320771408081e+01
  5,829122662544e-01;  1,238616180420e+01
  5,756676793098e-01;  1,186062526703e+01
  5,700600743294e-01;  1,147080516815e+01
  5,653580427170e-01;  1,114873504639e+01
  5,616660714149e-01;  1,092491340637e+01
  5,585731863976e-01;  1,073877143860e+01
  5,560654401779e-01;  1,092398452759e+01
  5,670786499977e-01;  1,385824012756e+01
  5,815747976303e-01;  1,612072753906e+01
  6,002854108810e-01;  1,887073516846e+01
  6,109920740128e-01;  2,032567596436e+01
  6,219147443771e-01;  2,178724288940e+01
  6,324403285980e-01;  2,324069213867e+01
  6,514574289322e-01;  2,606400871277e+01
  6,685937047005e-01;  2,866194725037e+01
  6,837516427040e-01;  3,098370742798e+01
  6,971471905708e-01;  3,305555725098e+01
  7,090311646461e-01;  3,491220092773e+01
  7,193895578384e-01;  3,657265472412e+01
  7,335861921310e-01;  3,872665405273e+01
  7,448779940605e-01;  4,058361434937e+01
  7,550274133682e-01;  4,213805007935e+01
  7,657411098480e-01;  4,380223083496e+01
  7,771513462067e-01;  4,556498718262e+01
  7,881575822830e-01;  4,710630035400e+01
  7,963843941689e-01;  4,810621261597e+01
  8,017621040344e-01;  4,865010833740e+01
  8,057536482811e-01;  4,897241973877e+01
  8,089579939842e-01;  4,918968963623e+01
  8,115841150284e-01;  4,933171081543e+01
  8,129425048828e-01;  4,904274368286e+01
  7,988085746765e-01;  4,344180679321e+01
  7,839083671570e-01;  3,998862838745e+01
  7,658734321594e-01;  3,622343826294e+01
  7,476226091385e-01;  3,271661758423e+01
  7,318725585938e-01;  2,973019790649e+01
  7,187207937241e-01;  2,731914901733e+01
  7,071712613106e-01;  2,541375541687e+01
  6,926611065865e-01;  2,318731117249e+01
  6,799969673157e-01;  2,145016098022e+01
  6,689350008965e-01;  2,002894210815e+01
  6,562778353691e-01;  1,849074172974e+01
  6,453691720963e-01;  1,726065063477e+01
  6,342445015907e-01;  1,605365180969e+01
  6,233357787132e-01;  1,495949935913e+01
  6,127684116364e-01;  1,397653484344e+01
  6,027652621269e-01;  1,310029315948e+01
  5,939602851868e-01;  1,236940765381e+01
  5,869873762131e-01;  1,182387638092e+01
  5,815747976303e-01;  1,143618392944e+01
  5,775136351585e-01;  1,117188072205e+01
  5,742048025131e-01;  1,095747375488e+01
  5,711955428123e-01;  1,074094581604e+01
  5,688061714172e-01;  1,096306228638e+01
  5,690151453018e-01;  1,127277851105e+01
  5,801398158073e-01;  1,389574146271e+01
  5,941832065582e-01;  1,611943244934e+01
  6,124131679535e-01;  1,878459548950e+01
  6,226670742035e-01;  2,018917465210e+01
  6,331717371941e-01;  2,160451698303e+01
  6,521191596985e-01;  2,438806152344e+01
  6,693808436394e-01;  2,700975418091e+01
  6,846084594727e-01;  2,937561607361e+01
  6,981921195984e-01;  3,150017929077e+01
  7,102641463280e-01;  3,341698074341e+01
  7,210265398026e-01;  3,513916015625e+01
  7,310784459114e-01;  3,668763351440e+01
  7,437077164650e-01;  3,876379776001e+01
  7,548881173134e-01;  4,053828430176e+01
  7,669949531555e-01;  4,246796798706e+01
  7,781753540039e-01;  4,428821182251e+01
  7,887009382248e-01;  4,587502670288e+01
  7,987179756165e-01;  4,730854034424e+01
  8,058720231056e-01;  4,823390960693e+01
  8,109014630318e-01;  4,879932022095e+01
  8,144053816795e-01;  4,907355499268e+01
  8,170036673546e-01;  4,921635055542e+01
  8,192676305771e-01;  4,931904602051e+01
  8,209046125412e-01;  4,893428802490e+01
  8,046808838844e-01;  4,299539947510e+01
  7,894672155380e-01;  3,953458023071e+01
  7,718641757965e-01;  3,586339950562e+01
  7,547557950020e-01;  3,250241470337e+01
  7,398834228516e-01;  2,967407798767e+01
  7,274073958397e-01;  2,737912559509e+01
  7,163524031639e-01;  2,554168891907e+01
  7,021139264107e-01;  2,337485122681e+01
  6,900628209114e-01;  2,166923332214e+01
  6,794048547745e-01;  2,027779197693e+01
  6,671099662781e-01;  1,875696563721e+01
  6,565147042274e-01;  1,752424049377e+01
  6,451950073242e-01;  1,629039192200e+01
  6,343280673027e-01;  1,515934848785e+01
  6,241577863693e-01;  1,417405128479e+01
  6,135834455490e-01;  1,321883583069e+01
  6,049456596375e-01;  1,250146961212e+01
  5,982791781425e-01;  1,195528793335e+01
  5,928596854210e-01;  1,154282665253e+01
  5,885059237480e-01;  1,122285270691e+01
  5,849881172180e-01;  1,098509407043e+01
  5,817629098892e-01;  1,075745582581e+01
  5,791367292404e-01;  1,084076499939e+01
  5,929014682770e-01;  1,427717018127e+01
  6,076623797417e-01;  1,656472587585e+01
  6,257320642471e-01;  1,923123359680e+01
  6,360417008400e-01;  2,061182403564e+01
  6,549264788628e-01;  2,334445381165e+01
  6,721672415733e-01;  2,596974945068e+01
  6,873948574066e-01;  2,836470794678e+01
  7,011526226997e-01;  3,052103996277e+01
  7,131549715996e-01;  3,247117233276e+01
  7,242518067360e-01;  3,422793197632e+01
  7,344012260437e-01;  3,582206344604e+01
  7,472464442253e-01;  3,796983718872e+01
  7,589283585548e-01;  3,979916381836e+01
  7,710561156273e-01;  4,182592391968e+01
  7,831420898438e-01;  4,377753448486e+01
  7,937999963760e-01;  4,546914672852e+01
  8,043047189713e-01;  4,705575942993e+01
  8,122319579124e-01;  4,816648101807e+01
  8,170524239540e-01;  4,871257781982e+01
  8,204866647720e-01;  4,901630783081e+01
  8,232033848763e-01;  4,922154617310e+01
  8,253628015518e-01;  4,932214736938e+01
  8,270346522331e-01;  4,881303405762e+01
  8,153179287910e-01;  4,412080764771e+01
  8,014973998070e-01;  4,089554214478e+01
  7,851482629776e-01;  3,730411911011e+01
  7,675731778145e-01;  3,384432983398e+01
  7,528401017189e-01;  3,086753654480e+01
  7,395490407944e-01;  2,841709327698e+01
  7,283825874329e-01;  2,644623184204e+01
  7,182819247246e-01;  2,482418632507e+01
  7,050257325172e-01;  2,287007522583e+01
  6,939150094986e-01;  2,130358695984e+01
  6,808816790581e-01;  1,962168502808e+01
  6,697360873222e-01;  1,826719093323e+01
  6,578591465950e-01;  1,690954208374e+01
  6,460448503494e-01;  1,563840866089e+01
  6,351988315582e-01;  1,454032611847e+01
  6,243597865105e-01;  1,352231597900e+01
  6,147537231445e-01;  1,268189048767e+01
  6,077319979668e-01;  1,210737705231e+01
  6,023821830750e-01;  1,168724441528e+01
  5,979448556900e-01;  1,134473609924e+01
  5,943016409874e-01;  1,108938121796e+01
  5,910485386848e-01;  1,084630870819e+01
  5,878232717514e-01;  1,066494178772e+01
  5,872311592102e-01;  1,091091442108e+01
  5,925949811935e-01;  1,279096508026e+01
  6,032320261002e-01;  1,457971096039e+01
  6,178326606750e-01;  1,691620445251e+01
  6,364457607269e-01;  1,956856727600e+01
  6,556021571159e-01;  2,226970863342e+01
  6,729683279991e-01;  2,490570449829e+01
  6,883491873741e-01;  2,734607315063e+01
  7,023716568947e-01;  2,954688072205e+01
  7,145481705666e-01;  3,154147911072e+01
  7,259166836739e-01;  3,334765625000e+01
  7,363029122353e-01;  3,499556732178e+01
  7,495731115341e-01;  3,721655654907e+01
  7,615754604340e-01;  3,911090850830e+01
  7,739609479904e-01;  4,123312759399e+01
  7,844238281250e-01;  4,292840194702e+01
  7,944965958595e-01;  4,457289123535e+01
  8,055585622787e-01;  4,634553527832e+01
  8,150810599327e-01;  4,777161026001e+01
  8,206747174263e-01;  4,847950363159e+01
  8,246662020683e-01;  4,891331100464e+01
  8,274874687195e-01;  4,914252471924e+01
  8,297513723373e-01;  4,929368591309e+01
  8,316531181335e-01;  4,903404998779e+01
  8,180834054947e-01;  4,365830612183e+01
  8,040260672569e-01;  4,037781524658e+01
  7,875027656555e-01;  3,682632446289e+01
  7,706590890884e-01;  3,348285293579e+01
  7,566156983376e-01;  3,062154579163e+01
  7,439724206924e-01;  2,828179931641e+01
  7,329244017601e-01;  2,638439178467e+01
  7,186790108681e-01;  2,411055755615e+01
  7,063632011414e-01;  2,233857154846e+01
  6,960326433182e-01;  2,089128494263e+01
  6,838073730469e-01;  1,931740188599e+01
  6,732190847397e-01;  1,803796577454e+01
  6,620178222656e-01;  1,675352859497e+01
  6,508513689041e-01;  1,553877830505e+01
  6,402840018272e-01;  1,445976352692e+01
  6,298489570618e-01;  1,347721290588e+01
  6,208280324936e-01;  1,267776107788e+01
  6,136531233788e-01;  1,208302783966e+01
  6,083241105080e-01;  1,166377353668e+01
  6,041933298111e-01;  1,135781002045e+01
  6,007660627365e-01;  1,109552860260e+01
  5,975059866905e-01;  1,083721065521e+01
  5,943713188171e-01;  1,067584037781e+01
  5,938627719879e-01;  1,095107746124e+01
  6,045067906380e-01;  1,370784854889e+01
  6,172057390213e-01;  1,580347633362e+01
  6,341121792793e-01;  1,832757568359e+01
  6,533033847809e-01;  2,099566268921e+01
  6,711571812630e-01;  2,364992904663e+01
  6,869907975197e-01;  2,616101074219e+01
  7,013615965843e-01;  2,843994522095e+01
  7,139560580254e-01;  3,050448226929e+01
  7,256728410721e-01;  3,237491607666e+01
  7,364073991776e-01;  3,408977890015e+01
  7,501651644707e-01;  3,639949035645e+01
  7,626203298569e-01;  3,837847137451e+01
  7,755283117294e-01;  4,061007308960e+01
  7,865833044052e-01;  4,239936065674e+01
  7,969904541969e-01;  4,414471435547e+01
  8,075578212738e-01;  4,588473892212e+01
  8,178744316101e-01;  4,747930526733e+01
  8,242134451866e-01;  4,834932708740e+01
  8,283233642578e-01;  4,882402420044e+01
  8,312839269638e-01;  4,911223220825e+01
  8,335269689560e-01;  4,926873779297e+01
  8,354634642601e-01;  4,936650848389e+01
  8,359859585762e-01;  4,913429641724e+01
  8,245826363564e-01;  4,422084426880e+01
  8,113890886307e-01;  4,105843353271e+01
  7,951931953430e-01;  3,754245376587e+01
  7,786142230034e-01;  3,416841125488e+01
  7,640832066536e-01;  3,122991180420e+01
  7,516977190971e-01;  2,881817436218e+01
  7,402595877647e-01;  2,686010360718e+01
  7,259932756424e-01;  2,450751113892e+01
  7,134197354317e-01;  2,267039680481e+01
  7,027896642685e-01;  2,118144226074e+01
  6,906200647354e-01;  1,957502746582e+01
  6,799761056900e-01;  1,826560020447e+01
  6,687399744987e-01;  1,695154953003e+01
  6,574550867081e-01;  1,571676349640e+01
  6,466717720032e-01;  1,459249210358e+01
  6,360347867012e-01;  1,355689907074e+01
  6,270277500153e-01;  1,275089073181e+01
  6,199781894684e-01;  1,213662433624e+01
  6,143148541451e-01;  1,168400382996e+01
  6,100447177887e-01;  1,136011505127e+01
  6,067010760307e-01;  1,111502170563e+01
  6,036012172699e-01;  1,087826919556e+01
  6,005222201347e-01;  1,064797210693e+01
  5,996863245964e-01;  1,089582729340e+01
  6,089092493057e-01;  1,347489261627e+01
  6,210231184959e-01;  1,549418640137e+01
  6,374210119247e-01;  1,796538352966e+01
  6,562987565994e-01;  2,061299514771e+01
  6,741525530815e-01;  2,325999641418e+01
  6,899304389954e-01;  2,577289199829e+01
  7,043361067772e-01;  2,806790924072e+01
  7,168678641319e-01;  3,014257621765e+01
  7,287239432335e-01;  3,202803421021e+01
  7,393470406532e-01;  3,376119613647e+01
  7,534043788910e-01;  3,609395599365e+01
  7,657689452171e-01;  3,809494781494e+01
  7,788022756577e-01;  4,035931396484e+01
  7,899896502495e-01;  4,217967224121e+01
  8,003480434418e-01;  4,395684814453e+01
  8,113890886307e-01;  4,578600311279e+01
  8,216151595116e-01;  4,740706253052e+01
  8,279889822006e-01;  4,829657363892e+01
  8,321685791016e-01;  4,881509017944e+01
  8,350594639778e-01;  4,909996032715e+01
  8,373790979385e-01;  4,928237152100e+01
  8,392599225044e-01;  4,905944442749e+01
  8,262892961502e-01;  4,383524703979e+01
  8,127474784851e-01;  4,062129592896e+01
  7,964679598808e-01;  3,711769485474e+01
  7,802790999413e-01;  3,381914520264e+01
  7,661799788475e-01;  3,096999549866e+01
  7,542263269424e-01;  2,863615036011e+01
  7,430947422981e-01;  2,673231697083e+01
  7,290234565735e-01;  2,443171882629e+01
  7,167285680771e-01;  2,261373710632e+01
  7,060984969139e-01;  2,114091300964e+01
  6,942424178123e-01;  1,955117416382e+01
  6,838421821594e-01;  1,825662040710e+01
  6,726409196854e-01;  1,694933319092e+01
  6,615789532661e-01;  1,572274684906e+01
  6,510255336761e-01;  1,460386276245e+01
  6,403675675392e-01;  1,356328868866e+01
  6,314650774002e-01;  1,275246143341e+01
  6,245548129082e-01;  1,215078926086e+01
  6,190168857574e-01;  1,168592643738e+01
  6,146283149719e-01;  1,134214115143e+01
  6,112498641014e-01;  1,109168529510e+01
  6,081081628799e-01;  1,085422706604e+01
  6,052381992340e-01;  1,064398765564e+01
  6,044162511826e-01;  1,088877773285e+01
  6,189751029015e-01;  1,438124179840e+01
  6,333876848221e-01;  1,664398002625e+01
  6,510185599327e-01;  1,922580528259e+01
  6,697221994400e-01;  2,187798118591e+01
  6,862593889236e-01;  2,445472717285e+01
  7,012362480164e-01;  2,685864830017e+01
  7,144228219986e-01;  2,903424453735e+01
  7,266898751259e-01;  3,100574302673e+01
  7,379050850868e-01;  3,281975173950e+01
  7,524988055229e-01;  3,526255416870e+01
  7,654764056206e-01;  3,736564636230e+01
  7,759253382683e-01;  3,920327377319e+01
  7,882412075996e-01;  4,122768402100e+01
  7,998743653297e-01;  4,322406768799e+01
  8,105183243752e-01;  4,503265762329e+01
  8,205354213715e-01;  4,668757629395e+01
  8,285462856293e-01;  4,789879989624e+01
  8,335965871811e-01;  4,859053039551e+01
  8,370447754860e-01;  4,898275375366e+01
  8,396221399307e-01;  4,923317337036e+01
  8,416631817818e-01;  4,935915756226e+01
  8,422901034355e-01;  4,890889358521e+01
  8,322103619576e-01;  4,458029174805e+01
  8,195880651474e-01;  4,151634597778e+01
  8,040608763695e-01;  3,805245971680e+01
  7,875306606293e-01;  3,467905426025e+01
  7,731041312218e-01;  3,172450256348e+01
  7,607186436653e-01;  2,926511764526e+01
  7,496288418770e-01;  2,726856231689e+01
  7,393540143967e-01;  2,560052490234e+01
  7,264809012413e-01;  2,354765319824e+01
  7,150288224220e-01;  2,190877532959e+01
  7,022671699524e-01;  2,016705703735e+01
  6,914350986481e-01;  1,877405738831e+01
  6,797462105751e-01;  1,736118316650e+01
  6,681827306747e-01;  1,604382514954e+01
  6,571764945984e-01;  1,486035346985e+01
  6,470340490341e-01;  1,383435058594e+01
  6,374976038933e-01;  1,294042873383e+01
  6,302112340927e-01;  1,229114341736e+01
  6,244991421700e-01;  1,180444335938e+01
  6,199224591255e-01;  1,142434787750e+01
  6,162304878235e-01;  1,113815879822e+01
  6,130748987198e-01;  1,090155315399e+01
  6,101143956184e-01;  1,066970348358e+01
  6,086863875389e-01;  1,086630630493e+01
  6,227367520332e-01;  1,428224563599e+01
  6,367940306664e-01;  1,651892471313e+01
  6,541184186935e-01;  1,908190536499e+01
  6,727733016014e-01;  2,172049331665e+01
  6,891642212868e-01;  2,428958892822e+01
  7,041479945183e-01;  2,669514274597e+01
  7,172300815582e-01;  2,886969947815e+01
  7,295598387718e-01;  3,084903335571e+01
  7,406566739082e-01;  3,267099761963e+01
  7,554035782814e-01;  3,512080383301e+01
  7,682279348373e-01;  3,723456573486e+01
  7,787465453148e-01;  3,907964324951e+01
  7,910972237587e-01;  4,111484909058e+01
  8,027164340019e-01;  4,313855743408e+01
  8,135833740234e-01;  4,498426818848e+01
  8,245199322701e-01;  4,680133438110e+01
  8,320989012718e-01;  4,797677993774e+01
  8,368915319443e-01;  4,863808059692e+01
  8,403187394142e-01;  4,903734970093e+01
  8,427568674088e-01;  4,925381088257e+01
  8,446237444878e-01;  4,936174774170e+01
  8,452854752541e-01;  4,905522537231e+01
  8,320710659027e-01;  4,379016494751e+01
  8,184386491776e-01;  4,057485198975e+01
  8,023542165756e-01;  3,708684158325e+01
  7,864161133766e-01;  3,382028579712e+01
  7,726513147354e-01;  3,101679420471e+01
  7,608301043510e-01;  2,870743370056e+01
  7,501164078712e-01;  2,682244110107e+01
  7,358152866364e-01;  2,452716445923e+01
  7,238826155663e-01;  2,269384956360e+01
  7,132385969162e-01;  2,121034431458e+01
  7,013755440712e-01;  1,961536598206e+01
  6,911703944206e-01;  1,832888793945e+01
  6,801641583443e-01;  1,701700019836e+01
  6,692415475845e-01;  1,578178691864e+01
  6,587577462196e-01;  1,466164875031e+01
  6,480998396873e-01;  1,358910942078e+01
  6,392042636871e-01;  1,275719165802e+01
  6,324403285980e-01;  1,216027832031e+01
  6,270626187325e-01;  1,170789432526e+01
  6,228621006012e-01;  1,136432647705e+01
  6,193442940712e-01;  1,108179759979e+01
  6,161260008812e-01;  1,082332611084e+01
  6,131793856621e-01;  1,068677139282e+01
  6,129216551781e-01;  1,079587268829e+01
  6,131237149239e-01;  1,132671451569e+01
  6,245827078819e-01;  1,389931964874e+01
  6,377065777779e-01;  1,603525161743e+01
  6,542089581490e-01;  1,855036544800e+01
  6,729683279991e-01;  2,117273139954e+01
  6,896030306816e-01;  2,375256538391e+01
  7,047888636589e-01;  2,619785690308e+01
  7,180311679840e-01;  2,841118240356e+01
  7,305698990822e-01;  3,042754173279e+01
  7,417363524437e-01;  3,228608322144e+01
  7,519415020943e-01;  3,399220275879e+01
  7,658246755600e-01;  3,624606704712e+01
  7,769911289215e-01;  3,822294998169e+01
  7,871823310852e-01;  3,989918899536e+01
  7,980840802193e-01;  4,178387451172e+01
  8,087768554688e-01;  4,366200256348e+01
  8,188427090645e-01;  4,536477661133e+01
  8,288597464561e-01;  4,702013397217e+01
  8,358466029167e-01;  4,810395812988e+01
  8,404580950737e-01;  4,874586486816e+01
  8,435579538345e-01;  4,908801651001e+01
  8,457870483398e-01;  4,927005386353e+01
  8,476539254189e-01;  4,931515121460e+01
  8,479534387589e-01;  4,893915939331e+01
  8,323357701302e-01;  4,322980880737e+01
  8,182227015495e-01;  3,993598556519e+01
  8,018178343773e-01;  3,646197891235e+01
  7,864788174629e-01;  3,328059768677e+01
  7,731598615646e-01;  3,058186912537e+01
  7,616311907768e-01;  2,836867713928e+01
  7,512449026108e-01;  2,654875564575e+01
  7,371736764908e-01;  2,431992721558e+01
  7,255544066429e-01;  2,252438545227e+01
  7,150845527649e-01;  2,106834411621e+01
  7,033678293228e-01;  1,950028800964e+01
  6,911076903343e-01;  1,795484924316e+01
  6,806727051735e-01;  1,671861839294e+01
  6,702376604080e-01;  1,555095005035e+01
  6,590015292168e-01;  1,436263370514e+01
  6,481346487999e-01;  1,327820396423e+01
  6,400541067123e-01;  1,253073596954e+01
  6,338195800781e-01;  1,198345565796e+01
  6,289433836937e-01;  1,157676219940e+01
  6,250911951065e-01;  1,127007961273e+01
  6,218520402908e-01;  1,100384140015e+01
  6,186825037003e-01;  1,074336051941e+01
  6,166275739670e-01;  1,078693485260e+01
  6,276338100433e-01;  1,379555606842e+01
  6,403536796570e-01;  1,589843654633e+01
  6,566470861435e-01;  1,838903236389e+01
  6,753715872765e-01;  2,100484657288e+01
  6,920062899590e-01;  2,358646965027e+01
  7,071294188499e-01;  2,604383659363e+01
  7,204274535179e-01;  2,826559257507e+01
  7,330567836761e-01;  3,029784202576e+01
  7,441048026085e-01;  3,216703796387e+01
  7,544841170311e-01;  3,387553787231e+01
  7,682070732117e-01;  3,614472961426e+01
  7,795128226280e-01;  3,813284683228e+01
  7,897179722786e-01;  3,982228088379e+01
  8,005222082138e-01;  4,172159576416e+01
  8,113890886307e-01;  4,361957168579e+01
  8,226948380470e-01;  4,555639648438e+01
  8,330880999565e-01;  4,728343200684e+01
  8,394828438759e-01;  4,827407836914e+01
  8,436833024025e-01;  4,883796310425e+01
  8,465184569359e-01;  4,912604141235e+01
  8,486639857292e-01;  4,930045318604e+01
  8,500919938087e-01;  4,915686416626e+01
  8,395246267319e-01;  4,443090438843e+01
  8,265400528908e-01;  4,133734512329e+01
  8,110616803169e-01;  3,788542175293e+01
  7,945802211761e-01;  3,453963851929e+01
  7,808712124825e-01;  3,164439582825e+01
  7,684717774391e-01;  2,924162292480e+01
  7,579322457314e-01;  2,728191184998e+01
  7,433872818947e-01;  2,490709686279e+01
  7,311272025108e-01;  2,300276565552e+01
  7,204344272614e-01;  2,145681953430e+01
  7,081186175346e-01;  1,980154037476e+01
  6,979831457138e-01;  1,848461914063e+01
  6,869559884071e-01;  1,715248107910e+01
  6,758452653885e-01;  1,588586521149e+01
  6,654450893402e-01;  1,474329757690e+01
  6,548010706902e-01;  1,364886283875e+01
  6,456756591797e-01;  1,277324581146e+01
  6,388838291168e-01;  1,216514205933e+01
  6,335966587067e-01;  1,170903110504e+01
  6,294101476669e-01;  1,136795711517e+01
  6,260664463043e-01;  1,110333442688e+01
  6,229665875435e-01;  1,084283447266e+01
  6,200060844421e-01;  1,067075252533e+01
  6,195045113564e-01;  1,094915199280e+01
  6,300370693207e-01;  1,367787551880e+01
  6,424991488457e-01;  1,575430011749e+01
  6,586532592773e-01;  1,823138427734e+01
  6,773011684418e-01;  2,084538269043e+01
  6,939567923546e-01;  2,343656921387e+01
  7,090590000153e-01;  2,590194129944e+01
  7,224894165993e-01;  2,813146591187e+01
  7,351186871529e-01;  3,017460632324e+01
  7,461040616035e-01;  3,205012893677e+01
  7,566226720810e-01;  3,376314544678e+01
  7,702480554581e-01;  3,605020141602e+01
  7,816931605339e-01;  3,804496765137e+01
  7,918983101845e-01;  3,974712371826e+01
  8,026955723763e-01;  4,166653060913e+01
  8,137784004211e-01;  4,358610916138e+01
  8,249727487564e-01;  4,552559661865e+01
  8,353241682053e-01;  4,726965713501e+01
  8,418512940407e-01;  4,828367614746e+01
  8,459612131119e-01;  4,882510375977e+01
  8,488033413887e-01;  4,913245010376e+01
  8,509279489517e-01;  4,930916213989e+01
  8,523211479187e-01;  4,897612380981e+01
  8,376299142838e-01;  4,344100570679e+01
  8,235795497894e-01;  4,018008804321e+01
  8,074184656143e-01;  3,671595001221e+01
  7,917938232422e-01;  3,350109481812e+01
  7,786977887154e-01;  3,077819252014e+01
  7,668696045876e-01;  2,854227256775e+01
  7,567480206490e-01;  2,670032691956e+01
  7,426628470421e-01;  2,444624900818e+01
  7,309042811394e-01;  2,262623786926e+01
  7,205041050911e-01;  2,113756179810e+01
  7,085505127907e-01;  1,954659652710e+01
  6,964505910873e-01;  1,799424171448e+01
  6,860504150391e-01;  1,675548934937e+01
  6,755805611610e-01;  1,556847667694e+01
  6,645395159721e-01;  1,436797904968e+01
  6,538119316101e-01;  1,329468250275e+01
  6,455572247505e-01;  1,250487995148e+01
  6,394759416580e-01;  1,196569633484e+01
  6,346346139908e-01;  1,155494117737e+01
  6,309078335762e-01;  1,125339698792e+01
  6,276755928993e-01;  1,099672889709e+01
  6,247429251671e-01;  1,074801063538e+01
  6,224789619446e-01;  1,080949878693e+01
  6,343907713890e-01;  1,394239330292e+01
  6,473544836044e-01;  1,608844757080e+01
  6,641215682030e-01;  1,859477806091e+01
  6,825465559959e-01;  2,121003913879e+01
  6,989026069641e-01;  2,379298019409e+01
  7,135868668556e-01;  2,622911262512e+01
  7,270103096962e-01;  2,843235015869e+01
  7,393818497658e-01;  3,046017646790e+01
  7,502835988998e-01;  3,231578826904e+01
  7,607186436653e-01;  3,400342178345e+01
  7,738146781921e-01;  3,627186584473e+01
  7,853294014931e-01;  3,822679519653e+01
  7,979795932770e-01;  4,041640472412e+01
  8,080454468727e-01;  4,221535873413e+01
  8,184943795204e-01;  4,401574707031e+01
  8,289294242859e-01;  4,582353210449e+01
  8,385633230209e-01;  4,745484924316e+01
  8,446515798569e-01;  4,838871002197e+01
  8,484689593315e-01;  4,887865447998e+01
  8,511926531792e-01;  4,917241668701e+01
  8,532267212868e-01;  4,933591461182e+01
  8,542507290840e-01;  4,909062576294e+01
  8,420881032944e-01;  4,404712295532e+01
  8,286298513412e-01;  4,088428878784e+01
  8,128728270531e-01;  3,742414474487e+01
  7,966560721397e-01;  3,412847137451e+01
  7,832953333855e-01;  3,130133628845e+01
  7,711884975433e-01;  2,897021865845e+01
  7,607883214951e-01;  2,706063461304e+01
  7,466613054276e-01;  2,473332977295e+01
  7,344360351563e-01;  2,286410713196e+01
  7,240009903908e-01;  2,133113288879e+01
  7,117757201195e-01;  1,969416999817e+01
  7,017447352409e-01;  1,838398551941e+01
  6,909266114235e-01;  1,706927871704e+01
  6,800736188889e-01;  1,581597042084e+01
  6,698684692383e-01;  1,468353271484e+01
  6,593846678734e-01;  1,360828399658e+01
  6,505239605904e-01;  1,274029636383e+01
  6,436555385590e-01;  1,211455059052e+01
  6,385355591774e-01;  1,167274570465e+01
  6,344465017319e-01;  1,133533287048e+01
  6,312073469162e-01;  1,108120250702e+01
  6,281422972679e-01;  1,082507228851e+01
  6,253558993340e-01;  1,071258163452e+01
  6,250911951065e-01;  1,084675216675e+01
  6,381176114082e-01;  1,413251781464e+01
  6,514782905579e-01;  1,632369613647e+01
  6,686285138130e-01;  1,885630607605e+01
  6,867748498917e-01;  2,147275733948e+01
  7,030822038651e-01;  2,405475044250e+01
  7,174320816994e-01;  2,646813583374e+01
  7,308973073959e-01;  2,866137695313e+01
  7,428997159004e-01;  3,067396163940e+01
  7,539268136024e-01;  3,251505279541e+01
  7,641876935959e-01;  3,418624496460e+01
  7,769353985786e-01;  3,643945312500e+01
  7,884640693665e-01;  3,836490631104e+01
  8,007799386978e-01;  4,054031372070e+01
  8,109014630318e-01;  4,232206726074e+01
  8,210508823395e-01;  4,410266113281e+01
  8,313465714455e-01;  4,588050842285e+01
  8,409457206726e-01;  4,751612854004e+01
  8,467831611633e-01;  4,840657043457e+01
  8,505865931511e-01;  4,890258026123e+01
  8,532267212868e-01;  4,918152618408e+01
  8,552468419075e-01;  4,935227203369e+01
  8,560270071030e-01;  4,891530990601e+01
  8,460239171982e-01;  4,460890960693e+01
  8,333458304405e-01;  4,155605316162e+01
  8,179231882095e-01;  3,811848449707e+01
  8,014835119247e-01;  3,476413726807e+01
  7,876490950584e-01;  3,183036994934e+01
  7,754238247871e-01;  2,940793800354e+01
  7,645151019096e-01;  2,743060493469e+01
  7,503741979599e-01;  2,502230453491e+01
  7,377309203148e-01;  2,310583114624e+01
  7,272402048111e-01;  2,151864814758e+01
  7,148059606552e-01;  1,983256530762e+01
  7,044963240623e-01;  1,849536514282e+01
  6,937130093575e-01;  1,715893363953e+01
  6,827555298805e-01;  1,587695121765e+01
  6,723622679710e-01;  1,473366928101e+01
  6,618576049805e-01;  1,363718032837e+01
  6,529551148415e-01;  1,276670360565e+01
  6,460587978363e-01;  1,212098693848e+01
  6,408691406250e-01;  1,166487598419e+01
  6,367940306664e-01;  1,132721996307e+01
  6,335548758507e-01;  1,106945705414e+01
  6,306361556053e-01;  1,082216262817e+01
  6,278079748154e-01;  1,068713188171e+01
  6,275293231010e-01;  1,079514217377e+01
  6,388490200043e-01;  1,384573173523e+01
  6,516036987305e-01;  1,596698760986e+01
  6,682453751564e-01;  1,846922683716e+01
  6,865519881248e-01;  2,108479499817e+01
  7,030473947525e-01;  2,368336105347e+01
  7,176271677017e-01;  2,613143348694e+01
  7,312456369400e-01;  2,835918617249e+01
  7,433872818947e-01;  3,039881515503e+01
  7,546234130859e-01;  3,226716995239e+01
  7,649678587914e-01;  3,396792602539e+01
  7,778758406639e-01;  3,625242233276e+01
  7,895647287369e-01;  3,820484542847e+01
  8,020198941231e-01;  4,041331863403e+01
  8,122946619987e-01;  4,222312164307e+01
  8,225207328796e-01;  4,403137969971e+01
  8,328999876976e-01;  4,583532714844e+01
  8,426523804665e-01;  4,749882507324e+01
  8,484898209572e-01;  4,839877319336e+01
  8,523211479187e-01;  4,889641952515e+01
  8,550029993057e-01;  4,919030761719e+01
  8,569535017014e-01;  4,935121536255e+01
  8,574411273003e-01;  4,911454010010e+01
  8,458985090256e-01;  4,419190216064e+01
  8,327049612999e-01;  4,105710601807e+01
  8,169688582420e-01;  3,759891128540e+01
  8,007520437241e-01;  3,429425811768e+01
  7,872799038887e-01;  3,143523788452e+01
  7,753192782402e-01;  2,908501243591e+01
  7,645499110222e-01;  2,716117858887e+01
  7,506737112999e-01;  2,480971336365e+01
  7,381767630577e-01;  2,293350982666e+01
  7,279019355774e-01;  2,137630081177e+01
  7,156070470810e-01;  1,971445655823e+01
  7,054157853127e-01;  1,838913345337e+01
  6,948066353798e-01;  1,706888008118e+01
  6,840093731880e-01;  1,580692672729e+01
  6,736997365952e-01;  1,467934989929e+01
  6,633692383766e-01;  1,358870983124e+01
  6,546130180359e-01;  1,272989559174e+01
  6,478002667427e-01;  1,208841896057e+01
  6,426872611046e-01;  1,163989639282e+01
  6,387096643448e-01;  1,130887413025e+01
  6,354705095291e-01;  1,104888057709e+01
  6,326144933701e-01;  1,081035804749e+01
  6,298280954361e-01;  1,075988769531e+01
  6,296330094337e-01;  1,094370174408e+01
  6,400123238564e-01;  1,366407203674e+01
  6,523908376694e-01;  1,573570537567e+01
  6,687191128731e-01;  1,821422004700e+01
  6,869699358940e-01;  2,082798767090e+01
  7,036395072937e-01;  2,343453216553e+01
  7,183028459549e-01;  2,589911460876e+01
  7,320815324783e-01;  2,815200042725e+01
  7,442719936371e-01;  3,021675682068e+01
  7,557031512260e-01;  3,210526657104e+01
  7,660475969315e-01;  3,382368087769e+01
  7,790948748589e-01;  3,613136291504e+01
  7,908534407616e-01;  3,810069274902e+01
  8,033434152603e-01;  4,033052444458e+01
  8,138062953949e-01;  4,216097640991e+01
  8,241019845009e-01;  4,398929214478e+01
  8,344325423241e-01;  4,581359863281e+01
  8,442893624306e-01;  4,749828338623e+01
  8,501407504082e-01;  4,839739608765e+01
  8,539511561394e-01;  4,890707778931e+01
  8,565703630447e-01;  4,919810867310e+01
  8,584999442101e-01;  4,936067581177e+01
  8,591477870941e-01;  4,900878524780e+01
  8,452228307724e-01;  4,362377929688e+01
  8,314162492752e-01;  4,039149856567e+01
  8,153457641602e-01;  3,693001937866e+01
  7,995260357857e-01;  3,369882965088e+01
  7,864788174629e-01;  3,093720054626e+01
  7,747898697853e-01;  2,867764663696e+01
  7,643618583679e-01;  2,682450866699e+01
  7,507224678993e-01;  2,453792762756e+01
  7,384414672852e-01;  2,271042823792e+01
  7,283408045769e-01;  2,118993759155e+01
  7,163036465645e-01;  1,956183242798e+01
  7,062517404556e-01;  1,826486968994e+01
  6,958376169205e-01;  1,697115325928e+01
  6,851796507835e-01;  1,572185516357e+01
  6,750581264496e-01;  1,460588741302e+01
  6,649365425110e-01;  1,354215526581e+01
  6,563196778297e-01;  1,269998836517e+01
  6,496114134789e-01;  1,206410598755e+01
  6,444774866104e-01;  1,158751010895e+01
  6,405904889107e-01;  1,132614326477e+01
  6,373373866081e-01;  1,098968410492e+01
  6,345649361610e-01;  1,081349849701e+01
  6,318342685699e-01;  1,065009117126e+01
  6,313605904579e-01;  1,090406036377e+01
  6,417747139931e-01;  1,361021232605e+01
  6,542368531227e-01;  1,568641948700e+01
  6,705650687218e-01;  1,817682075500e+01
  6,888089179993e-01;  2,080456161499e+01
  7,054994106293e-01;  2,342714500427e+01
  7,201697230339e-01;  2,590128898621e+01
  7,339971661568e-01;  2,816750144958e+01
  7,461249232292e-01;  3,024216651917e+01
  7,575978636742e-01;  3,213217926025e+01
  7,678796648979e-01;  3,384920120239e+01
  7,809199690819e-01;  3,614348602295e+01
  7,926297187805e-01;  3,810065841675e+01
  8,050291538239e-01;  4,033050918579e+01
  8,156522512436e-01;  4,216932678223e+01
  8,258434534073e-01;  4,401639175415e+01
  8,361182808876e-01;  4,583485794067e+01
  8,459472656250e-01;  4,748477935791e+01
  8,518474698067e-01;  4,843865966797e+01
  8,555393815041e-01;  4,890515136719e+01
  8,581725358963e-01;  4,922631835938e+01
  8,600185513496e-01;  4,930379104614e+01
  8,603180646896e-01;  4,895481109619e+01
  8,458148837090e-01;  4,343636703491e+01
  8,319038748741e-01;  4,019289779663e+01
  8,157985806465e-01;  3,674639129639e+01
  8,001529574394e-01;  3,355454254150e+01
  7,872102260590e-01;  3,083290290833e+01
  7,756258249283e-01;  2,860431289673e+01
  7,651768326759e-01;  2,676696205139e+01
  7,516767978668e-01;  2,448906135559e+01
  7,394515275955e-01;  2,266098594666e+01
  7,293857336044e-01;  2,113661956787e+01
  7,174181938171e-01;  1,951194381714e+01
  7,073802351952e-01;  1,821525764465e+01
  6,970914602280e-01;  1,693497467041e+01
  6,864892840385e-01;  1,569476604462e+01
  6,764513254166e-01;  1,456974601746e+01
  6,655147671700e-01;  1,342895507813e+01
  6,571346521378e-01;  1,260041332245e+01
  6,507468819618e-01;  1,199926471710e+01
  6,457104682922e-01;  1,155368518829e+01
  6,419488787651e-01;  1,123280143738e+01
  6,389325857162e-01;  1,099176025391e+01
  6,360347867012e-01;  1,074582386017e+01
  6,339728236198e-01;  1,086401557922e+01
  6,475495100021e-01;  1,424437046051e+01
  6,612167358398e-01;  1,646636962891e+01
  6,784017682076e-01;  1,901931762695e+01
  6,962695121765e-01;  2,165049362183e+01
  7,122076153755e-01;  2,423455810547e+01
  7,266480922699e-01;  2,664258193970e+01
  7,399739623070e-01;  2,884315109253e+01
  7,517812848091e-01;  3,084831809998e+01
  7,629825472832e-01;  3,268262481689e+01
  7,769353985786e-01;  3,514120101929e+01
  7,895438075066e-01;  3,725788879395e+01
  7,998394966125e-01;  3,909342193604e+01
  8,113890886307e-01;  4,116492080688e+01
  8,230361938477e-01;  4,322889709473e+01
  8,333876132965e-01;  4,504902267456e+01
  8,439759016037e-01;  4,691849899292e+01
  8,511508703232e-01;  4,809180068970e+01
  8,555951118469e-01;  4,874639892578e+01
  8,585904836655e-01;  4,912568664551e+01
  8,606594204903e-01;  4,931017303467e+01
  8,618993163109e-01;  4,910302734375e+01
  8,497646450996e-01;  4,407598495483e+01
  8,365362286568e-01;  4,091788482666e+01
  8,206399083138e-01;  3,745106506348e+01
  8,046181797981e-01;  3,416579437256e+01
  7,910972237587e-01;  3,132287025452e+01
  7,793735265732e-01;  2,899133682251e+01
  7,685901522636e-01;  2,708166694641e+01
  7,550274133682e-01;  2,473808097839e+01
  7,425861954689e-01;  2,287053108215e+01
  7,322417497635e-01;  2,131950569153e+01
  7,201836705208e-01;  1,965712547302e+01
  7,099088430405e-01;  1,832116127014e+01
  6,994251012802e-01;  1,700665473938e+01
  6,887671351433e-01;  1,576057529449e+01
  6,786664724350e-01;  1,462904071808e+01
  6,685797572136e-01;  1,355593299866e+01
  6,598862409592e-01;  1,269107246399e+01
  6,533033847809e-01;  1,207104206085e+01
  6,481137275696e-01;  1,159971809387e+01
  6,441779732704e-01;  1,126349067688e+01
  6,411547660828e-01;  1,101862335205e+01
  6,382569074631e-01;  1,077680206299e+01
  6,356446743011e-01;  1,091742038727e+01
  6,510533690453e-01;  1,453598499298e+01
  6,653963327408e-01;  1,682840156555e+01
  6,829087734222e-01;  1,940587997437e+01
  7,005884051323e-01;  2,204616737366e+01
  7,160737514496e-01;  2,461000633240e+01
  7,305490374565e-01;  2,699705886841e+01
  7,434430122375e-01;  2,917628860474e+01
  7,553687691689e-01;  3,116191101074e+01
  7,662914395332e-01;  3,297528839111e+01
  7,799795269966e-01;  3,540342330933e+01
  7,923092842102e-01;  3,747740554810e+01
  8,023821115494e-01;  3,928987884521e+01
  8,138759732246e-01;  4,132293319702e+01
  8,252652883530e-01;  4,336148452759e+01
  8,352823853493e-01;  4,515835571289e+01
  8,457173705101e-01;  4,698157501221e+01
  8,527530431747e-01;  4,813231277466e+01
  8,571624755859e-01;  4,877699279785e+01
  8,600185513496e-01;  4,912616729736e+01
  8,620734810829e-01;  4,933279800415e+01
  8,631044626236e-01;  4,895761871338e+01
  8,479395508766e-01;  4,333385467529e+01
  8,339100480080e-01;  4,005335998535e+01
  8,176097273827e-01;  3,659143447876e+01
  8,021382689476e-01;  3,340979385376e+01
  7,892303466797e-01;  3,069622230530e+01
  7,778270840645e-01;  2,848351478577e+01
  7,673363089561e-01;  2,666441726685e+01
  7,540452480316e-01;  2,440583801270e+01
  7,419244647026e-01;  2,259333992004e+01
  7,318377494812e-01;  2,108421134949e+01
  7,200304269791e-01;  1,946138763428e+01
  7,099785208702e-01;  1,815941619873e+01
  6,996898055077e-01;  1,687669754028e+01
  6,892547607422e-01;  1,565447044373e+01
  6,780883073807e-01;  1,440416049957e+01
  6,675348877907e-01;  1,330186748505e+01
  6,594682931900e-01;  1,251088142395e+01
  6,533730626106e-01;  1,193536949158e+01
  6,485525965691e-01;  1,149611091614e+01
  6,448258161545e-01;  1,118307399750e+01
  6,419349312782e-01;  1,094144153595e+01
  6,391624808311e-01;  1,070645523071e+01
  6,375951170921e-01;  1,076865577698e+01
  6,482182145119e-01;  1,375871467590e+01
  6,609938144684e-01;  1,586185932159e+01
  6,773359775543e-01;  1,836358070374e+01
  6,954684257507e-01;  2,099357223511e+01
  7,118036150932e-01;  2,360497665405e+01
  7,265923619270e-01;  2,607498931885e+01
  7,402178049088e-01;  2,833855819702e+01
  7,523385882378e-01;  3,039993286133e+01
  7,637975811958e-01;  3,228467941284e+01
  7,780848145485e-01;  3,480636978149e+01
  7,909230589867e-01;  3,696814727783e+01
  8,013720512390e-01;  3,884811401367e+01
  8,132977485657e-01;  4,096549224854e+01
  8,251608014107e-01;  4,308820343018e+01
  8,355958461761e-01;  4,496656036377e+01
  8,464139699936e-01;  4,687788009644e+01
  8,536934256554e-01;  4,807366561890e+01
  8,581864833832e-01;  4,875477218628e+01
  8,611330986023e-01;  4,911834335327e+01
  8,632367849350e-01;  4,932896041870e+01
  8,642190098763e-01;  4,901656723022e+01
  8,503566980362e-01;  4,363703536987e+01
  8,366755843163e-01;  4,040324401855e+01
  8,204657435417e-01;  3,693177795410e+01
  8,048062324524e-01;  3,370174789429e+01
  7,915500402451e-01;  3,093239212036e+01
  7,801257967949e-01;  2,867324638367e+01
  7,694957852364e-01;  2,682037162781e+01
  7,561698555946e-01;  2,453262329102e+01
  7,439793944359e-01;  2,269445419312e+01
  7,336697578430e-01;  2,116846084595e+01
  7,218415737152e-01;  1,952537918091e+01
  7,117199897766e-01;  1,820623970032e+01
  7,013267874718e-01;  1,691008567810e+01
  6,908569335938e-01;  1,567590332031e+01
  6,797114014626e-01;  1,441809463501e+01
  6,691509485245e-01;  1,330988407135e+01
  6,610565185547e-01;  1,250920867920e+01
  6,549752354622e-01;  1,193367290497e+01
  6,501826643944e-01;  1,150450325012e+01
  6,464070677757e-01;  1,117439651489e+01
  6,435161828995e-01;  1,093610858917e+01
  6,408203840256e-01;  1,070553970337e+01
  6,392530202866e-01;  1,080002784729e+01
  6,509837508202e-01;  1,394696140289e+01
  6,641772985458e-01;  1,610305786133e+01
  6,807910799980e-01;  1,862902069092e+01
  6,988817453384e-01;  2,126852798462e+01
  7,149104475975e-01;  2,387089157104e+01
  7,297130823135e-01;  2,632643508911e+01
  7,430042028427e-01;  2,856921958923e+01
  7,552155256271e-01;  3,061250305176e+01
  7,664307355881e-01;  3,248017120361e+01
  7,805925607681e-01;  3,498048019409e+01
  7,932357788086e-01;  3,711922836304e+01
  8,035314679146e-01;  3,898983001709e+01
  8,154084682465e-01;  4,108392715454e+01
  8,269928693771e-01;  4,317589569092e+01
  8,373025059700e-01;  4,504130554199e+01
  8,479673862457e-01;  4,692883682251e+01
  8,551214337349e-01;  4,811171722412e+01
  8,595309257507e-01;  4,876831436157e+01
  8,624426722527e-01;  4,912538146973e+01
  8,644767403603e-01;  4,932611465454e+01
  8,654519915581e-01;  4,913241958618e+01
  8,541183471680e-01;  4,424049758911e+01
  8,410432338715e-01;  4,111281585693e+01
  8,251329660416e-01;  3,764383697510e+01
  8,091251254082e-01;  3,433335494995e+01
  7,952976822853e-01;  3,146100234985e+01
  7,836714982986e-01;  2,910029411316e+01
  7,729299664497e-01;  2,716952514648e+01
  7,592209577560e-01;  2,481376457214e+01
  7,469399571419e-01;  2,291171836853e+01
  7,362123727798e-01;  2,135180473328e+01
  7,243841290474e-01;  1,966268730164e+01
  7,140187621117e-01;  1,831478881836e+01
  7,034165859222e-01;  1,699008750916e+01
  6,929119229317e-01;  1,574098014832e+01
  6,816270351410e-01;  1,446312141418e+01
  6,709482073784e-01;  1,333983802795e+01
  6,628189086914e-01;  1,252912044525e+01
  6,567167043686e-01;  1,195500564575e+01
  6,519101858139e-01;  1,151460266113e+01
  6,480998396873e-01;  1,117728805542e+01
  6,451253294945e-01;  1,093473339081e+01
  6,424365043640e-01;  1,070706844330e+01
  6,407089233398e-01;  1,093703079224e+01
  6,509280204773e-01;  1,367569828033e+01
  6,635503172874e-01;  1,575710868835e+01
  6,796695590019e-01;  1,824541854858e+01
  6,978159546852e-01;  2,088238143921e+01
  7,141371965408e-01;  2,349646568298e+01
  7,291001081467e-01;  2,598557853699e+01
  7,426349520683e-01;  2,826410484314e+01
  7,549647688866e-01;  3,033971405029e+01
  7,663750052452e-01;  3,223613739014e+01
  7,807109951973e-01;  3,477244567871e+01
  7,935004830360e-01;  3,693788909912e+01
  8,039146065712e-01;  3,883316040039e+01
  8,160214424133e-01;  4,095619201660e+01
  8,277730345726e-01;  4,308512115479e+01
  8,381941318512e-01;  4,498871231079e+01
  8,490262031555e-01;  4,689589309692e+01
  8,562569022179e-01;  4,809560775757e+01
  8,606733083725e-01;  4,876444244385e+01
  8,635851144791e-01;  4,912233352661e+01
  8,655912876129e-01;  4,932783508301e+01
  8,666013479233e-01;  4,910957717896e+01
  8,547313809395e-01;  4,410186004639e+01
  8,414472341537e-01;  4,094653320313e+01
  8,254672884941e-01;  3,747234344482e+01
  8,095082640648e-01;  3,417942047119e+01
  7,958132028580e-01;  3,133212089539e+01
  7,842705845833e-01;  2,899400901794e+01
  7,735917568207e-01;  2,708255004883e+01
  7,599315047264e-01;  2,474360466003e+01
  7,477758526802e-01;  2,285009384155e+01
  7,370273470879e-01;  2,129589080811e+01
  7,252897024155e-01;  1,961395072937e+01
  7,149452567101e-01;  1,826980781555e+01
  7,044057250023e-01;  1,695060539246e+01
  6,940055489540e-01;  1,570794582367e+01
  6,828321218491e-01;  1,443374443054e+01
  6,721881628036e-01;  1,332081222534e+01
  6,641354560852e-01;  1,251292514801e+01
  6,580471992493e-01;  1,193191432953e+01
  6,533243060112e-01;  1,150450229645e+01
  6,495417952538e-01;  1,117712688446e+01
  6,465115547180e-01;  1,092232418060e+01
  6,438297033310e-01;  1,069107913971e+01
  6,423668265343e-01;  1,085464191437e+01
  6,559783220291e-01;  1,424432086945e+01
  6,696943044662e-01;  1,647588157654e+01
  6,866355538368e-01;  1,903590965271e+01
  7,046077847481e-01;  2,168415832520e+01
  7,202533483505e-01;  2,427735519409e+01
  7,350072264671e-01;  2,671827697754e+01
  7,478594779968e-01;  2,893571281433e+01
  7,601892352104e-01;  3,095826148987e+01
  7,708889245987e-01;  3,280429077148e+01
  7,850298881531e-01;  3,526308059692e+01
  7,971506714821e-01;  3,736664199829e+01
  8,072373867035e-01;  3,920893859863e+01
  8,189820051193e-01;  4,127031326294e+01
  8,303365111351e-01;  4,332852554321e+01
  8,404720425606e-01;  4,517908477783e+01
  8,508234620094e-01;  4,700780868530e+01
  8,577893972397e-01;  4,816332244873e+01
  8,620734810829e-01;  4,880554962158e+01
  8,648389577866e-01;  4,914423751831e+01
  8,668103218079e-01;  4,934706497192e+01
  8,675765991211e-01;  4,893051910400e+01
  8,520146012306e-01;  4,321066665649e+01
  8,379154801369e-01;  3,991279983521e+01
  8,214061856270e-01;  3,644480895996e+01
  8,061646223068e-01;  3,327043914795e+01
  7,931522130966e-01;  3,057506942749e+01
  7,819857597351e-01;  2,837799072266e+01
  7,715855240822e-01;  2,656596565247e+01
  7,584198713303e-01;  2,432770919800e+01
  7,465568184853e-01;  2,251105308533e+01
  7,361566424370e-01;  2,101004791260e+01
  7,247115373611e-01;  1,938745117188e+01
  7,146108746529e-01;  1,808080673218e+01
  7,043221592903e-01;  1,679684448242e+01
  6,941657662392e-01;  1,558859157562e+01
  6,832292079926e-01;  1,434358119965e+01
  6,728081107140e-01;  1,325067806244e+01
  6,649365425110e-01;  1,246835422516e+01
  6,589319109917e-01;  1,189542388916e+01
  6,543343663216e-01;  1,148034286499e+01
  6,506563425064e-01;  1,115503787994e+01
  6,476609706879e-01;  1,089725875854e+01
  6,449790596962e-01;  1,066510105133e+01
  6,439689993858e-01;  1,077681732178e+01
  6,547105312347e-01;  1,378038215637e+01
  6,674512624741e-01;  1,588994026184e+01
  6,836611032486e-01;  1,839502334595e+01
  7,018074393272e-01;  2,103638267517e+01
  7,178848981857e-01;  2,364978027344e+01
  7,329174280167e-01;  2,614033889771e+01
  7,461876273155e-01;  2,841149139404e+01
  7,586985230446e-01;  3,048164939880e+01
  7,697743773460e-01;  3,237269210815e+01
  7,841591238976e-01;  3,489780426025e+01
  7,966700196266e-01;  3,705566406250e+01
  8,069657087326e-01;  3,894552230835e+01
  8,190098404884e-01;  4,105759048462e+01
  8,306151628494e-01;  4,316817855835e+01
  8,409805297852e-01;  4,506868743896e+01
  8,515548706055e-01;  4,693425750732e+01
  8,586741089821e-01;  4,813829421997e+01
  8,629790544510e-01;  4,878804397583e+01
  8,657863736153e-01;  4,914072799683e+01
  8,677507638931e-01;  4,934127807617e+01
  8,685518503189e-01;  4,899177932739e+01
  8,543133735657e-01;  4,351441574097e+01
  8,404720425606e-01;  4,026257705688e+01
  8,241019845009e-01;  3,678752899170e+01
  8,086375594139e-01;  3,357259750366e+01
  7,953464388847e-01;  3,082445144653e+01
  7,840964198112e-01;  2,857925987244e+01
  7,736962437630e-01;  2,673453712463e+01
  7,603006958961e-01;  2,446076965332e+01
  7,483679652214e-01;  2,261349487305e+01
  7,378493547440e-01;  2,109544563293e+01
  7,263833880424e-01;  1,944820404053e+01
  7,161782383919e-01;  1,812778663635e+01
  7,057641148567e-01;  1,682619476318e+01
  6,956286430359e-01;  1,560563755035e+01
  6,846920251846e-01;  1,435374355316e+01
  6,741734147072e-01;  1,325851821899e+01
  6,663715243340e-01;  1,247148132324e+01
  6,603529453278e-01;  1,189424514771e+01
  6,557623744011e-01;  1,147894191742e+01
  6,521261334419e-01;  1,115273761749e+01
  6,491447091103e-01;  1,089506053925e+01
  6,464627981186e-01;  1,067032527924e+01
  6,452228426933e-01;  1,091822147369e+01
  6,607848405838e-01;  1,455712318420e+01
  6,749745011330e-01;  1,685800361633e+01
  6,922779679298e-01;  1,944541740417e+01
  7,098600864410e-01;  2,209090232849e+01
  7,254081368446e-01;  2,466884613037e+01
  7,397998571396e-01;  2,708439254761e+01
  7,526450753212e-01;  2,926890945435e+01
  7,646683454514e-01;  3,126932716370e+01
  7,749988436699e-01;  3,309392166138e+01
  7,890701293945e-01;  3,551074600220e+01
  8,007938265800e-01;  3,760043334961e+01
  8,139804601669e-01;  3,995567321777e+01
  8,247985839844e-01;  4,189576721191e+01
  8,352266550064e-01;  4,380958938599e+01
  8,461353182793e-01;  4,577511596680e+01
  8,558877110481e-01;  4,749325942993e+01
  8,616694808006e-01;  4,844987106323e+01
  8,651872873306e-01;  4,895266342163e+01
  8,676114082336e-01;  4,922971343994e+01
  8,693877458572e-01;  4,927690505981e+01
  8,695270419121e-01;  4,910834121704e+01
  8,577755093575e-01;  4,411431884766e+01
  8,445262312889e-01;  4,096112823486e+01
  8,285810947418e-01;  3,748418426514e+01
  8,126568794250e-01;  3,418302917480e+01
  7,988991141319e-01;  3,133292198181e+01
  7,873634696007e-01;  2,898696517944e+01
  7,768657803535e-01;  2,707228088379e+01
  7,630313634872e-01;  2,473844146729e+01
  7,510846853256e-01;  2,283893394470e+01
  7,403013706207e-01;  2,128552818298e+01
  7,285846471786e-01;  1,959272003174e+01
  7,183028459549e-01;  1,824634552002e+01
  7,076658010483e-01;  1,690893936157e+01
  6,974536776543e-01;  1,567316913605e+01
  6,863220930099e-01;  1,440396976471e+01
  6,757407784462e-01;  1,328053283691e+01
  6,679180264473e-01;  1,249582099915e+01
  6,618366837502e-01;  1,191320323944e+01
  6,572043299675e-01;  1,148879909515e+01
  6,535820364952e-01;  1,117404460907e+01
  6,505866646767e-01;  1,091568183899e+01
  6,478351354599e-01;  1,067140865326e+01
  6,465812325478e-01;  1,090285396576e+01
  6,614814400673e-01;  1,445555400848e+01
  6,754760742188e-01;  1,673142051697e+01
  6,925914883614e-01;  1,931000900269e+01
  7,102571725845e-01;  2,195717048645e+01
  7,259097099304e-01;  2,454723930359e+01
  7,403849959373e-01;  2,697708892822e+01
  7,533068656921e-01;  2,917428398132e+01
  7,653440237045e-01;  3,118502044678e+01
  7,756606340408e-01;  3,301829910278e+01
  7,898502945900e-01;  3,544385147095e+01
  8,015949130058e-01;  3,754244995117e+01
  8,116955757141e-01;  3,935800170898e+01
  8,231754899025e-01;  4,140700531006e+01
  8,343419432640e-01;  4,344202423096e+01
  8,444286584854e-01;  4,527801513672e+01
  8,552955985069e-01;  4,722509765625e+01
  8,616694808006e-01;  4,830021286011e+01
  8,655704259872e-01;  4,886779785156e+01
  8,681477904320e-01;  4,918397521973e+01
  8,700146675110e-01;  4,935239410400e+01
  8,704674839973e-01;  4,896938705444e+01
  8,557205200195e-01;  4,338611984253e+01
  8,417468070984e-01;  4,011349487305e+01
  8,252722620964e-01;  3,663504028320e+01
  8,099750280380e-01;  3,343576812744e+01
  7,967396378517e-01;  3,070733833313e+01
  7,856080532074e-01;  2,847966194153e+01
  7,753332257271e-01;  2,664812850952e+01
  7,619376778603e-01;  2,439040184021e+01
  7,502000331879e-01;  2,255201721191e+01
  7,396605014801e-01;  2,104119110107e+01
  7,282293438911e-01;  1,939803504944e+01
  7,181286811829e-01;  1,808317184448e+01
  7,077006697655e-01;  1,678355026245e+01
  6,976835727692e-01;  1,557610511780e+01
  6,867818236351e-01;  1,433123588562e+01
  6,763468384743e-01;  1,322825431824e+01
  6,686981916428e-01;  1,245814609528e+01
  6,626726388931e-01;  1,188188838959e+01
  6,581308245659e-01;  1,146624755859e+01
  6,545572876930e-01;  1,115207004547e+01
  6,516872644424e-01;  1,090114498138e+01
  6,489148139954e-01;  1,065113353729e+01
  6,479396224022e-01;  1,089904022217e+01
  6,500224471092e-01;  1,206948184967e+01
  6,628049612045e-01;  1,445405960083e+01
  6,767856478691e-01;  1,673134803772e+01
  6,939010620117e-01;  1,931060600281e+01
  7,115249633789e-01;  2,195797157288e+01
  7,271496057510e-01;  2,454890823364e+01
  7,416040301323e-01;  2,697955703735e+01
  7,546024918556e-01;  2,918014717102e+01
  7,665979266167e-01;  3,119536209106e+01
  7,768448591232e-01;  3,303251647949e+01
  7,910554409027e-01;  3,546128845215e+01
  8,027303814888e-01;  3,756528472900e+01
  8,128798007965e-01;  3,937929153442e+01
  8,243249058723e-01;  4,142663574219e+01
  8,353659510612e-01;  4,345898437500e+01
  8,454875349998e-01;  4,529356765747e+01
  8,563265800476e-01;  4,722830581665e+01
  8,627004027367e-01;  4,829711151123e+01
  8,665317296982e-01;  4,887189102173e+01
  8,690742850304e-01;  4,918719100952e+01
  8,709689974785e-01;  4,936505889893e+01
  8,714775443077e-01;  4,913965606689e+01
  8,603389859200e-01;  4,428895950317e+01
  8,473125696182e-01;  4,116588973999e+01
  8,315067887306e-01;  3,769323348999e+01
  8,153597116470e-01;  3,436880493164e+01
  8,015322685242e-01;  3,148816108704e+01
  7,898712158203e-01;  2,910914611816e+01
  7,794013619423e-01;  2,717142105103e+01
  7,653649449348e-01;  2,481557083130e+01
  7,535228133202e-01;  2,289589881897e+01
  7,427255511284e-01;  2,132777976990e+01
  7,309321761131e-01;  1,962546348572e+01
  7,206364274025e-01;  1,827285003662e+01
  7,099088430405e-01;  1,692118072510e+01
  6,996340751648e-01;  1,567783546448e+01
  6,885372400284e-01;  1,440709495544e+01
  6,779977679253e-01;  1,327507114410e+01
  6,702306866646e-01;  1,248919677734e+01
  6,641772985458e-01;  1,190511322021e+01
  6,595936417580e-01;  1,148461532593e+01
  6,559713482857e-01;  1,116660785675e+01
  6,530596017838e-01;  1,091237068176e+01
  6,503776907921e-01;  1,066395378113e+01
  6,493328213692e-01;  1,080542373657e+01
  6,610843539238e-01;  1,395427322388e+01
  6,741386055946e-01;  1,611130523682e+01
  6,905225515366e-01;  1,864110374451e+01
  7,085783481598e-01;  2,128899574280e+01
  7,245373725891e-01;  2,390702629089e+01
  7,394097447395e-01;  2,639496994019e+01
  7,525963187218e-01;  2,864971542358e+01
  7,649469971657e-01;  3,071296310425e+01
  7,755561470985e-01;  3,259432983398e+01
  7,900314331055e-01;  3,508671951294e+01
  8,020616769791e-01;  3,724415588379e+01
  8,124479055405e-01;  3,910735321045e+01
  8,241646885872e-01;  4,120849990845e+01
  8,355053067207e-01;  4,329651641846e+01
  8,458915352821e-01;  4,518185424805e+01
  8,561176061630e-01;  4,702711486816e+01
  8,628885149956e-01;  4,818768692017e+01
  8,669844865799e-01;  4,880790328979e+01
  8,696663975716e-01;  4,915406799316e+01
  8,716517090797e-01;  4,935391616821e+01
  8,722438216209e-01;  4,894182205200e+01
  8,569604754448e-01;  4,325237274170e+01
  8,428404331207e-01;  3,995860671997e+01
  8,263171911240e-01;  3,648432540894e+01
  8,111661672592e-01;  3,329830169678e+01
  7,979726195335e-01;  3,059189796448e+01
  7,869106531143e-01;  2,838144493103e+01
  7,767403721809e-01;  2,656293487549e+01
  7,633448243141e-01;  2,432374000549e+01
  7,517673373222e-01;  2,249007606506e+01
  7,412626743317e-01;  2,098915481567e+01
  7,299081683159e-01;  1,935364532471e+01
  7,199050188065e-01;  1,804959106445e+01
  7,094560861588e-01;  1,674555778503e+01
  6,979761719704e-01;  1,536527919769e+01
  6,875271797180e-01;  1,417333221436e+01
  6,775171160698e-01;  1,311445140839e+01
  6,701261997223e-01;  1,236763572693e+01
  6,643444299698e-01;  1,181929206848e+01
  6,599559187889e-01;  1,141246128082e+01
  6,565425992012e-01;  1,111562919617e+01
  6,537422537804e-01;  1,086710739136e+01
  6,511090993881e-01;  1,064129638672e+01
  6,503080129623e-01;  1,081245326996e+01
  6,626169085503e-01;  1,402997398376e+01
  6,758661866188e-01;  1,621352195740e+01
  6,923824548721e-01;  1,875711631775e+01
  7,103546857834e-01;  2,140911865234e+01
  7,262789011002e-01;  2,402679634094e+01
  7,410327792168e-01;  2,650908470154e+01
  7,541984915733e-01;  2,875446701050e+01
  7,664794921875e-01;  3,081110382080e+01
  7,769493460655e-01;  3,268418121338e+01
  7,914385795593e-01;  3,516529464722e+01
  8,033364415169e-01;  3,731342315674e+01
  8,137366175652e-01;  3,916554641724e+01
  8,253349661827e-01;  4,125636291504e+01
  8,365989327431e-01;  4,333694458008e+01
  8,469155430794e-01;  4,520535659790e+01
  8,571067452431e-01;  4,703255081177e+01
  8,638498187065e-01;  4,820099258423e+01
  8,678900599480e-01;  4,881799697876e+01
  8,705719709396e-01;  4,915763092041e+01
  8,725572824478e-01;  4,935582733154e+01
  8,730100393295e-01;  4,909081649780e+01
  8,607569336891e-01;  4,399806976318e+01
  8,474240303040e-01;  4,082143402100e+01
  8,314162492752e-01;  3,734066772461e+01
  8,154781460762e-01;  3,405002593994e+01
  8,019084334373e-01;  3,122051620483e+01
  7,903936505318e-01;  2,889366531372e+01
  7,800143957138e-01;  2,699260330200e+01
  7,661520838737e-01;  2,467231559753e+01
  7,544980049133e-01;  2,277357673645e+01
  7,437843680382e-01;  2,121802902222e+01
  7,320397496223e-01;  1,952900505066e+01
  7,219460606575e-01;  1,818975830078e+01
  7,112672328949e-01;  1,684794616699e+01
  7,011456489563e-01;  1,561767292023e+01
  6,901742815971e-01;  1,435428524017e+01
  6,798158884048e-01;  1,323541641235e+01
  6,721324324608e-01;  1,245682239532e+01
  6,661904454231e-01;  1,188268184662e+01
  6,615789532661e-01;  1,146116352081e+01
  6,580471992493e-01;  1,115290451050e+01
  6,552190184593e-01;  1,090680122375e+01
  6,525371670723e-01;  1,067088985443e+01
  6,513529419899e-01;  1,088748455048e+01
  6,659814715385e-01;  1,441981410980e+01
  6,799203753471e-01;  1,669249725342e+01
  6,970636248589e-01;  1,927966880798e+01
  7,145760655403e-01;  2,193243598938e+01
  7,304236292839e-01;  2,454005241394e+01
  7,446690201759e-01;  2,697978782654e+01
  7,578904628754e-01;  2,919034576416e+01
  7,697395682335e-01;  3,121014595032e+01
  7,800074219704e-01;  3,305293655396e+01
  7,941552996635e-01;  3,547646713257e+01
  8,056909441948e-01;  3,758927917480e+01
  8,160493373871e-01;  3,940525054932e+01
  8,273411393166e-01;  4,145835876465e+01
  8,383613228798e-01;  4,349929809570e+01
  8,483992815018e-01;  4,532712554932e+01
  8,591477870941e-01;  4,726027679443e+01
  8,653823137283e-01;  4,831518936157e+01
  8,691578507423e-01;  4,887479400635e+01
  8,717004656792e-01;  4,919285583496e+01
  8,736370205879e-01;  4,930299758911e+01
  8,737763166428e-01;  4,916166687012e+01
  8,632437586784e-01;  4,443087005615e+01
  8,504333496094e-01;  4,133139038086e+01
  8,347808122635e-01;  3,786380767822e+01
  8,184804320335e-01;  3,451589202881e+01
  8,046808838844e-01;  3,161006546021e+01
  7,927829623222e-01;  2,920395278931e+01
  7,823479771614e-01;  2,724702453613e+01
  7,682209610939e-01;  2,487055969238e+01
  7,564833164215e-01;  2,293534660339e+01
  7,457557320595e-01;  2,135183334351e+01
  7,336976528168e-01;  1,963840484619e+01
  7,235760688782e-01;  1,827457046509e+01
  7,127649188042e-01;  1,690215682983e+01
  7,025249600410e-01;  1,565686130524e+01
  6,914838552475e-01;  1,438525009155e+01
  6,810976266861e-01;  1,325865077972e+01
  6,732817888260e-01;  1,246495246887e+01
  6,673885583878e-01;  1,189519214630e+01
  6,627562046051e-01;  1,146194839478e+01
  6,592244505882e-01;  1,115253448486e+01
  6,563892960548e-01;  1,091096782684e+01
  6,537562012672e-01;  1,066619586945e+01
  6,525859236717e-01;  1,092853546143e+01
  6,627074480057e-01;  1,364820098877e+01
  6,751626133919e-01;  1,572776794434e+01
  6,910449862480e-01;  1,822619056702e+01
  7,091913819313e-01;  2,087780189514e+01
  7,254360318184e-01;  2,352010154724e+01
  7,404546141624e-01;  2,605095100403e+01
  7,538989782333e-01;  2,834750938416e+01
  7,663889527321e-01;  3,044948768616e+01
  7,770886421204e-01;  3,236131286621e+01
  7,871893048286e-01;  3,409267044067e+01
  8,001111745834e-01;  3,637988662720e+01
  8,110547065735e-01;  3,836905288696e+01
  8,236283063889e-01;  4,060475540161e+01
  8,357351422310e-01;  4,284337615967e+01
  8,468110561371e-01;  4,485790634155e+01
  8,576640486717e-01;  4,683422470093e+01
  8,648250699043e-01;  4,809159469604e+01
  8,690882325172e-01;  4,875495529175e+01
  8,719651699066e-01;  4,913307952881e+01
  8,739992380142e-01;  4,935525894165e+01
  8,744729161263e-01;  4,911766433716e+01
  8,628258109093e-01;  4,414065170288e+01
  8,496670722961e-01;  4,098640823364e+01
  8,338264822960e-01;  3,750929641724e+01
  8,177281022072e-01;  3,419919204712e+01
  8,041235804558e-01;  3,134608650208e+01
  7,923998832703e-01;  2,899136924744e+01
  7,821250557899e-01;  2,707254409790e+01
  7,681164741516e-01;  2,473168945313e+01
  7,565042376518e-01;  2,281873893738e+01
  7,458602190018e-01;  2,125178527832e+01
  7,339484095573e-01;  1,955273437500e+01
  7,238965034485e-01;  1,820270919800e+01
  7,132037878036e-01;  1,685164451599e+01
  7,029916644096e-01;  1,562330245972e+01
  6,920899152756e-01;  1,435889530182e+01
  6,817245483398e-01;  1,323290538788e+01
  6,740131974220e-01;  1,245217609406e+01
  6,681618094444e-01;  1,188057231903e+01
  6,635572910309e-01;  1,145278453827e+01
  6,600464582443e-01;  1,114311027527e+01
  6,572391390800e-01;  1,089531707764e+01
  6,546756625175e-01;  1,065979576111e+01
  6,534775495529e-01;  1,093165302277e+01
  6,543064713478e-01;  1,162334632874e+01
  6,693181395531e-01;  1,461737251282e+01
  6,835774779320e-01;  1,693290328979e+01
  7,010551095009e-01;  1,954127120972e+01
  7,182680368423e-01;  2,220037651062e+01
  7,340668439865e-01;  2,480794715881e+01
  7,480335831642e-01;  2,722166442871e+01
  7,612480521202e-01;  2,941681671143e+01
  7,727488875389e-01;  3,142089080811e+01
  7,831142544746e-01;  3,324483871460e+01
  7,969486117363e-01;  3,564490890503e+01
  8,083867430687e-01;  3,774200820923e+01
  8,186128139496e-01;  3,954197311401e+01
  8,297722935677e-01;  4,158099746704e+01
  8,406600952148e-01;  4,360734939575e+01
  8,518126010895e-01;  4,564746093750e+01
  8,618087768555e-01;  4,744818878174e+01
  8,675208687782e-01;  4,840726089478e+01
  8,711292147636e-01;  4,893970108032e+01
  8,735673427582e-01;  4,924103927612e+01
  8,753227591515e-01;  4,894802093506e+01
  8,600394129753e-01;  4,326069641113e+01
  8,459542393684e-01;  3,996166229248e+01
  8,295075893402e-01;  3,647946929932e+01
  8,142451643944e-01;  3,328994750977e+01
  8,011630773544e-01;  3,058205986023e+01
  7,900314331055e-01;  2,837047195435e+01
  7,799795269966e-01;  2,655002593994e+01
  7,664098143578e-01;  2,431300735474e+01
  7,550692558289e-01;  2,247247886658e+01
  7,446899414063e-01;  2,096479415894e+01
  7,331403493881e-01;  1,932202529907e+01
  7,210404872894e-01;  1,772382354736e+01
  7,110025286674e-01;  1,647539138794e+01
  7,000311017036e-01;  1,515918922424e+01
  6,899653077126e-01;  1,400599288940e+01
  6,804358363152e-01;  1,299193096161e+01
  6,732608675957e-01;  1,227645301819e+01
  6,678274273872e-01;  1,175434970856e+01
  6,635294556618e-01;  1,135825824738e+01
  6,602345108986e-01;  1,107092666626e+01
  6,575387120247e-01;  1,083200359344e+01
  6,550449132919e-01;  1,065126609802e+01
  6,545781493187e-01;  1,086437511444e+01
  6,685031652451e-01;  1,430811214447e+01
  6,822400093079e-01;  1,655990600586e+01
  6,992996931076e-01;  1,914335632324e+01
  7,167842984200e-01;  2,180399703979e+01
  7,327920794487e-01;  2,443209457397e+01
  7,470235228539e-01;  2,688721275330e+01
  7,603982090950e-01;  2,911678314209e+01
  7,721219062805e-01;  3,115169525146e+01
  7,825917601585e-01;  3,300251007080e+01
  7,966281771660e-01;  3,543470001221e+01
  8,082126379013e-01;  3,755867004395e+01
  8,186267614365e-01;  3,938280105591e+01
  8,299185633659e-01;  4,145015335083e+01
  8,409805297852e-01;  4,351036834717e+01
  8,523141741753e-01;  4,559723281860e+01
  8,624218106270e-01;  4,742018127441e+01
  8,681687116623e-01;  4,839101791382e+01
  8,717910051346e-01;  4,892913436890e+01
  8,742987513542e-01;  4,924684906006e+01
  8,759009242058e-01;  4,900793457031e+01
  8,618366122246e-01;  4,355607223511e+01
  8,480648994446e-01;  4,030312728882e+01
  8,317854404449e-01;  3,681913375854e+01
  8,162443637848e-01;  3,358466339111e+01
  8,029742240906e-01;  3,082579994202e+01
  7,916336059570e-01;  2,856756210327e+01
  7,815329432487e-01;  2,671360969543e+01
  7,678239345551e-01;  2,444363212585e+01
  7,564485073090e-01;  2,257935333252e+01
  7,459926009178e-01;  2,104603767395e+01
  7,342758178711e-01;  1,937991333008e+01
  7,221550345421e-01;  1,776786804199e+01
  7,120683193207e-01;  1,650678825378e+01
  7,009715437889e-01;  1,518166828156e+01
  6,908708810806e-01;  1,402991867065e+01
  6,812926530838e-01;  1,300580883026e+01
  6,741176843643e-01;  1,228176879883e+01
  6,686981916428e-01;  1,175266456604e+01
  6,644001603127e-01;  1,135429763794e+01
  6,610913276672e-01;  1,106771755219e+01
  6,584233641624e-01;  1,083525371552e+01
  6,559156179428e-01;  1,064084720612e+01
  6,554279923439e-01;  1,078896903992e+01
  6,669845581055e-01;  1,390916156769e+01
  6,800248622894e-01;  1,606435394287e+01
  6,963878870010e-01;  1,860758399963e+01
  7,142626047134e-01;  2,126539802551e+01
  7,304863333702e-01;  2,390918922424e+01
  7,451078891754e-01;  2,641472816467e+01
  7,586566805840e-01;  2,868715286255e+01
  7,706938982010e-01;  3,076334381104e+01
  7,812961339951e-01;  3,265190124512e+01
  7,957226037979e-01;  3,513873291016e+01
  8,074811697006e-01;  3,730400848389e+01
  8,181042671204e-01;  3,916322708130e+01
  8,296538591385e-01;  4,127026367188e+01
  8,409247994423e-01;  4,337179946899e+01
  8,511508703232e-01;  4,524570465088e+01
  8,611609339714e-01;  4,708414077759e+01
  8,676950335503e-01;  4,821431732178e+01
  8,717213273048e-01;  4,882667922974e+01
  8,744519948959e-01;  4,918756103516e+01
  8,763885498047e-01;  4,932474899292e+01
  8,766672015190e-01;  4,898627471924e+01
  8,619899153709e-01;  4,342190551758e+01
  8,480300903320e-01;  4,014219284058e+01
  8,316809535027e-01;  3,665295410156e+01
  8,162443637848e-01;  3,343209457397e+01
  8,030787110329e-01;  3,069836997986e+01
  7,918216586113e-01;  2,846003723145e+01
  7,817767858505e-01;  2,662290763855e+01
  7,681164741516e-01;  2,437279701233e+01
  7,568316459656e-01;  2,251903343201e+01
  7,464175224304e-01;  2,099484252930e+01
  7,347077131271e-01;  1,933760452271e+01
  7,227123379707e-01;  1,773254966736e+01
  7,126464843750e-01;  1,647698974609e+01
  7,016054391861e-01;  1,515394020081e+01
  6,915883421898e-01;  1,400891876221e+01
  6,820728182793e-01;  1,298954963684e+01
  6,748979091644e-01;  1,226713180542e+01
  6,694992780685e-01;  1,174436378479e+01
  6,652500033379e-01;  1,134668064117e+01
  6,619411706924e-01;  1,105222225189e+01
  6,592941284180e-01;  1,082227039337e+01
  6,568421125412e-01;  1,066149711609e+01
  6,563823819160e-01;  1,090347862244e+01
  6,715681552887e-01;  1,450685691833e+01
  6,856115460396e-01;  1,680468559265e+01
  7,030194997787e-01;  1,941111946106e+01
  7,202672362328e-01;  2,208015823364e+01
  7,362053990364e-01;  2,470298385620e+01
  7,502627372742e-01;  2,713592147827e+01
  7,635189294815e-01;  2,935313987732e+01
  7,749431729317e-01;  3,137232780457e+01
  7,854617834091e-01;  3,320484161377e+01
  7,991707921028e-01;  3,562128448486e+01
  8,106855154037e-01;  3,772353744507e+01
  8,209603428841e-01;  3,953271865845e+01
  8,320919275284e-01;  4,157656097412e+01
  8,430633544922e-01;  4,361108016968e+01
  8,541461825371e-01;  4,566138839722e+01
  8,640518188477e-01;  4,746036148071e+01
  8,696663975716e-01;  4,840777969360e+01
  8,733235001564e-01;  4,895294952393e+01
  8,757616281509e-01;  4,926099395752e+01
  8,773428797722e-01;  4,895485687256e+01
  8,620456457138e-01;  4,326865386963e+01
  8,479395508766e-01;  3,996270370483e+01
  8,314719796181e-01;  3,647634506226e+01
  8,161956071854e-01;  3,327639007568e+01
  8,031483292580e-01;  3,056373977661e+01
  7,919122576714e-01;  2,834994888306e+01
  7,772628068924e-01;  2,572756576538e+01
  7,644941806793e-01;  2,364187049866e+01
  7,535785436630e-01;  2,191526031494e+01
  7,405452132225e-01;  2,006392097473e+01
  7,301798462868e-01;  1,859676361084e+01
  7,189506888390e-01;  1,715537452698e+01
  7,080628871918e-01;  1,582636165619e+01
  6,969730257988e-01;  1,451497268677e+01
  6,862733364105e-01;  1,333257293701e+01
  6,782624721527e-01;  1,250795745850e+01
  6,722856760025e-01;  1,191575717926e+01
  6,676951050758e-01;  1,147751712799e+01
  6,640728116035e-01;  1,115207481384e+01
  6,612167358398e-01;  1,091167545319e+01
  6,587020158768e-01;  1,068174552917e+01
  6,574829816818e-01;  1,077702045441e+01
  6,602763533592e-01;  1,227259731293e+01
  6,744450926781e-01;  1,482578277588e+01
  6,889761090279e-01;  1,718783950806e+01
  7,067323923111e-01;  1,981743431091e+01
  7,237154245377e-01;  2,248313903809e+01
  7,394306063652e-01;  2,509067153931e+01
  7,533277273178e-01;  2,748581695557e+01
  7,663401961327e-01;  2,967601013184e+01
  7,774160504341e-01;  3,166342353821e+01
  7,879346609116e-01;  3,346926498413e+01
  8,013163208961e-01;  3,585836410522e+01
  8,127892613411e-01;  3,793260955811e+01
  8,257529139519e-01;  4,026788711548e+01
  8,360277414322e-01;  4,218290710449e+01
  8,463931083679e-01;  4,408091354370e+01
  8,565982580185e-01;  4,597987365723e+01
  8,657097220421e-01;  4,763172531128e+01
  8,709551095963e-01;  4,851124572754e+01
  8,743892908096e-01;  4,900530624390e+01
  8,767229318619e-01;  4,930115127563e+01
  8,778862357140e-01;  4,898609924316e+01
  8,632298111916e-01;  4,342005538940e+01
  8,492839932442e-01;  4,013756179810e+01
  8,329557180405e-01;  3,664659500122e+01
  8,174843192101e-01;  3,342062759399e+01
  8,043604493141e-01;  3,068260765076e+01
  7,929919958115e-01;  2,843989753723e+01
  7,783216238022e-01;  2,578964042664e+01
  7,654694318771e-01;  2,369316673279e+01
  7,545816302299e-01;  2,195620536804e+01
  7,445715069771e-01;  2,052384185791e+01
  7,335444092751e-01;  1,895844650269e+01
  7,219112515450e-01;  1,743514251709e+01
  7,105358242989e-01;  1,603429603577e+01
  7,002888321877e-01;  1,481397151947e+01
  6,898816823959e-01;  1,364216709137e+01
  6,812438964844e-01;  1,272262001038e+01
  6,747585535049e-01;  1,207203960419e+01
  6,698336601257e-01;  1,160193634033e+01
  6,659327149391e-01;  1,124704933167e+01
  6,628467440605e-01;  1,097187423706e+01
  6,602902412415e-01;  1,074691104889e+01
  6,583537459373e-01;  1,080848312378e+01
  6,705232858658e-01;  1,401316928864e+01
  6,836471557617e-01;  1,619738769531e+01
  7,002192139626e-01;  1,875693130493e+01
  7,179684638977e-01;  2,142387008667e+01
  7,342340350151e-01;  2,407914161682e+01
  7,486396431923e-01;  2,657321929932e+01
  7,622093558311e-01;  2,884390449524e+01
  7,740027308464e-01;  3,091105079651e+01
  7,846955060959e-01;  3,278952026367e+01
  7,987876534462e-01;  3,526642990112e+01
  8,105949759483e-01;  3,742372894287e+01
  8,210718035698e-01;  3,928068923950e+01
  8,324750661850e-01;  4,138006591797e+01
  8,437251448631e-01;  4,346324157715e+01
  8,550518155098e-01;  4,557143402100e+01
  8,651036620140e-01;  4,741436004639e+01
  8,708297014236e-01;  4,839521408081e+01
  8,745216727257e-01;  4,894399642944e+01
  8,769806623459e-01;  4,926547622681e+01
  8,784435391426e-01;  4,906791305542e+01
  8,655634522438e-01;  4,386256790161e+01
  8,521400094032e-01;  4,065124130249e+01
  8,361043334007e-01;  3,715969848633e+01
  8,201801180840e-01;  3,387072753906e+01
  8,067845702171e-01;  3,105679512024e+01
  7,951166033745e-01;  2,874271774292e+01
  7,850646972656e-01;  2,685184288025e+01
  7,712512016296e-01;  2,454784393311e+01
  7,597921490669e-01;  2,266544532776e+01
  7,493919730186e-01;  2,110712051392e+01
  7,373756766319e-01;  1,942005729675e+01
  7,253941893578e-01;  1,778730583191e+01
  7,151681780815e-01;  1,650974655151e+01
  7,040574550629e-01;  1,516384792328e+01
  6,929954886436e-01;  1,389068603516e+01
  6,838352084160e-01;  1,290184402466e+01
  6,767995953560e-01;  1,219123840332e+01
  6,715890765190e-01;  1,168739128113e+01
  6,675487756729e-01;  1,131967544556e+01
  6,642748117447e-01;  1,103416538239e+01
  6,616138219833e-01;  1,079792690277e+01
  6,591896414757e-01;  1,078077983856e+01
  6,701749563217e-01;  1,382507133484e+01
  6,829157471657e-01;  1,595515346527e+01
  6,991952061653e-01;  1,848884582520e+01
  7,170071601868e-01;  2,115213012695e+01
  7,333980798721e-01;  2,381550216675e+01
  7,479778528214e-01;  2,633456993103e+01
  7,617565393448e-01;  2,862723541260e+01
  7,736544609070e-01;  3,071741485596e+01
  7,844516634941e-01;  3,261552047729e+01
  7,986692190170e-01;  3,512061691284e+01
  8,106158971786e-01;  3,730051422119e+01
  8,211832642555e-01;  3,917869567871e+01
  8,327049612999e-01;  4,129975891113e+01
  8,440455794334e-01;  4,340956497192e+01
  8,540556430817e-01;  4,528182601929e+01
  8,648250699043e-01;  4,724880981445e+01
  8,709202408791e-01;  4,830418014526e+01
  8,748211860657e-01;  4,890448760986e+01
  8,773776888847e-01;  4,923923492432e+01
  8,791400790215e-01;  4,902065658569e+01
  8,651245832443e-01;  4,357802200317e+01
  8,513389229774e-01;  4,031628417969e+01
  8,350594639778e-01;  3,682036972046e+01
  8,194139003754e-01;  3,356894302368e+01
  8,062273263931e-01;  3,080246734619e+01
  7,947334647179e-01;  2,853861618042e+01
  7,800492048264e-01;  2,586421012878e+01
  7,670716047287e-01;  2,375415039063e+01
  7,561838030815e-01;  2,200350379944e+01
  7,431225776672e-01;  2,012800979614e+01
  7,326179146767e-01;  1,863981246948e+01
  7,213678956032e-01;  1,718309974670e+01
  7,103616595268e-01;  1,582998180389e+01
  6,992300152779e-01;  1,451081562042e+01
  6,885511875153e-01;  1,332389163971e+01
  6,806865930557e-01;  1,249866390228e+01
  6,746540665627e-01;  1,190848255157e+01
  6,701122522354e-01;  1,147454166412e+01
  6,665735840797e-01;  1,115253257751e+01
  6,636826992035e-01;  1,090043163300e+01
  6,611749529839e-01;  1,067112445831e+01
  6,599907279015e-01;  1,082344722748e+01
  6,613769531250e-01;  1,186316204071e+01
  6,727175712585e-01;  1,410381889343e+01
  6,860504150391e-01;  1,631057929993e+01
  7,028314471245e-01;  1,888388442993e+01
  7,204414010048e-01;  2,155697631836e+01
  7,366930246353e-01;  2,421328735352e+01
  7,510429024696e-01;  2,670124626160e+01
  7,645429372787e-01;  2,896925354004e+01
  7,761273384094e-01;  3,103076744080e+01
  7,869106531143e-01;  3,290249633789e+01
  8,007729649544e-01;  3,537342071533e+01
  8,126150965691e-01;  3,751963043213e+01
  8,229665160179e-01;  3,937239074707e+01
  8,342374563217e-01;  4,145900726318e+01
  8,454526662827e-01;  4,353261947632e+01
  8,566191196442e-01;  4,562213516235e+01
  8,665108084679e-01;  4,744221496582e+01
  8,722229003906e-01;  4,841012191772e+01
  8,758661150932e-01;  4,896857833862e+01
  8,783041834831e-01;  4,927254486084e+01
  8,796973824501e-01;  4,917033767700e+01
  8,691996932030e-01;  4,445492172241e+01
  8,564589023590e-01;  4,134790802002e+01
  8,408133387566e-01;  3,786722564697e+01
  8,243666887283e-01;  3,449798583984e+01
  8,106507062912e-01;  3,157681655884e+01
  7,985438704491e-01;  2,916512680054e+01
  7,883247733116e-01;  2,720133781433e+01
  7,743510603905e-01;  2,482179260254e+01
  7,625088691711e-01;  2,289772224426e+01
  7,520738840103e-01;  2,129213142395e+01
  7,397441267967e-01;  1,956596374512e+01
  7,276372313499e-01;  1,788853263855e+01
  7,173137068748e-01;  1,658669662476e+01
  7,059382796288e-01;  1,521243286133e+01
  6,948623657227e-01;  1,392428207397e+01
  6,855906844139e-01;  1,292322921753e+01
  6,785202026367e-01;  1,220572090149e+01
  6,732817888260e-01;  1,169612216949e+01
  6,691858172417e-01;  1,131574153900e+01
  6,659884452820e-01;  1,103382110596e+01
  6,633135080338e-01;  1,079946422577e+01
  6,608963012695e-01;  1,073716163635e+01
  6,606873273849e-01;  1,090486621857e+01
  6,759009957314e-01;  1,450772571564e+01
  6,898816823959e-01;  1,681157684326e+01
  7,072548270226e-01;  1,942280006409e+01
  7,245373725891e-01;  2,210465049744e+01
  7,404198050499e-01;  2,474325561523e+01
  7,545955777168e-01;  2,718427085876e+01
  7,677682042122e-01;  2,941068267822e+01
  7,790182232857e-01;  3,143019294739e+01
  7,896761894226e-01;  3,325897979736e+01
  8,031274676323e-01;  3,568572616577e+01
  8,147954344749e-01;  3,778526306152e+01
  8,248612880707e-01;  3,960589599609e+01
  8,358883857727e-01;  4,165377044678e+01
  8,468807339668e-01;  4,368142318726e+01
  8,577685356140e-01;  4,572840499878e+01
  8,673954606056e-01;  4,749463653564e+01
  8,729891777039e-01;  4,844390487671e+01
  8,765975236893e-01;  4,899050903320e+01
  8,789311051369e-01;  4,927564620972e+01
  8,803034424782e-01;  4,915475082397e+01
  8,693041801453e-01;  4,432202148438e+01
  8,563544154167e-01;  4,118716430664e+01
  8,405834436417e-01;  3,769955825806e+01
  8,242412805557e-01;  3,434463882446e+01
  8,106367588043e-01;  3,144606971741e+01
  7,986134886742e-01;  2,905845451355e+01
  7,884432077408e-01;  2,710900497437e+01
  7,745739221573e-01;  2,474878311157e+01
  7,627666592598e-01;  2,283843803406e+01
  7,523873448372e-01;  2,124297523499e+01
  7,401272058487e-01;  1,952333068848e+01
  7,280761003494e-01;  1,785580825806e+01
  7,177594900131e-01;  1,655792808533e+01
  7,064119577408e-01;  1,519181537628e+01
  6,954335570335e-01;  1,390826988220e+01
  6,861688494682e-01;  1,290886688232e+01
  6,791680455208e-01;  1,219211006165e+01
  6,739226579666e-01;  1,167908859253e+01
  6,699172258377e-01;  1,130834388733e+01
  6,667476892471e-01;  1,102737617493e+01
  6,641006469727e-01;  1,079077529907e+01
  6,616625785828e-01;  1,076328945160e+01
  6,720975637436e-01;  1,373086833954e+01
  6,846224069595e-01;  1,583880710602e+01
  7,007625699043e-01;  1,836895370483e+01
  7,185745239258e-01;  2,104144477844e+01
  7,351256608963e-01;  2,371847343445e+01
  7,497890591621e-01;  2,625060272217e+01
  7,635677456856e-01;  2,856227684021e+01
  7,754098773003e-01;  3,066117477417e+01
  7,863673567772e-01;  3,256649017334e+01
  8,005291223526e-01;  3,508808517456e+01
  8,125802874565e-01;  3,727804183960e+01
  8,231197595596e-01;  3,917015457153e+01
  8,346345424652e-01;  4,130033111572e+01
  8,460587263107e-01;  4,341156768799e+01
  8,560757637024e-01;  4,529162597656e+01
  8,666849732399e-01;  4,726195526123e+01
  8,727802038193e-01;  4,831327438354e+01
  8,767020106316e-01;  4,892495727539e+01
  8,791888952255e-01;  4,924340438843e+01
  8,809164166451e-01;  4,908469009399e+01
  8,681896328926e-01;  4,389426040649e+01
  8,547522425652e-01;  4,068077087402e+01
  8,386469483376e-01;  3,718042755127e+01
  8,226042985916e-01;  3,388113021851e+01
  8,093271851540e-01;  3,105755043030e+01
  7,975407242775e-01;  2,874015617371e+01
  7,875376343727e-01;  2,683830451965e+01
  7,738285660744e-01;  2,452984237671e+01
  7,622302770615e-01;  2,265154266357e+01
  7,519902586937e-01;  2,108517456055e+01
  7,398486137390e-01;  1,939882469177e+01
  7,279855608940e-01;  1,776244926453e+01
  7,178152203560e-01;  1,648098182678e+01
  7,065791487694e-01;  1,513029766083e+01
  6,957122087479e-01;  1,386452960968e+01
  6,865519881248e-01;  1,287325572968e+01
  6,796417236328e-01;  1,217026805878e+01
  6,744450926781e-01;  1,166273403168e+01
  6,704745292664e-01;  1,129332828522e+01
  6,673398017883e-01;  1,101589298248e+01
  6,647484898567e-01;  1,077565670013e+01
  6,625332832336e-01;  1,076682281494e+01
  6,632925868034e-01;  1,166961574554e+01
  6,787918806076e-01;  1,472900772095e+01
  6,931139230728e-01;  1,708119201660e+01
  7,107378244400e-01;  1,971160125732e+01
  7,278949618340e-01;  2,240226936340e+01
  7,434987425804e-01;  2,503046798706e+01
  7,576953768730e-01;  2,745047950745e+01
  7,705336809158e-01;  2,965624237061e+01
  7,817488908768e-01;  3,165731811523e+01
  7,922605276108e-01;  3,346562576294e+01
  8,054471015930e-01;  3,587422943115e+01
  8,171290755272e-01;  3,795365905762e+01
  8,299464583397e-01;  4,030287551880e+01
  8,402072787285e-01;  4,223024368286e+01
  8,504681587219e-01;  4,413111114502e+01
  8,606384992599e-01;  4,602621841431e+01
  8,695061802864e-01;  4,765167999268e+01
  8,748211860657e-01;  4,854463577271e+01
  8,781648874283e-01;  4,904393005371e+01
  8,803591728210e-01;  4,930213928223e+01
  8,815433382988e-01;  4,905859375000e+01
  8,681896328926e-01;  4,375059890747e+01
  8,545780777931e-01;  4,050988388062e+01
  8,384031057358e-01;  3,700762939453e+01
  8,225346207619e-01;  3,372268676758e+01
  8,093132376671e-01;  3,092241859436e+01
  7,976034283638e-01;  2,862940788269e+01
  7,829609513283e-01;  2,592541313171e+01
  7,698580026627e-01;  2,380587196350e+01
  7,590467929840e-01;  2,204575920105e+01
  7,459995150566e-01;  2,014846801758e+01
  7,352649569511e-01;  1,864361000061e+01
  7,241681814194e-01;  1,717851448059e+01
  7,131271362305e-01;  1,581681060791e+01
  7,019816040993e-01;  1,450010681152e+01
  6,913793683052e-01;  1,330394363403e+01
  6,835914254189e-01;  1,249130058289e+01
  6,775449514389e-01;  1,188043785095e+01
  6,730867624283e-01;  1,145811748505e+01
  6,695550084114e-01;  1,114486312866e+01
  6,668173670769e-01;  1,089713668823e+01
  6,642608642578e-01;  1,066543006897e+01
  6,632647514343e-01;  1,078408432007e+01
  6,742709875107e-01;  1,383232498169e+01
  6,869769096375e-01;  1,596307945251e+01
  7,032703161240e-01;  1,850356864929e+01
  7,210335135460e-01;  2,117923545837e+01
  7,375428676605e-01;  2,385849761963e+01
  7,520877718925e-01;  2,638089942932e+01
  7,657968401909e-01;  2,868871879578e+01
  7,774857282639e-01;  3,078157806396e+01
  7,884432077408e-01;  3,267691040039e+01
  8,024448156357e-01;  3,518913650513e+01
  8,144959211349e-01;  3,736537170410e+01
  8,249309659004e-01;  3,924834823608e+01
  8,363272547722e-01;  4,136994934082e+01
  8,476818203926e-01;  4,347813034058e+01
  8,589666485786e-01;  4,559821319580e+01
  8,687747716904e-01;  4,741709899902e+01
  8,745913505554e-01;  4,842034912109e+01
  8,782345056534e-01;  4,897504806519e+01
  8,805890083313e-01;  4,926671981812e+01
  8,819752335548e-01;  4,915539932251e+01
  8,710108399391e-01;  4,432861328125e+01
  8,580610752106e-01;  4,119007110596e+01
  8,423179984093e-01;  3,769991683960e+01
  8,259131312370e-01;  3,434256362915e+01
  8,123086094856e-01;  3,143554878235e+01
  8,003062605858e-01;  2,904430007935e+01
  7,900801897049e-01;  2,709664916992e+01
  7,763572335243e-01;  2,473161697388e+01
  7,644245028496e-01;  2,282589721680e+01
  7,541845440865e-01;  2,122495841980e+01
  7,419035434723e-01;  1,950309562683e+01
  7,298663854599e-01;  1,783305549622e+01
  7,195915579796e-01;  1,653541755676e+01
  7,082021832466e-01;  1,515985679626e+01
  6,973143815994e-01;  1,388553619385e+01
  6,880844831467e-01;  1,288680171967e+01
  6,812369227409e-01;  1,217612361908e+01
  6,759776473045e-01;  1,167246913910e+01
  6,720279455185e-01;  1,129451465607e+01
  6,688584089279e-01;  1,101987171173e+01
  6,662601232529e-01;  1,078207588196e+01
  6,638568639755e-01;  1,080053520203e+01
  6,759567260742e-01;  1,400668334961e+01
  6,890805959702e-01;  1,619474792480e+01
  7,056526541710e-01;  1,876426315308e+01
  7,234019637108e-01;  2,144678688049e+01
  7,396535277367e-01;  2,411920547485e+01
  7,541775703430e-01;  2,662070465088e+01
  7,676776647568e-01;  2,890828132629e+01
  7,791923880577e-01;  3,098128509521e+01
  7,900801897049e-01;  3,285964965820e+01
  8,038449287415e-01;  3,534820938110e+01
  8,158751726151e-01;  3,750205993652e+01
  8,261290788651e-01;  3,936745834351e+01
  8,373721837997e-01;  4,147149276733e+01
  8,486222028732e-01;  4,355733108521e+01
  8,597886562347e-01;  4,564850616455e+01
  8,694713711739e-01;  4,744911193848e+01
  8,751973509789e-01;  4,843534851074e+01
  8,787918090820e-01;  4,898092651367e+01
  8,811602592468e-01;  4,926846313477e+01
  8,825185894966e-01;  4,899414825439e+01
  8,679318428040e-01;  4,344978332520e+01
  8,540765643120e-01;  4,016270446777e+01
  8,377413749695e-01;  3,666559219360e+01
  8,221306204796e-01;  3,342248153687e+01
  8,091390728951e-01;  3,067305755615e+01
  7,975686192513e-01;  2,842731666565e+01
  7,830793857574e-01;  2,576858520508e+01
  7,700878381729e-01;  2,367722511292e+01
  7,594090104103e-01;  2,194046592712e+01
  7,465358972549e-01;  2,006563186646e+01
  7,358431816101e-01;  1,857724380493e+01
  7,248508334160e-01;  1,712539863586e+01
  7,139003872871e-01;  1,576600837708e+01
  7,028384208679e-01;  1,445820522308e+01
  6,923685669899e-01;  1,328004741669e+01
  6,846502423286e-01;  1,246784782410e+01
  6,786594986916e-01;  1,186904811859e+01
  6,742013096809e-01;  1,143702697754e+01
  6,707600951195e-01;  1,112464332581e+01
  6,680573225021e-01;  1,088594532013e+01
  6,655495762825e-01;  1,065638256073e+01
  6,645882725716e-01;  1,080917358398e+01
  6,716586947441e-01;  1,313044261932e+01
  6,827485561371e-01;  1,504188442230e+01
  6,976487636566e-01;  1,745461082458e+01
  7,153562307358e-01;  2,010078430176e+01
  7,324089407921e-01;  2,279850387573e+01
  7,475947737694e-01;  2,539883613586e+01
  7,618262171745e-01;  2,779488563538e+01
  7,741908431053e-01;  2,997315788269e+01
  7,854269146919e-01;  3,194879531860e+01
  7,955833077431e-01;  3,372986984253e+01
  8,085609078407e-01;  3,611309432983e+01
  8,201244473457e-01;  3,816563415527e+01
  8,326840400696e-01;  4,048563385010e+01
  8,428543806076e-01;  4,237746047974e+01
  8,545084595680e-01;  4,456890487671e+01
  8,648529052734e-01;  4,651237869263e+01
  8,725711703300e-01;  4,791149902344e+01
  8,773638010025e-01;  4,870151901245e+01
  8,803591728210e-01;  4,911122512817e+01
  8,824141025543e-01;  4,935265731812e+01
  8,829017281532e-01;  4,915211105347e+01
  8,719164133072e-01;  4,432452011108e+01
  8,590015172958e-01;  4,119072723389e+01
  8,432583808899e-01;  3,770533752441e+01
  8,269231915474e-01;  3,435098648071e+01
  8,133186697960e-01;  3,144703483582e+01
  8,012953996658e-01;  2,905368995667e+01
  7,910554409027e-01;  2,710296249390e+01
  7,773672938347e-01;  2,473638153076e+01
  7,654346227646e-01;  2,283060455322e+01
  7,552294731140e-01;  2,123042678833e+01
  7,429553866386e-01;  1,950416183472e+01
  7,308973073959e-01;  1,783179855347e+01
  7,206712961197e-01;  1,653472518921e+01
  7,092401385307e-01;  1,514861297607e+01
  6,984080672264e-01;  1,388543415070e+01
  6,891781091690e-01;  1,287541580200e+01
  6,824072003365e-01;  1,217442703247e+01
  6,771618127823e-01;  1,165625190735e+01
  6,732121109962e-01;  1,128162574768e+01
  6,700913906097e-01;  1,100713539124e+01
  6,676045060158e-01;  1,078041648865e+01
  6,652151942253e-01;  1,078696060181e+01
  6,766881346703e-01;  1,390258598328e+01
  6,895682215691e-01;  1,606313133240e+01
  7,060218453407e-01;  1,862054443359e+01
  7,237920165062e-01;  2,130805397034e+01
  7,401202917099e-01;  2,398895835876e+01
  7,547000646591e-01;  2,650334739685e+01
  7,682349085808e-01;  2,880339622498e+01
  7,798402309418e-01;  3,088818359375e+01
  7,907767891884e-01;  3,277419662476e+01
  8,045554757118e-01;  3,527713775635e+01
  8,166623115540e-01;  3,744276428223e+01
  8,269719481468e-01;  3,932058715820e+01
  8,382428884506e-01;  4,143458557129e+01
  8,495625853539e-01;  4,353012466431e+01
  8,607290387154e-01;  4,564058685303e+01
  8,703978061676e-01;  4,744008636475e+01
  8,762283325195e-01;  4,844042205811e+01
  8,797321915627e-01;  4,897376632690e+01
  8,821006417274e-01;  4,927877044678e+01
  8,835286498070e-01;  4,908489608765e+01
  8,707531094551e-01;  4,390068817139e+01
  8,573505282402e-01;  4,068488311768e+01
  8,413149118423e-01;  3,718456649780e+01
  8,252862095833e-01;  3,388312149048e+01
  8,120299577713e-01;  3,105312728882e+01
  8,002017736435e-01;  2,873458671570e+01
  7,901986241341e-01;  2,683808708191e+01
  7,766846418381e-01;  2,452881431580e+01
  7,649469971657e-01;  2,265698623657e+01
  7,548254132271e-01;  2,108499336243e+01
  7,427394986153e-01;  1,938992881775e+01
  7,308415770531e-01;  1,774460029602e+01
  7,207409143448e-01;  1,646475791931e+01
  7,094560861588e-01;  1,509557628632e+01
  6,987285017967e-01;  1,384900093079e+01
  6,895961165428e-01;  1,285177516937e+01
  6,828739047050e-01;  1,215983581543e+01
  6,776355504990e-01;  1,164319705963e+01
  6,737136840820e-01;  1,127188396454e+01
  6,706486344337e-01;  1,099984741211e+01
  6,681408882141e-01;  1,077816772461e+01
  6,659884452820e-01;  1,077782058716e+01
  6,768622994423e-01;  1,381406307220e+01
  6,895473599434e-01;  1,594496631622e+01
  7,058128714561e-01;  1,849132919312e+01
  7,236109375954e-01;  2,117827033997e+01
  7,400854229927e-01;  2,386496925354e+01
  7,547348737717e-01;  2,639495658875e+01
  7,683603167534e-01;  2,870803833008e+01
  7,799934744835e-01;  3,080098533630e+01
  7,909649014473e-01;  3,269586563110e+01
  8,048132061958e-01;  3,521042633057e+01
  8,169897198677e-01;  3,738907241821e+01
  8,272854089737e-01;  3,927825927734e+01
  8,386051058769e-01;  4,140468978882e+01
  8,499596714973e-01;  4,350917816162e+01
  8,611957430840e-01;  4,562360763550e+01
  8,708993792534e-01;  4,743174362183e+01
  8,767159581184e-01;  4,844096374512e+01
  8,802685737610e-01;  4,898002243042e+01
  8,826022148132e-01;  4,928232574463e+01
  8,838630318642e-01;  4,908214950562e+01
  8,710804581642e-01;  4,388734436035e+01
  8,576988577843e-01;  4,067092132568e+01
  8,416771292686e-01;  3,717335128784e+01
  8,256136178970e-01;  3,387484359741e+01
  8,123782873154e-01;  3,104702758789e+01
  8,005988001823e-01;  2,873016166687e+01
  7,905678153038e-01;  2,683222007751e+01
  7,770677804947e-01;  2,452007102966e+01
  7,652952671051e-01;  2,265035438538e+01
  7,552433609962e-01;  2,107774734497e+01
  7,431434988976e-01;  1,938190460205e+01
  7,312804460526e-01;  1,772992897034e+01
  7,211797833443e-01;  1,645361709595e+01
  7,098879814148e-01;  1,508184909821e+01
  6,992160677910e-01;  1,384010601044e+01
  6,900697946548e-01;  1,283899593353e+01
  6,834312081337e-01;  1,215173053741e+01
  6,782067418098e-01;  1,163952541351e+01
  6,742709875107e-01;  1,127017307281e+01
  6,712546944618e-01;  1,099176979065e+01
  6,687678694725e-01;  1,076215744019e+01
  6,666083931923e-01;  1,077528953552e+01
  6,774892210960e-01;  1,380915451050e+01
  6,902160644531e-01;  1,594145584106e+01
  7,064537405968e-01;  1,848745918274e+01
  7,242169380188e-01;  2,117327117920e+01
  7,406984567642e-01;  2,386126708984e+01
  7,553478479385e-01;  2,639302062988e+01
  7,689524292946e-01;  2,870735168457e+01
  7,805855870247e-01;  3,079960060120e+01
  7,915360927582e-01;  3,269746780396e+01
  8,053705096245e-01;  3,521534729004e+01
  8,175470232964e-01;  3,739159011841e+01
  8,278914690018e-01;  3,928210067749e+01
  8,391624093056e-01;  4,140534591675e+01
  8,505169153214e-01;  4,351647567749e+01
  8,617252111435e-01;  4,563245391846e+01
  8,713730573654e-01;  4,743706512451e+01
  8,772244453430e-01;  4,844688034058e+01
  8,807422518730e-01;  4,897414016724e+01
  8,830758929253e-01;  4,927980422974e+01
  8,844342231750e-01;  4,896483230591e+01
  8,692554235458e-01;  4,330605697632e+01
  8,552955985069e-01;  3,999703216553e+01
  8,388907313347e-01;  3,650095748901e+01
  8,233844637871e-01;  3,327757263184e+01
  8,105183243752e-01;  3,054904365540e+01
  7,990175485611e-01;  2,832409477234e+01
  7,846328020096e-01;  2,568282890320e+01
  7,717736363411e-01;  2,360590171814e+01
  7,611156702042e-01;  2,188158988953e+01
  7,484515905380e-01;  2,001506805420e+01
  7,376194596291e-01;  1,853230857849e+01
  7,268361449242e-01;  1,708650779724e+01
  7,158856391907e-01;  1,572585964203e+01
  7,048724889755e-01;  1,441552639008e+01
  6,945976614952e-01;  1,325107765198e+01
  6,869350671768e-01;  1,243501853943e+01
  6,810836791992e-01;  1,185310459137e+01
  6,765906214714e-01;  1,141950225830e+01
  6,732608675957e-01;  1,110626888275e+01
  6,705790162086e-01;  1,087056922913e+01
  6,681827306747e-01;  1,065201282501e+01
  6,672353148460e-01;  1,088020610809e+01
  6,815643310547e-01;  1,439462471008e+01
  6,954335570335e-01;  1,668085670471e+01
  7,125141024590e-01;  1,929226493835e+01
  7,300753593445e-01;  2,199592590332e+01
  7,457836270332e-01;  2,465066528320e+01
  7,603633999825e-01;  2,712120819092e+01
  7,732364535332e-01;  2,936832618713e+01
  7,846955060959e-01;  3,140265274048e+01
  7,952210903168e-01;  3,324088668823e+01
  8,085399866104e-01;  3,569110488892e+01
  8,204379081726e-01;  3,780613708496e+01
  8,333667516708e-01;  4,020133972168e+01
  8,438644409180e-01;  4,215819168091e+01
  8,541113734245e-01;  4,409706115723e+01
  8,642120361328e-01;  4,601228713989e+01
  8,730797171593e-01;  4,764383316040e+01
  8,784435391426e-01;  4,856283569336e+01
  8,816826939583e-01;  4,904281616211e+01
  8,839327096939e-01;  4,932133483887e+01
  8,847825527191e-01;  4,917462158203e+01
  8,743544816971e-01;  4,447325134277e+01
  8,616137504578e-01;  4,136924743652e+01
  8,460308313370e-01;  3,788439559937e+01
  8,296260237694e-01;  3,450958251953e+01
  8,158403635025e-01;  3,156994628906e+01
  8,038240671158e-01;  2,914656829834e+01
  7,933542132378e-01;  2,717462730408e+01
  7,797496914864e-01;  2,478138732910e+01
  7,676288485527e-01;  2,286651992798e+01
  7,575978636742e-01;  2,125793075562e+01
  7,453656196594e-01;  1,951959228516e+01
  7,353485822678e-01;  1,813137054443e+01
  7,248996496201e-01;  1,677268600464e+01
  7,145063877106e-01;  1,548952484131e+01
  7,040017247200e-01;  1,424623584747e+01
  6,940752267838e-01;  1,313028049469e+01
  6,866912841797e-01;  1,235103225708e+01
  6,810279488564e-01;  1,178228664398e+01
  6,767299771309e-01;  1,137377738953e+01
  6,734768152237e-01;  1,107118892670e+01
  6,708924770355e-01;  1,083275032043e+01
  6,684892177582e-01;  1,063995552063e+01
  6,680503487587e-01;  1,075820159912e+01
  6,736788749695e-01;  1,288158321381e+01
  6,840860247612e-01;  1,470514297485e+01
  6,984846591949e-01;  1,706399726868e+01
  7,158229947090e-01;  1,970220756531e+01
  7,332587838173e-01;  2,241345214844e+01
  7,486396431923e-01;  2,504776000977e+01
  7,631149291992e-01;  2,748978996277e+01
  7,755840420723e-01;  2,970413970947e+01
  7,870500087738e-01;  3,171156311035e+01
  7,972551584244e-01;  3,352535247803e+01
  8,104208111763e-01;  3,594030380249e+01
  8,220539689064e-01;  3,802389144897e+01
  8,347738385201e-01;  4,038235092163e+01
  8,451043963432e-01;  4,230541229248e+01
  8,551353812218e-01;  4,420572662354e+01
  8,661624789238e-01;  4,628477859497e+01
  8,744171857834e-01;  4,780359268188e+01
  8,793978691101e-01;  4,863719558716e+01
  8,824977278709e-01;  4,909033966064e+01
  8,846083879471e-01;  4,934498214722e+01
  8,852910399437e-01;  4,910730743408e+01
  8,731354475021e-01;  4,404888153076e+01
  8,599279522896e-01;  4,086204910278e+01
  8,440107107162e-01;  3,736355972290e+01
  8,278636336327e-01;  3,403824234009e+01
  8,144332170486e-01;  3,117050933838e+01
  8,026258945465e-01;  2,882198905945e+01
  7,924277186394e-01;  2,690362358093e+01
  7,790042757988e-01;  2,456686019897e+01
  7,670716047287e-01;  2,269152832031e+01
  7,539755702019e-01;  2,064345169067e+01
  7,423214912415e-01;  1,902689361572e+01
  7,309460639954e-01;  1,745709228516e+01
  7,194313406944e-01;  1,601277542114e+01
  7,089475393295e-01;  1,475272750854e+01
  6,980457901955e-01;  1,349851226807e+01
  6,897214651108e-01;  1,260120201111e+01
  6,836262345314e-01;  1,197676181793e+01
  6,788197159767e-01;  1,150929355621e+01
  6,751904487610e-01;  1,117290401459e+01
  6,723901629448e-01;  1,091994285583e+01
  6,699729561806e-01;  1,069252967834e+01
  6,685937047005e-01;  1,083943557739e+01
  6,817384958267e-01;  1,419312286377e+01
  6,951758265495e-01;  1,643326377869e+01
  7,119777798653e-01;  1,903104019165e+01
  7,297061681747e-01;  2,173982810974e+01
  7,455955147743e-01;  2,440992927551e+01
  7,602867484093e-01;  2,690719413757e+01
  7,732504010201e-01;  2,917793846130e+01
  7,848557233810e-01;  3,123446083069e+01
  7,954091429710e-01;  3,309092330933e+01
  8,088883161545e-01;  3,556785583496e+01
  8,208558559418e-01;  3,770155334473e+01
  8,309216499329e-01;  3,955764007568e+01
  8,420184850693e-01;  4,163218688965e+01
  8,529759049416e-01;  4,369847106934e+01
  8,638288974762e-01;  4,575194168091e+01
  8,732469081879e-01;  4,750104522705e+01
  8,789311051369e-01;  4,847893142700e+01
  8,823444247246e-01;  4,900235748291e+01
  8,846780657768e-01;  4,930107116699e+01
  8,857229351997e-01;  4,917544937134e+01
  8,752740025520e-01;  4,447187423706e+01
  8,625889420509e-01;  4,136784744263e+01
  8,470270037651e-01;  3,788316345215e+01
  8,306151628494e-01;  3,451173019409e+01
  8,168016672134e-01;  3,156875419617e+01
  8,048480749130e-01;  2,914296150208e+01
  7,943294644356e-01;  2,716835594177e+01
  7,807806134224e-01;  2,476837730408e+01
  7,686737775803e-01;  2,285639762878e+01
  7,586566805840e-01;  2,124988174438e+01
  7,465358972549e-01;  1,951067924500e+01
  7,363795638084e-01;  1,812219810486e+01
  7,260490059853e-01;  1,676577949524e+01
  7,156000733376e-01;  1,547647094727e+01
  7,051371932030e-01;  1,423135852814e+01
  6,952803134918e-01;  1,312272071838e+01
  6,878755092621e-01;  1,234123611450e+01
  6,823027133942e-01;  1,177755641937e+01
  6,779977679253e-01;  1,136771965027e+01
  6,747585535049e-01;  1,106643867493e+01
  6,721811890602e-01;  1,083674907684e+01
  6,698127388954e-01;  1,063805103302e+01
  6,691858172417e-01;  1,092062187195e+01
  6,846989989281e-01;  1,459758186340e+01
  6,989026069641e-01;  1,693260765076e+01
  7,161364555359e-01;  1,956602096558e+01
  7,336419224739e-01;  2,227947998047e+01
  7,491272687912e-01;  2,492279434204e+01
  7,636722326279e-01;  2,737761497498e+01
  7,761412858963e-01;  2,960481643677e+01
  7,876769304276e-01;  3,161894035339e+01
  7,979168891907e-01;  3,344047546387e+01
  8,111522793770e-01;  3,587163925171e+01
  8,228620290756e-01;  3,796503448486e+01
  8,356097936630e-01;  4,033714675903e+01
  8,460099697113e-01;  4,227168655396e+01
  8,560757637024e-01;  4,418737030029e+01
  8,670889735222e-01;  4,626554870605e+01
  8,753924369812e-01;  4,780154418945e+01
  8,803591728210e-01;  4,862966537476e+01
  8,835286498070e-01;  4,910543441772e+01
  8,856045007706e-01;  4,935148620605e+01
  8,860712647438e-01;  4,917173004150e+01
  8,756431937218e-01;  4,446915054321e+01
  8,629512190819e-01;  4,136803817749e+01
  8,473892211914e-01;  3,788451766968e+01
  8,310192227364e-01;  3,451551055908e+01
  8,171986937523e-01;  3,157456970215e+01
  8,052520751953e-01;  2,914855575562e+01
  7,947474122047e-01;  2,717508506775e+01
  7,811985611916e-01;  2,477668571472e+01
  7,690429687500e-01;  2,286447334290e+01
  7,558773159981e-01;  2,077787017822e+01
  7,441187500954e-01;  1,913196754456e+01
  7,325343489647e-01;  1,753083419800e+01
  7,209499478340e-01;  1,607447814941e+01
  7,103477120399e-01;  1,478978729248e+01
  7,002749443054e-01;  1,363261508942e+01
  6,916928291321e-01;  1,269257164001e+01
  6,854025721550e-01;  1,203707885742e+01
  6,804567575455e-01;  1,155494213104e+01
  6,767299771309e-01;  1,119944286346e+01
  6,738878488541e-01;  1,094664764404e+01
  6,714706420898e-01;  1,071935844421e+01
  6,698475480080e-01;  1,084375286102e+01
  6,829575300217e-01;  1,419676494598e+01
  6,963948607445e-01;  1,643841171265e+01
  7,131062150002e-01;  1,903239822388e+01
  7,308903336525e-01;  2,174398612976e+01
  7,467240095139e-01;  2,441443443298e+01
  7,614570260048e-01;  2,691445541382e+01
  7,743649482727e-01;  2,918660163879e+01
  7,859702706337e-01;  3,124269676208e+01
  7,965236902237e-01;  3,309974670410e+01
  8,099819421768e-01;  3,557291030884e+01
  8,219146728516e-01;  3,770743179321e+01
  8,319526314735e-01;  3,956753158569e+01
  8,430773019791e-01;  4,164673614502e+01
  8,539859652519e-01;  4,371300125122e+01
  8,647832274437e-01;  4,575524139404e+01
  8,742082118988e-01;  4,751021957397e+01
  8,798366785049e-01;  4,848128890991e+01
  8,832848668098e-01;  4,901481628418e+01
  8,855836391449e-01;  4,930545425415e+01
  8,866076469421e-01;  4,919961929321e+01
  8,709133267403e-01;  4,315788650513e+01
  8,568280935287e-01;  3,982614517212e+01
  8,403884172440e-01;  3,633216094971e+01
  8,250423669815e-01;  3,313220596313e+01
  8,122180700302e-01;  3,042113113403e+01
  8,008077740669e-01;  2,821611785889e+01
  7,865623831749e-01;  2,559198379517e+01
  7,738634347916e-01;  2,352430915833e+01
  7,631358504295e-01;  2,181488609314e+01
  7,506458163261e-01;  1,995522499084e+01
  7,398276925087e-01;  1,847291183472e+01
  7,292045950890e-01;  1,703120613098e+01
  7,183725237846e-01;  1,568449497223e+01
  7,072966098785e-01;  1,436871814728e+01
  6,972447037697e-01;  1,322756004333e+01
  6,895961165428e-01;  1,240128040314e+01
  6,839885115623e-01;  1,183432865143e+01
  6,794815063477e-01;  1,140463161469e+01
  6,760960221291e-01;  1,108990573883e+01
  6,735047101974e-01;  1,086200141907e+01
  6,711711287498e-01;  1,064106941223e+01
  6,704745292664e-01;  1,078732204437e+01
  6,818081140518e-01;  1,390304851532e+01
  6,946673393250e-01;  1,606554412842e+01
  7,109816074371e-01;  1,862629890442e+01
  7,288493514061e-01;  2,132788276672e+01
  7,449825406075e-01;  2,401065826416e+01
  7,598409056664e-01;  2,654272270203e+01
  7,730274796486e-01;  2,885247993469e+01
  7,847790718079e-01;  3,094115447998e+01
  7,955484986305e-01;  3,282785034180e+01
  8,091739416122e-01;  3,533911132813e+01
  8,212947249413e-01;  3,750424957275e+01
  8,314998745918e-01;  3,939007949829e+01
  8,427847027779e-01;  4,150267410278e+01
  8,539023995399e-01;  4,359937286377e+01
  8,648738265038e-01;  4,567610549927e+01
  8,744519948959e-01;  4,746690368652e+01
  8,801850080490e-01;  4,846290588379e+01
  8,836610317230e-01;  4,900505447388e+01
  8,859667778015e-01;  4,930350875854e+01
  8,869768381119e-01;  4,915515136719e+01
  8,759914636612e-01;  4,433829498291e+01
  8,631810545921e-01;  4,120780563354e+01
  8,475494384766e-01;  3,771681213379e+01
  8,312420845032e-01;  3,436183547974e+01
  8,175678849220e-01;  3,144507217407e+01
  8,057048916817e-01;  2,904354667664e+01
  7,952001690865e-01;  2,708766937256e+01
  7,817906737328e-01;  2,471008300781e+01
  7,696977853775e-01;  2,281186103821e+01
  7,566365599632e-01;  2,074234580994e+01
  7,449685931206e-01;  1,910132598877e+01
  7,333145141602e-01;  1,750667953491e+01
  7,218694090843e-01;  1,605634307861e+01
  7,112811803818e-01;  1,476960086823e+01
  7,003306746483e-01;  1,351227474213e+01
  6,920202374458e-01;  1,260075950623e+01
  6,859737634659e-01;  1,197605895996e+01
  6,811672449112e-01;  1,150983428955e+01
  6,775449514389e-01;  1,116379261017e+01
  6,747585535049e-01;  1,091695785522e+01
  6,723901629448e-01;  1,069829559326e+01
  6,710317730904e-01;  1,076519298553e+01
  6,817942261696e-01;  1,379568576813e+01
  6,944792270660e-01;  1,593482017517e+01
  7,106193900108e-01;  1,848635482788e+01
  7,285567522049e-01;  2,119159698486e+01
  7,447596192360e-01;  2,388489723206e+01
  7,597016096115e-01;  2,642782020569e+01
  7,729717493057e-01;  2,874578475952e+01
  7,847512364388e-01;  3,084329986572e+01
  7,955275774002e-01;  3,274036407471e+01
  8,092505335808e-01;  3,526834106445e+01
  8,214479684830e-01;  3,744524002075e+01
  8,317088484764e-01;  3,934128570557e+01
  8,430633544922e-01;  4,146461486816e+01
  8,542298078537e-01;  4,357799148560e+01
  8,652011752129e-01;  4,565764999390e+01
  8,748351335526e-01;  4,747074127197e+01
  8,805332779884e-01;  4,845655822754e+01
  8,840720057487e-01;  4,900231933594e+01
  8,863150477409e-01;  4,929323196411e+01
  8,875132203102e-01;  4,897140884399e+01
  8,723691701889e-01;  4,331809616089e+01
  8,584094047546e-01;  4,000712203979e+01
  8,420602679253e-01;  3,650528335571e+01
  8,265540003777e-01;  3,327779769897e+01
  8,136669397354e-01;  3,053566551208e+01
  8,022218942642e-01;  2,830512619019e+01
  7,878859043121e-01;  2,565569496155e+01
  7,752217650414e-01;  2,357226943970e+01
  7,643548846245e-01;  2,185849761963e+01
  7,519206404686e-01;  1,998938369751e+01
  7,410119175911e-01;  1,849771118164e+01
  7,303678989410e-01;  1,704368209839e+01
  7,195567488670e-01;  1,569535446167e+01
  7,083902955055e-01;  1,436270713806e+01
  6,984289288521e-01;  1,322622299194e+01
  6,907454729080e-01;  1,239765071869e+01
  6,851726770401e-01;  1,183123111725e+01
  6,807354092598e-01;  1,140199279785e+01
  6,773568987846e-01;  1,109312248230e+01
  6,747237443924e-01;  1,085921859741e+01
  6,723622679710e-01;  1,064548206329e+01
  6,716796159744e-01;  1,077425575256e+01
  6,824002265930e-01;  1,380019569397e+01
  6,951061487198e-01;  1,593585300446e+01
  7,112463116646e-01;  1,848517036438e+01
  7,291279435158e-01;  2,119157791138e+01
  7,453656196594e-01;  2,388516998291e+01
  7,603424787521e-01;  2,643465805054e+01
  7,735638618469e-01;  2,875681877136e+01
  7,853851318359e-01;  3,085642814636e+01
  7,961544990540e-01;  3,275477981567e+01
  8,098844289780e-01;  3,528175354004e+01
  8,220261335373e-01;  3,745917892456e+01
  8,323009610176e-01;  3,936023712158e+01
  8,436554670334e-01;  4,148664855957e+01
  8,547522425652e-01;  4,359467315674e+01
  8,656957745552e-01;  4,566727447510e+01
  8,753227591515e-01;  4,747431945801e+01
  8,809860944748e-01;  4,846043777466e+01
  8,845178484917e-01;  4,900872039795e+01
  8,868026733398e-01;  4,930464935303e+01
  8,878475427628e-01;  4,909085845947e+01
  8,750510811806e-01;  4,390940093994e+01
  8,617530465126e-01;  4,069327926636e+01
  8,457870483398e-01;  3,718534851074e+01
  8,297931551933e-01;  3,388425445557e+01
  8,164533376694e-01;  3,104146575928e+01
  8,047992587090e-01;  2,871347618103e+01
  7,945732474327e-01;  2,681224250793e+01
  7,813169956207e-01;  2,448664093018e+01
  7,694400548935e-01;  2,262472343445e+01
  7,565738558769e-01;  2,059390258789e+01
  7,450382113457e-01;  1,898309516907e+01
  7,335792183876e-01;  1,741118812561e+01
  7,222595214844e-01;  1,598039436340e+01
  7,117896676064e-01;  1,470577812195e+01
  7,010133266449e-01;  1,346096992493e+01
  6,928213238716e-01;  1,256297969818e+01
  6,868305802345e-01;  1,194838714600e+01
  6,821842789650e-01;  1,148937320709e+01
  6,785341501236e-01;  1,115044116974e+01
  6,757895350456e-01;  1,089951038361e+01
  6,734350323677e-01;  1,068651008606e+01
  6,721672415733e-01;  1,092228889465e+01
  6,876038312912e-01;  1,459217643738e+01
  7,018074393272e-01;  1,692815208435e+01
  7,189227938652e-01;  1,956611633301e+01
  7,365328073502e-01;  2,228778839111e+01
  7,519693970680e-01;  2,493354988098e+01
  7,664794921875e-01;  2,739651679993e+01
  7,788231968880e-01;  2,962330245972e+01
  7,904075980186e-01;  3,164157485962e+01
  8,005291223526e-01;  3,346674346924e+01
  8,138341307640e-01;  3,589837646484e+01
  8,254394531250e-01;  3,799650573730e+01
  8,380826711655e-01;  4,037570571899e+01
  8,484967947006e-01;  4,231738281250e+01
  8,585138916969e-01;  4,421353912354e+01
  8,693668246269e-01;  4,627798843384e+01
  8,776772618294e-01;  4,781982803345e+01
  8,825325369835e-01;  4,865331268311e+01
  8,856533169746e-01;  4,911123657227e+01
  8,877221941948e-01;  4,935939788818e+01
  8,881958723068e-01;  4,916172027588e+01
  8,771756887436e-01;  4,434273529053e+01
  8,643444180489e-01;  4,121145248413e+01
  8,486987948418e-01;  3,771725845337e+01
  8,324611783028e-01;  3,436083221436e+01
  8,187730312347e-01;  3,144064140320e+01
  8,069378137589e-01;  2,903605651855e+01
  7,964053153992e-01;  2,707916831970e+01
  7,830445766449e-01;  2,469845962524e+01
  7,709725499153e-01;  2,280067443848e+01
  7,579113245010e-01;  2,073547172546e+01
  7,463408708572e-01;  1,909167289734e+01
  7,346032261848e-01;  1,748853683472e+01
  7,232695817947e-01;  1,604246711731e+01
  7,126604318619e-01;  1,475803375244e+01
  7,026572823524e-01;  1,359747982025e+01
  6,942493319511e-01;  1,266740417480e+01
  6,879590749741e-01;  1,201374721527e+01
  6,832082867622e-01;  1,154305553436e+01
  6,794605851173e-01;  1,118465709686e+01
  6,766045689583e-01;  1,092814064026e+01
  6,742013096809e-01;  1,071442508698e+01
  6,726339459419e-01;  1,081991577148e+01
  6,850821375847e-01;  1,408714675903e+01
  6,983801722527e-01;  1,630584907532e+01
  7,148337960243e-01;  1,889662742615e+01
  7,327711582184e-01;  2,161423683167e+01
  7,486048340797e-01;  2,429160690308e+01
  7,634771466255e-01;  2,680978965759e+01
  7,763015031815e-01;  2,909219932556e+01
  7,880740165710e-01;  3,115926361084e+01
  7,984881401062e-01;  3,302867507935e+01
  8,121066093445e-01;  3,552152633667e+01
  8,240392804146e-01;  3,766758728027e+01
  8,341121077538e-01;  3,954269027710e+01
  8,453063964844e-01;  4,163577270508e+01
  8,561941981316e-01;  4,370957565308e+01
  8,669078946114e-01;  4,574217605591e+01
  8,763676285744e-01;  4,752598953247e+01
  8,819264769554e-01;  4,849013519287e+01
  8,853397965431e-01;  4,902789306641e+01
  8,876177072525e-01;  4,931613922119e+01
  8,885650634766e-01;  4,900209426880e+01
  8,740619421005e-01;  4,346247100830e+01
  8,602553606033e-01;  4,017367553711e+01
  8,440664410591e-01;  3,666692352295e+01
  8,284487724304e-01;  3,342338180542e+01
  8,154014945030e-01;  3,065745925903e+01
  8,039633631706e-01;  2,840150833130e+01
  7,939254045486e-01;  2,654914283752e+01
  7,809129953384e-01;  2,427972412109e+01
  7,691753506660e-01;  2,245368576050e+01
  7,564833164215e-01;  2,045311164856e+01
  7,451078891754e-01;  1,885958480835e+01
  7,338369488716e-01;  1,730921745300e+01
  7,226566076279e-01;  1,590774059296e+01
  7,123260498047e-01;  1,465493869781e+01
  7,016332745552e-01;  1,342817878723e+01
  6,936224102974e-01;  1,254445838928e+01
  6,876316666603e-01;  1,191930389404e+01
  6,830480694771e-01;  1,147324657440e+01
  6,794954538345e-01;  1,113276290894e+01
  6,767090559006e-01;  1,088583469391e+01
  6,744102835655e-01;  1,067471218109e+01
  6,733096837997e-01;  1,078950023651e+01
  6,845806241035e-01;  1,389954566956e+01
  6,974955201149e-01;  1,606545448303e+01
  7,136495709419e-01;  1,863366508484e+01
  7,316356897354e-01;  2,134620857239e+01
  7,476643919945e-01;  2,403361320496e+01
  7,626273036003e-01;  2,657560539246e+01
  7,756397128105e-01;  2,888248634338e+01
  7,874609827995e-01;  3,096913146973e+01
  7,980562448502e-01;  3,285655212402e+01
  8,117443323135e-01;  3,537246704102e+01
  8,238163590431e-01;  3,754100418091e+01
  8,339866995811e-01;  3,943271636963e+01
  8,452924489975e-01;  4,154271697998e+01
  8,562986850739e-01;  4,363778305054e+01
  8,671029210091e-01;  4,569662094116e+01
  8,766811490059e-01;  4,749568557739e+01
  8,822887539864e-01;  4,848359680176e+01
  8,857368826866e-01;  4,902275848389e+01
  8,880008459091e-01;  4,931682968140e+01
  8,888576626778e-01;  4,913391876221e+01
  8,772801756859e-01;  4,419007492065e+01
  8,642956018448e-01;  4,103107452393e+01
  8,485873937607e-01;  3,753321838379e+01
  8,324611783028e-01;  3,419840621948e+01
  8,188357353210e-01;  3,130482673645e+01
  8,071537613869e-01;  2,892884254456e+01
  7,966281771660e-01;  2,699502372742e+01
  7,833928465843e-01;  2,463172912598e+01
  7,713695764542e-01;  2,274655723572e+01
  7,583989500999e-01;  2,068811416626e+01
  7,468842267990e-01;  1,905023002625e+01
  7,351604700089e-01;  1,745141601563e+01
  7,239452600479e-01;  1,601399993896e+01
  7,133848667145e-01;  1,473989105225e+01
  7,025040388107e-01;  1,347292137146e+01
  6,943747401237e-01;  1,258006381989e+01
  6,883074045181e-01;  1,194763278961e+01
  6,837098598480e-01;  1,149012184143e+01
  6,800736188889e-01;  1,114541435242e+01
  6,773011684418e-01;  1,089164638519e+01
  6,749675869942e-01;  1,068673896790e+01
  6,736440062523e-01;  1,081309795380e+01
  6,860573887825e-01;  1,408058643341e+01
  6,993762850761e-01;  1,629818153381e+01
  7,157741785049e-01;  1,889139556885e+01
  7,337464094162e-01;  2,160892295837e+01
  7,495800256729e-01;  2,428532600403e+01
  7,644384503365e-01;  2,680440711975e+01
  7,772070765495e-01;  2,908923149109e+01
  7,889934778214e-01;  3,115830230713e+01
  7,993588447571e-01;  3,302895736694e+01
  8,130330443382e-01;  3,552288436890e+01
  8,249518275261e-01;  3,767332077026e+01
  8,350037336349e-01;  3,954789733887e+01
  8,461980223656e-01;  4,164208221436e+01
  8,570858240128e-01;  4,371469879150e+01
  8,677298426628e-01;  4,574505615234e+01
  8,772244453430e-01;  4,752049255371e+01
  8,827415108681e-01;  4,850040435791e+01
  8,861408829689e-01;  4,903250503540e+01
  8,883839249611e-01;  4,931620788574e+01
  8,893661499023e-01;  4,900502777100e+01
  8,748072981834e-01;  4,346895980835e+01
  8,610355257988e-01;  4,018120574951e+01
  8,448327183723e-01;  3,667584609985e+01
  8,292776942253e-01;  3,343383026123e+01
  8,162304162979e-01;  3,066492080688e+01
  8,048201799393e-01;  2,840766143799e+01
  7,947474122047e-01;  2,655761146545e+01
  7,817210555077e-01;  2,428624153137e+01
  7,699972987175e-01;  2,245696640015e+01
  7,573331594467e-01;  2,045586967468e+01
  7,460134625435e-01;  1,886178207397e+01
  7,346032261848e-01;  1,731188201904e+01
  7,235621809959e-01;  1,590389537811e+01
  7,131968140602e-01;  1,465087127686e+01
  7,025179862976e-01;  1,341885375977e+01
  6,945279836655e-01;  1,253791999817e+01
  6,885163784027e-01;  1,191619014740e+01
  6,840581297874e-01;  1,147344970703e+01
  6,804358363152e-01;  1,113232707977e+01
  6,777191162109e-01;  1,088875961304e+01
  6,753298044205e-01;  1,067536640167e+01
  6,742570400238e-01;  1,078226947784e+01
  6,855000853539e-01;  1,388174629211e+01
  6,984149813652e-01;  1,604549217224e+01
  7,145551443100e-01;  1,861528587341e+01
  7,325969934464e-01;  2,133622932434e+01
  7,486256957054e-01;  2,402758216858e+01
  7,636165022850e-01;  2,657646179199e+01
  7,765801548958e-01;  2,888858604431e+01
  7,884780168533e-01;  3,098110008240e+01
  7,989966273308e-01;  3,286956405640e+01
  8,127195835114e-01;  3,538660049438e+01
  8,247568011284e-01;  3,755696105957e+01
  8,349131941795e-01;  3,945090866089e+01
  8,462328910828e-01;  4,156431198120e+01
  8,572042584419e-01;  4,365462493896e+01
  8,679527640343e-01;  4,571303939819e+01
  8,775030970573e-01;  4,750817871094e+01
  8,830758929253e-01;  4,849657058716e+01
  8,865031599998e-01;  4,902825927734e+01
  8,887322545052e-01;  4,931900024414e+01
  8,896030187607e-01;  4,918204116821e+01
  8,791610002518e-01;  4,447471618652e+01
  8,664898872375e-01;  4,137180328369e+01
  8,510115146637e-01;  3,788285827637e+01
  8,347250819206e-01;  3,451396942139e+01
  8,208767175674e-01;  3,156837844849e+01
  8,090276122093e-01;  2,913865661621e+01
  7,983697056770e-01;  2,716408538818e+01
  7,849950194359e-01;  2,476255989075e+01
  7,729369401932e-01;  2,284819030762e+01
  7,628362774849e-01;  2,124187469482e+01
  7,509801983833e-01;  1,948667716980e+01
  7,406775355339e-01;  1,808455276489e+01
  7,305838465691e-01;  1,672152519226e+01
  7,202533483505e-01;  1,544279766083e+01
  7,096093297005e-01;  1,417439556122e+01
  7,001007795334e-01;  1,309631824493e+01
  6,928213238716e-01;  1,230063152313e+01
  6,874226927757e-01;  1,174921417236e+01
  6,832988858223e-01;  1,134729099274e+01
  6,799830794334e-01;  1,104250431061e+01
  6,774265170097e-01;  1,080782413483e+01
  6,751416921616e-01;  1,064474010468e+01
  6,747237443924e-01;  1,084730911255e+01
  6,883212924004e-01;  1,426821613312e+01
  7,020164132118e-01;  1,654013061523e+01
  7,187138199806e-01;  1,916149902344e+01
  7,365815639496e-01;  2,189110183716e+01
  7,522410750389e-01;  2,456200599670e+01
  7,669810652733e-01;  2,706875419617e+01
  7,794849276543e-01;  2,933139228821e+01
  7,912086844444e-01;  3,138089561462e+01
  8,014486432076e-01;  3,323295211792e+01
  8,150183558464e-01;  3,569910812378e+01
  8,266933560371e-01;  3,782735061646e+01
  8,395455479622e-01;  4,024074935913e+01
  8,500850796700e-01;  4,221535873413e+01
  8,602553606033e-01;  4,414474105835e+01
  8,710874319077e-01;  4,624271392822e+01
  8,795023560524e-01;  4,780346679688e+01
  8,844829797745e-01;  4,865890884399e+01
  8,875340819359e-01;  4,911685943604e+01
  8,895751237869e-01;  4,935592269897e+01
  8,900418281555e-01;  4,905982971191e+01
  8,766880631447e-01;  4,375898742676e+01
  8,632716536522e-01;  4,051982879639e+01
  8,472499251366e-01;  3,701204299927e+01
  8,314510583878e-01;  3,372886276245e+01
  8,181739449501e-01;  3,090548133850e+01
  8,066800832748e-01;  2,859809303284e+01
  7,964053153992e-01;  2,671221351624e+01
  7,833371162415e-01;  2,440273475647e+01
  7,714949846268e-01;  2,255414009094e+01
  7,587612271309e-01;  2,053412246704e+01
  7,474206089973e-01;  1,892511558533e+01
  7,358570694923e-01;  1,735550880432e+01
  7,247812151909e-01;  1,593461894989e+01
  7,143461704254e-01;  1,466794776917e+01
  7,035976648331e-01;  1,342763805389e+01
  6,956077218056e-01;  1,255554199219e+01
  6,895961165428e-01;  1,191926574707e+01
  6,851030588150e-01;  1,147831344604e+01
  6,815155744553e-01;  1,113933086395e+01
  6,787639856339e-01;  1,088647747040e+01
  6,763955950737e-01;  1,066539669037e+01
  6,753855347633e-01;  1,091984558105e+01
  6,907942295074e-01;  1,459577083588e+01
  7,050117850304e-01;  1,693646430969e+01
  7,221132516861e-01;  1,958530998230e+01
  7,396326661110e-01;  2,231383895874e+01
  7,551876306534e-01;  2,496592712402e+01
  7,695236206055e-01;  2,743566894531e+01
  7,818881869316e-01;  2,966646575928e+01
  7,934238314629e-01;  3,168714141846e+01
  8,079687952995e-01;  3,436327362061e+01
  8,208767175674e-01;  3,667093658447e+01
  8,316879272461e-01;  3,868058013916e+01
  8,437390327454e-01;  4,094145965576e+01
  8,556090593338e-01;  4,318455123901e+01
  8,658490180969e-01;  4,513925552368e+01
  8,766114711761e-01;  4,719702148438e+01
  8,828808069229e-01;  4,833103561401e+01
  8,866424560547e-01;  4,894065093994e+01
  8,890805244446e-01;  4,927020645142e+01
  8,903274536133e-01;  4,916034317017e+01
  8,793560266495e-01;  4,433731460571e+01
  8,665247559547e-01;  4,120790863037e+01
  8,509557843208e-01;  3,771119689941e+01
  8,347598910332e-01;  3,435462951660e+01
  8,210160732269e-01;  3,143363571167e+01
  8,092575073242e-01;  2,902525901794e+01
  7,986553311348e-01;  2,706634902954e+01
  7,853781580925e-01;  2,468235778809e+01
  7,734106183052e-01;  2,278178596497e+01
  7,633448243141e-01;  2,119173049927e+01
  7,515514492989e-01;  1,945287132263e+01
  7,412766218185e-01;  1,805406570435e+01
  7,312247157097e-01;  1,668851089478e+01
  7,209638357162e-01;  1,541038131714e+01
  7,103616595268e-01;  1,415066528320e+01
  7,009227871895e-01;  1,307858562469e+01
  6,936920881271e-01;  1,228736972809e+01
  6,883282661438e-01;  1,173935508728e+01
  6,842183470726e-01;  1,133957862854e+01
  6,809582710266e-01;  1,103467273712e+01
  6,784017682076e-01;  1,080610656738e+01
  6,761169433594e-01;  1,073397541046e+01
  6,759079694748e-01;  1,089726734161e+01
  6,907594203949e-01;  1,449605464935e+01
  7,047540545464e-01;  1,681731796265e+01
  7,216743826866e-01;  1,945873451233e+01
  7,393400669098e-01;  2,218584060669e+01
  7,549229264259e-01;  2,484365081787e+01
  7,693634033203e-01;  2,732610702515e+01
  7,817698121071e-01;  2,956308746338e+01
  7,933332920074e-01;  3,159138488770e+01
  8,033503890038e-01;  3,342567062378e+01
  8,168504238129e-01;  3,586719894409e+01
  8,283442854881e-01;  3,798308181763e+01
  8,410223126411e-01;  4,037295913696e+01
  8,514294624329e-01;  4,232460021973e+01
  8,630417585373e-01;  4,453741455078e+01
  8,731632828712e-01;  4,648734664917e+01
  8,810139298439e-01;  4,793897628784e+01
  8,857089877129e-01;  4,874295425415e+01
  8,885441422462e-01;  4,915690231323e+01
  8,905294537544e-01;  4,931791687012e+01
  8,906478881836e-01;  4,919910430908e+01
  8,749883770943e-01;  4,316334152222e+01
  8,609380125999e-01;  3,983126831055e+01
  8,446376919746e-01;  3,633166503906e+01
  8,293613195419e-01;  3,313252639771e+01
  8,165020942688e-01;  3,041243743896e+01
  8,052660226822e-01;  2,819972801208e+01
  7,908812761307e-01;  2,557716369629e+01
  7,784609794617e-01;  2,350161361694e+01
  7,675034999847e-01;  2,180232238770e+01
  7,554175257683e-01;  1,993942260742e+01
  7,446411848068e-01;  1,844248008728e+01
  7,339066267014e-01;  1,698594856262e+01
  7,232835292816e-01;  1,565128326416e+01
  7,122215628624e-01;  1,431360626221e+01
  7,022950649261e-01;  1,318188190460e+01
  6,948763132095e-01;  1,236814022064e+01
  6,892825961113e-01;  1,179008388519e+01
  6,851378679276e-01;  1,137920570374e+01
  6,817942261696e-01;  1,106595802307e+01
  6,791819930077e-01;  1,083180522919e+01
  6,768483519554e-01;  1,064014053345e+01
  6,764164566994e-01;  1,078300189972e+01
  6,876735091209e-01;  1,389612007141e+01
  7,005674839020e-01;  1,606682968140e+01
  7,166240811348e-01;  1,864188766479e+01
  7,346867918968e-01;  2,136549186707e+01
  7,506597638130e-01;  2,405608749390e+01
  7,656505703926e-01;  2,660282516479e+01
  7,784748673439e-01;  2,890987777710e+01
  7,903727889061e-01;  3,100064849854e+01
  8,008077740669e-01;  3,288843917847e+01
  8,146352171898e-01;  3,540261077881e+01
  8,265679478645e-01;  3,757920837402e+01
  8,366337418556e-01;  3,947369384766e+01
  8,479604125023e-01;  4,159268951416e+01
  8,588970303535e-01;  4,367835998535e+01
  8,694852590561e-01;  4,571664047241e+01
  8,790495395660e-01;  4,751499938965e+01
  8,846431970596e-01;  4,851318359375e+01
  8,880217075348e-01;  4,903681564331e+01
  8,902159929276e-01;  4,933301162720e+01
  8,910380005836e-01;  4,900195693970e+01
  8,764652013779e-01;  4,345431900024e+01
  8,627282977104e-01;  4,016871643066e+01
  8,466020822525e-01;  3,666704559326e+01
  8,311027884483e-01;  3,343143844604e+01
  8,180555105209e-01;  3,066424369812e+01
  8,066940307617e-01;  2,840540313721e+01
  7,965446114540e-01;  2,655202674866e+01
  7,836714982986e-01;  2,427766418457e+01
  7,720174193382e-01;  2,245139503479e+01
  7,593324184418e-01;  2,045789146423e+01
  7,481380701065e-01;  1,885875511169e+01
  7,365885376930e-01;  1,729724311829e+01
  7,257215976715e-01;  1,589316368103e+01
  7,153353691101e-01;  1,463724327087e+01
  7,046425938606e-01;  1,339657783508e+01
  6,967919468880e-01;  1,252869224548e+01
  6,908012032509e-01;  1,189843368530e+01
  6,864126324654e-01;  1,146304321289e+01
  6,828739047050e-01;  1,112780189514e+01
  6,801571846008e-01;  1,088120365143e+01
  6,778236031532e-01;  1,066582012177e+01
  6,767090559006e-01;  1,089164447784e+01
  6,915187239647e-01;  1,447692775726e+01
  7,055202722549e-01;  1,679674339294e+01
  7,224197387695e-01;  1,943937683105e+01
  7,401202917099e-01;  2,217185974121e+01
  7,556752562523e-01;  2,483421516418e+01
  7,700948119164e-01;  2,731655883789e+01
  7,825360298157e-01;  2,955392837524e+01
  7,940508127213e-01;  3,158553314209e+01
  8,086444735527e-01;  3,427259445190e+01
  8,216081857681e-01;  3,659563064575e+01
  8,325099349022e-01;  3,862005233765e+01
  8,446097970009e-01;  4,089349746704e+01
  8,564728498459e-01;  4,315378952026e+01
  8,666988611221e-01;  4,511175155640e+01
  8,767020106316e-01;  4,701545715332e+01
  8,833684325218e-01;  4,823300170898e+01
  8,873599767685e-01;  4,889483642578e+01
  8,898677229881e-01;  4,924894332886e+01
  8,913096785545e-01;  4,913645935059e+01
  8,798088431358e-01;  4,420118331909e+01
  8,668242692947e-01;  4,104727172852e+01
  8,512204885483e-01;  3,754913330078e+01
  8,351082205772e-01;  3,421603012085e+01
  8,214688301086e-01;  3,131657218933e+01
  8,098148107529e-01;  2,892823600769e+01
  7,992404699326e-01;  2,698593521118e+01
  7,860887050629e-01;  2,462094688416e+01
  7,742117047310e-01;  2,273092269897e+01
  7,641597986221e-01;  2,115097236633e+01
  7,524918317795e-01;  1,941914176941e+01
  7,422657608986e-01;  1,802220916748e+01
  7,322347760201e-01;  1,666792678833e+01
  7,220296263695e-01;  1,540325450897e+01
  7,114901542664e-01;  1,414170932770e+01
  7,020164132118e-01;  1,306166934967e+01
  6,948763132095e-01;  1,227629089355e+01
  6,894916296005e-01;  1,171959781647e+01
  6,854861974716e-01;  1,133391380310e+01
  6,822957396507e-01;  1,103210544586e+01
  6,797392368317e-01;  1,079818058014e+01
  6,774404644966e-01;  1,071105480194e+01
  6,772314906120e-01;  1,085125446320e+01
  6,908081769943e-01;  1,428064823151e+01
  7,044544816017e-01;  1,655297279358e+01
  7,210822701454e-01;  1,917963790894e+01
  7,389499545097e-01;  2,191071891785e+01
  7,546303868294e-01;  2,458163833618e+01
  7,692101597786e-01;  2,708897781372e+01
  7,817488908768e-01;  2,935040283203e+01
  7,934238314629e-01;  3,139980506897e+01
  8,035244941711e-01;  3,325193405151e+01
  8,171638846397e-01;  3,571768188477e+01
  8,287622332573e-01;  3,785322570801e+01
  8,416353464127e-01;  4,026771163940e+01
  8,520494699478e-01;  4,224145889282e+01
  8,621501326561e-01;  4,416427993774e+01
  8,729682564735e-01;  4,625786209106e+01
  8,813483119011e-01;  4,781990432739e+01
  8,862593173981e-01;  4,866892623901e+01
  8,892756104469e-01;  4,912580108643e+01
  8,912957310677e-01;  4,934574127197e+01
  8,916231393814e-01;  4,913481140137e+01
  8,801013827324e-01;  4,419805526733e+01
  8,670959472656e-01;  4,104261779785e+01
  8,514991402626e-01;  3,754393005371e+01
  8,354077339172e-01;  3,420768356323e+01
  8,217684030533e-01;  3,130768585205e+01
  8,101073503494e-01;  2,892082595825e+01
  7,995887398720e-01;  2,697925186157e+01
  7,864021658897e-01;  2,461359214783e+01
  7,745600342751e-01;  2,272766876221e+01
  7,645081281662e-01;  2,114920616150e+01
  7,528749704361e-01;  1,942077064514e+01
  7,426001429558e-01;  1,802050399780e+01
  7,325343489647e-01;  1,666018295288e+01
  7,223919034004e-01;  1,539669227600e+01
  7,118384242058e-01;  1,414135646820e+01
  7,023438215256e-01;  1,306416702271e+01
  6,952245831490e-01;  1,228203392029e+01
  6,898747086525e-01;  1,171686649323e+01
  6,858692765236e-01;  1,132659244537e+01
  6,826649308205e-01;  1,102603435516e+01
  6,801571846008e-01;  1,079672622681e+01
  6,778445243835e-01;  1,070651531219e+01
  6,776494383812e-01;  1,084728908539e+01
  6,912261247635e-01;  1,427651214600e+01
  7,048724889755e-01;  1,654847526550e+01
  7,214793562889e-01;  1,917523384094e+01
  7,393192052841e-01;  2,190626716614e+01
  7,550274133682e-01;  2,457660865784e+01
  7,696141600609e-01;  2,708316421509e+01
  7,821320295334e-01;  2,934503746033e+01
  7,937512397766e-01;  3,139629364014e+01
  8,038728237152e-01;  3,324767303467e+01
  8,175261020660e-01;  3,571494674683e+01
  8,291314244270e-01;  3,785166168213e+01
  8,419627547264e-01;  4,026919555664e+01
  8,524186611176e-01;  4,224554824829e+01
  8,625053763390e-01;  4,416619110107e+01
  8,732817173004e-01;  4,625344085693e+01
  8,816617727280e-01;  4,781124496460e+01
  8,865727782249e-01;  4,867340850830e+01
  8,895681500435e-01;  4,911875915527e+01
  8,915882706642e-01;  4,935608291626e+01
  8,920620083809e-01;  4,897171783447e+01
  8,769179582596e-01;  4,332009506226e+01
  8,630765676498e-01;  4,001358413696e+01
  8,468458652496e-01;  3,651432037354e+01
  8,314789533615e-01;  3,329647064209e+01
  8,185570836067e-01;  3,054919433594e+01
  8,072582483292e-01;  2,831008338928e+01
  7,971297502518e-01;  2,647060966492e+01
  7,843471765518e-01;  2,420870590210e+01
  7,727627754211e-01;  2,239294242859e+01
  7,601683139801e-01;  2,041174697876e+01
  7,490575909615e-01;  1,882435989380e+01
  7,374941110611e-01;  1,726304244995e+01
  7,267665266991e-01;  1,586172008514e+01
  7,164011597633e-01;  1,461693382263e+01
  7,057083845139e-01;  1,337671947479e+01
  6,979552507401e-01;  1,251759052277e+01
  6,920202374458e-01;  1,188396644592e+01
  6,876456141472e-01;  1,144747638702e+01
  6,842671036720e-01;  1,112117004395e+01
  6,815503835678e-01;  1,087336349487e+01
  6,791471242905e-01;  1,065750408173e+01
  6,782624721527e-01;  1,076730155945e+01
  6,889482736588e-01;  1,379586696625e+01
  7,016193270683e-01;  1,594045925140e+01
  7,174599766731e-01;  1,850290679932e+01
  7,355923652649e-01;  2,122880172729e+01
  7,516002058983e-01;  2,392600440979e+01
  7,666327357292e-01;  2,648282241821e+01
  7,794849276543e-01;  2,880203819275e+01
  7,914316058159e-01;  3,090317916870e+01
  8,018875122070e-01;  3,279899978638e+01
  8,157846331596e-01;  3,532748794556e+01
  8,277521729469e-01;  3,751484680176e+01
  8,378388881683e-01;  3,942351531982e+01
  8,492143154144e-01;  4,155393218994e+01
  8,601856827736e-01;  4,364665603638e+01
  8,707948923111e-01;  4,570659637451e+01
  8,803870081902e-01;  4,750737762451e+01
  8,859667778015e-01;  4,850466537476e+01
  8,893452286720e-01;  4,902992248535e+01
  8,915395140648e-01;  4,931719970703e+01
  8,924102783203e-01;  4,908504486084e+01
  8,797531127930e-01;  4,389423751831e+01
  8,664550781250e-01;  4,069061660767e+01
  8,506910800934e-01;  3,719491195679e+01
  8,349201083183e-01;  3,390352249146e+01
  8,215036988258e-01;  3,106199455261e+01
  8,099750280380e-01;  2,873104476929e+01
  7,995887398720e-01;  2,682641220093e+01
  7,865971922874e-01;  2,449432182312e+01
  7,748386263847e-01;  2,262982559204e+01
  7,619167566299e-01;  2,060032653809e+01
  7,507154941559e-01;  1,897483062744e+01
  7,388873100281e-01;  1,738498878479e+01
  7,280343174934e-01;  1,595905113220e+01
  7,175365686417e-01;  1,467195034027e+01
  7,067044973373e-01;  1,341798496246e+01
  6,988817453384e-01;  1,255047798157e+01
  6,928700804710e-01;  1,190054988861e+01
  6,884467005730e-01;  1,147531700134e+01
  6,849985718727e-01;  1,112962532043e+01
  6,823027133942e-01;  1,089717483521e+01
  6,798994541168e-01;  1,066515922546e+01
  6,789520978928e-01;  1,074742126465e+01
  6,788476109505e-01;  1,092653369904e+01
  6,890736222267e-01;  1,369148063660e+01
  7,015287876129e-01;  1,580744552612e+01
  7,172022461891e-01;  1,835937118530e+01
  7,352928519249e-01;  2,108290290833e+01
  7,514260411263e-01;  2,378314208984e+01
  7,664934396744e-01;  2,635203552246e+01
  7,794153094292e-01;  2,867812347412e+01
  7,913828492165e-01;  3,078635215759e+01
  8,018805384636e-01;  3,268798065186e+01
  8,158403635025e-01;  3,522770309448e+01
  8,278914690018e-01;  3,742767333984e+01
  8,380130529404e-01;  3,934652709961e+01
  8,494580984116e-01;  4,149513244629e+01
  8,605130910873e-01;  4,360250091553e+01
  8,711431622505e-01;  4,566617202759e+01
  8,808119297028e-01;  4,749668502808e+01
  8,864195346832e-01;  4,849490356445e+01
  8,898119926453e-01;  4,902710342407e+01
  8,920410871506e-01;  4,932402038574e+01
  8,928979039192e-01;  4,912245559692e+01
  8,808328509331e-01;  4,407721328735e+01
  8,676741123199e-01;  4,089473724365e+01
  8,520215749741e-01;  3,738891601563e+01
  8,361043334007e-01;  3,407145690918e+01
  8,225067853928e-01;  3,119486427307e+01
  8,109850883484e-01;  2,882989692688e+01
  8,004943132401e-01;  2,690415573120e+01
  7,874122262001e-01;  2,456149673462e+01
  7,757093906403e-01;  2,268635940552e+01
  7,655878663063e-01;  2,112352752686e+01
  7,541288137436e-01;  1,940027427673e+01
  7,439585328102e-01;  1,800137519836e+01
  7,338369488716e-01;  1,664815330505e+01
  7,238059639931e-01;  1,539939975739e+01
  7,132176756859e-01;  1,416227531433e+01
  7,036882638931e-01;  1,305344867706e+01
  6,966317296028e-01;  1,231864452362e+01
  6,911286115646e-01;  1,170014095306e+01
  6,871928572655e-01;  1,135612678528e+01
  6,839536428452e-01;  1,103083610535e+01
  6,814807653427e-01;  1,080954265594e+01
  6,790775060654e-01;  1,065676021576e+01
  6,786594986916e-01;  1,085491275787e+01
  6,934413313866e-01;  1,439859294891e+01
  7,074220180511e-01;  1,672529029846e+01
  7,244050502777e-01;  1,938982200623e+01
  7,420567870140e-01;  2,214165496826e+01
  7,577511072159e-01;  2,483162498474e+01
  7,719965577126e-01;  2,733475303650e+01
  7,844656109810e-01;  2,957928466797e+01
  7,958967685699e-01;  3,160222053528e+01
  8,104904890060e-01;  3,427193069458e+01
  8,233914375305e-01;  3,656437301636e+01
  8,342653512955e-01;  3,857793045044e+01
  8,464906215668e-01;  4,087594223022e+01
  8,583954572678e-01;  4,318727493286e+01
  8,684403896332e-01;  4,515123367310e+01
  8,784435391426e-01;  4,698027801514e+01
  8,851656913757e-01;  4,829180908203e+01
  8,889760375023e-01;  4,885818099976e+01
  8,916440010071e-01;  4,928348922729e+01
  8,924799561501e-01;  4,895336914063e+01
  8,773010969162e-01;  4,326021957397e+01
  8,634945154190e-01;  3,994840621948e+01
  8,473892211914e-01;  3,645742797852e+01
  8,320640921593e-01;  3,324970245361e+01
  8,192049264908e-01;  3,051159477234e+01
  8,079479336739e-01;  2,828261566162e+01
  7,978472709656e-01;  2,645835113525e+01
  7,850786447525e-01;  2,420953178406e+01
  7,735499739647e-01;  2,239498710632e+01
  7,609345912933e-01;  2,040285491943e+01
  7,498935461044e-01;  1,880653572083e+01
  7,383439540863e-01;  1,725231361389e+01
  7,277069091797e-01;  1,586423206329e+01
  7,173415422440e-01;  1,459878540039e+01
  7,067184448242e-01;  1,336974239349e+01
  6,990210413933e-01;  1,251189899445e+01
  6,931208968163e-01;  1,188322067261e+01
  6,886905431747e-01;  1,143103504181e+01
  6,853677630424e-01;  1,111321353912e+01
  6,826649308205e-01;  1,087484073639e+01
  6,803522706032e-01;  1,064846611023e+01
  6,796904802322e-01;  1,078299903870e+01
  6,902787685394e-01;  1,381460189819e+01
  7,028941512108e-01;  1,595444393158e+01
  7,186442017555e-01;  1,851015663147e+01
  7,367765903473e-01;  2,122451400757e+01
  7,527774572372e-01;  2,391288948059e+01
  7,677612304688e-01;  2,647024536133e+01
  7,805646657944e-01;  2,878459358215e+01
  7,925322055817e-01;  3,088742446899e+01
  8,029323816299e-01;  3,278960418701e+01
  8,168712854385e-01;  3,532804107666e+01
  8,287622332573e-01;  3,752638244629e+01
  8,388350009918e-01;  3,943291091919e+01
  8,501686453819e-01;  4,155583572388e+01
  8,610912561417e-01;  4,363031768799e+01
  8,716795444489e-01;  4,569913864136e+01
  8,812298774719e-01;  4,751539611816e+01
  8,868723511696e-01;  4,850012969971e+01
  8,901950716972e-01;  4,904996490479e+01
  8,923406004906e-01;  4,931890106201e+01
  8,932253122330e-01;  4,914282226563e+01
  8,818081021309e-01;  4,423098373413e+01
  8,688026070595e-01;  4,107919311523e+01
  8,532406091690e-01;  3,757858657837e+01
  8,371980190277e-01;  3,423469924927e+01
  8,235028982162e-01;  3,132643127441e+01
  8,118836879730e-01;  2,893217277527e+01
  8,013650774956e-01;  2,698935699463e+01
  7,881785035133e-01;  2,462524223328e+01
  7,764407992363e-01;  2,273912811279e+01
  7,662495970726e-01;  2,116647148132e+01
  7,547906041145e-01;  1,943392562866e+01
  7,445506453514e-01;  1,802257347107e+01
  7,343803048134e-01;  1,665509605408e+01
  7,228794693947e-01;  1,521367168427e+01
  7,126882672310e-01;  1,398990821838e+01
  7,035280466080e-01;  1,296345138550e+01
  6,967222690582e-01;  1,220931243896e+01
  6,914768815041e-01;  1,166007900238e+01
  6,876316666603e-01;  1,127971553802e+01
  6,846362948418e-01;  1,098792839050e+01
  6,821773648262e-01;  1,077669525146e+01
  6,801223754883e-01;  1,079472351074e+01
  6,918739676476e-01;  1,398025035858e+01
  7,048933506012e-01;  1,618099784851e+01
  7,210125923157e-01;  1,877861976624e+01
  7,390405535698e-01;  2,150790214539e+01
  7,549229264259e-01;  2,419923973083e+01
  7,696629166603e-01;  2,674117660522e+01
  7,823967337608e-01;  2,903306770325e+01
  7,941831350327e-01;  3,110986518860e+01
  8,044092059135e-01;  3,298919677734e+01
  8,182575106621e-01;  3,549294281006e+01
  8,299952149391e-01;  3,766697311401e+01
  8,430285453796e-01;  4,012369537354e+01
  8,536028862000e-01;  4,212981796265e+01
  8,637731671333e-01;  4,407028961182e+01
  8,747654557228e-01;  4,620219039917e+01
  8,831594586372e-01;  4,779334640503e+01
  8,881261944771e-01;  4,866394805908e+01
  8,911494612694e-01;  4,912149429321e+01
  8,931765556335e-01;  4,935905838013e+01
  8,935945034027e-01;  4,897945022583e+01
  8,785201311111e-01;  4,333538818359e+01
  8,646787405014e-01;  4,002917098999e+01
  8,485385775566e-01;  3,652809143066e+01
  8,332065343857e-01;  3,330594253540e+01
  8,202358484268e-01;  3,055302810669e+01
  8,090137243271e-01;  2,830867576599e+01
  7,988921403885e-01;  2,647237396240e+01
  7,861235141754e-01;  2,421335792542e+01
  7,746296525002e-01;  2,240399551392e+01
  7,619655728340e-01;  2,042192077637e+01
  7,509244680405e-01;  1,882976531982e+01
  7,392913103104e-01;  1,725854873657e+01
  7,286612391472e-01;  1,586408519745e+01
  7,183516025543e-01;  1,461103534698e+01
  7,076030969620e-01;  1,336248493195e+01
  6,999753713608e-01;  1,251615810394e+01
  6,940543055534e-01;  1,187657833099e+01
  6,896657347679e-01;  1,143607330322e+01
  6,863220930099e-01;  1,111627864838e+01
  6,836749911308e-01;  1,087492847443e+01
  6,812926530838e-01;  1,065466690063e+01
  6,804149746895e-01;  1,085174655914e+01
  6,938940882683e-01;  1,427287673950e+01
  7,074220180511e-01;  1,654468536377e+01
  7,240428328514e-01;  1,917107772827e+01
  7,418130040169e-01;  2,190275573730e+01
  7,575908899307e-01;  2,457900428772e+01
  7,719965577126e-01;  2,708539199829e+01
  7,845562100410e-01;  2,934641265869e+01
  7,961196899414e-01;  3,139878463745e+01
  8,061367273331e-01;  3,325259780884e+01
  8,198318481445e-01;  3,572005844116e+01
  8,314092755318e-01;  3,786844635010e+01
  8,442615270615e-01;  4,028665924072e+01
  8,546129465103e-01;  4,226364135742e+01
  8,661624789238e-01;  4,448971176147e+01
  8,764163851738e-01;  4,647074508667e+01
  8,842879533768e-01;  4,794640350342e+01
  8,889064192772e-01;  4,874110031128e+01
  8,917624354362e-01;  4,916223526001e+01
  8,936641812325e-01;  4,929241180420e+01
  8,938174247742e-01;  4,913782119751e+01
  8,823862671852e-01;  4,421546936035e+01
  8,693807721138e-01;  4,106290817261e+01
  8,538536429405e-01;  3,756446075439e+01
  8,378249406815e-01;  3,422440719604e+01
  8,241298794746e-01;  3,132137870789e+01
  8,125454187393e-01;  2,892676353455e+01
  8,020477294922e-01;  2,698492240906e+01
  7,888402342796e-01;  2,462062644958e+01
  7,771373987198e-01;  2,272764968872e+01
  7,669253349304e-01;  2,115597152710e+01
  7,555220127106e-01;  1,942718315125e+01
  7,453656196594e-01;  1,802292251587e+01
  7,351604700089e-01;  1,665285110474e+01
  7,236457467079e-01;  1,520975685120e+01
  7,134754061699e-01;  1,397992134094e+01
  7,043709158897e-01;  1,295683383942e+01
  6,975582242012e-01;  1,221026611328e+01
  6,922779679298e-01;  1,166223812103e+01
  6,884467005730e-01;  1,128024864197e+01
  6,854513287544e-01;  1,099830150604e+01
  6,829784512520e-01;  1,077647781372e+01
  6,807702183723e-01;  1,089130401611e+01
  6,954265832901e-01;  1,447136783600e+01
  7,092610001564e-01;  1,678938674927e+01
  7,262719273567e-01;  1,944133567810e+01
  7,437425851822e-01;  2,217042160034e+01
  7,594856619835e-01;  2,483760643005e+01
  7,736335396767e-01;  2,732371902466e+01
  7,861583828926e-01;  2,956310272217e+01
  7,975128889084e-01;  3,159102630615e+01
  8,121623396873e-01;  3,428897094727e+01
  8,250005841255e-01;  3,661683654785e+01
  8,358535766602e-01;  3,865231704712e+01
  8,479952812195e-01;  4,092839813232e+01
  8,597120046616e-01;  4,317531204224e+01
  8,697639107704e-01;  4,512901687622e+01
  8,805820345879e-01;  4,720108413696e+01
  8,868723511696e-01;  4,834753036499e+01
  8,905434012413e-01;  4,895017623901e+01
  8,929327130318e-01;  4,928320693970e+01
  8,941169381142e-01;  4,903260803223e+01
  8,802964687347e-01;  4,363021469116e+01
  8,667197823524e-01;  4,037633132935e+01
  8,507537841797e-01;  3,687149429321e+01
  8,352127075195e-01;  3,360834121704e+01
  8,219564557076e-01;  3,080443572998e+01
  8,106158971786e-01;  2,851124000549e+01
  8,003550171852e-01;  2,663475799561e+01
  7,874819040298e-01;  2,433640480042e+01
  7,759740948677e-01;  2,249750518799e+01
  7,630661725998e-01;  2,049759864807e+01
  7,520738840103e-01;  1,889729881287e+01
  7,403431534767e-01;  1,730643844604e+01
  7,295877337456e-01;  1,589483833313e+01
  7,192780971527e-01;  1,463914394379e+01
  7,084251046181e-01;  1,337757873535e+01
  7,007416486740e-01;  1,252030467987e+01
  6,948763132095e-01;  1,188554000854e+01
  6,904180645943e-01;  1,143115997314e+01
  6,871231794357e-01;  1,111598968506e+01
  6,844760775566e-01;  1,087322616577e+01
  6,821424961090e-01;  1,065190887451e+01
  6,812717318535e-01;  1,079208183289e+01
  6,929537057877e-01;  1,397173404694e+01
  7,059521675110e-01;  1,616918754578e+01
  7,221132516861e-01;  1,876562500000e+01
  7,401202917099e-01;  2,149831008911e+01
  7,560723423958e-01;  2,419192314148e+01
  7,707426548004e-01;  2,673507881165e+01
  7,834764719009e-01;  2,903261184692e+01
  7,952350378036e-01;  3,111458969116e+01
  8,054401278496e-01;  3,299614715576e+01
  8,192884922028e-01;  3,550119400024e+01
  8,310610055923e-01;  3,767877960205e+01
  8,441082239151e-01;  4,013638305664e+01
  8,545920252800e-01;  4,214318847656e+01
  8,647136092186e-01;  4,408162689209e+01
  8,756710290909e-01;  4,621485519409e+01
  8,840999007225e-01;  4,780887603760e+01
  8,890109062195e-01;  4,866408920288e+01
  8,919923305511e-01;  4,912856292725e+01
  8,940124511719e-01;  4,935921859741e+01
  8,944791555405e-01;  4,909738159180e+01
  8,818777203560e-01;  4,393535614014e+01
  8,685936331749e-01;  4,073013687134e+01
  8,528366088867e-01;  3,722357940674e+01
  8,370586633682e-01;  3,391976165771e+01
  8,235586285591e-01;  3,106605529785e+01
  8,121274709702e-01;  2,871970939636e+01
  8,017690777779e-01;  2,680968666077e+01
  7,887218594551e-01;  2,448434829712e+01
  7,771373987198e-01;  2,261834144592e+01
  7,670158743858e-01;  2,106541061401e+01
  7,557170987129e-01;  1,934934234619e+01
  7,456651926041e-01;  1,795248222351e+01
  7,354739904404e-01;  1,659218215942e+01
  7,241542935371e-01;  1,517844390869e+01
  7,139979004860e-01;  1,395702934265e+01
  7,049630284309e-01;  1,293466186523e+01
  6,981851458549e-01;  1,220374679565e+01
  6,929745674133e-01;  1,164531421661e+01
  6,891433000565e-01;  1,126260375977e+01
  6,862176060677e-01;  1,098951816559e+01
  6,837934255600e-01;  1,077164936066e+01
  6,817245483398e-01;  1,079205131531e+01
  6,817106008530e-01;  1,100431728363e+01
  6,934273838997e-01;  1,397383975983e+01
  7,064258456230e-01;  1,617405319214e+01
  7,225102782249e-01;  1,876900291443e+01
  7,405173182487e-01;  2,149954605103e+01
  7,564902901649e-01;  2,419318962097e+01
  7,711257934570e-01;  2,673666191101e+01
  7,838526368141e-01;  2,903111457825e+01
  7,955972552299e-01;  3,111235427856e+01
  8,057675361633e-01;  3,299427795410e+01
  8,196646571159e-01;  3,549828720093e+01
  8,314092755318e-01;  3,767585754395e+01
  8,444426059723e-01;  4,012884140015e+01
  8,549472689629e-01;  4,213619613647e+01
  8,650618791580e-01;  4,407728576660e+01
  8,760333061218e-01;  4,621553421021e+01
  8,844342231750e-01;  4,781137084961e+01
  8,893452286720e-01;  4,866421890259e+01
  8,923406004906e-01;  4,912649917603e+01
  8,943119645119e-01;  4,935761642456e+01
  8,947787284851e-01;  4,909344863892e+01
  8,821911811829e-01;  4,393603134155e+01
  8,688931465149e-01;  4,073433685303e+01
  8,531570434570e-01;  3,722698211670e+01
  8,374069929123e-01;  3,392092895508e+01
  8,239208459854e-01;  3,106909561157e+01
  8,124966621399e-01;  2,872279739380e+01
  8,020964860916e-01;  2,681103706360e+01
  7,890701293945e-01;  2,447806739807e+01
  7,774857282639e-01;  2,260746192932e+01
  7,673293352127e-01;  2,105480957031e+01
  7,560723423958e-01;  1,934875106812e+01
  7,460274100304e-01;  1,795999526978e+01
  7,358083128929e-01;  1,659699249268e+01
  7,245513200760e-01;  1,517104530334e+01
  7,143601179123e-01;  1,395793628693e+01
  7,052904367447e-01;  1,292535686493e+01
  6,985682845116e-01;  1,219367122650e+01
  6,934273838997e-01;  1,165063762665e+01
  6,895264387131e-01;  1,126628971100e+01
  6,866007447243e-01;  1,099500751495e+01
  6,841974854469e-01;  1,077189445496e+01
  6,821424961090e-01;  1,083584976196e+01
  6,949738264084e-01;  1,417827796936e+01
  7,082718610764e-01;  1,642525482178e+01
  7,247602939606e-01;  1,904516410828e+01
  7,425931692123e-01;  2,177738380432e+01
  7,584407925606e-01;  2,446039199829e+01
  7,728324532509e-01;  2,698003005981e+01
  7,854617834091e-01;  2,925114250183e+01
  7,970461845398e-01;  3,131224632263e+01
  8,071119785309e-01;  3,317617034912e+01
  8,208558559418e-01;  3,565896987915e+01
  8,324542045593e-01;  3,782209014893e+01
  8,454108834267e-01;  4,025365447998e+01
  8,557623028755e-01;  4,223510742188e+01
  8,673118948936e-01;  4,446693801880e+01
  8,776354789734e-01;  4,646458816528e+01
  8,854791522026e-01;  4,794056701660e+01
  8,900697231293e-01;  4,873825073242e+01
  8,928979039192e-01;  4,915418624878e+01
  8,947787284851e-01;  4,925764083862e+01
  8,949528336525e-01;  4,906033325195e+01
  8,818081021309e-01;  4,378122329712e+01
  8,683567643166e-01;  4,055514907837e+01
  8,525440096855e-01;  3,705239105225e+01
  8,369193673134e-01;  3,377455902100e+01
  8,235377669334e-01;  3,094945526123e+01
  8,121692538261e-01;  2,862847137451e+01
  8,018596768379e-01;  2,673572349548e+01
  7,889099121094e-01;  2,442206001282e+01
  7,773603200912e-01;  2,256480026245e+01
  7,672805786133e-01;  2,101702690125e+01
  7,560653686523e-01;  1,931511878967e+01
  7,437634468079e-01;  1,762830734253e+01
  7,324437499046e-01;  1,612457847595e+01
  7,218206524849e-01;  1,480622959137e+01
  7,114552855492e-01;  1,358629608154e+01
  7,033051252365e-01;  1,267349243164e+01
  6,971541643143e-01;  1,200830650330e+01
  6,924033761024e-01;  1,151576519012e+01
  6,888298392296e-01;  1,117241382599e+01
  6,861131191254e-01;  1,091875648499e+01
  6,837795376778e-01;  1,069655990601e+01
  6,824908256531e-01;  1,076332092285e+01
  6,883282661438e-01;  1,292864513397e+01
  6,988190412521e-01;  1,477920055389e+01
  7,130296230316e-01;  1,716263771057e+01
  7,305908203125e-01;  1,984153366089e+01
  7,475181221962e-01;  2,256794738770e+01
  7,632194161415e-01;  2,522039222717e+01
  7,768726944923e-01;  2,766608428955e+01
  7,893627285957e-01;  2,987556838989e+01
  8,004037737846e-01;  3,187566757202e+01
  8,148929476738e-01;  3,453567504883e+01
  8,275431990623e-01;  3,683408737183e+01
  8,380756974220e-01;  3,883874893188e+01
  8,500293493271e-01;  4,107795333862e+01
  8,615580201149e-01;  4,328635787964e+01
  8,727105259895e-01;  4,547031784058e+01
  8,827763199806e-01;  4,738936233521e+01
  8,886347413063e-01;  4,845052337646e+01
  8,920968174934e-01;  4,900505065918e+01
  8,942911028862e-01;  4,930527114868e+01
  8,952802419662e-01;  4,911172485352e+01
  8,834102749825e-01;  4,408464431763e+01
  8,702375888824e-01;  4,091562271118e+01
  8,546338081360e-01;  3,741839981079e+01
  8,388001918793e-01;  3,409532928467e+01
  8,251608014107e-01;  3,121848869324e+01
  8,136600255966e-01;  2,884531784058e+01
  8,032459020615e-01;  2,691231918335e+01
  7,900941371918e-01;  2,456020545959e+01
  7,784957885742e-01;  2,267256164551e+01
  7,682697176933e-01;  2,110967254639e+01
  7,570196986198e-01;  1,939260864258e+01
  7,469677925110e-01;  1,799464225769e+01
  7,366581559181e-01;  1,662509346008e+01
  7,253733277321e-01;  1,518683528900e+01
  7,151821255684e-01;  1,396815204620e+01
  7,060357928276e-01;  1,292993545532e+01
  6,993623971939e-01;  1,220233631134e+01
  6,942075490952e-01;  1,165528202057e+01
  6,902787685394e-01;  1,126085662842e+01
  6,873878836632e-01;  1,099109649658e+01
  6,849985718727e-01;  1,077260398865e+01
  6,829645037651e-01;  1,083619117737e+01
  6,957679390907e-01;  1,416993427277e+01
  7,090381383896e-01;  1,641748428345e+01
  7,255405187607e-01;  1,904028892517e+01
  7,433037161827e-01;  2,177589607239e+01
  7,592279314995e-01;  2,446478843689e+01
  7,735638618469e-01;  2,698754692078e+01
  7,862419486046e-01;  2,925964355469e+01
  7,977218627930e-01;  3,131798553467e+01
  8,077877163887e-01;  3,317955780029e+01
  8,215315341949e-01;  3,565705871582e+01
  8,331368565559e-01;  3,781872940063e+01
  8,460587263107e-01;  4,024900436401e+01
  8,564380407333e-01;  4,223489761353e+01
  8,679527640343e-01;  4,446955108643e+01
  8,783041834831e-01;  4,646617889404e+01
  8,861408829689e-01;  4,795789337158e+01
  8,906826972961e-01;  4,874280548096e+01
  8,934900164604e-01;  4,916264343262e+01
  8,953011631966e-01;  4,932662200928e+01
  8,955588936806e-01;  4,900138473511e+01
  8,813065290451e-01;  4,349570846558e+01
  8,676044344902e-01;  4,022211837769e+01
  8,515827059746e-01;  3,671825790405e+01
  8,361879587173e-01;  3,347407913208e+01
  8,230152726173e-01;  3,069536399841e+01
  8,118140101433e-01;  2,842330932617e+01
  8,015879988670e-01;  2,656431388855e+01
  7,887914776802e-01;  2,428613662720e+01
  7,773672938347e-01;  2,245237731934e+01
  7,673432826996e-01;  2,091897392273e+01
  7,562325596809e-01;  1,923376083374e+01
  7,440630197525e-01;  1,756050682068e+01
  7,328616976738e-01;  1,608423233032e+01
  7,223082780838e-01;  1,478125667572e+01
  7,120334506035e-01;  1,356279563904e+01
  7,038972377777e-01;  1,265627956390e+01
  6,978020071983e-01;  1,199399280548e+01
  6,930651664734e-01;  1,151154232025e+01
  6,895124912262e-01;  1,115948772430e+01
  6,868654489517e-01;  1,091758441925e+01
  6,845318078995e-01;  1,068239688873e+01
  6,834451556206e-01;  1,080788803101e+01
  6,950435042381e-01;  1,398678588867e+01
  7,079932093620e-01;  1,617985343933e+01
  7,241124510765e-01;  1,877761840820e+01
  7,420567870140e-01;  2,150580024719e+01
  7,580785155296e-01;  2,420160675049e+01
  7,726234793663e-01;  2,674706077576e+01
  7,854060530663e-01;  2,904303550720e+01
  7,970461845398e-01;  3,112664222717e+01
  8,071956038475e-01;  3,301395797729e+01
  8,210648298264e-01;  3,551295089722e+01
  8,328024744987e-01;  3,768983078003e+01
  8,458148837090e-01;  4,014154052734e+01
  8,563335537910e-01;  4,214969635010e+01
  8,663505911827e-01;  4,409727478027e+01
  8,773080706596e-01;  4,621942520142e+01
  8,857368826866e-01;  4,781619262695e+01
  8,905991315842e-01;  4,868919754028e+01
  8,935248255730e-01;  4,910593795776e+01
  8,954613804817e-01;  4,935222625732e+01
  8,957748413086e-01;  4,910213470459e+01
  8,832569718361e-01;  4,394600296021e+01
  8,700076937675e-01;  4,073811721802e+01
  8,542855381966e-01;  3,722994995117e+01
  8,385772705078e-01;  3,392519760132e+01
  8,250702619553e-01;  3,107070541382e+01
  8,136600255966e-01;  2,871860313416e+01
  8,033503890038e-01;  2,680746841431e+01
  7,902683019638e-01;  2,448791694641e+01
  7,787744402885e-01;  2,262149047852e+01
  7,685832381248e-01;  2,107442092896e+01
  7,574028372765e-01;  1,936046218872e+01
  7,473996877670e-01;  1,796213912964e+01
  7,370900511742e-01;  1,658569526672e+01
  7,259445190430e-01;  1,516960811615e+01
  7,157393693924e-01;  1,396144866943e+01
  7,066348791122e-01;  1,291039085388e+01
  7,000311017036e-01;  1,219143772125e+01
  6,949250698090e-01;  1,164741230011e+01
  6,909893155098e-01;  1,125946235657e+01
  6,880635619164e-01;  1,099020957947e+01
  6,856951713562e-01;  1,077248668671e+01
  6,837098598480e-01;  1,075355720520e+01
  6,993414759636e-01;  1,466488552094e+01
  7,133918404579e-01;  1,702220916748e+01
  7,307788729668e-01;  1,969219589233e+01
  7,478525042534e-01;  2,242288589478e+01
  7,636095285416e-01;  2,509018325806e+01
  7,773255109787e-01;  2,755714607239e+01
  7,898294329643e-01;  2,978454780579e+01
  8,009052872658e-01;  3,180207443237e+01
  8,155059814453e-01;  3,447745513916e+01
  8,281143903732e-01;  3,677796173096e+01
  8,387026786804e-01;  3,877800750732e+01
  8,507259488106e-01;  4,100257110596e+01
  8,623103499413e-01;  4,322962951660e+01
  8,735603690147e-01;  4,547629547119e+01
  8,835774064064e-01;  4,736741638184e+01
  8,895193934441e-01;  4,844035720825e+01
  8,929118514061e-01;  4,901564025879e+01
  8,951269984245e-01;  4,927716827393e+01
  8,962415456772e-01;  4,905318450928e+01
  8,826439976692e-01;  4,368241882324e+01
  8,690325021744e-01;  4,043191528320e+01
  8,531013131142e-01;  3,691878128052e+01
  8,375950455666e-01;  3,364208984375e+01
  8,243249058723e-01;  3,082667541504e+01
  8,130191564560e-01;  2,852104568481e+01
  8,027582764626e-01;  2,664069366455e+01
  7,898851633072e-01;  2,434866905212e+01
  7,784957885742e-01;  2,250721549988e+01
  7,683742642403e-01;  2,098257064819e+01
  7,572983503342e-01;  1,929256057739e+01
  7,450521588326e-01;  1,760231971741e+01
  7,337533831596e-01;  1,609286117554e+01
  7,232486605644e-01;  1,479183387756e+01
  7,128624320030e-01;  1,357266235352e+01
  7,046983242035e-01;  1,265435504913e+01
  6,986518502235e-01;  1,200815677643e+01
  6,938801407814e-01;  1,150774097443e+01
  6,903623342514e-01;  1,115292549133e+01
  6,876804232597e-01;  1,091749572754e+01
  6,853817105293e-01;  1,069851779938e+01
  6,840581297874e-01;  1,076128101349e+01
  6,945349574089e-01;  1,377262878418e+01
  7,071085572243e-01;  1,591617488861e+01
  7,229143381119e-01;  1,848815536499e+01
  7,409701347351e-01;  2,121450042725e+01
  7,570684552193e-01;  2,391974258423e+01
  7,718223929405e-01;  2,648751831055e+01
  7,846955060959e-01;  2,880686950684e+01
  7,965028285980e-01;  3,091168594360e+01
  8,067427873611e-01;  3,281586074829e+01
  8,207861781120e-01;  3,534519958496e+01
  8,325935006142e-01;  3,755206680298e+01
  8,427150845528e-01;  3,945396804810e+01
  8,539302945137e-01;  4,158627700806e+01
  8,647832274437e-01;  4,366001129150e+01
  8,752879500389e-01;  4,572116088867e+01
  8,847825527191e-01;  4,755234146118e+01
  8,902508020401e-01;  4,852064514160e+01
  8,935248255730e-01;  4,905050659180e+01
  8,955798149109e-01;  4,929512023926e+01
  8,966943621635e-01;  4,918163299561e+01
  8,860573172569e-01;  4,442760467529e+01
  8,732259869576e-01;  4,131134796143e+01
  8,578381538391e-01;  3,781451034546e+01
  8,417955636978e-01;  3,444472885132e+01
  8,279471993446e-01;  3,150638771057e+01
  8,162235021591e-01;  2,906733131409e+01
  8,057884573936e-01;  2,708807945251e+01
  7,923232316971e-01;  2,470281791687e+01
  7,807597517967e-01;  2,278734779358e+01
  7,703595161438e-01;  2,122465515137e+01
  7,591373324394e-01;  1,949311637878e+01
  7,489879727364e-01;  1,807442474365e+01
  7,384414672852e-01;  1,666168212891e+01
  7,272332310677e-01;  1,522032928467e+01
  7,169235944748e-01;  1,400647830963e+01
  7,076240181923e-01;  1,293356895447e+01
  7,010411620140e-01;  1,222286891937e+01
  6,958306431770e-01;  1,166866016388e+01
  6,918948888779e-01;  1,126175689697e+01
  6,889552474022e-01;  1,099306774139e+01
  6,866007447243e-01;  1,076509380341e+01
  6,844273209572e-01;  1,085006141663e+01
  6,977393031120e-01;  1,425976562500e+01
  7,111278772354e-01;  1,652855682373e+01
  7,278741002083e-01;  1,916518211365e+01
  7,454840540886e-01;  2,189603996277e+01
  7,614361047745e-01;  2,458434486389e+01
  7,755979299545e-01;  2,709375953674e+01
  7,882829904556e-01;  2,935960769653e+01
  7,996374964714e-01;  3,141294097900e+01
  8,096894025803e-01;  3,327584457397e+01
  8,233636021614e-01;  3,574830627441e+01
  8,348713517189e-01;  3,791129684448e+01
  8,477305769920e-01;  4,032753372192e+01
  8,580262660980e-01;  4,229555130005e+01
  8,694156408310e-01;  4,451200866699e+01
  8,796764612198e-01;  4,650365447998e+01
  8,874087333679e-01;  4,797485733032e+01
  8,919017910957e-01;  4,874719238281e+01
  8,946393728256e-01;  4,916821670532e+01
  8,964644670486e-01;  4,935847473145e+01
  8,968685269356e-01;  4,909487152100e+01
  8,845596313477e-01;  4,396907043457e+01
  8,712615966797e-01;  4,077605438232e+01
  8,555393815041e-01;  3,727137374878e+01
  8,397893309593e-01;  3,395935440063e+01
  8,262544870377e-01;  3,109708595276e+01
  8,147954344749e-01;  2,873670578003e+01
  8,044649362564e-01;  2,681777381897e+01
  7,913131713867e-01;  2,448345756531e+01
  7,798889875412e-01;  2,260828018188e+01
  7,696141600609e-01;  2,106375885010e+01
  7,585383057594e-01;  1,935699462891e+01
  7,485351562500e-01;  1,796509742737e+01
  7,381419539452e-01;  1,658602523804e+01
  7,270103096962e-01;  1,515729141235e+01
  7,168539166451e-01;  1,394799423218e+01
  7,076936960220e-01;  1,290714359283e+01
  7,011108398438e-01;  1,218426322937e+01
  6,960396170616e-01;  1,164672851563e+01
  6,921386718750e-01;  1,123916625977e+01
  6,891781091690e-01;  1,097687530518e+01
  6,869142055511e-01;  1,076017570496e+01
  6,849288940430e-01;  1,080947780609e+01
  6,970984339714e-01;  1,406354045868e+01
  7,101735472679e-01;  1,628786849976e+01
  7,265853881836e-01;  1,890722656250e+01
  7,443346977234e-01;  2,164050102234e+01
  7,604121565819e-01;  2,433867645264e+01
  7,747480869293e-01;  2,687356948853e+01
  7,875306606293e-01;  2,916086959839e+01
  7,990453839302e-01;  3,123482704163e+01
  8,091460466385e-01;  3,311477661133e+01
  8,229804635048e-01;  3,561174774170e+01
  8,345857858658e-01;  3,779286193848e+01
  8,475424647331e-01;  4,023197174072e+01
  8,580053448677e-01;  4,222071838379e+01
  8,694852590561e-01;  4,446140289307e+01
  8,798018693924e-01;  4,646723175049e+01
  8,876734375954e-01;  4,795980453491e+01
  8,922013044357e-01;  4,873569107056e+01
  8,949528336525e-01;  4,915798187256e+01
  8,967639803886e-01;  4,936056900024e+01
  8,971819877625e-01;  4,907051849365e+01
  8,842461705208e-01;  4,382341766357e+01
  8,708436489105e-01;  4,060307693481e+01
  8,549821376801e-01;  3,710019302368e+01
  8,393923044205e-01;  3,380835342407e+01
  8,259967565536e-01;  3,097146034241e+01
  8,145864605904e-01;  2,863837051392e+01
  8,043325543404e-01;  2,673452949524e+01
  7,912296056747e-01;  2,441664314270e+01
  7,798541784286e-01;  2,255142402649e+01
  7,696281075478e-01;  2,101521110535e+01
  7,586218714714e-01;  1,931912422180e+01
  7,463966012001e-01;  1,763131713867e+01
  7,349166870117e-01;  1,611371421814e+01
  7,244468331337e-01;  1,480215930939e+01
  7,140117883682e-01;  1,357683086395e+01
  7,058268189430e-01;  1,265211391449e+01
  6,997873187065e-01;  1,199702644348e+01
  6,951200962067e-01;  1,150388813019e+01
  6,915326118469e-01;  1,115405750275e+01
  6,888298392296e-01;  1,090605640411e+01
  6,866007447243e-01;  1,070265674591e+01
  6,851518154144e-01;  1,090248298645e+01
  7,003375887871e-01;  1,455707359314e+01
  7,141371965408e-01;  1,690265655518e+01
  7,314615845680e-01;  1,957764816284e+01
  7,486396431923e-01;  2,231245994568e+01
  7,645429372787e-01;  2,499055480957e+01
  7,782310843468e-01;  2,746646308899e+01
  7,908255457878e-01;  2,970091819763e+01
  8,019014596939e-01;  3,171850967407e+01
  8,166065812111e-01;  3,440155792236e+01
  8,292846679688e-01;  3,672634124756e+01
  8,399286866188e-01;  3,874891281128e+01
  8,519449830055e-01;  4,101892089844e+01
  8,635433316231e-01;  4,324880981445e+01
  8,747794032097e-01;  4,544782257080e+01
  8,849009871483e-01;  4,739165878296e+01
  8,906826972961e-01;  4,844385147095e+01
  8,941169381142e-01;  4,899538040161e+01
  8,962764143944e-01;  4,928916168213e+01
  8,973700404167e-01;  4,916599273682e+01
  8,868235945702e-01;  4,439950942993e+01
  8,740131258965e-01;  4,128783035278e+01
  8,586044311523e-01;  3,779562759399e+01
  8,425966501236e-01;  3,442675018311e+01
  8,287830948830e-01;  3,149228668213e+01
  8,170733451843e-01;  2,906152725220e+01
  8,066104650497e-01;  2,708619499207e+01
  7,931452393532e-01;  2,470167160034e+01
  7,816304564476e-01;  2,278400611877e+01
  7,712302803993e-01;  2,121164894104e+01
  7,599941492081e-01;  1,947259521484e+01
  7,499144077301e-01;  1,806181526184e+01
  7,393400669098e-01;  1,666156387329e+01
  7,281597256660e-01;  1,521571636200e+01
  7,178639769554e-01;  1,397672271729e+01
  7,086132168770e-01;  1,292020416260e+01
  7,020303606987e-01;  1,219560241699e+01
  6,969451904297e-01;  1,164918899536e+01
  6,930442452431e-01;  1,124769592285e+01
  6,900836825371e-01;  1,097314453125e+01
  6,878197789192e-01;  1,076596546173e+01
  6,857160329819e-01;  1,090741729736e+01
  7,008739709854e-01;  1,457188415527e+01
  7,146596312523e-01;  1,692214965820e+01
  7,320188283920e-01;  1,960227203369e+01
  7,491760253906e-01;  2,233910942078e+01
  7,650235891342e-01;  2,501545524597e+01
  7,787187099457e-01;  2,748582077026e+01
  7,913131713867e-01;  2,971921539307e+01
  8,023542165756e-01;  3,173486328125e+01
  8,170733451843e-01;  3,441711044312e+01
  8,297026157379e-01;  3,674386978149e+01
  8,403605818748e-01;  3,876674652100e+01
  8,523977398872e-01;  4,103480148315e+01
  8,639333844185e-01;  4,325847625732e+01
  8,751485943794e-01;  4,546230697632e+01
  8,852144479752e-01;  4,740001296997e+01
  8,909961581230e-01;  4,844965362549e+01
  8,944303989410e-01;  4,899833679199e+01
  8,965201973915e-01;  4,928990554810e+01
  8,976347446442e-01;  4,904049301147e+01
  8,841416835785e-01;  4,367671203613e+01
  8,705998063087e-01;  4,043213653564e+01
  8,547034859657e-01;  3,692669296265e+01
  8,391624093056e-01;  3,365277481079e+01
  8,258783221245e-01;  3,084184265137e+01
  8,145864605904e-01;  2,853186035156e+01
  8,043813109398e-01;  2,664532089233e+01
  7,913828492165e-01;  2,434508895874e+01
  7,800631523132e-01;  2,249036598206e+01
  7,699067592621e-01;  2,095990943909e+01
  7,589353322983e-01;  1,927382087708e+01
  7,467936873436e-01;  1,759565544128e+01
  7,353346347809e-01;  1,608502197266e+01
  7,249553799629e-01;  1,478320503235e+01
  7,145900130272e-01;  1,355219745636e+01
  7,064189314842e-01;  1,263766288757e+01
  7,004281878471e-01;  1,197565555573e+01
  6,958306431770e-01;  1,149622726440e+01
  6,922431588173e-01;  1,114613533020e+01
  6,895961165428e-01;  1,090183925629e+01
  6,873321533203e-01;  1,069319438934e+01
  6,860643625259e-01;  1,079296112061e+01
  6,976557374001e-01;  1,396748161316e+01
  7,105009555817e-01;  1,616840171814e+01
  7,267456054688e-01;  1,877725791931e+01
  7,445784807205e-01;  2,151085090637e+01
  7,607604265213e-01;  2,421680068970e+01
  7,750964164734e-01;  2,676396560669e+01
  7,879276871681e-01;  2,906183624268e+01
  7,994424700737e-01;  3,114245986938e+01
  8,096197247505e-01;  3,303001403809e+01
  8,234820365906e-01;  3,553897476196e+01
  8,351569771767e-01;  3,773198318481e+01
  8,451879620552e-01;  3,961463546753e+01
  8,562290072441e-01;  4,172250366211e+01
  8,667685389519e-01;  4,376857757568e+01
  8,771826624870e-01;  4,579422378540e+01
  8,865379691124e-01;  4,759524536133e+01
  8,918321132660e-01;  4,854774856567e+01
  8,950364589691e-01;  4,905245590210e+01
  8,970565795898e-01;  4,931129074097e+01
  8,979482054710e-01;  4,920440673828e+01
  8,827694058418e-01;  4,323543548584e+01
  8,687747716904e-01;  3,992295455933e+01
  8,526485562325e-01;  3,641955184937e+01
  8,375462889671e-01;  3,320580673218e+01
  8,244990706444e-01;  3,047075080872e+01
  8,134371042252e-01;  2,822907447815e+01
  8,033503890038e-01;  2,639163398743e+01
  7,906165719032e-01;  2,414499092102e+01
  7,794710397720e-01;  2,232844161987e+01
  7,694539427757e-01;  2,082440567017e+01
  7,586218714714e-01;  1,916059494019e+01
  7,466055750847e-01;  1,750109672546e+01
  7,352789044380e-01;  1,601899909973e+01
  7,250041365623e-01;  1,473664474487e+01
  7,147293090820e-01;  1,352999687195e+01
  7,065930366516e-01;  1,261111068726e+01
  7,006511092186e-01;  1,196508216858e+01
  6,960953474045e-01;  1,148987293243e+01
  6,925705671310e-01;  1,112918186188e+01
  6,898956298828e-01;  1,088442516327e+01
  6,877361536026e-01;  1,068579196930e+01
  6,864613890648e-01;  1,086665725708e+01
  6,869977712631e-01;  1,149937820435e+01
  7,004072666168e-01;  1,437034988403e+01
  7,138794660568e-01;  1,667021560669e+01
  7,309042811394e-01;  1,932950592041e+01
  7,482495307922e-01;  2,206381034851e+01
  7,642225027084e-01;  2,475071907043e+01
  7,780917882919e-01;  2,724551582336e+01
  7,908115983009e-01;  2,950229454041e+01
  8,019710779190e-01;  3,154137039185e+01
  8,120021224022e-01;  3,339626693726e+01
  8,255718350410e-01;  3,585770797729e+01
  8,369123935699e-01;  3,800753402710e+01
  8,497367501259e-01;  4,041064453125e+01
  8,599558472633e-01;  4,236137771606e+01
  8,711431622505e-01;  4,456128692627e+01
  8,812647461891e-01;  4,653038024902e+01
  8,890109062195e-01;  4,799872589111e+01
  8,934203386307e-01;  4,876061630249e+01
  8,960674405098e-01;  4,915931701660e+01
  8,978785872459e-01;  4,935934448242e+01
  8,982756137848e-01;  4,904415130615e+01
  8,848730921745e-01;  4,369013977051e+01
  8,712964057922e-01;  4,044843292236e+01
  8,554000854492e-01;  3,694161605835e+01
  8,399286866188e-01;  3,366600036621e+01
  8,265888094902e-01;  3,085184478760e+01
  8,152830600739e-01;  2,853738403320e+01
  8,051266670227e-01;  2,664780807495e+01
  7,921142578125e-01;  2,434821510315e+01
  7,808085083961e-01;  2,249391365051e+01
  7,706729769707e-01;  2,096674156189e+01
  7,596806883812e-01;  1,928043746948e+01
  7,475599050522e-01;  1,759849166870e+01
  7,360869646072e-01;  1,608744621277e+01
  7,257007360458e-01;  1,478552913666e+01
  7,153074741364e-01;  1,355703258514e+01
  7,071363925934e-01;  1,263092041016e+01
  7,011456489563e-01;  1,198011302948e+01
  6,965829730034e-01;  1,148901367188e+01
  6,930094361305e-01;  1,113770389557e+01
  6,903623342514e-01;  1,089009094238e+01
  6,881680488586e-01;  1,068920803070e+01
  6,869142055511e-01;  1,080951499939e+01
  6,990837454796e-01;  1,407035732269e+01
  7,120334506035e-01;  1,629584884644e+01
  7,285010218620e-01;  1,892039489746e+01
  7,461667060852e-01;  2,165452003479e+01
  7,622929215431e-01;  2,435258674622e+01
  7,764547467232e-01;  2,688618659973e+01
  7,892721295357e-01;  2,917612266541e+01
  8,006824254990e-01;  3,124451065063e+01
  8,108387589455e-01;  3,312199401855e+01
  8,246174454689e-01;  3,561726760864e+01
  8,361809849739e-01;  3,779565811157e+01
  8,462189435959e-01;  3,967249298096e+01
  8,571555018425e-01;  4,176975631714e+01
  8,676044344902e-01;  4,380109405518e+01
  8,779907226563e-01;  4,580712509155e+01
  8,872902989388e-01;  4,761645889282e+01
  8,924938440323e-01;  4,850638961792e+01
  8,957539200783e-01;  4,904394149780e+01
  8,977392315865e-01;  4,931457519531e+01
  8,992717862129e-01;  4,934057998657e+01
  8,994458913803e-01;  4,921912765503e+01
  8,837097883224e-01;  4,318894958496e+01
  8,695061802864e-01;  3,985032653809e+01
  8,532754778862e-01;  3,633942794800e+01
  8,382428884506e-01;  3,312462997437e+01
  8,252304792404e-01;  3,039254570007e+01
  8,142172694206e-01;  2,815322875977e+01
  8,042002320290e-01;  2,631762313843e+01
  7,914316058159e-01;  2,408343696594e+01
  7,803417444229e-01;  2,227829551697e+01
  7,674825787544e-01;  2,035593032837e+01
  7,570406198502e-01;  1,879834175110e+01
  7,454352974892e-01;  1,720874977112e+01
  7,346729040146e-01;  1,578170490265e+01
  7,234576940536e-01;  1,441911888123e+01
  7,130435705185e-01;  1,320287609100e+01
  7,057083845139e-01;  1,238528823853e+01
  7,002192139626e-01;  1,181891441345e+01
  6,960048079491e-01;  1,136781120300e+01
  6,927307844162e-01;  1,104940128326e+01
  6,902230381966e-01;  1,082627296448e+01
  6,880844831467e-01;  1,063127803802e+01
  6,874714493752e-01;  1,088564586639e+01
  7,021139264107e-01;  1,448257255554e+01
  7,157045602798e-01;  1,680886268616e+01
  7,329244017601e-01;  1,947831916809e+01
  7,501651644707e-01;  2,221274185181e+01
  7,661033272743e-01;  2,489518356323e+01
  7,797984480858e-01;  2,737686157227e+01
  7,924625277519e-01;  2,962231636047e+01
  8,035036325455e-01;  3,164409828186e+01
  8,135555386543e-01;  3,348655319214e+01
  8,270207047462e-01;  3,593399429321e+01
  8,382916450500e-01;  3,807781600952e+01
  8,510394096375e-01;  4,048121643066e+01
  8,611052036285e-01;  4,242493820190e+01
  8,722229003906e-01;  4,459731674194e+01
  8,823235630989e-01;  4,654739379883e+01
  8,899860978127e-01;  4,801074981689e+01
  8,943607211113e-01;  4,874934768677e+01
  8,970078229904e-01;  4,916538619995e+01
  8,987492918968e-01;  4,936104583740e+01
  8,992021083832e-01;  4,918040084839e+01
  8,835147619247e-01;  4,309843826294e+01
  8,693807721138e-01;  3,977350997925e+01
  8,532058000565e-01;  3,628358078003e+01
  8,382080793381e-01;  3,308994293213e+01
  8,252583146095e-01;  3,037627983093e+01
  8,142381906509e-01;  2,815393257141e+01
  7,996444702148e-01;  2,552483558655e+01
  7,876908779144e-01;  2,344075775146e+01
  7,769771814346e-01;  2,174623489380e+01
  7,648215889931e-01;  1,991042518616e+01
  7,546303868294e-01;  1,843132019043e+01
  7,434848546982e-01;  1,693370056152e+01
  7,332587838173e-01;  1,558515644073e+01
  7,224267125130e-01;  1,425700473785e+01
  7,124096155167e-01;  1,310428047180e+01
  7,053461670876e-01;  1,231506156921e+01
  7,000450491905e-01;  1,175904560089e+01
  6,959211826324e-01;  1,132339763641e+01
  6,927655935287e-01;  1,101969242096e+01
  6,903484463692e-01;  1,079306602478e+01
  6,882377266884e-01;  1,071356582642e+01
  6,880287528038e-01;  1,085385704041e+01
  7,014173269272e-01;  1,428099250793e+01
  7,146108746529e-01;  1,656027221680e+01
  7,315451502800e-01;  1,921246910095e+01
  7,489879727364e-01;  2,194985961914e+01
  7,650584578514e-01;  2,464750289917e+01
  7,789486050606e-01;  2,715740776062e+01
  7,916893362999e-01;  2,942853355408e+01
  8,028627634048e-01;  3,147432136536e+01
  8,129982352257e-01;  3,333299636841e+01
  8,265609741211e-01;  3,580361938477e+01
  8,379573225975e-01;  3,795896530151e+01
  8,508304357529e-01;  4,037897491455e+01
  8,610216379166e-01;  4,234136962891e+01
  8,722577095032e-01;  4,454298400879e+01
  8,824419975281e-01;  4,651683425903e+01
  8,902159929276e-01;  4,799596405029e+01
  8,946045637131e-01;  4,874755096436e+01
  8,972167968750e-01;  4,914135360718e+01
  8,990279436111e-01;  4,935144805908e+01
  8,993414044380e-01;  4,917484664917e+01
  8,836261630058e-01;  4,307060623169e+01
  8,695409893990e-01;  3,975095367432e+01
  8,534147739410e-01;  3,627039337158e+01
  8,384658098221e-01;  3,308330154419e+01
  8,255230188370e-01;  3,037476539612e+01
  8,145168423653e-01;  2,815385818481e+01
  7,999718785286e-01;  2,552979660034e+01
  7,880182862282e-01;  2,344822502136e+01
  7,773115634918e-01;  2,175337791443e+01
  7,651699185371e-01;  1,990509605408e+01
  7,549856305122e-01;  1,841969490051e+01
  7,438888549805e-01;  1,692737007141e+01
  7,336767315865e-01;  1,558867740631e+01
  7,228655815125e-01;  1,425426387787e+01
  7,128624320030e-01;  1,310098171234e+01
  7,057780623436e-01;  1,231525611877e+01
  7,005187273026e-01;  1,174910163879e+01
  6,964227557182e-01;  1,133057117462e+01
  6,932880282402e-01;  1,101506614685e+01
  6,908499598503e-01;  1,079876708984e+01
  6,887114048004e-01;  1,066199874878e+01
  6,885024309158e-01;  1,074818229675e+01
  7,041689157486e-01;  1,468406295776e+01
  7,180381417274e-01;  1,705950927734e+01
  7,356063127518e-01;  1,974906539917e+01
  7,525893449783e-01;  2,248667907715e+01
  7,683185338974e-01;  2,516179656982e+01
  7,818394303322e-01;  2,761902999878e+01
  7,943433523178e-01;  2,984641838074e+01
  8,051754236221e-01;  3,185064506531e+01
  8,152064681053e-01;  3,367440032959e+01
  8,284139037132e-01;  3,609900665283e+01
  8,395943045616e-01;  3,821096420288e+01
  8,521539568901e-01;  4,057611465454e+01
  8,642747402191e-01;  4,290189743042e+01
  8,746052384377e-01;  4,494625091553e+01
  8,849915266037e-01;  4,695626068115e+01
  8,916718959808e-01;  4,821062469482e+01
  8,955937027931e-01;  4,886513137817e+01
  8,979273438454e-01;  4,919930648804e+01
  8,996548652649e-01;  4,906729125977e+01
  8,869280815125e-01;  4,385300827026e+01
  8,735603690147e-01;  4,064406585693e+01
  8,577824234962e-01;  3,714661788940e+01
  8,422135114670e-01;  3,384914016724e+01
  8,287970423698e-01;  3,100950050354e+01
  8,173728585243e-01;  2,866775131226e+01
  8,072025179863e-01;  2,675461387634e+01
  7,939602136612e-01;  2,443361091614e+01
  7,827659249306e-01;  2,255661201477e+01
  7,725886702538e-01;  2,101525115967e+01
  7,615475654602e-01;  1,931724739075e+01
  7,494964599609e-01;  1,763496208191e+01
  7,394794225693e-01;  1,633107566833e+01
  7,288562655449e-01;  1,496540164948e+01
  7,181217074394e-01;  1,367606353760e+01
  7,095396518707e-01;  1,271381759644e+01
  7,034792900085e-01;  1,204217052460e+01
  6,987911462784e-01;  1,154539680481e+01
  6,951200962067e-01;  1,118318367004e+01
  6,923476457596e-01;  1,090419960022e+01
  6,900697946548e-01;  1,070570182800e+01
  6,886556744576e-01;  1,082570075989e+01
  7,013964653015e-01;  1,416885471344e+01
  7,144506573677e-01;  1,642346191406e+01
  7,311829328537e-01;  1,906325149536e+01
  7,486883997917e-01;  2,179840850830e+01
  7,648355364799e-01;  2,449868583679e+01
  7,787535190582e-01;  2,702115249634e+01
  7,915918231010e-01;  2,930492782593e+01
  8,028278946877e-01;  3,136409187317e+01
  8,129634261131e-01;  3,323688507080e+01
  8,266027569771e-01;  3,571921920776e+01
  8,380826711655e-01;  3,788323593140e+01
  8,509697318077e-01;  4,030372238159e+01
  8,612306118011e-01;  4,227723312378e+01
  8,725363612175e-01;  4,450814437866e+01
  8,827763199806e-01;  4,649984741211e+01
  8,905294537544e-01;  4,797019958496e+01
  8,949807286263e-01;  4,874149703979e+01
  8,976138830185e-01;  4,913277053833e+01
  8,994598388672e-01;  4,934706115723e+01
  8,997732996941e-01;  4,911880111694e+01
  8,881819248199e-01;  4,413432312012e+01
  8,751068115234e-01;  4,097663497925e+01
  8,595448136330e-01;  3,748447799683e+01
  8,437599539757e-01;  3,415072250366e+01
  8,302111625671e-01;  3,126082801819e+01
  8,186058402061e-01;  2,887212181091e+01
  8,083449602127e-01;  2,692109298706e+01
  7,949354648590e-01;  2,456387329102e+01
  7,836366891861e-01;  2,266357231140e+01
  7,734245657921e-01;  2,110862731934e+01
  7,622093558311e-01;  1,939768600464e+01
  7,501373291016e-01;  1,769683456421e+01
  7,400158047676e-01;  1,636635589600e+01
  7,293230295181e-01;  1,498807621002e+01
  7,185675501823e-01;  1,370085716248e+01
  7,098879814148e-01;  1,271619701385e+01
  7,038275599480e-01;  1,205109214783e+01
  6,990907192230e-01;  1,155278205872e+01
  6,954823136330e-01;  1,118060970306e+01
  6,926611065865e-01;  1,091331481934e+01
  6,903972029686e-01;  1,070088768005e+01
  6,889552474022e-01;  1,079619598389e+01
  7,005466222763e-01;  1,397140026093e+01
  7,132873535156e-01;  1,617033958435e+01
  7,296155691147e-01;  1,878549003601e+01
  7,472952008247e-01;  2,151656341553e+01
  7,635468244553e-01;  2,422579002380e+01
  7,777086496353e-01;  2,677471160889e+01
  7,906653285027e-01;  2,908073616028e+01
  8,020616769791e-01;  3,116212463379e+01
  8,122668266296e-01;  3,305280303955e+01
  8,260803222656e-01;  3,556100082397e+01
  8,376229405403e-01;  3,774816131592e+01
  8,477305769920e-01;  3,962808227539e+01
  8,587019443512e-01;  4,173212814331e+01
  8,691717982292e-01;  4,377690887451e+01
  8,795719742775e-01;  4,581620025635e+01
  8,888158202171e-01;  4,761974334717e+01
  8,940263986588e-01;  4,855252838135e+01
  8,970635533333e-01;  4,905899429321e+01
  8,990279436111e-01;  4,931710815430e+01
  9,003027081490e-01;  4,907902908325e+01
  8,875410556793e-01;  4,391082000732e+01
  8,741524815559e-01;  4,070858001709e+01
  8,583257794380e-01;  3,720793151855e+01
  8,426941633224e-01;  3,390075302124e+01
  8,292707204819e-01;  3,104582214355e+01
  8,177908062935e-01;  2,868109512329e+01
  8,075996041298e-01;  2,674744415283e+01
  7,943085432053e-01;  2,440689468384e+01
  7,830933332443e-01;  2,252001190186e+01
  7,729717493057e-01;  2,099057960510e+01
  7,619098424911e-01;  1,932195281982e+01
  7,498795986176e-01;  1,765758895874e+01
  7,397928833961e-01;  1,632661819458e+01
  7,292045950890e-01;  1,493222236633e+01
  7,184909582138e-01;  1,368887138367e+01
  7,098531126976e-01;  1,269243526459e+01
  7,038623690605e-01;  1,203362751007e+01
  6,991255283356e-01;  1,155843257904e+01
  6,954823136330e-01;  1,114828491211e+01
  6,927307844162e-01;  1,092979431152e+01
  6,904320120811e-01;  1,067795085907e+01
  6,894080042839e-01;  1,080307006836e+01
  7,010690569878e-01;  1,400652408600e+01
  7,137610316277e-01;  1,621787071228e+01
  7,301380038261e-01;  1,883922958374e+01
  7,478176355362e-01;  2,157155227661e+01
  7,640692591667e-01;  2,428182983398e+01
  7,781614065170e-01;  2,682425880432e+01
  7,910832762718e-01;  2,912578773499e+01
  8,024587035179e-01;  3,119886016846e+01
  8,126638531685e-01;  3,307958221436e+01
  8,264634609222e-01;  3,556675720215e+01
  8,380269408226e-01;  3,774327468872e+01
  8,481136560440e-01;  3,963248443604e+01
  8,591756224632e-01;  4,175635528564e+01
  8,695409893990e-01;  4,380800247192e+01
  8,799203038216e-01;  4,579806900024e+01
  8,892337679863e-01;  4,760567474365e+01
  8,944582939148e-01;  4,856074905396e+01
  8,974954485893e-01;  4,899351501465e+01
  8,996200561523e-01;  4,933848190308e+01
  9,002609252930e-01;  4,915216064453e+01
  8,898050189018e-01;  4,438255691528e+01
  8,771269321442e-01;  4,128243255615e+01
  8,618296980858e-01;  3,781255340576e+01
  8,458706140518e-01;  3,445767593384e+01
  8,321267962456e-01;  3,153090667725e+01
  8,203542828560e-01;  2,909823036194e+01
  8,100028634071e-01;  2,711141395569e+01
  7,963983416557e-01;  2,471964263916e+01
  7,850437760353e-01;  2,278951454163e+01
  7,747690081596e-01;  2,120723533630e+01
  7,633935809135e-01;  1,947224807739e+01
  7,512727975845e-01;  1,775414466858e+01
  7,410815954208e-01;  1,641544342041e+01
  7,303678989410e-01;  1,503041553497e+01
  7,194870710373e-01;  1,372393798828e+01
  7,107935547829e-01;  1,273576164246e+01
  7,046425938606e-01;  1,205963897705e+01
  6,999057531357e-01;  1,156031513214e+01
  6,962834000587e-01;  1,118026256561e+01
  6,934761404991e-01;  1,090713691711e+01
  6,912470459938e-01;  1,070452594757e+01
  6,897841691971e-01;  1,087105846405e+01
  7,037160992622e-01;  1,437432193756e+01
  7,170838117599e-01;  1,667595100403e+01
  7,341573834419e-01;  1,933655548096e+01
  7,514747977257e-01;  2,207094764709e+01
  7,674129605293e-01;  2,476217651367e+01
  7,811567783356e-01;  2,725899124146e+01
  7,938348650932e-01;  2,952363777161e+01
  8,048828840256e-01;  3,155978202820e+01
  8,150183558464e-01;  3,341598892212e+01
  8,284278512001e-01;  3,587801742554e+01
  8,397545218468e-01;  3,801903533936e+01
  8,525022268295e-01;  4,041828155518e+01
  8,626376986504e-01;  4,236198043823e+01
  8,738041520119e-01;  4,457552719116e+01
  8,839257359505e-01;  4,655648803711e+01
  8,915186524391e-01;  4,798696899414e+01
  8,958514928818e-01;  4,875550842285e+01
  8,984358310699e-01;  4,913102340698e+01
  9,003166556358e-01;  4,931824493408e+01
  9,004908204079e-01;  4,920401382446e+01
  8,854652047157e-01;  4,325529098511e+01
  8,715263009071e-01;  3,994839096069e+01
  8,554210066795e-01;  3,645472335815e+01
  8,404023647308e-01;  3,323878097534e+01
  8,273898959160e-01;  3,050020027161e+01
  8,163279891014e-01;  2,825851821899e+01
  8,016924858093e-01;  2,560814476013e+01
  7,896761894226e-01;  2,351418685913e+01
  7,790321707726e-01;  2,180513763428e+01
  7,667024135590e-01;  1,996097946167e+01
  7,566365599632e-01;  1,846400070190e+01
  7,455049753189e-01;  1,695664596558e+01
  7,351186871529e-01;  1,559765815735e+01
  7,243980765343e-01;  1,427258682251e+01
  7,143461704254e-01;  1,310405158997e+01
  7,072200179100e-01;  1,231575870514e+01
  7,019954919815e-01;  1,175897407532e+01
  6,979064941406e-01;  1,132341289520e+01
  6,948066353798e-01;  1,101825618744e+01
  6,923685669899e-01;  1,077922248840e+01
  6,902230381966e-01;  1,074763298035e+01
  6,900697946548e-01;  1,092072391510e+01
  6,907733678818e-01;  1,160522270203e+01
  7,052486538887e-01;  1,459892368317e+01
  7,189089059830e-01;  1,694862365723e+01
  7,363377213478e-01;  1,962555694580e+01
  7,534113526344e-01;  2,235766220093e+01
  7,691683769226e-01;  2,503494644165e+01
  7,827589511871e-01;  2,750280952454e+01
  7,952489256859e-01;  2,974214553833e+01
  8,061367273331e-01;  3,175702857971e+01
  8,162583112717e-01;  3,359410858154e+01
  8,294936418533e-01;  3,603783416748e+01
  8,406740427017e-01;  3,815717315674e+01
  8,532685041428e-01;  4,053462219238e+01
  8,632994890213e-01;  4,245088958740e+01
  8,743266463280e-01;  4,462747955322e+01
  8,852840662003e-01;  4,676789474487e+01
  8,923893570900e-01;  4,810919952393e+01
  8,964157104492e-01;  4,880820083618e+01
  8,989234566689e-01;  4,916796112061e+01
  9,006997942924e-01;  4,924678039551e+01
  9,008390903473e-01;  4,902530670166e+01
  8,869489431381e-01;  4,357036209106e+01
  8,732956647873e-01;  4,031021118164e+01
  8,574202060699e-01;  3,681394195557e+01
  8,421438336372e-01;  3,355768203735e+01
  8,289363980293e-01;  3,077042388916e+01
  8,176515102386e-01;  2,847426795959e+01
  8,076344132423e-01;  2,659474372864e+01
  7,945175170898e-01;  2,430876922607e+01
  7,834764719009e-01;  2,245689010620e+01
  7,734245657921e-01;  2,093735694885e+01
  7,624322772026e-01;  1,925669479370e+01
  7,505204677582e-01;  1,758646583557e+01
  7,389011979103e-01;  1,606483840942e+01
  7,287517786026e-01;  1,475816345215e+01
  7,184560894966e-01;  1,353822612762e+01
  7,102153897285e-01;  1,260685920715e+01
  7,043987512589e-01;  1,197324275970e+01
  6,998569369316e-01;  1,149599742889e+01
  6,963878870010e-01;  1,113445854187e+01
  6,937060356140e-01;  1,088244533539e+01
  6,914420723915e-01;  1,066035175323e+01
  6,904668211937e-01;  1,091393375397e+01
  7,056108713150e-01;  1,458426761627e+01
  7,192711234093e-01;  1,693747138977e+01
  7,366721034050e-01;  1,961589050293e+01
  7,537735700607e-01;  2,234932899475e+01
  7,694888114929e-01;  2,502797126770e+01
  7,830724120140e-01;  2,749589729309e+01
  7,955623865128e-01;  2,972888183594e+01
  8,064084053040e-01;  3,174007606506e+01
  8,165299892426e-01;  3,357583999634e+01
  8,297513723373e-01;  3,601926803589e+01
  8,409735560417e-01;  3,814514541626e+01
  8,535680174828e-01;  4,052558135986e+01
  8,656679391861e-01;  4,285803222656e+01
  8,760890364647e-01;  4,491851043701e+01
  8,865240216255e-01;  4,694828033447e+01
  8,931765556335e-01;  4,820572280884e+01
  8,969520926476e-01;  4,884768676758e+01
  8,993762731552e-01;  4,919332885742e+01
  9,011177420616e-01;  4,908000946045e+01
  8,884257674217e-01;  4,386890792847e+01
  8,751068115234e-01;  4,066262435913e+01
  8,593707084656e-01;  3,716749954224e+01
  8,438504934311e-01;  3,386926651001e+01
  8,305037021637e-01;  3,103243827820e+01
  8,190447092056e-01;  2,869290733337e+01
  8,089579939842e-01;  2,677410888672e+01
  7,956320643425e-01;  2,445422935486e+01
  7,845352888107e-01;  2,257974624634e+01
  7,744555473328e-01;  2,103736495972e+01
  7,632403373718e-01;  1,934104347229e+01
  7,513424158096e-01;  1,765521240234e+01
  7,412557005882e-01;  1,633618736267e+01
  7,307022809982e-01;  1,496735668182e+01
  7,199886441231e-01;  1,367848110199e+01
  7,113995552063e-01;  1,270930385590e+01
  7,053600549698e-01;  1,204373931885e+01
  7,006719708443e-01;  1,154265499115e+01
  6,970844864845e-01;  1,117577171326e+01
  6,942842006683e-01;  1,090942478180e+01
  6,920341849327e-01;  1,069416427612e+01
  6,907594203949e-01;  1,079518127441e+01
  7,023577690125e-01;  1,397844982147e+01
  7,149730920792e-01;  1,618023300171e+01
  7,313431501389e-01;  1,879415512085e+01
  7,489322423935e-01;  2,152143478394e+01
  7,651838064194e-01;  2,422691345215e+01
  7,792063355446e-01;  2,676879692078e+01
  7,921490669250e-01;  2,907179450989e+01
  8,034339547157e-01;  3,115085411072e+01
  8,137087821960e-01;  3,303997039795e+01
  8,274526000023e-01;  3,555345153809e+01
  8,390021920204e-01;  3,774195861816e+01
  8,490331768990e-01;  3,962380599976e+01
  8,600115776062e-01;  4,172046279907e+01
  8,703908324242e-01;  4,375977706909e+01
  8,808467984200e-01;  4,581037139893e+01
  8,900697231293e-01;  4,759652709961e+01
  8,952802419662e-01;  4,854209899902e+01
  8,982756137848e-01;  4,902180480957e+01
  9,003514647484e-01;  4,931908798218e+01
  9,011664986610e-01;  4,906430816650e+01
  8,884953856468e-01;  4,386220932007e+01
  8,751973509789e-01;  4,066109466553e+01
  8,594751954079e-01;  3,717112731934e+01
  8,439689278603e-01;  3,387542343140e+01
  8,306291103363e-01;  3,103350639343e+01
  8,191840052605e-01;  2,868847465515e+01
  8,090972900391e-01;  2,676930999756e+01
  7,957714200020e-01;  2,444685935974e+01
  7,846745848656e-01;  2,257169532776e+01
  7,746087908745e-01;  2,103129959106e+01
  7,634283900261e-01;  1,933546066284e+01
  7,515165805817e-01;  1,765162277222e+01
  7,414646744728e-01;  1,633311080933e+01
  7,308903336525e-01;  1,496102428436e+01
  7,202324271202e-01;  1,367820072174e+01
  7,116433978081e-01;  1,270180416107e+01
  7,055690884590e-01;  1,203823566437e+01
  7,008809447289e-01;  1,154065895081e+01
  6,973143815994e-01;  1,117273712158e+01
  6,945628523827e-01;  1,090707206726e+01
  6,922779679298e-01;  1,069124126434e+01
  6,910241246223e-01;  1,079212379456e+01
  7,026015520096e-01;  1,396978569031e+01
  7,152377963066e-01;  1,617273712158e+01
  7,315869331360e-01;  1,878803062439e+01
  7,492317557335e-01;  2,151838684082e+01
  7,654624581337e-01;  2,422918128967e+01
  7,794849276543e-01;  2,677254867554e+01
  7,924277186394e-01;  2,907533454895e+01
  8,037126064301e-01;  3,115165710449e+01
  8,140222430229e-01;  3,304081344604e+01
  8,277103304863e-01;  3,555300903320e+01
  8,392668962479e-01;  3,773845672607e+01
  8,493327498436e-01;  3,962676620483e+01
  8,602901697159e-01;  4,172519683838e+01
  8,706346750259e-01;  4,376104736328e+01
  8,810696601868e-01;  4,580099105835e+01
  8,903344273567e-01;  4,760126876831e+01
  8,955240845680e-01;  4,853340148926e+01
  8,985751867294e-01;  4,899276351929e+01
  9,006788730621e-01;  4,935102844238e+01
  9,012013077736e-01;  4,922158813477e+01
  8,861618041992e-01;  4,329458618164e+01
  8,722716569901e-01;  3,999102020264e+01
  8,562359809875e-01;  3,649942398071e+01
  8,412382602692e-01;  3,327592086792e+01
  8,282049298286e-01;  3,052920532227e+01
  8,171429634094e-01;  2,828798484802e+01
  8,025493025780e-01;  2,564373779297e+01
  7,905468940735e-01;  2,356312370300e+01
  7,798541784286e-01;  2,185783386230e+01
  7,675034999847e-01;  2,000052642822e+01
  7,574864029884e-01;  1,849147605896e+01
  7,464314103127e-01;  1,697285652161e+01
  7,359615564346e-01;  1,562215137482e+01
  7,252339720726e-01;  1,429109382629e+01
  7,151472568512e-01;  1,309645175934e+01
  7,080280184746e-01;  1,231964111328e+01
  7,028523087502e-01;  1,174968624115e+01
  6,987911462784e-01;  1,132644748688e+01
  6,956912875175e-01;  1,102649593353e+01
  6,932392716408e-01;  1,077404308319e+01
  6,911843419075e-01;  1,067765998840e+01
  6,909753680229e-01;  1,078328800201e+01
  7,019397616386e-01;  1,387649440765e+01
  7,144019007683e-01;  1,604334831238e+01
  7,305560112000e-01;  1,863718414307e+01
  7,482147216797e-01;  2,136028099060e+01
  7,645359635353e-01;  2,407248687744e+01
  7,786490321159e-01;  2,662734794617e+01
  7,916753888130e-01;  2,894513130188e+01
  8,030717372894e-01;  3,103929328918e+01
  8,133813738823e-01;  3,294451141357e+01
  8,271740078926e-01;  3,547920227051e+01
  8,387792706490e-01;  3,768296432495e+01
  8,489147424698e-01;  3,957325363159e+01
  8,598861694336e-01;  4,167005157471e+01
  8,703560233116e-01;  4,371175384521e+01
  8,808258771896e-01;  4,578989028931e+01
  8,901115059853e-01;  4,759114456177e+01
  8,953499197960e-01;  4,852962493896e+01
  8,983313441277e-01;  4,902891159058e+01
  9,004211425781e-01;  4,929055023193e+01
  9,015566110611e-01;  4,900538635254e+01
  8,870882987976e-01;  4,345590972900e+01
  8,733165860176e-01;  4,017380142212e+01
  8,573296666145e-01;  3,667341613770e+01
  8,422135114670e-01;  3,342730712891e+01
  8,290756940842e-01;  3,065640640259e+01
  8,178395628929e-01;  2,837788200378e+01
  8,032459020615e-01;  2,569075775146e+01
  7,911529541016e-01;  2,358489418030e+01
  7,804811000824e-01;  2,186579704285e+01
  7,680607438087e-01;  2,001841545105e+01
  7,580506801605e-01;  1,852275657654e+01
  7,469329833984e-01;  1,700833320618e+01
  7,363446950912e-01;  1,562679862976e+01
  7,256658673286e-01;  1,429153251648e+01
  7,155652046204e-01;  1,311271762848e+01
  7,083693742752e-01;  1,231231021881e+01
  7,032493948936e-01;  1,176290988922e+01
  6,991742849350e-01;  1,132409477234e+01
  6,960744261742e-01;  1,102387237549e+01
  6,936363577843e-01;  1,078394508362e+01
  6,914768815041e-01;  1,080193710327e+01
  7,030404210091e-01;  1,398329925537e+01
  7,156209349632e-01;  1,618581390381e+01
  7,320397496223e-01;  1,880152893066e+01
  7,496079206467e-01;  2,153257179260e+01
  7,658804059029e-01;  2,424523925781e+01
  7,798820137978e-01;  2,678924179077e+01
  7,928038835526e-01;  2,909461212158e+01
  8,040608763695e-01;  3,117071151733e+01
  8,143705129623e-01;  3,306172561646e+01
  8,280656337738e-01;  3,557539367676e+01
  8,395733833313e-01;  3,776163101196e+01
  8,496462106705e-01;  3,964585494995e+01
  8,605688214302e-01;  4,174420928955e+01
  8,709133267403e-01;  4,378467941284e+01
  8,813065290451e-01;  4,582208633423e+01
  8,904737234116e-01;  4,761782073975e+01
  8,956494331360e-01;  4,853713989258e+01
  8,986796736717e-01;  4,901909255981e+01
  9,007694125175e-01;  4,931977844238e+01
  9,015704989433e-01;  4,912571716309e+01
  8,900627493858e-01;  4,416002655029e+01
  8,770572543144e-01;  4,100554656982e+01
  8,615649938583e-01;  3,751773834229e+01
  8,458148837090e-01;  3,418332290649e+01
  8,322939872742e-01;  3,129351997375e+01
  8,206816911697e-01;  2,889879035950e+01
  8,104904890060e-01;  2,693926429749e+01
  7,969765067101e-01;  2,457753562927e+01
  7,858240008354e-01;  2,267685127258e+01
  7,757233381271e-01;  2,112098121643e+01
  7,643688321114e-01;  1,941177749634e+01
  7,524012923241e-01;  1,770863151550e+01
  7,422797083855e-01;  1,636626434326e+01
  7,316566109657e-01;  1,497966098785e+01
  7,209638357162e-01;  1,369096755981e+01
  7,123260498047e-01;  1,270584774017e+01
  7,062168717384e-01;  1,204553222656e+01
  7,015705704689e-01;  1,155045032501e+01
  6,979552507401e-01;  1,118664550781e+01
  6,952037215233e-01;  1,090727996826e+01
  6,929397583008e-01;  1,069470691681e+01
  6,916510462761e-01;  1,077728557587e+01
  7,026712298393e-01;  1,387045669556e+01
  7,150985002518e-01;  1,604790687561e+01
  7,313222289085e-01;  1,865432929993e+01
  7,489879727364e-01;  2,138829803467e+01
  7,653231620789e-01;  2,411210441589e+01
  7,794292569160e-01;  2,666879653931e+01
  7,924625277519e-01;  2,898486518860e+01
  8,037683367729e-01;  3,107411575317e+01
  8,140918612480e-01;  3,297298431396e+01
  8,279054164886e-01;  3,549584960938e+01
  8,394550085068e-01;  3,769892120361e+01
  8,495974540710e-01;  3,959182739258e+01
  8,605827689171e-01;  4,170073699951e+01
  8,709689974785e-01;  4,375314712524e+01
  8,814319372177e-01;  4,580274963379e+01
  8,906826972961e-01;  4,760358047485e+01
  8,958235979080e-01;  4,854026031494e+01
  8,988537788391e-01;  4,901829528809e+01
  9,009575247765e-01;  4,931983566284e+01
  9,018143415451e-01;  4,919629287720e+01
  8,861687779427e-01;  4,312070465088e+01
  8,721114397049e-01;  3,979692077637e+01
  8,560409545898e-01;  3,631087875366e+01
  8,411685824394e-01;  3,311402130127e+01
  8,282746076584e-01;  3,039828109741e+01
  8,172335624695e-01;  2,816843986511e+01
  8,027582764626e-01;  2,553105735779e+01
  7,907907366753e-01;  2,345652961731e+01
  7,802163958549e-01;  2,175712394714e+01
  7,679214477539e-01;  1,992638969421e+01
  7,556404471397e-01;  1,811723327637e+01
  7,450173497200e-01;  1,668507194519e+01
  7,336976528168e-01;  1,521335220337e+01
  7,236317992210e-01;  1,398074913025e+01
  7,143113613129e-01;  1,290772819519e+01
  7,076240181923e-01;  1,216928672791e+01
  7,027617692947e-01;  1,165121841431e+01
  6,989513635635e-01;  1,125015926361e+01
  6,960048079491e-01;  1,096700763702e+01
  6,937060356140e-01;  1,074483776093e+01
  6,919645071030e-01;  1,079523372650e+01
  6,986030936241e-01;  1,308858966827e+01
  7,094421386719e-01;  1,500960826874e+01
  7,238686680794e-01;  1,745515823364e+01
  7,416318655014e-01;  2,015928840637e+01
  7,584407925606e-01;  2,289821815491e+01
  7,736126184464e-01;  2,554805755615e+01
  7,870290875435e-01;  2,796851348877e+01
  7,991150617599e-01;  3,016232109070e+01
  8,097590804100e-01;  3,214283752441e+01
  8,242482542992e-01;  3,478019714355e+01
  8,364247679710e-01;  3,707786941528e+01
  8,469991087914e-01;  3,905493927002e+01
  8,585765957832e-01;  4,126671981812e+01
  8,695201277733e-01;  4,342167282104e+01
  8,805472254753e-01;  4,558154296875e+01
  8,902647495270e-01;  4,747988891602e+01
  8,957191109657e-01;  4,846987533569e+01
  8,988537788391e-01;  4,898137664795e+01
  9,010480642319e-01;  4,929988861084e+01
  9,020233154297e-01;  4,910276794434e+01
  8,899234533310e-01;  4,402149581909e+01
  8,767995238304e-01;  4,084265136719e+01
  8,611818552017e-01;  3,735175323486e+01
  8,455362915993e-01;  3,403485488892e+01
  8,321267962456e-01;  3,116703414917e+01
  8,205911517143e-01;  2,879210281372e+01
  8,104556798935e-01;  2,685024833679e+01
  7,970043420792e-01;  2,450323104858e+01
  7,859284877777e-01;  2,261147499084e+01
  7,758626341820e-01;  2,106156349182e+01
  7,645429372787e-01;  1,935802078247e+01
  7,527008056641e-01;  1,766672134399e+01
  7,426140904427e-01;  1,633629798889e+01
  7,320049405098e-01;  1,496795845032e+01
  7,213817834854e-01;  1,367611312866e+01
  7,127997279167e-01;  1,269584560394e+01
  7,066627144814e-01;  1,203011989594e+01
  7,020651698112e-01;  1,153542709351e+01
  6,985125541687e-01;  1,117775344849e+01
  6,957609653473e-01;  1,090461349487e+01
  6,935318708420e-01;  1,069514846802e+01
  6,922431588173e-01;  1,077425384521e+01
  7,032424211502e-01;  1,386730575562e+01
  7,156418561935e-01;  1,604419708252e+01
  7,318934798241e-01;  1,864929962158e+01
  7,495731115341e-01;  2,138202095032e+01
  7,659152746201e-01;  2,410301780701e+01
  7,799865007401e-01;  2,666126060486e+01
  7,929850220680e-01;  2,897974967957e+01
  8,043255805969e-01;  3,107309341431e+01
  8,146700859070e-01;  3,297746276855e+01
  8,284139037132e-01;  3,550931930542e+01
  8,400122523308e-01;  3,771128463745e+01
  8,500989675522e-01;  3,960131835938e+01
  8,610912561417e-01;  4,170814132690e+01
  8,714008927345e-01;  4,375668716431e+01
  8,818846940994e-01;  4,580730056763e+01
  8,910797834396e-01;  4,759932708740e+01
  8,962694406509e-01;  4,853084182739e+01
  8,992717862129e-01;  4,901580810547e+01
  9,013963937759e-01;  4,931929397583e+01
  9,021974802017e-01;  4,917595672607e+01
  8,918529748917e-01;  4,446554183960e+01
  8,793072700500e-01;  4,137016677856e+01
  8,638985753059e-01;  3,788971710205e+01
  8,479743599892e-01;  3,451615524292e+01
  8,342514038086e-01;  3,156877708435e+01
  8,223883509636e-01;  2,911750221252e+01
  8,121274709702e-01;  2,711763763428e+01
  7,984184622765e-01;  2,470926094055e+01
  7,871475219727e-01;  2,278005599976e+01
  7,770329117775e-01;  2,120199775696e+01
  7,654972672462e-01;  1,947834968567e+01
  7,535576224327e-01;  1,776468849182e+01
  7,433454990387e-01;  1,640493392944e+01
  7,326179146767e-01;  1,500971603394e+01
  7,218694090843e-01;  1,370917510986e+01
  7,131968140602e-01;  1,271403789520e+01
  7,069761753082e-01;  1,203801822662e+01
  7,024134993553e-01;  1,155012989044e+01
  6,988120675087e-01;  1,117813205719e+01
  6,960605382919e-01;  1,091037654877e+01
  6,938105225563e-01;  1,069666957855e+01
  6,925566196442e-01;  1,081271648407e+01
  7,046774029732e-01;  1,407173633575e+01
  7,174320816994e-01;  1,630380058289e+01
  7,340738177299e-01;  1,893688583374e+01
  7,516140937805e-01;  2,167272949219e+01
  7,677751779556e-01;  2,438646888733e+01
  7,816653251648e-01;  2,691903495789e+01
  7,945314645767e-01;  2,921516799927e+01
  8,056630492210e-01;  3,128287696838e+01
  8,160075545311e-01;  3,316751098633e+01
  8,295772671700e-01;  3,567271423340e+01
  8,410571813583e-01;  3,785180664063e+01
  8,539651036263e-01;  4,029055023193e+01
  8,642050623894e-01;  4,225928497314e+01
  8,754760026932e-01;  4,449810028076e+01
  8,857229351997e-01;  4,650898361206e+01
  8,933506608009e-01;  4,797805786133e+01
  8,975859880447e-01;  4,871212387085e+01
  9,002748727798e-01;  4,913225173950e+01
  9,021974802017e-01;  4,934242630005e+01
  9,025109410286e-01;  4,905737686157e+01
  8,892616629601e-01;  4,373659896851e+01
  8,758103847504e-01;  4,050162124634e+01
  8,599767088890e-01;  3,700047683716e+01
  8,445958495140e-01;  3,371391296387e+01
  8,313396573067e-01;  3,089549636841e+01
  8,199502825737e-01;  2,857221412659e+01
  8,099331855774e-01;  2,666651916504e+01
  7,966630458832e-01;  2,436002349854e+01
  7,856358885765e-01;  2,249722480774e+01
  7,725538015366e-01;  2,050934219360e+01
  7,620351910591e-01;  1,891180992126e+01
  7,505761981010e-01;  1,731644630432e+01
  7,393540143967e-01;  1,584477996826e+01
  7,284035086632e-01;  1,444036483765e+01
  7,178848981857e-01;  1,321339416504e+01
  7,104382514954e-01;  1,236395835876e+01
  7,051510810852e-01;  1,180370998383e+01
  7,009854316711e-01;  1,136260128021e+01
  6,978507637978e-01;  1,104615116119e+01
  6,953639388084e-01;  1,081380081177e+01
  6,932184100151e-01;  1,067076206207e+01
  6,929954886436e-01;  1,076566600800e+01
  7,034235596657e-01;  1,378395843506e+01
  7,156418561935e-01;  1,593734550476e+01
  7,317262887955e-01;  1,853450965881e+01
  7,494337558746e-01;  2,127124214172e+01
  7,658804059029e-01;  2,400303840637e+01
  7,800213098526e-01;  2,657440757751e+01
  7,930685877800e-01;  2,890612220764e+01
  8,044300675392e-01;  3,100595855713e+01
  8,148233294487e-01;  3,291484069824e+01
  8,286368250847e-01;  3,545217514038e+01
  8,402560949326e-01;  3,766027450562e+01
  8,504124283791e-01;  3,956417465210e+01
  8,614186644554e-01;  4,167649459839e+01
  8,718189001083e-01;  4,373566055298e+01
  8,823026418686e-01;  4,579827880859e+01
  8,915395140648e-01;  4,759931564331e+01
  8,966594934464e-01;  4,852867507935e+01
  8,996548652649e-01;  4,901519012451e+01
  9,018491506577e-01;  4,932391738892e+01
  9,026363492012e-01;  4,899387359619e+01
  8,882028460503e-01;  4,343424606323e+01
  8,744311332703e-01;  4,015431213379e+01
  8,584651350975e-01;  3,665853118896e+01
  8,433280587196e-01;  3,341452026367e+01
  8,302250504494e-01;  3,064379501343e+01
  8,190447092056e-01;  2,836768913269e+01
  8,044300675392e-01;  2,567555046082e+01
  7,922535538673e-01;  2,356764984131e+01
  7,816444039345e-01;  2,184416580200e+01
  7,692449688911e-01;  1,999301910400e+01
  7,569639682770e-01;  1,816335868835e+01
  7,462711930275e-01;  1,671003913879e+01
  7,362402081490e-01;  1,539743614197e+01
  7,259445190430e-01;  1,411604976654e+01
  7,162618041039e-01;  1,299393844604e+01
  7,093097567558e-01;  1,221886730194e+01
  7,043848633766e-01;  1,168926334381e+01
  7,005047798157e-01;  1,128970527649e+01
  6,975024938583e-01;  1,098116302490e+01
  6,951340436935e-01;  1,075552940369e+01
  6,932741403580e-01;  1,078850460052e+01
  7,048167586327e-01;  1,396929550171e+01
  7,174181938171e-01;  1,618188667297e+01
  7,338857054710e-01;  1,880842208862e+01
  7,514747977257e-01;  2,154813194275e+01
  7,676915526390e-01;  2,426978302002e+01
  7,816792130470e-01;  2,681506538391e+01
  7,945523262024e-01;  2,912142372131e+01
  8,057884573936e-01;  3,120060157776e+01
  8,161468505859e-01;  3,309167861938e+01
  8,297722935677e-01;  3,560714340210e+01
  8,413218855858e-01;  3,779612350464e+01
  8,542646169662e-01;  4,025482940674e+01
  8,645394444466e-01;  4,223827362061e+01
  8,758451938629e-01;  4,447832107544e+01
  8,860991001129e-01;  4,649242019653e+01
  8,937477469444e-01;  4,797137451172e+01
  8,979830741882e-01;  4,870805358887e+01
  9,006997942924e-01;  4,912736129761e+01
  9,026502370834e-01;  4,932157135010e+01
  9,028034806252e-01;  4,919684600830e+01
  8,872275948524e-01;  4,313134384155e+01
  8,732120394707e-01;  3,980717468262e+01
  8,570858240128e-01;  3,631843566895e+01
  8,422274589539e-01;  3,311853027344e+01
  8,293194770813e-01;  3,039463615417e+01
  8,182784318924e-01;  2,816034507751e+01
  8,038379549980e-01;  2,551815795898e+01
  7,918356060982e-01;  2,344056129456e+01
  7,812961339951e-01;  2,173948478699e+01
  7,690011858940e-01;  1,990651512146e+01
  7,568455338478e-01;  1,810037231445e+01
  7,462503314018e-01;  1,666557884216e+01
  7,348609566689e-01;  1,518588161469e+01
  7,238199114799e-01;  1,383629226685e+01
  7,148128747940e-01;  1,280208206177e+01
  7,083902955055e-01;  1,208926200867e+01
  7,037370204926e-01;  1,159248542786e+01
  7,000659704208e-01;  1,121364974976e+01
  6,972795724869e-01;  1,092939090729e+01
  6,949947476387e-01;  1,071620750427e+01
  6,935179233551e-01;  1,077134704590e+01
  7,044684290886e-01;  1,386718368530e+01
  7,169096469879e-01;  1,604787254333e+01
  7,331891059875e-01;  1,866201591492e+01
  7,508130073547e-01;  2,140427780151e+01
  7,671343088150e-01;  2,413301467896e+01
  7,812125086784e-01;  2,669100570679e+01
  7,942040562630e-01;  2,901468658447e+01
  8,054540753365e-01;  3,110422515869e+01
  8,158681988716e-01;  3,300304412842e+01
  8,295841813087e-01;  3,552863693237e+01
  8,411616683006e-01;  3,772653961182e+01
  8,512135148048e-01;  3,962163925171e+01
  8,621709942818e-01;  4,172914505005e+01
  8,724806308746e-01;  4,378247451782e+01
  8,829156756401e-01;  4,582729721069e+01
  8,920620083809e-01;  4,761149597168e+01
  8,971123099327e-01;  4,852563095093e+01
  9,001773595810e-01;  4,901814270020e+01
  9,023019671440e-01;  4,933587646484e+01
  9,029985666275e-01;  4,917546081543e+01
  8,925704956055e-01;  4,444828033447e+01
  8,800387382507e-01;  4,134944915771e+01
  8,646787405014e-01;  3,787049484253e+01
  8,487406373024e-01;  3,449927520752e+01
  8,351082205772e-01;  3,155373191833e+01
  8,232242465019e-01;  2,910572814941e+01
  8,129634261131e-01;  2,710249710083e+01
  7,992543578148e-01;  2,469651222229e+01
  7,880530953407e-01;  2,276914596558e+01
  7,779524326324e-01;  2,118819046021e+01
  7,663750052452e-01;  1,946839904785e+01
  7,545607089996e-01;  1,775969314575e+01
  7,443555593491e-01;  1,639249610901e+01
  7,335722446442e-01;  1,498926258087e+01
  7,229351997375e-01;  1,369417858124e+01
  7,142764925957e-01;  1,270028972626e+01
  7,080559134483e-01;  1,202130985260e+01
  7,035489082336e-01;  1,153808689117e+01
  7,000102400780e-01;  1,117796134949e+01
  6,972934603691e-01;  1,090925884247e+01
  6,950643658638e-01;  1,069342136383e+01
  6,937965750694e-01;  1,082451629639e+01
  7,064328193665e-01;  1,415351200104e+01
  7,193825840950e-01;  1,641525650024e+01
  7,362193465233e-01;  1,906524848938e+01
  7,537038922310e-01;  2,181565093994e+01
  7,697325944901e-01;  2,453246498108e+01
  7,836157679558e-01;  2,705844116211e+01
  7,963077425957e-01;  2,934683227539e+01
  8,073697090149e-01;  3,140537071228e+01
  8,177211880684e-01;  3,327835083008e+01
  8,311306238174e-01;  3,577648544312e+01
  8,425687551498e-01;  3,794416046143e+01
  8,553722500801e-01;  4,037488555908e+01
  8,654798269272e-01;  4,232537841797e+01
  8,766811490059e-01;  4,454473876953e+01
  8,868166208267e-01;  4,654505920410e+01
  8,943398594856e-01;  4,799309539795e+01
  8,985055088997e-01;  4,871711349487e+01
  9,012013077736e-01;  4,914787292480e+01
  9,031378626823e-01;  4,926939010620e+01
  9,032562971115e-01;  4,907753753662e+01
  8,905503749847e-01;  4,387205886841e+01
  8,773220181465e-01;  4,066232299805e+01
  8,615998029709e-01;  3,716615676880e+01
  8,460935354233e-01;  3,386465072632e+01
  8,328024744987e-01;  3,101725769043e+01
  8,212877511978e-01;  2,866524696350e+01
  8,112567663193e-01;  2,673805046082e+01
  7,978751063347e-01;  2,441178131104e+01
  7,868897914886e-01;  2,253555107117e+01
  7,737937569618e-01;  2,053865623474e+01
  7,631984949112e-01;  1,893319129944e+01
  7,517743110657e-01;  1,733387756348e+01
  7,404685616493e-01;  1,584866428375e+01
  7,295320034027e-01;  1,444932174683e+01
  7,190691232681e-01;  1,320113658905e+01
  7,115597724915e-01;  1,236236858368e+01
  7,062447667122e-01;  1,178697109222e+01
  7,022045254707e-01;  1,136412525177e+01
  6,990697979927e-01;  1,105011272430e+01
  6,965969204903e-01;  1,081226825714e+01
  6,944722533226e-01;  1,064977073669e+01
  6,940543055534e-01;  1,086020469666e+01
  7,078399658203e-01;  1,435445690155e+01
  7,211937308311e-01;  1,666885757446e+01
  7,383579015732e-01;  1,934063720703e+01
  7,556334733963e-01;  2,209265518188e+01
  7,714532017708e-01;  2,479962921143e+01
  7,851970791817e-01;  2,730159950256e+01
  7,977566719055e-01;  2,956772041321e+01
  8,086584210396e-01;  3,160940170288e+01
  8,189750313759e-01;  3,346378707886e+01
  8,322243094444e-01;  3,593613815308e+01
  8,435649275780e-01;  3,807908248901e+01
  8,561733365059e-01;  4,048509979248e+01
  8,682314157486e-01;  4,284105300903e+01
  8,787500262260e-01;  4,490997314453e+01
  8,890944719315e-01;  4,695637130737e+01
  8,956773281097e-01;  4,819928741455e+01
  8,993762731552e-01;  4,883192825317e+01
  9,018491506577e-01;  4,921265029907e+01
  9,035210013390e-01;  4,907867431641e+01
  8,907941579819e-01;  4,387544250488e+01
  8,775658011436e-01;  4,066777801514e+01
  8,618435859680e-01;  3,717341995239e+01
  8,463234305382e-01;  3,387196731567e+01
  8,330323696136e-01;  3,102448081970e+01
  8,215175867081e-01;  2,867416000366e+01
  8,114866018295e-01;  2,674446487427e+01
  7,981050014496e-01;  2,441503334045e+01
  7,870848178864e-01;  2,253709602356e+01
  7,740027308464e-01;  2,053535652161e+01
  7,633726596832e-01;  1,893046951294e+01
  7,519832849503e-01;  1,733323287964e+01
  7,406635880470e-01;  1,584975051880e+01
  7,297270298004e-01;  1,444738769531e+01
  7,192711234093e-01;  1,320260143280e+01
  7,117966413498e-01;  1,236509418488e+01
  7,064537405968e-01;  1,178909683228e+01
  7,024343609810e-01;  1,136387825012e+01
  6,992996931076e-01;  1,104821205139e+01
  6,968546509743e-01;  1,081049919128e+01
  6,946951746941e-01;  1,065545368195e+01
  6,943329572678e-01;  1,090275764465e+01
  6,949877738953e-01;  1,157689476013e+01
  7,092540860176e-01;  1,456456279755e+01
  7,230188250542e-01;  1,692940521240e+01
  7,404128313065e-01;  1,961842727661e+01
  7,576187849045e-01;  2,237318229675e+01
  7,731250524521e-01;  2,506632232666e+01
  7,868131399155e-01;  2,754459953308e+01
  7,991359829903e-01;  2,978767204285e+01
  8,100028634071e-01;  3,180834388733e+01
  8,201383352280e-01;  3,364503097534e+01
  8,332901000977e-01;  3,609490203857e+01
  8,445053100586e-01;  3,821543121338e+01
  8,569604754448e-01;  4,059744644165e+01
  8,688722848892e-01;  4,292504882813e+01
  8,792585134506e-01;  4,496926879883e+01
  8,894985318184e-01;  4,698838806152e+01
  8,959559798241e-01;  4,821746826172e+01
  8,996200561523e-01;  4,883448791504e+01
  9,021626114845e-01;  4,922536087036e+01
  9,035906791687e-01;  4,917061233521e+01
  8,931277990341e-01;  4,444403457642e+01
  8,806656599045e-01;  4,134588241577e+01
  8,653057217598e-01;  3,786565017700e+01
  8,493884801865e-01;  3,449410247803e+01
  8,357281684875e-01;  3,154835128784e+01
  8,238163590431e-01;  2,910100555420e+01
  8,135903477669e-01;  2,709617614746e+01
  7,998464703560e-01;  2,468786811829e+01
  7,886661291122e-01;  2,276029586792e+01
  7,786002755165e-01;  2,117383384705e+01
  7,669810652733e-01;  1,945118713379e+01
  7,552224993706e-01;  1,774752426147e+01
  7,450661063194e-01;  1,638495445251e+01
  7,342688441277e-01;  1,497631931305e+01
  7,236248254776e-01;  1,368747138977e+01
  7,150079607964e-01;  1,269837284088e+01
  7,087734341621e-01;  1,201583099365e+01
  7,043291330338e-01;  1,153520298004e+01
  7,008113265038e-01;  1,116859531403e+01
  6,981154680252e-01;  1,090655899048e+01
  6,958654522896e-01;  1,069267940521e+01
  6,946254968643e-01;  1,077135276794e+01
  7,054924368858e-01;  1,385616111755e+01
  7,179197072983e-01;  1,603736495972e+01
  7,342340350151e-01;  1,865134048462e+01
  7,518787980080e-01;  2,139747428894e+01
  7,682140469551e-01;  2,413177871704e+01
  7,822922468185e-01;  2,669577026367e+01
  7,952350378036e-01;  2,902181243896e+01
  8,064641356468e-01;  3,111583518982e+01
  8,169688582420e-01;  3,301890945435e+01
  8,305873274803e-01;  3,555093383789e+01
  8,422413468361e-01;  3,774950790405e+01
  8,551841378212e-01;  4,021648788452e+01
  8,654310703278e-01;  4,220437240601e+01
  8,768692016602e-01;  4,446268844604e+01
  8,871440291405e-01;  4,649366760254e+01
  8,947578072548e-01;  4,796328353882e+01
  8,989582657814e-01;  4,869542312622e+01
  9,017307162285e-01;  4,913911819458e+01
  9,036951661110e-01;  4,922383880615e+01
  9,037996530533e-01;  4,898592758179e+01
  8,893104195595e-01;  4,342649841309e+01
  8,756152987480e-01;  4,014589691162e+01
  8,596841692924e-01;  3,665250396729e+01
  8,445262312889e-01;  3,340868759155e+01
  8,314789533615e-01;  3,063213157654e+01
  8,202428221703e-01;  2,834958839417e+01
  8,057187795639e-01;  2,565291595459e+01
  7,934587001801e-01;  2,354399490356e+01
  7,829540371895e-01;  2,181696319580e+01
  7,704988718033e-01;  1,996891212463e+01
  7,583571672440e-01;  1,814742469788e+01
  7,477480173111e-01;  1,670030021667e+01
  7,375985980034e-01;  1,538493347168e+01
  7,274422049522e-01;  1,411483097076e+01
  7,177246809006e-01;  1,297904491425e+01
  7,108074426651e-01;  1,220533466339e+01
  7,058476805687e-01;  1,168411445618e+01
  7,020651698112e-01;  1,127841567993e+01
  6,991046667099e-01;  1,098612308502e+01
  6,967919468880e-01;  1,075578022003e+01
  6,949250698090e-01;  1,082390689850e+01
  7,074568271637e-01;  1,415567779541e+01
  7,204274535179e-01;  1,641926002502e+01
  7,373129725456e-01;  1,907224464417e+01
  7,547488212585e-01;  2,182547760010e+01
  7,707566022873e-01;  2,454638671875e+01
  7,846188545227e-01;  2,707396697998e+01
  7,973039150238e-01;  2,936239051819e+01
  8,083658814430e-01;  3,142374229431e+01
  8,187242746353e-01;  3,329798126221e+01
  8,321058750153e-01;  3,579567718506e+01
  8,435788154602e-01;  3,796505355835e+01
  8,562986850739e-01;  4,039287567139e+01
  8,663088083267e-01;  4,234369659424e+01
  8,775658011436e-01;  4,455876159668e+01
  8,876734375954e-01;  4,655654144287e+01
  8,951409459114e-01;  4,800566864014e+01
  8,992160558701e-01;  4,872093963623e+01
  9,019885063171e-01;  4,914919281006e+01
  9,038692712784e-01;  4,920788955688e+01
  8,889133334160e-01;  4,326862716675e+01
  8,750580549240e-01;  3,996530914307e+01
  8,590223789215e-01;  3,647420120239e+01
  8,440037369728e-01;  3,324926376343e+01
  8,310470581055e-01;  3,049955749512e+01
  8,199293613434e-01;  2,824428749084e+01
  8,054958581924e-01;  2,557114982605e+01
  7,932984828949e-01;  2,348145675659e+01
  7,828494906425e-01;  2,176626396179e+01
  7,704640030861e-01;  1,992865943909e+01
  7,583571672440e-01;  1,811429214478e+01
  7,478176355362e-01;  1,667072296143e+01
  7,376821637154e-01;  1,535743427277e+01
  7,275954484940e-01;  1,409372615814e+01
  7,179336547852e-01;  1,296818923950e+01
  7,110373377800e-01;  1,219667816162e+01
  7,060706019402e-01;  1,167605972290e+01
  7,022950649261e-01;  1,127589702606e+01
  6,993623971939e-01;  1,097347545624e+01
  6,970705986023e-01;  1,075637626648e+01
  6,951479911804e-01;  1,082268333435e+01
  6,952037215233e-01;  1,105482196808e+01
  7,077215313911e-01;  1,414940738678e+01
  7,207200527191e-01;  1,641229438782e+01
  7,375776767731e-01;  1,906681060791e+01
  7,550413608551e-01;  2,182249641418e+01
  7,710352540016e-01;  2,454731178284e+01
  7,849184274673e-01;  2,707677459717e+01
  7,976034283638e-01;  2,936964035034e+01
  8,086444735527e-01;  3,143313217163e+01
  8,190237879753e-01;  3,330856323242e+01
  8,324193358421e-01;  3,580665588379e+01
  8,438574671745e-01;  3,797294235229e+01
  8,565773367882e-01;  4,040378570557e+01
  8,666083216667e-01;  4,235505294800e+01
  8,778095841408e-01;  4,457176589966e+01
  8,879102468491e-01;  4,657138442993e+01
  8,953708410263e-01;  4,800489044189e+01
  8,994458913803e-01;  4,871907424927e+01
  9,021974802017e-01;  4,915550613403e+01
  9,041131138802e-01;  4,921403503418e+01
  8,890735507011e-01;  4,326875305176e+01
  8,752322196960e-01;  3,996285629272e+01
  8,592104911804e-01;  3,647073745728e+01
  8,442127108574e-01;  3,324862289429e+01
  8,312560319901e-01;  3,050238037109e+01
  8,201244473457e-01;  2,824463272095e+01
  8,056700229645e-01;  2,556946182251e+01
  7,934377789497e-01;  2,347679138184e+01
  7,830027937889e-01;  2,175905227661e+01
  7,706381678581e-01;  1,992271614075e+01
  7,585521936417e-01;  1,811152648926e+01
  7,479918003082e-01;  1,667550468445e+01
  7,378563284874e-01;  1,536027431488e+01
  7,277765870094e-01;  1,408996486664e+01
  7,181426286697e-01;  1,296077346802e+01
  7,112254500389e-01;  1,219147682190e+01
  7,063144445419e-01;  1,166412544250e+01
  7,025527954102e-01;  1,126715278625e+01
  6,996479630470e-01;  1,097717666626e+01
  6,973283290863e-01;  1,075637245178e+01
  6,954823136330e-01;  1,084034919739e+01
  7,085574865341e-01;  1,425524425507e+01
  7,217858433723e-01;  1,654862594604e+01
  7,387619018555e-01;  1,921364784241e+01
  7,561628818512e-01;  2,197148132324e+01
  7,720104455948e-01;  2,468943977356e+01
  7,858588099480e-01;  2,720669174194e+01
  7,984184622765e-01;  2,948465156555e+01
  8,094246983528e-01;  3,153642845154e+01
  8,197343349457e-01;  3,340065765381e+01
  8,330114483833e-01;  3,588425445557e+01
  8,444217443466e-01;  3,803870391846e+01
  8,570997714996e-01;  4,045575714111e+01
  8,691717982292e-01;  4,282274627686e+01
  8,796904087067e-01;  4,490159225464e+01
  8,900557756424e-01;  4,695650482178e+01
  8,965898752213e-01;  4,818368911743e+01
  9,003166556358e-01;  4,882704925537e+01
  9,028940796852e-01;  4,922468948364e+01
  9,043220877647e-01;  4,919235610962e+01
  8,887113332748e-01;  4,311698150635e+01
  8,747097253799e-01;  3,979305267334e+01
  8,586601614952e-01;  3,630895233154e+01
  8,438156843185e-01;  3,310750961304e+01
  8,309216499329e-01;  3,038450622559e+01
  8,198248744011e-01;  2,814741897583e+01
  8,054540753365e-01;  2,549591445923e+01
  7,933332920074e-01;  2,342187118530e+01
  7,829331159592e-01;  2,171726036072e+01
  7,706381678581e-01;  1,988797569275e+01
  7,586010098457e-01;  1,808222770691e+01
  7,480475306511e-01;  1,665365409851e+01
  7,379817366600e-01;  1,534616947174e+01
  7,279298305511e-01;  1,408066272736e+01
  7,183028459549e-01;  1,295785522461e+01
  7,113856673241e-01;  1,218558120728e+01
  7,065094709396e-01;  1,165944862366e+01
  7,027617692947e-01;  1,126717090607e+01
  6,998360753059e-01;  1,097569274902e+01
  6,975233554840e-01;  1,075224685669e+01
  6,958306431770e-01;  1,074964714050e+01
  7,111348509789e-01;  1,467115592957e+01
  7,252131104469e-01;  1,706594657898e+01
  7,426071166992e-01;  1,976317977905e+01
  7,597782015800e-01;  2,252269363403e+01
  7,751103043556e-01;  2,521168708801e+01
  7,887845039368e-01;  2,768162536621e+01
  8,009610176086e-01;  2,990962028503e+01
  8,118140101433e-01;  3,192485237122e+01
  8,218659162521e-01;  3,375338363647e+01
  8,348713517189e-01;  3,619783782959e+01
  8,460726737976e-01;  3,831193542480e+01
  8,584442138672e-01;  4,067708206177e+01
  8,701470494270e-01;  4,298599243164e+01
  8,804566860199e-01;  4,501906204224e+01
  8,905782103539e-01;  4,701998519897e+01
  8,969172835350e-01;  4,821159362793e+01
  9,006091952324e-01;  4,884443283081e+01
  9,031518101692e-01;  4,924509429932e+01
  9,045310616493e-01;  4,898875045776e+01
  8,900279402733e-01;  4,341880035400e+01
  8,763676285744e-01;  4,013697814941e+01
  8,604155778885e-01;  3,664287567139e+01
  8,452924489975e-01;  3,340144729614e+01
  8,322800397873e-01;  3,062959480286e+01
  8,210300207138e-01;  2,835061264038e+01
  8,065338134766e-01;  2,565021133423e+01
  7,942249178886e-01;  2,354338455200e+01
  7,838038802147e-01;  2,181464385986e+01
  7,713835239410e-01;  1,996691322327e+01
  7,592139840126e-01;  1,814163780212e+01
  7,486396431923e-01;  1,669829368591e+01
  7,384136319160e-01;  1,537294197083e+01
  7,283825874329e-01;  1,410482215881e+01
  7,186859846115e-01;  1,297152614594e+01
  7,117687463760e-01;  1,219550418854e+01
  7,068020105362e-01;  1,166805267334e+01
  7,030752301216e-01;  1,127432918549e+01
  7,001355886459e-01;  1,097987747192e+01
  6,978368163109e-01;  1,076005363464e+01
  6,959421038628e-01;  1,075840473175e+01
  6,958306431770e-01;  1,094782733917e+01
  7,062238454819e-01;  1,376194381714e+01
  7,184073328972e-01;  1,591728496552e+01
  7,345962524414e-01;  1,851943778992e+01
  7,522410750389e-01;  2,126291465759e+01
  7,686807513237e-01;  2,400433731079e+01
  7,827938199043e-01;  2,658012580872e+01
  7,957853078842e-01;  2,891913223267e+01
  8,070771694183e-01;  3,102262115479e+01
  8,176097273827e-01;  3,293625640869e+01
  8,313047885895e-01;  3,548046112061e+01
  8,429588675499e-01;  3,769161987305e+01
  8,529898524284e-01;  3,959685134888e+01
  8,639473319054e-01;  4,170968246460e+01
  8,742569684982e-01;  4,376734924316e+01
  8,847059011459e-01;  4,582749557495e+01
  8,938731551170e-01;  4,761634826660e+01
  8,987632393837e-01;  4,850849533081e+01
  9,019188284874e-01;  4,902997589111e+01
  9,041131138802e-01;  4,934885787964e+01
  9,046007394791e-01;  4,920940399170e+01
  8,896099328995e-01;  4,326828765869e+01
  8,757894635201e-01;  3,996537780762e+01
  8,598095178604e-01;  3,647739791870e+01
  8,448048233986e-01;  3,325669097900e+01
  8,318829536438e-01;  3,050728416443e+01
  8,207165002823e-01;  2,824807167053e+01
  8,063108921051e-01;  2,557129669189e+01
  7,940786480904e-01;  2,347725296021e+01
  7,836854457855e-01;  2,176015472412e+01
  7,712999582291e-01;  1,992211151123e+01
  7,592487931252e-01;  1,810763168335e+01
  7,487093210220e-01;  1,667246437073e+01
  7,385599017143e-01;  1,536200237274e+01
  7,284731864929e-01;  1,409729385376e+01
  7,188531756401e-01;  1,295891666412e+01
  7,119220495224e-01;  1,218996906281e+01
  7,069970965385e-01;  1,166001892090e+01
  7,033190727234e-01;  1,127013111115e+01
  7,003794312477e-01;  1,098205089569e+01
  6,980945467949e-01;  1,076156234741e+01
  6,961998343468e-01;  1,081952762604e+01
  7,086619734764e-01;  1,414953994751e+01
  7,217161655426e-01;  1,641753387451e+01
  7,384971976280e-01;  1,907328987122e+01
  7,559818029404e-01;  2,182990455627e+01
  7,719059586525e-01;  2,454984664917e+01
  7,858240008354e-01;  2,707797813416e+01
  7,983975410461e-01;  2,936761665344e+01
  8,094595074654e-01;  3,142951393127e+01
  8,198457956314e-01;  3,330241775513e+01
  8,331786394119e-01;  3,580395507813e+01
  8,446446061134e-01;  3,796937942505e+01
  8,573784232140e-01;  4,040202331543e+01
  8,694295287132e-01;  4,278036880493e+01
  8,800944685936e-01;  4,487794876099e+01
  8,904876708984e-01;  4,693367004395e+01
  8,970078229904e-01;  4,816894149780e+01
  9,007973074913e-01;  4,882233047485e+01
  9,034165143967e-01;  4,923627853394e+01
  9,048305749893e-01;  4,904149246216e+01
  8,914768099785e-01;  4,371768951416e+01
  8,781718611717e-01;  4,048402023315e+01
  8,623799681664e-01;  3,699247741699e+01
  8,469991087914e-01;  3,371434402466e+01
  8,338474035263e-01;  3,089063453674e+01
  8,223883509636e-01;  2,856268501282e+01
  8,077877163887e-01;  2,581298446655e+01
  7,952698469162e-01;  2,366979026794e+01
  7,847651839256e-01;  2,191872978210e+01
  7,723308801651e-01;  2,004844474792e+01
  7,623138427734e-01;  1,854085922241e+01
  7,513563632965e-01;  1,702717018127e+01
  7,405452132225e-01;  1,561134147644e+01
  7,300683856010e-01;  1,427131843567e+01
  7,200234532356e-01;  1,307655048370e+01
  7,128624320030e-01;  1,227018547058e+01
  7,077075839043e-01;  1,171234321594e+01
  7,038902640343e-01;  1,131034278870e+01
  7,008809447289e-01;  1,100751972198e+01
  6,985473632813e-01;  1,078070068359e+01
  6,964367032051e-01;  1,077385711670e+01
  7,072339057922e-01;  1,385450172424e+01
  7,196263670921e-01;  1,603952026367e+01
  7,360242605209e-01;  1,865919113159e+01
  7,536621093750e-01;  2,141199111938e+01
  7,699207067490e-01;  2,415227317810e+01
  7,839779853821e-01;  2,671687126160e+01
  7,968998551369e-01;  2,904484367371e+01
  8,081220388412e-01;  3,114081764221e+01
  8,186197876930e-01;  3,304575729370e+01
  8,322243094444e-01;  3,558050537109e+01
  8,438435196877e-01;  3,777750396729e+01
  8,567515015602e-01;  4,024235534668e+01
  8,669217824936e-01;  4,223049545288e+01
  8,783181309700e-01;  4,449357223511e+01
  8,885580897331e-01;  4,652463150024e+01
  8,960255980492e-01;  4,795882415771e+01
  9,002121686935e-01;  4,870535659790e+01
  9,030473232269e-01;  4,916035842896e+01
  9,049490094185e-01;  4,916957473755e+01
  8,944164514542e-01;  4,443555068970e+01
  8,819891810417e-01;  4,133255386353e+01
  8,666501045227e-01;  3,785695266724e+01
  8,507816195488e-01;  3,448955917358e+01
  8,371770977974e-01;  3,154118728638e+01
  8,252583146095e-01;  2,909277725220e+01
  8,149974942207e-01;  2,708749008179e+01
  8,013232946396e-01;  2,467241096497e+01
  7,900941371918e-01;  2,274670410156e+01
  7,769771814346e-01;  2,069468116760e+01
  7,659848928452e-01;  1,906129646301e+01
  7,546651959419e-01;  1,743512344360e+01
  7,431365251541e-01;  1,591413307190e+01
  7,320536971092e-01;  1,449095630646e+01
  7,215002179146e-01;  1,322584247589e+01
  7,139979004860e-01;  1,236496067047e+01
  7,085644006729e-01;  1,177718257904e+01
  7,045938372612e-01;  1,136373996735e+01
  7,015079259872e-01;  1,104567337036e+01
  6,990697979927e-01;  1,081578350067e+01
  6,969939470291e-01;  1,065315914154e+01
  6,966038346291e-01;  1,087848472595e+01
  6,967014074326e-01;  1,114327812195e+01
  7,107656598091e-01;  1,445164108276e+01
  7,244120240211e-01;  1,679663848877e+01
  7,416318655014e-01;  1,948425865173e+01
  7,589771151543e-01;  2,225041961670e+01
  7,744833827019e-01;  2,495721054077e+01
  7,882760167122e-01;  2,745263099670e+01
  8,006127476692e-01;  2,970711517334e+01
  8,115005493164e-01;  3,173866271973e+01
  8,217056989670e-01;  3,358314895630e+01
  8,348365426064e-01;  3,604830169678e+01
  8,461771607399e-01;  3,818418884277e+01
  8,586671352386e-01;  4,057398223877e+01
  8,704814314842e-01;  4,291289901733e+01
  8,809443116188e-01;  4,498033142090e+01
  8,911215662956e-01;  4,699274063110e+01
  8,974605798721e-01;  4,819165420532e+01
  9,012222290039e-01;  4,884583282471e+01
  9,037996530533e-01;  4,924549865723e+01
  9,052416086197e-01;  4,905544662476e+01
  8,918390870094e-01;  4,372559356689e+01
  8,785061836243e-01;  4,048732757568e+01
  8,627143502235e-01;  3,698884963989e+01
  8,473474383354e-01;  3,370732879639e+01
  8,341817259789e-01;  3,088432502747e+01
  8,227157592773e-01;  2,855544853210e+01
  8,081220388412e-01;  2,580456924438e+01
  7,956181168556e-01;  2,366316795349e+01
  7,851482629776e-01;  2,191291046143e+01
  7,726582884789e-01;  2,004523849487e+01
  7,603982090950e-01;  1,820059776306e+01
  7,497541904449e-01;  1,674300575256e+01
  7,394236922264e-01;  1,540548419952e+01
  7,293230295181e-01;  1,412601280212e+01
  7,195845842361e-01;  1,297626495361e+01
  7,126743197441e-01;  1,219149971008e+01
  7,077075839043e-01;  1,166299152374e+01
  7,039808034897e-01;  1,128053951263e+01
  7,010551095009e-01;  1,098588657379e+01
  6,987911462784e-01;  1,076116943359e+01
  6,968894600868e-01;  1,082025909424e+01
  7,093446254730e-01;  1,414655113220e+01
  7,223919034004e-01;  1,641358375549e+01
  7,392147183418e-01;  1,907233428955e+01
  7,567340731621e-01;  2,183231163025e+01
  7,726165056229e-01;  2,455627250671e+01
  7,865344882011e-01;  2,708992385864e+01
  7,991290092468e-01;  2,938481712341e+01
  8,102048635483e-01;  3,144902610779e+01
  8,205562829971e-01;  3,332675933838e+01
  8,338961601257e-01;  3,582781982422e+01
  8,453760743141e-01;  3,799329376221e+01
  8,580750226974e-01;  4,041926193237e+01
  8,700913190842e-01;  4,279589462280e+01
  8,806865811348e-01;  4,489603424072e+01
  8,910797834396e-01;  4,695070266724e+01
  8,975093960762e-01;  4,816931152344e+01
  9,013267159462e-01;  4,883848571777e+01
  9,039389491081e-01;  4,924731826782e+01
  9,051928520203e-01;  4,912520217896e+01
  8,934900164604e-01;  4,414023971558e+01
  8,807353377342e-01;  4,098281478882e+01
  8,652011752129e-01;  3,749097061157e+01
  8,495277762413e-01;  3,415799331665e+01
  8,361113071442e-01;  3,126270103455e+01
  8,244084715843e-01;  2,886412239075e+01
  8,142869472504e-01;  2,689448547363e+01
  8,007729649544e-01;  2,451939582825e+01
  7,896552681923e-01;  2,262057113647e+01
  7,766985893250e-01;  2,059226226807e+01
  7,657968401909e-01;  1,898194885254e+01
  7,545467615128e-01;  1,737272262573e+01
  7,431365251541e-01;  1,585861587524e+01
  7,321651577950e-01;  1,445364570618e+01
  7,217091917992e-01;  1,319533443451e+01
  7,142904400826e-01;  1,234638881683e+01
  7,088918089867e-01;  1,176053524017e+01
  7,049908638000e-01;  1,135758018494e+01
  7,018910050392e-01;  1,103897190094e+01
  6,994668841362e-01;  1,081259727478e+01
  6,973840594292e-01;  1,064030456543e+01
  6,970009207726e-01;  1,083269214630e+01
  7,099854946136e-01;  1,423431491852e+01
  7,232277989388e-01;  1,652885055542e+01
  7,402178049088e-01;  1,919736289978e+01
  7,576745152473e-01;  2,196003341675e+01
  7,734593749046e-01;  2,467864418030e+01
  7,873564958572e-01;  2,719940376282e+01
  7,998256087303e-01;  2,948032951355e+01
  8,108527064323e-01;  3,153647994995e+01
  8,211971521378e-01;  3,340495681763e+01
  8,344743251801e-01;  3,589982604980e+01
  8,458845615387e-01;  3,805942916870e+01
  8,585277795792e-01;  4,047412490845e+01
  8,704953193665e-01;  4,283734893799e+01
  8,810278773308e-01;  4,492739868164e+01
  8,913444876671e-01;  4,696793746948e+01
  8,977044224739e-01;  4,817697906494e+01
  9,015008807182e-01;  4,884399795532e+01
  9,041131138802e-01;  4,924859619141e+01
  9,053809046745e-01;  4,919064712524e+01
  8,953220248222e-01;  4,456655120850e+01
  8,831037282944e-01;  4,149298095703e+01
  8,678691983223e-01;  3,802055358887e+01
  8,519310355186e-01;  3,463771820068e+01
  8,382568359375e-01;  3,166633033752e+01
  8,262196183205e-01;  2,919361114502e+01
  8,159099817276e-01;  2,716606521606e+01
  8,021939992905e-01;  2,472967910767e+01
  7,908952236176e-01;  2,279024124146e+01
  7,778131365776e-01;  2,072545814514e+01
  7,666814923286e-01;  1,909248924255e+01
  7,553966641426e-01;  1,746535301208e+01
  7,438470721245e-01;  1,592613983154e+01
  7,327154278755e-01;  1,449256992340e+01
  7,221480607986e-01;  1,323400878906e+01
  7,146248221397e-01;  1,237254905701e+01
  7,091704607010e-01;  1,177993679047e+01
  7,052207589149e-01;  1,135796833038e+01
  7,020860910416e-01;  1,104416275024e+01
  6,997524499893e-01;  1,081487846375e+01
  6,976278424263e-01;  1,064074039459e+01
  6,972238421440e-01;  1,081494045258e+01
  6,985195279121e-01;  1,185379695892e+01
  7,096511125565e-01;  1,413314151764e+01
  7,227262258530e-01;  1,640340805054e+01
  7,395420670509e-01;  1,906176948547e+01
  7,570824027061e-01;  2,182724380493e+01
  7,729508876801e-01;  2,455392837524e+01
  7,869037389755e-01;  2,708738136292e+01
  7,994633316994e-01;  2,937987327576e+01
  8,105252981186e-01;  3,144613456726e+01
  8,208906650543e-01;  3,332129287720e+01
  8,342653512955e-01;  3,582704162598e+01
  8,457661271095e-01;  3,799570083618e+01
  8,584232926369e-01;  4,042448425293e+01
  8,704395890236e-01;  4,280178451538e+01
  8,810836076736e-01;  4,489906692505e+01
  8,914141654968e-01;  4,695313644409e+01
  8,978089094162e-01;  4,817011642456e+01
  9,016541242599e-01;  4,884508132935e+01
  9,042315483093e-01;  4,924824142456e+01
  9,055411219597e-01;  4,919161224365e+01
  8,954613804817e-01;  4,456876754761e+01
  8,832430839539e-01;  4,149265670776e+01
  8,679945468903e-01;  3,802228927612e+01
  8,520842790604e-01;  3,463903427124e+01
  8,383961319923e-01;  3,166626739502e+01
  8,263937830925e-01;  2,919261932373e+01
  8,160632848740e-01;  2,716508483887e+01
  8,023751378059e-01;  2,472810554504e+01
  7,910484671593e-01;  2,278884506226e+01
  7,779733538628e-01;  2,072179985046e+01
  7,668556571007e-01;  1,908889007568e+01
  7,555916905403e-01;  1,746536254883e+01
  7,440420985222e-01;  1,592035484314e+01
  7,329105138779e-01;  1,448840045929e+01
  7,224057912827e-01;  1,322780513763e+01
  7,148686051369e-01;  1,236019992828e+01
  7,094491124153e-01;  1,177163124084e+01
  7,055133581161e-01;  1,136254405975e+01
  7,024134993553e-01;  1,104440116882e+01
  7,000102400780e-01;  1,081176567078e+01
  6,979204416275e-01;  1,064534854889e+01
  6,974815726280e-01;  1,083691120148e+01
  7,104731202126e-01;  1,424266433716e+01
  7,237711548805e-01;  1,653883361816e+01
  7,406914830208e-01;  1,920353698730e+01
  7,581760287285e-01;  2,196596527100e+01
  7,738912701607e-01;  2,468477249146e+01
  7,878093123436e-01;  2,720647430420e+01
  8,002644181252e-01;  2,948441505432e+01
  8,113055229187e-01;  3,154248046875e+01
  8,215802907944e-01;  3,340946960449e+01
  8,348574638367e-01;  3,590402603149e+01
  8,463164567947e-01;  3,805837249756e+01
  8,588761091232e-01;  4,047333526611e+01
  8,708227276802e-01;  4,283942031860e+01
  8,813483119011e-01;  4,493106842041e+01
  8,916579484940e-01;  4,696429061890e+01
  8,979969620705e-01;  4,817478179932e+01
  9,018282890320e-01;  4,884983825684e+01
  9,043917655945e-01;  4,924782562256e+01
  9,057152867317e-01;  4,919220733643e+01
  8,956703543663e-01;  4,456875228882e+01
  8,834520578384e-01;  4,149364852905e+01
  8,682174682617e-01;  3,802613449097e+01
  8,523141741753e-01;  3,464918899536e+01
  8,386608362198e-01;  3,167584037781e+01
  8,266584873199e-01;  2,920309257507e+01
  8,163279891014e-01;  2,717699050903e+01
  8,026537895203e-01;  2,473477554321e+01
  7,913340926170e-01;  2,279500389099e+01
  7,782310843468e-01;  2,072813796997e+01
  7,671343088150e-01;  1,909346389771e+01
  7,559190988541e-01;  1,746632575989e+01
  7,443555593491e-01;  1,593142986298e+01
  7,332100272179e-01;  1,449962902069e+01
  7,227053642273e-01;  1,323266315460e+01
  7,151472568512e-01;  1,236811161041e+01
  7,096928954124e-01;  1,177242755890e+01
  7,057571411133e-01;  1,135838699341e+01
  7,026642560959e-01;  1,104213047028e+01
  7,002749443054e-01;  1,081567573547e+01
  6,981642246246e-01;  1,064607715607e+01
  6,977602243423e-01;  1,082130908966e+01
  7,101387381554e-01;  1,414301681519e+01
  7,232277989388e-01;  1,641394996643e+01
  7,400158047676e-01;  1,907235527039e+01
  7,575491070747e-01;  2,183666610718e+01
  7,733688354492e-01;  2,455976295471e+01
  7,873216867447e-01;  2,709051704407e+01
  7,998464703560e-01;  2,937888717651e+01
  8,109432458878e-01;  3,144373321533e+01
  8,212668299675e-01;  3,331823730469e+01
  8,346136212349e-01;  3,582419586182e+01
  8,461074829102e-01;  3,799325561523e+01
  8,587855696678e-01;  4,042329025269e+01
  8,707531094551e-01;  4,280024719238e+01
  8,813622593880e-01;  4,489503097534e+01
  8,917136788368e-01;  4,694387054443e+01
  8,980875611305e-01;  4,816394805908e+01
  9,019885063171e-01;  4,884669876099e+01
  9,045450091362e-01;  4,925530242920e+01
  9,058197736740e-01;  4,919440460205e+01
  8,957887887955e-01;  4,457082366943e+01
  8,835704922676e-01;  4,149883651733e+01
  8,683707118034e-01;  3,802723312378e+01
  8,524534702301e-01;  3,464609146118e+01
  8,387792706490e-01;  3,167465209961e+01
  8,267769217491e-01;  2,920071220398e+01
  8,164672851563e-01;  2,717116737366e+01
  8,027582764626e-01;  2,473296356201e+01
  7,914455533028e-01;  2,279532051086e+01
  7,783843278885e-01;  2,073237800598e+01
  7,672805786133e-01;  1,909856414795e+01
  7,560235857964e-01;  1,746891593933e+01
  7,445297241211e-01;  1,593096637726e+01
  7,333284616470e-01;  1,449487113953e+01
  7,228446602821e-01;  1,323550891876e+01
  7,152866125107e-01;  1,235971736908e+01
  7,098531126976e-01;  1,177185058594e+01
  7,058686017990e-01;  1,135805416107e+01
  7,028314471245e-01;  1,104698657990e+01
  7,004142403603e-01;  1,081293582916e+01
  6,983383893967e-01;  1,064249515533e+01
  6,979204416275e-01;  1,081544303894e+01
  7,052834630013e-01;  1,321932315826e+01
  7,163036465645e-01;  1,520226192474e+01
  7,313988804817e-01;  1,770763587952e+01
  7,490158081055e-01;  2,043761634827e+01
  7,659640312195e-01;  2,320036506653e+01
  7,805298566818e-01;  2,584198188782e+01
  7,939881086349e-01;  2,825693702698e+01
  8,056282401085e-01;  3,042846870422e+01
  8,164255023003e-01;  3,240000915527e+01
  8,305176496506e-01;  3,502367401123e+01
  8,425687551498e-01;  3,729984664917e+01
  8,528644442558e-01;  3,926462936401e+01
  8,641353845596e-01;  4,144324874878e+01
  8,747933506966e-01;  4,357272720337e+01
  8,855975866318e-01;  4,570174407959e+01
  8,949528336525e-01;  4,753732299805e+01
  8,999683260918e-01;  4,846755599976e+01
  9,033120274544e-01;  4,903823089600e+01
  9,054714441299e-01;  4,935570526123e+01
  9,059939384460e-01;  4,912422180176e+01
  8,942423462868e-01;  4,413717651367e+01
  8,815364241600e-01;  4,098154449463e+01
  8,660371303558e-01;  3,749717712402e+01
  8,504124283791e-01;  3,417179870605e+01
  8,370378017426e-01;  3,127775764465e+01
  8,252931833267e-01;  2,887705039978e+01
  8,151925206184e-01;  2,690831375122e+01
  8,017063736916e-01;  2,453286552429e+01
  7,906305193901e-01;  2,263254928589e+01
  7,777086496353e-01;  2,060420036316e+01
  7,667720913887e-01;  1,899023056030e+01
  7,556056380272e-01;  1,738866806030e+01
  7,442162632942e-01;  1,587380504608e+01
  7,332100272179e-01;  1,445316791534e+01
  7,227192521095e-01;  1,319590663910e+01
  7,153214216232e-01;  1,235101604462e+01
  7,099018692970e-01;  1,175674438477e+01
  7,060009241104e-01;  1,134418582916e+01
  7,029359340668e-01;  1,103109169006e+01
  7,005884051323e-01;  1,080101585388e+01
  6,985473632813e-01;  1,065423679352e+01
  6,981990933418e-01;  1,087980556488e+01
  7,122355103493e-01;  1,444252777100e+01
  7,259305715561e-01;  1,678627014160e+01
  7,430668473244e-01;  1,947260665894e+01
  7,604609131813e-01;  2,223834609985e+01
  7,758765816689e-01;  2,494254493713e+01
  7,896900773048e-01;  2,743970680237e+01
  8,019153475761e-01;  2,969452857971e+01
  8,128728270531e-01;  3,173103332520e+01
  8,230292201042e-01;  3,358063125610e+01
  8,361461758614e-01;  3,605179977417e+01
  8,474449515343e-01;  3,818537139893e+01
  8,598861694336e-01;  4,057275390625e+01
  8,716655969620e-01;  4,291095352173e+01
  8,821285367012e-01;  4,498002243042e+01
  8,922848701477e-01;  4,699806976318e+01
  8,985055088997e-01;  4,818392181396e+01
  9,023715853691e-01;  4,885901260376e+01
  9,049142003059e-01;  4,926496505737e+01
  9,061332345009e-01;  4,897998046875e+01
  8,915256261826e-01;  4,340573883057e+01
  8,780185580254e-01;  4,012539672852e+01
  8,620874285698e-01;  3,663978195190e+01
  8,470548391342e-01;  3,340417480469e+01
  8,340772390366e-01;  3,063290786743e+01
  8,228062987328e-01;  2,835166549683e+01
  8,084146380424e-01;  2,564471817017e+01
  7,960291504860e-01;  2,353187370300e+01
  7,857055664063e-01;  2,180298614502e+01
  7,734106183052e-01;  1,995219230652e+01
  7,612132430077e-01;  1,813187408447e+01
  7,507642507553e-01;  1,669425964355e+01
  7,404685616493e-01;  1,536238002777e+01
  7,293926477432e-01;  1,396445274353e+01
  7,200582623482e-01;  1,286311340332e+01
  7,134197354317e-01;  1,211487865448e+01
  7,085992693901e-01;  1,159730434418e+01
  7,050257325172e-01;  1,122629547119e+01
  7,022601962090e-01;  1,094655990601e+01
  7,000311017036e-01;  1,073055171967e+01
  6,984428763390e-01;  1,086126613617e+01
  7,119011282921e-01;  1,434770011902e+01
  7,254081368446e-01;  1,666894721985e+01
  7,424329519272e-01;  1,934478569031e+01
  7,598478794098e-01;  2,211207389832e+01
  7,753750085831e-01;  2,482311630249e+01
  7,892373204231e-01;  2,733231544495e+01
  8,015740513802e-01;  2,959669303894e+01
  8,125733137131e-01;  3,164231872559e+01
  8,227505683899e-01;  3,349909591675e+01
  8,359162807465e-01;  3,598200225830e+01
  8,473125696182e-01;  3,812558364868e+01
  8,598164916039e-01;  4,052861785889e+01
  8,716238141060e-01;  4,287969207764e+01
  8,821285367012e-01;  4,495434188843e+01
  8,923754692078e-01;  4,697968673706e+01
  8,986099958420e-01;  4,817368316650e+01
  9,025109410286e-01;  4,885776138306e+01
  9,050883650780e-01;  4,925753021240e+01
  9,063213467598e-01;  4,916546249390e+01
  8,957191109657e-01;  4,443141555786e+01
  8,833614587784e-01;  4,133336257935e+01
  8,680990338326e-01;  3,786309432983e+01
  8,522793054581e-01;  3,450209045410e+01
  8,386887311935e-01;  3,155547714233e+01
  8,267769217491e-01;  2,910320854187e+01
  8,165160417557e-01;  2,709477615356e+01
  8,029115200043e-01;  2,467343711853e+01
  7,916614413261e-01;  2,274495315552e+01
  7,786699533463e-01;  2,068842887878e+01
  7,675522565842e-01;  1,906008148193e+01
  7,564206123352e-01;  1,743737602234e+01
  7,449476718903e-01;  1,590417194366e+01
  7,338160872459e-01;  1,447858905792e+01
  7,233322858810e-01;  1,321299839020e+01
  7,158438563347e-01;  1,235998916626e+01
  7,103894948959e-01;  1,175873374939e+01
  7,064885497093e-01;  1,134894275665e+01
  7,034444212914e-01;  1,104115962982e+01
  7,010551095009e-01;  1,081392192841e+01
  6,989653110504e-01;  1,065510368347e+01
  6,986240148544e-01;  1,087967777252e+01
  7,126674056053e-01;  1,444616031647e+01
  7,263833880424e-01;  1,679385185242e+01
  7,434987425804e-01;  1,947829246521e+01
  7,609136700630e-01;  2,224601364136e+01
  7,762805819511e-01;  2,494951438904e+01
  7,901080846786e-01;  2,744800567627e+01
  8,023194074631e-01;  2,969948959351e+01
  8,132907748222e-01;  3,173736763000e+01
  8,234471678734e-01;  3,358608245850e+01
  8,365292549133e-01;  3,605789566040e+01
  8,478489518166e-01;  3,819488143921e+01
  8,602832555771e-01;  4,058155822754e+01
  8,720626831055e-01;  4,291998672485e+01
  8,824977278709e-01;  4,499285888672e+01
  8,926331996918e-01;  4,700185394287e+01
  8,988119959831e-01;  4,818245315552e+01
  9,026781320572e-01;  4,886855697632e+01
  9,052624702454e-01;  4,926087188721e+01
  9,065163731575e-01;  4,910163116455e+01
  8,941866159439e-01;  4,400365829468e+01
  8,813274502754e-01;  4,082060241699e+01
  8,657306432724e-01;  3,733301162720e+01
  8,501895666122e-01;  3,402201843262e+01
  8,369333148003e-01;  3,115007972717e+01
  8,252583146095e-01;  2,877038002014e+01
  8,152133822441e-01;  2,681693840027e+01
  8,017830252647e-01;  2,445611000061e+01
  7,907698154449e-01;  2,256912994385e+01
  7,779176235199e-01;  2,054961204529e+01
  7,669949531555e-01;  1,894398117065e+01
  7,559539079666e-01;  1,734357452393e+01
  7,446202635765e-01;  1,583317947388e+01
  7,336419224739e-01;  1,442728519440e+01
  7,233322858810e-01;  1,318443202972e+01
  7,158786654472e-01;  1,233292961121e+01
  7,104939818382e-01;  1,175079727173e+01
  7,065582275391e-01;  1,134218311310e+01
  7,035628557205e-01;  1,103360271454e+01
  7,011944055557e-01;  1,080391216278e+01
  6,990907192230e-01;  1,065579223633e+01
  6,988747715950e-01;  1,073887252808e+01
  7,140396833420e-01;  1,464860057831e+01
  7,281736135483e-01;  1,704829406738e+01
  7,454631924629e-01;  1,975077438354e+01
  7,627944946289e-01;  2,252154350281e+01
  7,778479456902e-01;  2,520998191833e+01
  7,916057705879e-01;  2,768475532532e+01
  8,036220669746e-01;  2,991532516479e+01
  8,145446777344e-01;  3,193326568604e+01
  8,245826363564e-01;  3,376582717896e+01
  8,374696969986e-01;  3,621688079834e+01
  8,487197160721e-01;  3,832547760010e+01
  8,609798550606e-01;  4,068424606323e+01
  8,725990653038e-01;  4,299685668945e+01
  8,829504847527e-01;  4,504636383057e+01
  8,929675817490e-01;  4,703345489502e+01
  8,990976214409e-01;  4,819765472412e+01
  9,029219150543e-01;  4,888068389893e+01
  9,054714441299e-01;  4,927664947510e+01
  9,066208600998e-01;  4,898234558105e+01
  8,920131921768e-01;  4,340583419800e+01
  8,785061836243e-01;  4,012729263306e+01
  8,625889420509e-01;  3,663988876343e+01
  8,475424647331e-01;  3,340873718262e+01
  8,346136212349e-01;  3,063883209229e+01
  8,232939243317e-01;  2,835646057129e+01
  8,089231252670e-01;  2,564777374268e+01
  7,965028285980e-01;  2,353351020813e+01
  7,861931920052e-01;  2,180553817749e+01
  7,739121913910e-01;  1,995383453369e+01
  7,617356777191e-01;  1,813556861877e+01
  7,512866854668e-01;  1,669814682007e+01
  7,409909963608e-01;  1,534843063354e+01
  7,299708724022e-01;  1,395494651794e+01
  7,206643223763e-01;  1,285036563873e+01
  7,140814661980e-01;  1,210484123230e+01
  7,092471122742e-01;  1,158411026001e+01
  7,056874632835e-01;  1,121954059601e+01
  7,029498815536e-01;  1,094500732422e+01
  7,007416486740e-01;  1,072740936279e+01
  6,991255283356e-01;  1,078178882599e+01
  7,103337645531e-01;  1,394121170044e+01
  7,230396866798e-01;  1,615965270996e+01
  7,395072579384e-01;  1,879313278198e+01
  7,571172118187e-01;  2,155385589600e+01
  7,730901837349e-01;  2,428736114502e+01
  7,871614694595e-01;  2,684371948242e+01
  7,998464703560e-01;  2,915861511230e+01
  8,109571933746e-01;  3,124501800537e+01
  8,214409947395e-01;  3,314020919800e+01
  8,348922729492e-01;  3,566857910156e+01
  8,464557528496e-01;  3,785403060913e+01
  8,592592477798e-01;  4,030635452271e+01
  8,714008927345e-01;  4,271525955200e+01
  8,821285367012e-01;  4,484677886963e+01
  8,925495743752e-01;  4,691601181030e+01
  8,989374041557e-01;  4,813753890991e+01
  9,028940796852e-01;  4,884391021729e+01
  9,054714441299e-01;  4,925605010986e+01
  9,067253470421e-01;  4,921251678467e+01
  8,916161656380e-01;  4,326221084595e+01
  8,779489398003e-01;  3,995644378662e+01
  8,619829416275e-01;  3,647196197510e+01
  8,470687866211e-01;  3,326137542725e+01
  8,342165946960e-01;  3,051298904419e+01
  8,230152726173e-01;  2,825300025940e+01
  8,087141513824e-01;  2,556792640686e+01
  7,963774204254e-01;  2,347246932983e+01
  7,861235141754e-01;  2,176136016846e+01
  7,739121913910e-01;  1,992456626892e+01
  7,617356777191e-01;  1,811122512817e+01
  7,513215541840e-01;  1,667963600159e+01
  7,410676479340e-01;  1,534127235413e+01
  7,300404906273e-01;  1,395073318481e+01
  7,207548618317e-01;  1,285121250153e+01
  7,141859531403e-01;  1,210604763031e+01
  7,093515992165e-01;  1,158551120758e+01
  7,058268189430e-01;  1,121910190582e+01
  7,030612826347e-01;  1,094441318512e+01
  7,008461356163e-01;  1,073164463043e+01
  6,992230415344e-01;  1,079492950439e+01
  7,109955549240e-01;  1,402732658386e+01
  7,238895297050e-01;  1,627338027954e+01
  7,404825091362e-01;  1,892337608337e+01
  7,580924630165e-01;  2,168861770630e+01
  7,739470005035e-01;  2,442083549500e+01
  7,879834175110e-01;  2,696682548523e+01
  8,005222082138e-01;  2,926725959778e+01
  8,116398453712e-01;  3,133979606628e+01
  8,220191597939e-01;  3,322366333008e+01
  8,354147076607e-01;  3,573918914795e+01
  8,469782471657e-01;  3,791809082031e+01
  8,597120046616e-01;  4,036282348633e+01
  8,717283010483e-01;  4,275748062134e+01
  8,823723196983e-01;  4,487245559692e+01
  8,927376866341e-01;  4,693423080444e+01
  8,991115689278e-01;  4,814618301392e+01
  9,030333757401e-01;  4,884488677979e+01
  9,056456089020e-01;  4,925641250610e+01
  9,068995118141e-01;  4,919204330444e+01
  8,968406319618e-01;  4,457057952881e+01
  8,846710920334e-01;  4,150139617920e+01
  8,695061802864e-01;  3,803420257568e+01
  8,536376953125e-01;  3,465702438354e+01
  8,400122523308e-01;  3,168821334839e+01
  8,279959559441e-01;  2,921135711670e+01
  8,176654577255e-01;  2,718207550049e+01
  8,040608763695e-01;  2,474066543579e+01
  7,926715612411e-01;  2,280194473267e+01
  7,796939611435e-01;  2,073606491089e+01
  7,684787511826e-01;  1,910095787048e+01
  7,573680281639e-01;  1,747207450867e+01
  7,459020018578e-01;  1,593022537231e+01
  7,358362078667e-01;  1,463718986511e+01
  7,251921892166e-01;  1,333249568939e+01
  7,173415422440e-01;  1,243104648590e+01
  7,117478847504e-01;  1,181469631195e+01
  7,076379656792e-01;  1,138533306122e+01
  7,045381069183e-01;  1,107218933105e+01
  7,020791172981e-01;  1,082912349701e+01
  7,000450491905e-01;  1,063407707214e+01
  6,994668841362e-01;  1,087256240845e+01
  7,000450491905e-01;  1,151201725006e+01
  7,134545445442e-01;  1,443746471405e+01
  7,272540926933e-01;  1,678842735291e+01
  7,443137764931e-01;  1,947784805298e+01
  7,617704868317e-01;  2,225065612793e+01
  7,770468592644e-01;  2,495424270630e+01
  7,909230589867e-01;  2,745359611511e+01
  8,030856847763e-01;  2,970638656616e+01
  8,140918612480e-01;  3,174144744873e+01
  8,242343664169e-01;  3,358924865723e+01
  8,372746109962e-01;  3,606178283691e+01
  8,486152291298e-01;  3,819594955444e+01
  8,610355257988e-01;  4,058036804199e+01
  8,727453351021e-01;  4,291902923584e+01
  8,832082152367e-01;  4,499179458618e+01
  8,932949304581e-01;  4,699655151367e+01
  8,994807600975e-01;  4,818497085571e+01
  9,033468365669e-01;  4,888282012939e+01
  9,058894515038e-01;  4,927505493164e+01
  9,070039987564e-01;  4,920571899414e+01
  8,918390870094e-01;  4,325017166138e+01
  8,782066702843e-01;  3,994815826416e+01
  8,622615933418e-01;  3,646284866333e+01
  8,473334908485e-01;  3,324943923950e+01
  8,344743251801e-01;  3,050260162354e+01
  8,232939243317e-01;  2,824394989014e+01
  8,090276122093e-01;  2,556008148193e+01
  7,966769933701e-01;  2,346520042419e+01
  7,864369750023e-01;  2,175335884094e+01
  7,742604613304e-01;  1,991066551208e+01
  7,620839476585e-01;  1,809760856628e+01
  7,516907453537e-01;  1,666880989075e+01
  7,414298653603e-01;  1,532645416260e+01
  7,304375767708e-01;  1,394263362885e+01
  7,212076783180e-01;  1,284872055054e+01
  7,146735787392e-01;  1,209808540344e+01
  7,097625732422e-01;  1,158211326599e+01
  7,062447667122e-01;  1,121582126617e+01
  7,034931778908e-01;  1,094548702240e+01
  7,013337612152e-01;  1,073190402985e+01
  6,996619105339e-01;  1,080000591278e+01
  7,113995552063e-01;  1,403316020966e+01
  7,243493199348e-01;  1,627845954895e+01
  7,409004569054e-01;  1,892774963379e+01
  7,585243582726e-01;  2,169421195984e+01
  7,743440866470e-01;  2,442760276794e+01
  7,883805036545e-01;  2,697369384766e+01
  8,009401559830e-01;  2,927568054199e+01
  8,120578527451e-01;  3,135027122498e+01
  8,224162459373e-01;  3,323526000977e+01
  8,357978463173e-01;  3,575437545776e+01
  8,473613858223e-01;  3,793413543701e+01
  8,600463867188e-01;  4,037152481079e+01
  8,720278739929e-01;  4,275944519043e+01
  8,826718330383e-01;  4,487528228760e+01
  8,930302262306e-01;  4,693287658691e+01
  8,993762731552e-01;  4,814292526245e+01
  9,033468365669e-01;  4,885364151001e+01
  9,059242606163e-01;  4,926596832275e+01
  9,071432948112e-01;  4,901663970947e+01
  8,931068778038e-01;  4,355387496948e+01
  8,797948956490e-01;  4,029466629028e+01
  8,639821410179e-01;  3,680509567261e+01
  8,488311767578e-01;  3,355492782593e+01
  8,358326554298e-01;  3,076088714600e+01
  8,244224190712e-01;  2,845300674438e+01
  8,100307583809e-01;  2,572015953064e+01
  7,975128889084e-01;  2,359402656555e+01
  7,872520089149e-01;  2,186020278931e+01
  7,749431729317e-01;  1,999809455872e+01
  7,648355364799e-01;  1,849428176880e+01
  7,541567087173e-01;  1,699116134644e+01
  7,433803677559e-01;  1,557010650635e+01
  7,330010533333e-01;  1,424213981628e+01
  7,231093645096e-01;  1,305101108551e+01
  7,160180211067e-01;  1,224245071411e+01
  7,108074426651e-01;  1,167749404907e+01
  7,070667147636e-01;  1,128298282623e+01
  7,042106986046e-01;  1,099286937714e+01
  7,019258737564e-01;  1,076851463318e+01
  6,999614834785e-01;  1,087897014618e+01
  7,139003872871e-01;  1,444240665436e+01
  7,276721000671e-01;  1,679318428040e+01
  7,447526454926e-01;  1,948205947876e+01
  7,621884346008e-01;  2,225565147400e+01
  7,774439454079e-01;  2,495747947693e+01
  7,913131713867e-01;  2,745901298523e+01
  8,034687638283e-01;  2,970956993103e+01
  8,144611120224e-01;  3,174508094788e+01
  8,245965838432e-01;  3,359424972534e+01
  8,376089930534e-01;  3,606518936157e+01
  8,489426374435e-01;  3,820269775391e+01
  8,613629341125e-01;  4,058872222900e+01
  8,730379343033e-01;  4,292705917358e+01
  8,835077881813e-01;  4,499507141113e+01
  8,935735821724e-01;  4,700423431396e+01
  8,997524380684e-01;  4,818151092529e+01
  9,036464095116e-01;  4,887947082520e+01
  9,062029123306e-01;  4,927833938599e+01
  9,072477817535e-01;  4,920999908447e+01
  8,921176791191e-01;  4,325905990601e+01
  8,785061836243e-01;  3,995661163330e+01
  8,625053763390e-01;  3,647125244141e+01
  8,476121425629e-01;  3,325865173340e+01
  8,347877860069e-01;  3,050903129578e+01
  8,235725760460e-01;  2,824971199036e+01
  8,093062639236e-01;  2,556311988831e+01
  7,969416975975e-01;  2,346312522888e+01
  7,867295742035e-01;  2,174491310120e+01
  7,745391130447e-01;  1,990347290039e+01
  7,623625993729e-01;  1,809710311890e+01
  7,520181536674e-01;  1,667051124573e+01
  7,417224645615e-01;  1,533125305176e+01
  7,307858467102e-01;  1,394312286377e+01
  7,215211391449e-01;  1,284204864502e+01
  7,149382829666e-01;  1,210433006287e+01
  7,100620865822e-01;  1,157786655426e+01
  7,065582275391e-01;  1,121388053894e+01
  7,038275599480e-01;  1,094246292114e+01
  7,016681432724e-01;  1,072741699219e+01
  7,000102400780e-01;  1,081651687622e+01
  7,122982144356e-01;  1,412995624542e+01
  7,254778146744e-01;  1,640527725220e+01
  7,421891689301e-01;  1,906477928162e+01
  7,597433924675e-01;  2,183470535278e+01
  7,754238247871e-01;  2,455972480774e+01
  7,894253730774e-01;  2,709849929810e+01
  8,018665909767e-01;  2,938661003113e+01
  8,129425048828e-01;  3,145226097107e+01
  8,232521414757e-01;  3,332870483398e+01
  8,365432024002e-01;  3,583627700806e+01
  8,480231165886e-01;  3,800365447998e+01
  8,606524467468e-01;  4,043178939819e+01
  8,725851178169e-01;  4,280989456177e+01
  8,831943273544e-01;  4,491336441040e+01
  8,934203386307e-01;  4,694670104980e+01
  8,997245430946e-01;  4,815459823608e+01
  9,036742448807e-01;  4,886968231201e+01
  9,062377214432e-01;  4,926650238037e+01
  9,074776768684e-01;  4,898314666748e+01
  8,928142786026e-01;  4,340357971191e+01
  8,793421387672e-01;  4,012308502197e+01
  8,634248971939e-01;  3,663311767578e+01
  8,483923077583e-01;  3,340267181396e+01
  8,355053067207e-01;  3,062961578369e+01
  8,241646885872e-01;  2,834517669678e+01
  8,098426461220e-01;  2,563531112671e+01
  7,974223494530e-01;  2,352352523804e+01
  7,871823310852e-01;  2,179716491699e+01
  7,749570608139e-01;  1,994753456116e+01
  7,649051547050e-01;  1,845923614502e+01
  7,542820572853e-01;  1,696369552612e+01
  7,434848546982e-01;  1,553856849670e+01
  7,331960797310e-01;  1,422136878967e+01
  7,233322858810e-01;  1,304123687744e+01
  7,162618041039e-01;  1,222963714600e+01
  7,111278772354e-01;  1,166537761688e+01
  7,073802351952e-01;  1,127538871765e+01
  7,045171856880e-01;  1,099124717712e+01
  7,022393345833e-01;  1,076864719391e+01
  7,002749443054e-01;  1,090173912048e+01
  7,148268222809e-01;  1,455388355255e+01
  7,288005948067e-01;  1,692806243896e+01
  7,459159493446e-01;  1,962285614014e+01
  7,633308768272e-01;  2,239685821533e+01
  7,784748673439e-01;  2,509279060364e+01
  7,923371791840e-01;  2,758228492737e+01
  8,043534755707e-01;  2,982345199585e+01
  8,153597116470e-01;  3,185369873047e+01
  8,253976702690e-01;  3,369213485718e+01
  8,383752703667e-01;  3,615301513672e+01
  8,496252894402e-01;  3,827553939819e+01
  8,619062900543e-01;  4,064558029175e+01
  8,735812902451e-01;  4,297696304321e+01
  8,839605450630e-01;  4,503611755371e+01
  8,947578072548e-01;  4,717750549316e+01
  9,005256295204e-01;  4,827868270874e+01
  9,042524099350e-01;  4,893686676025e+01
  9,066696166992e-01;  4,930828094482e+01
  9,075264334679e-01;  4,921265792847e+01
  8,924172520638e-01;  4,326778411865e+01
  8,787500262260e-01;  3,996388244629e+01
  8,627840280533e-01;  3,647633743286e+01
  8,478559255600e-01;  3,326126861572e+01
  8,350176811218e-01;  3,051217651367e+01
  8,238163590431e-01;  2,824939537048e+01
  8,095361590385e-01;  2,555561828613e+01
  7,971645593643e-01;  2,345532226563e+01
  7,869594693184e-01;  2,173619651794e+01
  7,747829556465e-01;  1,989733505249e+01
  7,626064419746e-01;  1,809201049805e+01
  7,522619366646e-01;  1,666890335083e+01
  7,419801950455e-01;  1,532100486755e+01
  7,310296893120e-01;  1,394240188599e+01
  7,217858433723e-01;  1,284815979004e+01
  7,151821255684e-01;  1,208904075623e+01
  7,103756070137e-01;  1,156702995300e+01
  7,068368792534e-01;  1,119835090637e+01
  7,041689157486e-01;  1,093523693085e+01
  7,019954919815e-01;  1,071924209595e+01
  7,006023526192e-01;  1,074387741089e+01
  7,156627774239e-01;  1,465307235718e+01
  7,298663854599e-01;  1,705544281006e+01
  7,470653653145e-01;  1,976189422607e+01
  7,644523978233e-01;  2,253739166260e+01
  7,794292569160e-01;  2,522481536865e+01
  7,932079434395e-01;  2,770332527161e+01
  8,051545619965e-01;  2,993159675598e+01
  8,161468505859e-01;  3,195416450500e+01
  8,306430578232e-01;  3,464501571655e+01
  8,429379463196e-01;  3,698290634155e+01
  8,535122871399e-01;  3,899600219727e+01
  8,650270700455e-01;  4,122897720337e+01
  8,759496808052e-01;  4,341417694092e+01
  8,869768381119e-01;  4,560115432739e+01
  8,964296579361e-01;  4,747069931030e+01
  9,015983939171e-01;  4,845011138916e+01
  9,050326347351e-01;  4,904716873169e+01
  9,071781039238e-01;  4,935511016846e+01
  9,077005982399e-01;  4,910158920288e+01
  8,953568935394e-01;  4,399459075928e+01
  8,825255632401e-01;  4,081274032593e+01
  8,670123815536e-01;  3,732613372803e+01
  8,514782190323e-01;  3,402007675171e+01
  8,382916450500e-01;  3,114928245544e+01
  8,265888094902e-01;  2,877404403687e+01
  8,165369629860e-01;  2,681625366211e+01
  8,031762242317e-01;  2,445042610168e+01
  7,920794487000e-01;  2,256173896790e+01
  7,793247103691e-01;  2,054061508179e+01
  7,683393955231e-01;  1,893498802185e+01
  7,574515938759e-01;  1,734297752380e+01
  7,461458444595e-01;  1,583113288879e+01
  7,350699305534e-01;  1,441633892059e+01
  7,248857021332e-01;  1,317789745331e+01
  7,174112200737e-01;  1,232257080078e+01
  7,120613455772e-01;  1,173390293121e+01
  7,081255912781e-01;  1,131799030304e+01
  7,051998376846e-01;  1,101890850067e+01
  7,029359340668e-01;  1,079295539856e+01
  7,008461356163e-01;  1,066849422455e+01
  7,006580233574e-01;  1,076733589172e+01
  7,112742066383e-01;  1,383868122101e+01
  7,238407731056e-01;  1,603014183044e+01
  7,400993704796e-01;  1,865534210205e+01
  7,577790021896e-01;  2,142048454285e+01
  7,738216519356e-01;  2,416710281372e+01
  7,879834175110e-01;  2,673914527893e+01
  8,006615042686e-01;  2,906880378723e+01
  8,118627667427e-01;  3,116372108459e+01
  8,223674893379e-01;  3,306946945190e+01
  8,358326554298e-01;  3,561483764648e+01
  8,475006818771e-01;  3,781283569336e+01
  8,602693080902e-01;  4,027643966675e+01
  8,702863454819e-01;  4,225572204590e+01
  8,816269636154e-01;  4,451539230347e+01
  8,917276263237e-01;  4,653627777100e+01
  8,989582657814e-01;  4,793957901001e+01
  9,033468365669e-01;  4,873558044434e+01
  9,062029123306e-01;  4,919512557983e+01
  9,078747034073e-01;  4,907559585571e+01
  8,949737548828e-01;  4,386017227173e+01
  8,819891810417e-01;  4,065171432495e+01
  8,663157820702e-01;  3,716095352173e+01
  8,509557843208e-01;  3,386677551270e+01
  8,378179669380e-01;  3,101467704773e+01
  8,261987566948e-01;  2,866013145447e+01
  8,116398453712e-01;  2,587029266357e+01
  7,989408969879e-01;  2,370732307434e+01
  7,886103987694e-01;  2,195036125183e+01
  7,763015031815e-01;  2,006061363220e+01
  7,659848928452e-01;  1,854836845398e+01
  7,553478479385e-01;  1,703777122498e+01
  7,445088028908e-01;  1,559691333771e+01
  7,340111136436e-01;  1,425623512268e+01
  7,240985631943e-01;  1,306639862061e+01
  7,169584035873e-01;  1,224135017395e+01
  7,118175625801e-01;  1,167722702026e+01
  7,079862356186e-01;  1,128004264832e+01
  7,051302194595e-01;  1,099564838409e+01
  7,028523087502e-01;  1,077399730682e+01
  7,008461356163e-01;  1,078241825104e+01
  7,072408795357e-01;  1,305123519897e+01
  7,178012728691e-01;  1,497713279724e+01
  7,325969934464e-01;  1,744565773010e+01
  7,500676512718e-01;  2,017265510559e+01
  7,671830654144e-01;  2,294703674316e+01
  7,818673253059e-01;  2,561100006104e+01
  7,954230904579e-01;  2,805502891541e+01
  8,071259260178e-01;  3,025298309326e+01
  8,180624842644e-01;  3,224703598022e+01
  8,322452306747e-01;  3,490095520020e+01
  8,444008231163e-01;  3,719884490967e+01
  8,547452688217e-01;  3,917874526978e+01
  8,660719394684e-01;  4,137637710571e+01
  8,768134713173e-01;  4,352465438843e+01
  8,876664638519e-01;  4,568134689331e+01
  8,968824148178e-01;  4,751420211792e+01
  9,019885063171e-01;  4,847415542603e+01
  9,054018259048e-01;  4,905927658081e+01
  9,075264334679e-01;  4,935628890991e+01
  9,080280065536e-01;  4,913045883179e+01
  8,962624669075e-01;  4,415042114258e+01
  8,835913538933e-01;  4,099373626709e+01
  8,681129813194e-01;  3,750390625000e+01
  8,525231480598e-01;  3,417391586304e+01
  8,391624093056e-01;  3,127553367615e+01
  8,274038434029e-01;  2,887436103821e+01
  8,172683715820e-01;  2,689859962463e+01
  8,038867712021e-01;  2,451456451416e+01
  7,926715612411e-01;  2,261050987244e+01
  7,799029350281e-01;  2,057472610474e+01
  7,688618302345e-01;  1,896365547180e+01
  7,579392194748e-01;  1,736260604858e+01
  7,466195225716e-01;  1,584361076355e+01
  7,354878783226e-01;  1,442072868347e+01
  7,252827286720e-01;  1,318145561218e+01
  7,178082466125e-01;  1,232393741608e+01
  7,124444842339e-01;  1,174088668823e+01
  7,084390521049e-01;  1,131527137756e+01
  7,055481672287e-01;  1,102552127838e+01
  7,032284736633e-01;  1,079004669189e+01
  7,012083530426e-01;  1,070294475555e+01
  7,009854316711e-01;  1,083840942383e+01
  7,138376832008e-01;  1,424019527435e+01
  7,272540926933e-01;  1,654376602173e+01
  7,440699934959e-01;  1,921748352051e+01
  7,616799473763e-01;  2,199442672729e+01
  7,771304845810e-01;  2,471685600281e+01
  7,911738753319e-01;  2,724641799927e+01
  8,034339547157e-01;  2,952418136597e+01
  8,145446777344e-01;  3,158458709717e+01
  8,247358798981e-01;  3,345371246338e+01
  8,379573225975e-01;  3,595197296143e+01
  8,493675589561e-01;  3,810846710205e+01
  8,618366122246e-01;  4,051491546631e+01
  8,736648559570e-01;  4,287876892090e+01
  8,842182755470e-01;  4,497143554688e+01
  8,943050503731e-01;  4,698048782349e+01
  9,005047082901e-01;  4,817992401123e+01
  9,044613838196e-01;  4,888541412354e+01
  9,069830775261e-01;  4,928159332275e+01
  9,080488681793e-01;  4,914504623413e+01
  8,967988491058e-01;  4,427696228027e+01
  8,843227624893e-01;  4,114735794067e+01
  8,689837455750e-01;  3,766634750366e+01
  8,532894253731e-01;  3,432261657715e+01
  8,398590087891e-01;  3,139793014526e+01
  8,279959559441e-01;  2,897039604187e+01
  8,178047537804e-01;  2,697585105896e+01
  8,043395280838e-01;  2,457029914856e+01
  7,930825352669e-01;  2,265824699402e+01
  7,802860140800e-01;  2,061247253418e+01
  7,691404819489e-01;  1,899526023865e+01
  7,582666277885e-01;  1,738819313049e+01
  7,469120621681e-01;  1,585754203796e+01
  7,369019985199e-01;  1,458089733124e+01
  7,263764142990e-01;  1,329593276978e+01
  7,186442017555e-01;  1,239073562622e+01
  7,131410837173e-01;  1,178485202789e+01
  7,090520262718e-01;  1,135435009003e+01
  7,060009241104e-01;  1,105234527588e+01
  7,036673426628e-01;  1,082117462158e+01
  7,016124129295e-01;  1,064034843445e+01
  7,012153267860e-01;  1,078490161896e+01
  7,123399972916e-01;  1,393610668182e+01
  7,251643538475e-01;  1,615901184082e+01
  7,415622472763e-01;  1,879915237427e+01
  7,593114972115e-01;  2,157479476929e+01
  7,751799821854e-01;  2,431659507751e+01
  7,893208861351e-01;  2,688245964050e+01
  8,018805384636e-01;  2,920013237000e+01
  8,130957484245e-01;  3,129125595093e+01
  8,234820365906e-01;  3,318879699707e+01
  8,369263410568e-01;  3,572343063354e+01
  8,485107421875e-01;  3,791465377808e+01
  8,612096905708e-01;  4,036495590210e+01
  8,732120394707e-01;  4,276285934448e+01
  8,839048147202e-01;  4,488230133057e+01
  8,942562341690e-01;  4,693499374390e+01
  9,005047082901e-01;  4,815488815308e+01
  9,045658707619e-01;  4,887994003296e+01
  9,070736169815e-01;  4,927395248413e+01
  9,083065986633e-01;  4,902108383179e+01
  8,941378593445e-01;  4,355273437500e+01
  8,808537125587e-01;  4,029067611694e+01
  8,650131225586e-01;  3,679492568970e+01
  8,498412370682e-01;  3,353942489624e+01
  8,368775844574e-01;  3,073703575134e+01
  8,254534006119e-01;  2,843011856079e+01
  8,110477328300e-01;  2,568746757507e+01
  7,985229492188e-01;  2,355893135071e+01
  7,882481217384e-01;  2,182429504395e+01
  7,760367989540e-01;  1,996117973328e+01
  7,658804059029e-01;  1,846372032166e+01
  7,553269863129e-01;  1,696801757813e+01
  7,445994019508e-01;  1,554174232483e+01
  7,341295480728e-01;  1,421289253235e+01
  7,243562936783e-01;  1,303520774841e+01
  7,172370553017e-01;  1,222026824951e+01
  7,121518850327e-01;  1,165765476227e+01
  7,083693742752e-01;  1,125793647766e+01
  7,055481672287e-01;  1,098248291016e+01
  7,033190727234e-01;  1,075924396515e+01
  7,013685703278e-01;  1,087364673615e+01
  7,153632044792e-01;  1,444393539429e+01
  7,292045950890e-01;  1,680124473572e+01
  7,462294101715e-01;  1,949548339844e+01
  7,637697458267e-01;  2,227906608582e+01
  7,789624929428e-01;  2,498453140259e+01
  7,928944230080e-01;  2,749425506592e+01
  8,049664497375e-01;  2,974872398376e+01
  8,160771727562e-01;  3,178848075867e+01
  8,260942697525e-01;  3,364051818848e+01
  8,391414880753e-01;  3,611677932739e+01
  8,504472970963e-01;  3,825303649902e+01
  8,627770543098e-01;  4,063937377930e+01
  8,744311332703e-01;  4,297862625122e+01
  8,848313093185e-01;  4,504219436646e+01
  8,955937027931e-01;  4,717445755005e+01
  9,013546109200e-01;  4,829039382935e+01
  9,051928520203e-01;  4,895762252808e+01
  9,075264334679e-01;  4,931512832642e+01
  9,083971977234e-01;  4,912252807617e+01
  8,965550065041e-01;  4,412691116333e+01
  8,839048147202e-01;  4,096914291382e+01
  8,684264421463e-01;  3,748212051392e+01
  8,528366088867e-01;  3,415499877930e+01
  8,395107388496e-01;  3,125990867615e+01
  8,277382254601e-01;  2,886060333252e+01
  8,175957798958e-01;  2,688231468201e+01
  8,042141199112e-01;  2,449365043640e+01
  7,930198311806e-01;  2,259028434753e+01
  7,803069353104e-01;  2,055720138550e+01
  7,692101597786e-01;  1,894965171814e+01
  7,583571672440e-01;  1,735126113892e+01
  7,470722794533e-01;  1,583151721954e+01
  7,370691895485e-01;  1,455551242828e+01
  7,266759276390e-01;  1,327633190155e+01
  7,189785242081e-01;  1,238374805450e+01
  7,134893536568e-01;  1,177478122711e+01
  7,093794345856e-01;  1,134375476837e+01
  7,063910365105e-01;  1,104032516479e+01
  7,040156722069e-01;  1,081416034698e+01
  7,019954919815e-01;  1,065068817139e+01
  7,016124129295e-01;  1,085729598999e+01
  7,058128714561e-01;  1,260572147369e+01
  7,213539481163e-01;  1,544715785980e+01
  7,368462681770e-01;  1,800209617615e+01
  7,545398473740e-01;  2,075874710083e+01
  7,711745500565e-01;  2,352915573120e+01
  7,856150269508e-01;  2,615622138977e+01
  7,987110018730e-01;  2,855100059509e+01
  8,101909756660e-01;  3,069872093201e+01
  8,209533691406e-01;  3,265078735352e+01
  8,348017334938e-01;  3,525951766968e+01
  8,467344045639e-01;  3,751529693604e+01
  8,568211197853e-01;  3,946042633057e+01
  8,677925467491e-01;  4,160819244385e+01
  8,783181309700e-01;  4,370981597900e+01
  8,888158202171e-01;  4,580424880981e+01
  8,977044224739e-01;  4,756583023071e+01
  9,028034806252e-01;  4,851840209961e+01
  9,060984253883e-01;  4,908145523071e+01
  9,082230329514e-01;  4,935025024414e+01
  9,085713028908e-01;  4,912413024902e+01
  8,967152237892e-01;  4,413010025024e+01
  8,840441703796e-01;  4,097119522095e+01
  8,686006069183e-01;  3,748754501343e+01
  8,530107736588e-01;  3,416133880615e+01
  8,396987915039e-01;  3,126371002197e+01
  8,279262781143e-01;  2,885944366455e+01
  8,177908062935e-01;  2,688049316406e+01
  8,044300675392e-01;  2,449174690247e+01
  7,932079434395e-01;  2,259034347534e+01
  7,804811000824e-01;  2,055933570862e+01
  7,693982124329e-01;  1,894560623169e+01
  7,585521936417e-01;  1,735259628296e+01
  7,472812533379e-01;  1,584041404724e+01
  7,372432947159e-01;  1,455508613586e+01
  7,268640398979e-01;  1,327813243866e+01
  7,190969586372e-01;  1,237527084351e+01
  7,136635184288e-01;  1,177620220184e+01
  7,095396518707e-01;  1,134133529663e+01
  7,065582275391e-01;  1,103470897675e+01
  7,042594552040e-01;  1,081228160858e+01
  7,022253870964e-01;  1,064658260345e+01
  7,018213868141e-01;  1,083363533020e+01
  7,146387696266e-01;  1,424042129517e+01
  7,281109094620e-01;  1,655004692078e+01
  7,448779940605e-01;  1,922897338867e+01
  7,625297904015e-01;  2,201169395447e+01
  7,779315710068e-01;  2,473129653931e+01
  7,919749617577e-01;  2,725942230225e+01
  8,042141199112e-01;  2,953653335571e+01
  8,153805732727e-01;  3,159675979614e+01
  8,255161046982e-01;  3,346818542480e+01
  8,387026786804e-01;  3,597286987305e+01
  8,501477241516e-01;  3,813152694702e+01
  8,625680804253e-01;  4,053730773926e+01
  8,743614554405e-01;  4,288873672485e+01
  8,849009871483e-01;  4,497944641113e+01
  8,949667811394e-01;  4,698891067505e+01
  9,011177420616e-01;  4,818814849854e+01
  9,051231741905e-01;  4,890134048462e+01
  9,075961112976e-01;  4,928547668457e+01
  9,086757898331e-01;  4,917245101929e+01
  8,979343175888e-01;  4,441807174683e+01
  8,856114745140e-01;  4,131546401978e+01
  8,703699707985e-01;  3,783821487427e+01
  8,546059727669e-01;  3,447708129883e+01
  8,411129117012e-01;  3,152859115601e+01
  8,291662335396e-01;  2,907750701904e+01
  8,188983798027e-01;  2,706546783447e+01
  8,054401278496e-01;  2,463412284851e+01
  7,939741611481e-01;  2,270641326904e+01
  7,812125086784e-01;  2,064291000366e+01
  7,700112462044e-01;  1,901490402222e+01
  7,591443061829e-01;  1,740194129944e+01
  7,478385567665e-01;  1,587731266022e+01
  7,376821637154e-01;  1,457869243622e+01
  7,272680401802e-01;  1,330588722229e+01
  7,195010185242e-01;  1,239538002014e+01
  7,139979004860e-01;  1,178079605103e+01
  7,098670601845e-01;  1,134710884094e+01
  7,068368792534e-01;  1,104516410828e+01
  7,045032382011e-01;  1,081447410583e+01
  7,024831175804e-01;  1,064081954956e+01
  7,020651698112e-01;  1,076936721802e+01
  7,126534581184e-01;  1,384297752380e+01
  7,252548933029e-01;  1,604131126404e+01
  7,415273785591e-01;  1,867144393921e+01
  7,592766880989e-01;  2,144613456726e+01
  7,752496600151e-01;  2,419278144836e+01
  7,894462943077e-01;  2,677100372314e+01
  8,020407557487e-01;  2,909897613525e+01
  8,133047223091e-01;  3,119826316833e+01
  8,237118721008e-01;  3,310390472412e+01
  8,371910452843e-01;  3,564912796021e+01
  8,488311767578e-01;  3,784886550903e+01
  8,616276383400e-01;  4,030656814575e+01
  8,736648559570e-01;  4,272076797485e+01
  8,844481706619e-01;  4,486088562012e+01
  8,947787284851e-01;  4,692367172241e+01
  9,010620117188e-01;  4,813898849487e+01
  9,051231741905e-01;  4,887592697144e+01
  9,077005982399e-01;  4,927302932739e+01
  9,088848233223e-01;  4,905007934570e+01
  8,953220248222e-01;  4,370500564575e+01
  8,822330236435e-01;  4,047089767456e+01
  8,664898872375e-01;  3,697870635986e+01
  8,512135148048e-01;  3,370527648926e+01
  8,381801843643e-01;  3,087772178650e+01
  8,266724348068e-01;  2,854411888123e+01
  8,121762275696e-01;  2,577385330200e+01
  7,995678186417e-01;  2,362176895142e+01
  7,892581820488e-01;  2,187415504456e+01
  7,770816683769e-01;  1,999622535706e+01
  7,667720913887e-01;  1,849554061890e+01
  7,563022375107e-01;  1,699426651001e+01
  7,455188632011e-01;  1,555647373199e+01
  7,350211739540e-01;  1,422206497192e+01
  7,253175973892e-01;  1,304640293121e+01
  7,181426286697e-01;  1,222395896912e+01
  7,130156755447e-01;  1,166142654419e+01
  7,092052698135e-01;  1,126367950439e+01
  7,064049839973e-01;  1,097884178162e+01
  7,041758894920e-01;  1,076708698273e+01
  7,023647427559e-01;  1,074561119080e+01
  7,173972725868e-01;  1,466013145447e+01
  7,316426634789e-01;  1,706890678406e+01
  7,488277554512e-01;  1,977923774719e+01
  7,662426233292e-01;  2,256029891968e+01
  7,811707258224e-01;  2,525191307068e+01
  7,949354648590e-01;  2,773571968079e+01
  8,068124651909e-01;  2,996216964722e+01
  8,178674578667e-01;  3,198189544678e+01
  8,322591185570e-01;  3,467342758179e+01
  8,446097970009e-01;  3,700685119629e+01
  8,550935983658e-01;  3,902356338501e+01
  8,665804862976e-01;  4,125849151611e+01
  8,774961233139e-01;  4,344841003418e+01
  8,884536027908e-01;  4,563424301147e+01
  8,977183699608e-01;  4,747241210938e+01
  9,029985666275e-01;  4,846758651733e+01
  9,064466953278e-01;  4,906174468994e+01
  9,085713028908e-01;  4,935858917236e+01
  9,090589284897e-01;  4,910380172729e+01
  8,966107368469e-01;  4,399793624878e+01
  8,838351964951e-01;  4,081157302856e+01
  8,683010339737e-01;  3,732357406616e+01
  8,528156876564e-01;  3,401203155518e+01
  8,395803570747e-01;  3,113502693176e+01
  8,278914690018e-01;  2,875445938110e+01
  8,178395628929e-01;  2,679403877258e+01
  8,045345544815e-01;  2,442204284668e+01
  7,933820486069e-01;  2,253191757202e+01
  7,807388305664e-01;  2,050704956055e+01
  7,696977853775e-01;  1,890531539917e+01
  7,589144706726e-01;  1,732093620300e+01
  7,476992607117e-01;  1,581236934662e+01
  7,365676164627e-01;  1,438895320892e+01
  7,265366315842e-01;  1,316753959656e+01
  7,190830111504e-01;  1,230010414124e+01
  7,137889266014e-01;  1,171163749695e+01
  7,098183035851e-01;  1,129497814178e+01
  7,068856358528e-01;  1,100650119781e+01
  7,046634554863e-01;  1,078590965271e+01
  7,026920914650e-01;  1,069231796265e+01
  7,024831175804e-01;  1,081880569458e+01
  7,060427665710e-01;  1,246321296692e+01
  7,208315134048e-01;  1,521329402924e+01
  7,359755039215e-01;  1,772810935974e+01
  7,535785436630e-01;  2,047515678406e+01
  7,704082727432e-01;  2,325002098083e+01
  7,849671840668e-01;  2,589818000793e+01
  7,982652187347e-01;  2,831840133667e+01
  8,098217248917e-01;  3,049287986755e+01
  8,206747174263e-01;  3,246563339233e+01
  8,346623778343e-01;  3,509645080566e+01
  8,466995954514e-01;  3,737348175049e+01
  8,569117188454e-01;  3,933734130859e+01
  8,680015206337e-01;  4,151269912720e+01
  8,786246180534e-01;  4,363700866699e+01
  8,892198801041e-01;  4,576091384888e+01
  8,981850743294e-01;  4,753649902344e+01
  9,034165143967e-01;  4,851592254639e+01
  9,067253470421e-01;  4,908760452271e+01
  9,087802767754e-01;  4,934955978394e+01
  9,091286063194e-01;  4,912261199951e+01
  8,972725272179e-01;  4,413192367554e+01
  8,846223354340e-01;  4,097345733643e+01
  8,691717982292e-01;  3,748965072632e+01
  8,536028862000e-01;  3,416249847412e+01
  8,402909040451e-01;  3,126335144043e+01
  8,285323381424e-01;  2,886007308960e+01
  8,183968663216e-01;  2,688296699524e+01
  8,050918579102e-01;  2,449450111389e+01
  7,937861084938e-01;  2,259300041199e+01
  7,811080217361e-01;  2,055766105652e+01
  7,700112462044e-01;  1,894432258606e+01
  7,592139840126e-01;  1,735029983521e+01
  7,479918003082e-01;  1,583788394928e+01
  7,379260063171e-01;  1,455218982697e+01
  7,275606393814e-01;  1,328003978729e+01
  7,198632359505e-01;  1,237502002716e+01
  7,144297957420e-01;  1,176359748840e+01
  7,102850079536e-01;  1,133148193359e+01
  7,073245048523e-01;  1,103326988220e+01
  7,049908638000e-01;  1,080840682983e+01
  7,030056118965e-01;  1,064336967468e+01
  7,026015520096e-01;  1,081786918640e+01
  7,147920131683e-01;  1,413829612732e+01
  7,280900478363e-01;  1,642127609253e+01
  7,447177767754e-01;  1,908702850342e+01
  7,624462246895e-01;  2,187334442139e+01
  7,779106497765e-01;  2,460464668274e+01
  7,920376062393e-01;  2,715136337280e+01
  8,043186068535e-01;  2,944296646118e+01
  8,155338168144e-01;  3,151593971252e+01
  8,257250785828e-01;  3,339413452148e+01
  8,389464616776e-01;  3,590622711182e+01
  8,504124283791e-01;  3,807344055176e+01
  8,629302978516e-01;  4,049134063721e+01
  8,747585415840e-01;  4,286717224121e+01
  8,853189349174e-01;  4,496973419189e+01
  8,954334855080e-01;  4,697449493408e+01
  9,016193151474e-01;  4,817581176758e+01
  9,056456089020e-01;  4,890296936035e+01
  9,081185460091e-01;  4,928628921509e+01
  9,091843366623e-01;  4,921182632446e+01
  8,939149379730e-01;  4,324438858032e+01
  8,803173303604e-01;  3,993662643433e+01
  8,644000887871e-01;  3,645000076294e+01
  8,495068550110e-01;  3,323589706421e+01
  8,367034196854e-01;  3,048320579529e+01
  8,254324793816e-01;  2,822356605530e+01
  8,112218976021e-01;  2,552526664734e+01
  7,988364100456e-01;  2,342313003540e+01
  7,886452078819e-01;  2,170943641663e+01
  7,766289114952e-01;  1,986295127869e+01
  7,664725184441e-01;  1,838409614563e+01
  7,561280727386e-01;  1,690863418579e+01
  7,454701066017e-01;  1,549171161652e+01
  7,351047396660e-01;  1,418173217773e+01
  7,254360318184e-01;  1,301408100128e+01
  7,183516025543e-01;  1,219269943237e+01
  7,133709192276e-01;  1,163449096680e+01
  7,095745205879e-01;  1,124121570587e+01
  7,068020105362e-01;  1,097216892242e+01
  7,045729160309e-01;  1,075431919098e+01
  7,028035521507e-01;  1,078661155701e+01
  7,138864398003e-01;  1,394776153564e+01
  7,267665266991e-01;  1,617474174500e+01
  7,431504726410e-01;  1,881905937195e+01
  7,609276175499e-01;  2,160088539124e+01
  7,766428589821e-01;  2,434330177307e+01
  7,908743023872e-01;  2,691143035889e+01
  8,033085465431e-01;  2,922715377808e+01
  8,146004080772e-01;  3,131843185425e+01
  8,249100446701e-01;  3,321528625488e+01
  8,382846713066e-01;  3,575074386597e+01
  8,498899936676e-01;  3,794432067871e+01
  8,625541329384e-01;  4,038976287842e+01
  8,745007514954e-01;  4,278644943237e+01
  8,851935267448e-01;  4,490448760986e+01
  8,954056501389e-01;  4,693665313721e+01
  9,016750454903e-01;  4,816584396362e+01
  9,057500958443e-01;  4,889773178101e+01
  9,082230329514e-01;  4,928425598145e+01
  9,093027710915e-01;  4,909757995605e+01
  8,968545794487e-01;  4,398448562622e+01
  8,840580582619e-01;  4,079822540283e+01
  8,685309290886e-01;  3,730976486206e+01
  8,530455827713e-01;  3,399937438965e+01
  8,398241996765e-01;  3,112278938293e+01
  8,281353116035e-01;  2,874118232727e+01
  8,180485367775e-01;  2,678051567078e+01
  8,047923445702e-01;  2,440694427490e+01
  7,936328649521e-01;  2,251916313171e+01
  7,809965610504e-01;  2,049878120422e+01
  7,699555158615e-01;  1,890050697327e+01
  7,591930627823e-01;  1,731845664978e+01
  7,480335831642e-01;  1,581303787231e+01
  7,380165457726e-01;  1,452946376801e+01
  7,277417182922e-01;  1,326832866669e+01
  7,200234532356e-01;  1,236393260956e+01
  7,145551443100e-01;  1,175435447693e+01
  7,105288505554e-01;  1,132181644440e+01
  7,075334787369e-01;  1,101916408539e+01
  7,052695155144e-01;  1,080423927307e+01
  7,032842040062e-01;  1,063792324066e+01
  7,029080390930e-01;  1,079654598236e+01
  7,145133614540e-01;  1,403814601898e+01
  7,276024222374e-01;  1,629696464539e+01
  7,440908551216e-01;  1,895477676392e+01
  7,619028687477e-01;  2,173729515076e+01
  7,774787545204e-01;  2,447430229187e+01
  7,916196584702e-01;  2,702932929993e+01
  8,039912581444e-01;  2,933254814148e+01
  8,152621984482e-01;  3,141428947449e+01
  8,255021572113e-01;  3,330363464355e+01
  8,387932181358e-01;  3,582802200317e+01
  8,503566980362e-01;  3,800809860229e+01
  8,629302978516e-01;  4,044406890869e+01
  8,748490810394e-01;  4,283412933350e+01
  8,854234218597e-01;  4,494150543213e+01
  8,955798149109e-01;  4,696208190918e+01
  9,018143415451e-01;  4,817723464966e+01
  9,058894515038e-01;  4,889917373657e+01
  9,083623290062e-01;  4,928860092163e+01
  9,094072580338e-01;  4,909517288208e+01
  8,969381451607e-01;  4,397999572754e+01
  8,841486573219e-01;  4,079305267334e+01
  8,686006069183e-01;  3,730585479736e+01
  8,531640172005e-01;  3,399594879150e+01
  8,399286866188e-01;  3,111750411987e+01
  8,282188773155e-01;  2,873699569702e+01
  8,181739449501e-01;  2,677624893188e+01
  8,049316406250e-01;  2,440601921082e+01
  7,937512397766e-01;  2,251726531982e+01
  7,811219692230e-01;  2,049766731262e+01
  7,700948119164e-01;  1,890066146851e+01
  7,593532800674e-01;  1,731696128845e+01
  7,481659650803e-01;  1,581045627594e+01
  7,381349802017e-01;  1,452465152740e+01
  7,278810739517e-01;  1,326597785950e+01
  7,201976180077e-01;  1,236518192291e+01
  7,147293090820e-01;  1,175139904022e+01
  7,106890678406e-01;  1,132099723816e+01
  7,076936960220e-01;  1,101871871948e+01
  7,054297327995e-01;  1,080773544312e+01
  7,033886909485e-01;  1,065043926239e+01
  7,030752301216e-01;  1,085517597198e+01
  7,111697196960e-01;  1,339329910278e+01
  7,228028774261e-01;  1,544701290131e+01
  7,382742762566e-01;  1,800175285339e+01
  7,559818029404e-01;  2,076102828979e+01
  7,725120186806e-01;  2,353048133850e+01
  7,870082259178e-01;  2,616238784790e+01
  8,000903129578e-01;  2,855776214600e+01
  8,115493059158e-01;  3,071148109436e+01
  8,222420811653e-01;  3,267028427124e+01
  8,361113071442e-01;  3,528040695190e+01
  8,480231165886e-01;  3,753681182861e+01
  8,581447005272e-01;  3,948012161255e+01
  8,690325021744e-01;  4,162839508057e+01
  8,795162439346e-01;  4,372998809814e+01
  8,900000452995e-01;  4,582430267334e+01
  8,987492918968e-01;  4,756791305542e+01
  9,039737582207e-01;  4,854912948608e+01
  9,072059988976e-01;  4,909592819214e+01
  9,092818498611e-01;  4,933769989014e+01
  9,095813632011e-01;  4,904318618774e+01
  8,959490060806e-01;  4,369235610962e+01
  8,828947544098e-01;  4,045525741577e+01
  8,671377301216e-01;  3,696324920654e+01
  8,518962264061e-01;  3,369121932983e+01
  8,388489484787e-01;  3,086460113525e+01
  8,273342251778e-01;  2,852852630615e+01
  8,128589391708e-01;  2,575500869751e+01
  8,002505302429e-01;  2,360243797302e+01
  7,899547815323e-01;  2,185565376282e+01
  7,778270840645e-01;  1,997658348083e+01
  7,674825787544e-01;  1,847320556641e+01
  7,571172118187e-01;  1,697573280334e+01
  7,463756799698e-01;  1,554667854309e+01
  7,358152866364e-01;  1,420617198944e+01
  7,262022495270e-01;  1,303597068787e+01
  7,189924716949e-01;  1,221319007874e+01
  7,139282226563e-01;  1,164220333099e+01
  7,101457118988e-01;  1,124420833588e+01
  7,073593139648e-01;  1,096745014191e+01
  7,051998376846e-01;  1,075940036774e+01
  7,032493948936e-01;  1,089612579346e+01
  7,178221940994e-01;  1,454991817474e+01
  7,318865060806e-01;  1,693752288818e+01
  7,489461302757e-01;  1,964669609070e+01
  7,665352225304e-01;  2,243925857544e+01
  7,815189957619e-01;  2,514341545105e+01
  7,953813076019e-01;  2,764756202698e+01
  8,072652220726e-01;  2,989238739014e+01
  8,184316754341e-01;  3,192652511597e+01
  8,328512310982e-01;  3,463346481323e+01
  8,452367186546e-01;  3,697910690308e+01
  8,557901978493e-01;  3,900244140625e+01
  8,672561645508e-01;  4,124395751953e+01
  8,782414793968e-01;  4,343899536133e+01
  8,891641497612e-01;  4,563521957397e+01
  8,984010219574e-01;  4,747563171387e+01
  9,037647843361e-01;  4,848917388916e+01
  9,071432948112e-01;  4,907255172729e+01
  9,092330932617e-01;  4,935721206665e+01
  9,095813632011e-01;  4,920860290527e+01
  8,942632079124e-01;  4,323289108276e+01
  8,807004690170e-01;  3,992609405518e+01
  8,647693395615e-01;  3,644316864014e+01
  8,498899936676e-01;  3,323430633545e+01
  8,371074795723e-01;  3,048176956177e+01
  8,258156180382e-01;  2,821800422668e+01
  8,115980625153e-01;  2,551519203186e+01
  7,992195487022e-01;  2,341079521179e+01
  7,890979647636e-01;  2,169802665710e+01
  7,770677804947e-01;  1,985388755798e+01
  7,668904662132e-01;  1,837473297119e+01
  7,565947771072e-01;  1,689855957031e+01
  7,459926009178e-01;  1,548299789429e+01
  7,355575561523e-01;  1,416238403320e+01
  7,260141968727e-01;  1,300545024872e+01
  7,189576625824e-01;  1,218808746338e+01
  7,139421701431e-01;  1,162971401215e+01
  7,101457118988e-01;  1,122649288177e+01
  7,074080705643e-01;  1,095345497131e+01
  7,052555680275e-01;  1,074847412109e+01
  7,034931778908e-01;  1,075199031830e+01
  7,191944718361e-01;  1,476329326630e+01
  7,336279749870e-01;  1,719930076599e+01
  7,509105801582e-01;  1,992431068420e+01
  7,682628035545e-01;  2,271074485779e+01
  7,830863595009e-01;  2,539509391785e+01
  7,967257499695e-01;  2,787234687805e+01
  8,085191249847e-01;  3,009238243103e+01
  8,195949792862e-01;  3,210795593262e+01
  8,338474035263e-01;  3,479542541504e+01
  8,461422920227e-01;  3,712184906006e+01
  8,565425276756e-01;  3,912605667114e+01
  8,678691983223e-01;  4,133997344971e+01
  8,787291049957e-01;  4,350758361816e+01
  8,895681500435e-01;  4,568212509155e+01
  8,986239433289e-01;  4,749346160889e+01
  9,040016531944e-01;  4,850431060791e+01
  9,073174595833e-01;  4,908143997192e+01
  9,094072580338e-01;  4,934850692749e+01
  9,097555279732e-01;  4,911926269531e+01
  8,978437185287e-01;  4,411951065063e+01
  8,852074742317e-01;  4,096195602417e+01
  8,698196411133e-01;  3,747769546509e+01
  8,542646169662e-01;  3,415203857422e+01
  8,409387469292e-01;  3,125424385071e+01
  8,291592597961e-01;  2,884846878052e+01
  8,190585970879e-01;  2,686738777161e+01
  8,057675361633e-01;  2,447274589539e+01
  7,944478392601e-01;  2,257379913330e+01
  7,818394303322e-01;  2,054323005676e+01
  7,707217931747e-01;  1,893413734436e+01
  7,599593400955e-01;  1,733299446106e+01
  7,487441301346e-01;  1,582083225250e+01
  7,386713624001e-01;  1,453324985504e+01
  7,284174561501e-01;  1,327652931213e+01
  7,207200527191e-01;  1,237127017975e+01
  7,152517437935e-01;  1,175778579712e+01
  7,111905813217e-01;  1,131915664673e+01
  7,081604003906e-01;  1,101691341400e+01
  7,059313058853e-01;  1,080674076080e+01
  7,039111852646e-01;  1,063300514221e+01
  7,035489082336e-01;  1,076112556458e+01
  7,140396833420e-01;  1,383916187286e+01
  7,267665266991e-01;  1,604112434387e+01
  7,429763078690e-01;  1,867554092407e+01
  7,608091831207e-01;  2,145580863953e+01
  7,766079902649e-01;  2,420334815979e+01
  7,909230589867e-01;  2,678617095947e+01
  8,034479022026e-01;  2,911917114258e+01
  8,147745728493e-01;  3,122272872925e+01
  8,251190185547e-01;  3,313216018677e+01
  8,385633230209e-01;  3,568130111694e+01
  8,502174019814e-01;  3,787855911255e+01
  8,628954887390e-01;  4,033780670166e+01
  8,749535679817e-01;  4,275384521484e+01
  8,856811523438e-01;  4,488509368896e+01
  8,959280848503e-01;  4,692092895508e+01
  9,022462368011e-01;  4,816202163696e+01
  9,063422083855e-01;  4,889403915405e+01
  9,087802767754e-01;  4,928004837036e+01
  9,098600149155e-01;  4,918927764893e+01
  8,996757864952e-01;  4,454618072510e+01
  8,874922990799e-01;  4,147172164917e+01
  8,724458217621e-01;  3,800376129150e+01
  8,565982580185e-01;  3,463317489624e+01
  8,430076241493e-01;  3,166417503357e+01
  8,310400843620e-01;  2,918722724915e+01
  8,207165002823e-01;  2,715117645264e+01
  8,071956038475e-01;  2,469125938416e+01
  7,956320643425e-01;  2,274805641174e+01
  7,828983068466e-01;  2,067363739014e+01
  7,716830968857e-01;  1,904167366028e+01
  7,607604265213e-01;  1,742657279968e+01
  7,494755387306e-01;  1,590091800690e+01
  7,392703890800e-01;  1,458780002594e+01
  7,288911342621e-01;  1,330959033966e+01
  7,211031913757e-01;  1,239200019836e+01
  7,155791521072e-01;  1,177342891693e+01
  7,115040421486e-01;  1,133339500427e+01
  7,084041833878e-01;  1,102518844604e+01
  7,061542272568e-01;  1,080605602264e+01
  7,041549682617e-01;  1,064480876923e+01
  7,037718296051e-01;  1,081610679626e+01
  7,159762382507e-01;  1,414302635193e+01
  7,293090820313e-01;  1,642884254456e+01
  7,458811402321e-01;  1,909893608093e+01
  7,636303901672e-01;  2,188351249695e+01
  7,790669798851e-01;  2,461355400085e+01
  7,932079434395e-01;  2,716486358643e+01
  8,054192662239e-01;  2,945889472961e+01
  8,167041540146e-01;  3,153352928162e+01
  8,268396258354e-01;  3,341724777222e+01
  8,400261998177e-01;  3,593062591553e+01
  8,514713048935e-01;  3,809824752808e+01
  8,639612793922e-01;  4,051444244385e+01
  8,757755160332e-01;  4,288442230225e+01
  8,863080739975e-01;  4,497663879395e+01
  8,963251709938e-01;  4,696576690674e+01
  9,025596976280e-01;  4,819313430786e+01
  9,065651297569e-01;  4,891896438599e+01
  9,090241193771e-01;  4,928561019897e+01
  9,100481271744e-01;  4,917096710205e+01
  8,993065953255e-01;  4,441921234131e+01
  8,869698643684e-01;  4,131587982178e+01
  8,718049526215e-01;  3,784048461914e+01
  8,560061454773e-01;  3,448089218140e+01
  8,425409197807e-01;  3,153219604492e+01
  8,306291103363e-01;  2,907773208618e+01
  8,203125000000e-01;  2,706060981750e+01
  8,069378137589e-01;  2,461977958679e+01
  7,954370379448e-01;  2,269136810303e+01
  7,827589511871e-01;  2,062724685669e+01
  7,715576887131e-01;  1,899950408936e+01
  7,606559395790e-01;  1,738874244690e+01
  7,494755387306e-01;  1,587436008453e+01
  7,392495274544e-01;  1,456496524811e+01
  7,289538383484e-01;  1,329469394684e+01
  7,211937308311e-01;  1,238825702667e+01
  7,156696915627e-01;  1,176546096802e+01
  7,116433978081e-01;  1,132407283783e+01
  7,085783481598e-01;  1,101870250702e+01
  7,063144445419e-01;  1,079731750488e+01
  7,043639421463e-01;  1,065251827240e+01
  7,040156722069e-01;  1,087629127502e+01
  7,179963588715e-01;  1,445728397369e+01
  7,319003939629e-01;  1,682188415527e+01
  7,487859129906e-01;  1,952316284180e+01
  7,664167881012e-01;  2,230974578857e+01
  7,814493775368e-01;  2,502062225342e+01
  7,953813076019e-01;  2,753570365906e+01
  8,073558211327e-01;  2,979045104980e+01
  8,185361623764e-01;  3,183443260193e+01
  8,330114483833e-01;  3,455542373657e+01
  8,454805612564e-01;  3,691069412231e+01
  8,560339808464e-01;  3,894188308716e+01
  8,675696253777e-01;  4,119730377197e+01
  8,785619139671e-01;  4,340650558472e+01
  8,895820975304e-01;  4,560940170288e+01
  8,987841606140e-01;  4,745126724243e+01
  9,042454361916e-01;  4,848011398315e+01
  9,076309204102e-01;  4,906550216675e+01
  9,097555279732e-01;  4,935469818115e+01
  9,101038575172e-01;  4,920676422119e+01
  8,947508335114e-01;  4,323514938354e+01
  8,812438249588e-01;  3,992941284180e+01
  8,653057217598e-01;  3,644470977783e+01
  8,504124283791e-01;  3,323474884033e+01
  8,377204537392e-01;  3,048371315002e+01
  8,264147043228e-01;  2,822063064575e+01
  8,122319579124e-01;  2,551898002625e+01
  7,998116612434e-01;  2,341120719910e+01
  7,896900773048e-01;  2,169415855408e+01
  7,777086496353e-01;  1,984724426270e+01
  7,674965262413e-01;  1,837003326416e+01
  7,572565674782e-01;  1,689790916443e+01
  7,466892004013e-01;  1,548081302643e+01
  7,362332344055e-01;  1,415376853943e+01
  7,267943620682e-01;  1,300415706635e+01
  7,196542620659e-01;  1,218409538269e+01
  7,146735787392e-01;  1,162552642822e+01
  7,109119296074e-01;  1,123284339905e+01
  7,080768346786e-01;  1,095332241058e+01
  7,059313058853e-01;  1,074774742126e+01
  7,042385339737e-01;  1,090177345276e+01
  7,188113927841e-01;  1,456473731995e+01
  7,328756451607e-01;  1,695326232910e+01
  7,499213814735e-01;  1,966349220276e+01
  7,674617171288e-01;  2,245266342163e+01
  7,824454903603e-01;  2,515428543091e+01
  7,962032556534e-01;  2,765941429138e+01
  8,081011772156e-01;  2,990279960632e+01
  8,192467093468e-01;  3,193524551392e+01
  8,336523175240e-01;  3,464473342896e+01
  8,460726737976e-01;  3,698991012573e+01
  8,565773367882e-01;  3,901538848877e+01
  8,679875731468e-01;  4,125922012329e+01
  8,789450526237e-01;  4,345354843140e+01
  8,898468017578e-01;  4,564302825928e+01
  8,989931344986e-01;  4,746566772461e+01
  9,044613838196e-01;  4,849337768555e+01
  9,078050851822e-01;  4,907464218140e+01
  9,098739624023e-01;  4,935559082031e+01
  9,102083444595e-01;  4,918514251709e+01
  8,999892473221e-01;  4,454669189453e+01
  8,878197073936e-01;  4,147428131104e+01
  8,727453351021e-01;  3,801115798950e+01
  8,569604754448e-01;  3,463990020752e+01
  8,433420062065e-01;  3,166923904419e+01
  8,314092755318e-01;  2,918728637695e+01
  8,210090994835e-01;  2,715150070190e+01
  8,075578212738e-01;  2,468817520142e+01
  7,959594726563e-01;  2,274632263184e+01
  7,832465767860e-01;  2,067005920410e+01
  7,720174193382e-01;  1,903134346008e+01
  7,611296176910e-01;  1,740994071960e+01
  7,498795986176e-01;  1,588460063934e+01
  7,396535277367e-01;  1,456845378876e+01
  7,293230295181e-01;  1,330390453339e+01
  7,215211391449e-01;  1,238544845581e+01
  7,160319685936e-01;  1,176377868652e+01
  7,119916677475e-01;  1,132730484009e+01
  7,088918089867e-01;  1,101933002472e+01
  7,066627144814e-01;  1,080098342896e+01
  7,046774029732e-01;  1,064190483093e+01
  7,043151855469e-01;  1,081362342834e+01
  7,165334820747e-01;  1,413787078857e+01
  7,298802733421e-01;  1,642613983154e+01
  7,464244961739e-01;  1,910148048401e+01
  7,642573714256e-01;  2,189127731323e+01
  7,796033620834e-01;  2,462615394592e+01
  7,937303781509e-01;  2,718011665344e+01
  8,059626221657e-01;  2,947331237793e+01
  8,172613978386e-01;  3,154799461365e+01
  8,273620605469e-01;  3,343206024170e+01
  8,405625820160e-01;  3,594693374634e+01
  8,520285487175e-01;  3,811846542358e+01
  8,644837141037e-01;  4,053517532349e+01
  8,762770891190e-01;  4,290240097046e+01
  8,867748379707e-01;  4,499576187134e+01
  8,974605798721e-01;  4,713066101074e+01
  9,034861922264e-01;  4,828934097290e+01
  9,072965383530e-01;  4,897159957886e+01
  9,096510410309e-01;  4,932275772095e+01
  9,104521274567e-01;  4,912470626831e+01
  8,985055088997e-01;  4,412740325928e+01
  8,858901262283e-01;  4,096991729736e+01
  8,704953193665e-01;  3,748775863647e+01
  8,549612164497e-01;  3,416451263428e+01
  8,416213989258e-01;  3,126231002808e+01
  8,298907279968e-01;  2,885434341431e+01
  8,197064399719e-01;  2,687047386169e+01
  8,064850568771e-01;  2,446737861633e+01
  7,951096296310e-01;  2,256830024719e+01
  7,825499773026e-01;  2,053577423096e+01
  7,714532017708e-01;  1,892555809021e+01
  7,606768608093e-01;  1,732563591003e+01
  7,495591640472e-01;  1,581721496582e+01
  7,394236922264e-01;  1,451825428009e+01
  7,292533516884e-01;  1,326685810089e+01
  7,215559482574e-01;  1,236256408691e+01
  7,160876989365e-01;  1,175078487396e+01
  7,120404243469e-01;  1,131233692169e+01
  7,090520262718e-01;  1,101272583008e+01
  7,067672014236e-01;  1,079519271851e+01
  7,048167586327e-01;  1,067766189575e+01
  7,046425938606e-01;  1,077606105804e+01
  7,151402831078e-01;  1,385733795166e+01
  7,278671264648e-01;  1,605953788757e+01
  7,440212368965e-01;  1,869567871094e+01
  7,618889212608e-01;  2,148014450073e+01
  7,776529192924e-01;  2,422913360596e+01
  7,919540405273e-01;  2,681876182556e+01
  8,044231534004e-01;  2,915103912354e+01
  8,158333897591e-01;  3,125522232056e+01
  8,261638879776e-01;  3,316217041016e+01
  8,395594954491e-01;  3,571223449707e+01
  8,511647582054e-01;  3,791302490234e+01
  8,638358712196e-01;  4,036909103394e+01
  8,758591413498e-01;  4,278048324585e+01
  8,865170478821e-01;  4,491135787964e+01
  8,966594934464e-01;  4,693534469604e+01
  9,029636979103e-01;  4,817597198486e+01
  9,070039987564e-01;  4,890632247925e+01
  9,094768762589e-01;  4,928989028931e+01
  9,105566143990e-01;  4,909769821167e+01
  8,980526924133e-01;  4,397788619995e+01
  8,852980136871e-01;  4,079260635376e+01
  8,697848320007e-01;  3,730578994751e+01
  8,543691039085e-01;  3,400312805176e+01
  8,411477208138e-01;  3,113053894043e+01
  8,294936418533e-01;  2,874825477600e+01
  8,193929791451e-01;  2,678285789490e+01
  8,061715960503e-01;  2,440176391602e+01
  7,948797345161e-01;  2,251061248779e+01
  7,823549509048e-01;  2,048690605164e+01
  7,713138461113e-01;  1,888487815857e+01
  7,606071829796e-01;  1,729681205750e+01
  7,495452165604e-01;  1,579669666290e+01
  7,394445538521e-01;  1,449920940399e+01
  7,292533516884e-01;  1,325304317474e+01
  7,216256260872e-01;  1,235480499268e+01
  7,161712646484e-01;  1,174416446686e+01
  7,121658325195e-01;  1,131664371490e+01
  7,091356515884e-01;  1,100441265106e+01
  7,068926095963e-01;  1,078593349457e+01
  7,049908638000e-01;  1,065865612030e+01
  7,048167586327e-01;  1,074287796021e+01
  7,098392248154e-01;  1,282763004303e+01
  7,198562622070e-01;  1,466763305664e+01
  7,341643571854e-01;  1,708291625977e+01
  7,512658238411e-01;  1,980575942993e+01
  7,687155604362e-01;  2,259315299988e+01
  7,836087942123e-01;  2,528928184509e+01
  7,973039150238e-01;  2,777914428711e+01
  8,091460466385e-01;  3,001101684570e+01
  8,202428221703e-01;  3,203779602051e+01
  8,345578908920e-01;  3,473849868774e+01
  8,469294905663e-01;  3,707538223267e+01
  8,573436141014e-01;  3,908734893799e+01
  8,686841726303e-01;  4,131361770630e+01
  8,795719742775e-01;  4,349489593506e+01
  8,903901576996e-01;  4,566988372803e+01
  8,994598388672e-01;  4,747810745239e+01
  9,049142003059e-01;  4,851324462891e+01
  9,082230329514e-01;  4,908471298218e+01
  9,102919101715e-01;  4,935125350952e+01
  9,106053709984e-01;  4,916762924194e+01
  8,998499512672e-01;  4,440668487549e+01
  8,874922990799e-01;  4,130434036255e+01
  8,723273873329e-01;  3,782890701294e+01
  8,565982580185e-01;  3,447395324707e+01
  8,430773019791e-01;  3,152882194519e+01
  8,312212228775e-01;  2,907029533386e+01
  8,209046125412e-01;  2,705009651184e+01
  8,075299263000e-01;  2,460375595093e+01
  7,959594726563e-01;  2,266962051392e+01
  7,834067940712e-01;  2,061162567139e+01
  7,722403407097e-01;  1,898823356628e+01
  7,613385915756e-01;  1,737947463989e+01
  7,501721382141e-01;  1,586212921143e+01
  7,399321794510e-01;  1,454765510559e+01
  7,297061681747e-01;  1,328741931915e+01
  7,219738960266e-01;  1,237800884247e+01
  7,164499163628e-01;  1,175789260864e+01
  7,124444842339e-01;  1,132111072540e+01
  7,093654870987e-01;  1,100910568237e+01
  7,071155309677e-01;  1,079549026489e+01
  7,051789760590e-01;  1,065093994141e+01
  7,048028111458e-01;  1,085475826263e+01
  7,181844115257e-01;  1,434820938110e+01
  7,319003939629e-01;  1,668919563293e+01
  7,486883997917e-01;  1,938594627380e+01
  7,664377093315e-01;  2,217607688904e+01
  7,815677523613e-01;  2,489634704590e+01
  7,955415248871e-01;  2,742975044250e+01
  8,075786828995e-01;  2,969860076904e+01
  8,188496232033e-01;  3,175407409668e+01
  8,333876132965e-01;  3,449349212646e+01
  8,459124565125e-01;  3,686486434937e+01
  8,565285801888e-01;  3,890995025635e+01
  8,680711984634e-01;  4,117283248901e+01
  8,791331648827e-01;  4,338553237915e+01
  8,901950716972e-01;  4,559931945801e+01
  8,993762731552e-01;  4,744006729126e+01
  9,049142003059e-01;  4,848311614990e+01
  9,082578420639e-01;  4,907471084595e+01
  9,103824496269e-01;  4,935003280640e+01
  9,107307791710e-01;  4,916159057617e+01
  8,999195694923e-01;  4,439662170410e+01
  8,875759243965e-01;  4,129378509521e+01
  8,724179267883e-01;  3,782331085205e+01
  8,566818237305e-01;  3,447233581543e+01
  8,432026505470e-01;  3,152735137939e+01
  8,313187360764e-01;  2,907271194458e+01
  8,210300207138e-01;  2,705493927002e+01
  8,075996041298e-01;  2,460728073120e+01
  7,960500121117e-01;  2,267370796204e+01
  7,834555506706e-01;  2,060935783386e+01
  7,722890973091e-01;  1,898261642456e+01
  7,614570260048e-01;  1,737382125854e+01
  7,502418160439e-01;  1,585918235779e+01
  7,400296926498e-01;  1,454293060303e+01
  7,297897338867e-01;  1,328100585938e+01
  7,220783829689e-01;  1,237355613708e+01
  7,165752649307e-01;  1,175748825073e+01
  7,125489711761e-01;  1,132121372223e+01
  7,094491124153e-01;  1,101104450226e+01
  7,072060704231e-01;  1,079438591003e+01
  7,052904367447e-01;  1,064701938629e+01
  7,049212455750e-01;  1,085105037689e+01
  7,183237671852e-01;  1,434918117523e+01
  7,320258021355e-01;  1,669341278076e+01
  7,488277554512e-01;  1,939225578308e+01
  7,665561437607e-01;  2,218614578247e+01
  7,817279696465e-01;  2,490499305725e+01
  7,956947684288e-01;  2,743635940552e+01
  8,077040910721e-01;  2,970503807068e+01
  8,189889788628e-01;  3,176263618469e+01
  8,335269689560e-01;  3,450043106079e+01
  8,460517525673e-01;  3,687044525146e+01
  8,566609025002e-01;  3,891287231445e+01
  8,681756854057e-01;  4,117614746094e+01
  8,792724609375e-01;  4,339181137085e+01
  8,902996182442e-01;  4,560251998901e+01
  8,994807600975e-01;  4,744809341431e+01
  9,050186872482e-01;  4,849277877808e+01
  9,083971977234e-01;  4,907909011841e+01
  9,104312658310e-01;  4,934502029419e+01
  9,107655882835e-01;  4,911592864990e+01
  8,988607525826e-01;  4,411260986328e+01
  8,862035870552e-01;  4,095460510254e+01
  8,708506226540e-01;  3,747340011597e+01
  8,552955985069e-01;  3,415399169922e+01
  8,419836163521e-01;  3,125629425049e+01
  8,302599191666e-01;  2,884801292419e+01
  8,200687170029e-01;  2,686511802673e+01
  8,067985177040e-01;  2,446123695374e+01
  7,954230904579e-01;  2,255739402771e+01
  7,828983068466e-01;  2,051955032349e+01
  7,718223929405e-01;  1,890696334839e+01
  7,610390782356e-01;  1,731083488464e+01
  7,499631643295e-01;  1,580584049225e+01
  7,398276925087e-01;  1,450797176361e+01
  7,296712994576e-01;  1,325792503357e+01
  7,220435738564e-01;  1,235369968414e+01
  7,165892124176e-01;  1,174244213104e+01
  7,125698328018e-01;  1,131131267548e+01
  7,095187902451e-01;  1,099964427948e+01
  7,072687745094e-01;  1,077948951721e+01
  7,053949236870e-01;  1,066418647766e+01
  7,052207589149e-01;  1,075296211243e+01
  7,209568619728e-01;  1,477370071411e+01
  7,354321479797e-01;  1,721550178528e+01
  7,526729702950e-01;  1,995284843445e+01
  7,699694633484e-01;  2,274172592163e+01
  7,848069667816e-01;  2,543601989746e+01
  7,983627319336e-01;  2,791800689697e+01
  8,101561069489e-01;  3,014112663269e+01
  8,211971521378e-01;  3,215633392334e+01
  8,354704380035e-01;  3,484227371216e+01
  8,477096557617e-01;  3,716558456421e+01
  8,581098318100e-01;  3,916729354858e+01
  8,693111538887e-01;  4,137950134277e+01
  8,801292777061e-01;  4,354117965698e+01
  8,909265398979e-01;  4,570264816284e+01
  8,998987078667e-01;  4,749706649780e+01
  9,052973389626e-01;  4,852402114868e+01
  9,086061716080e-01;  4,908883285522e+01
  9,106611013412e-01;  4,935254669189e+01
  9,110094308853e-01;  4,912398147583e+01
  8,990349173546e-01;  4,411729812622e+01
  8,864125609398e-01;  4,095893859863e+01
  8,710038661957e-01;  3,747434997559e+01
  8,554836511612e-01;  3,415462875366e+01
  8,422065377235e-01;  3,125920104980e+01
  8,304340243340e-01;  2,885363006592e+01
  8,202776908875e-01;  2,686734390259e+01
  8,070423007011e-01;  2,446274757385e+01
  7,956320643425e-01;  2,255755615234e+01
  7,831072807312e-01;  2,051965904236e+01
  7,720661759377e-01;  1,890818786621e+01
  7,613037824631e-01;  1,731654930115e+01
  7,501930594444e-01;  1,581440544128e+01
  7,400714755058e-01;  1,450943470001e+01
  7,299290299416e-01;  1,325892639160e+01
  7,222664952278e-01;  1,236178970337e+01
  7,168051600456e-01;  1,174817943573e+01
  7,127997279167e-01;  1,130861091614e+01
  7,097486257553e-01;  1,100744819641e+01
  7,074986100197e-01;  1,078363800049e+01
  7,055690884590e-01;  1,066238594055e+01
  7,053740024567e-01;  1,074251461029e+01
  7,204831838608e-01;  1,466720485687e+01
  7,347912788391e-01;  1,708318328857e+01
  7,519066929817e-01;  1,981096839905e+01
  7,693285942078e-01;  2,260200691223e+01
  7,842218279839e-01;  2,530278205872e+01
  7,978611588478e-01;  2,779732894897e+01
  8,097172379494e-01;  3,003164482117e+01
  8,208140730858e-01;  3,205860137939e+01
  8,351360559464e-01;  3,475651550293e+01
  8,474658727646e-01;  3,708893585205e+01
  8,579008579254e-01;  3,910346221924e+01
  8,691509366035e-01;  4,133183288574e+01
  8,800595998764e-01;  4,350977706909e+01
  8,908916711807e-01;  4,567274475098e+01
  8,998987078667e-01;  4,748210525513e+01
  9,053669571877e-01;  4,851850891113e+01
  9,086757898331e-01;  4,908957290649e+01
  9,107307791710e-01;  4,934799957275e+01
  9,110442399979e-01;  4,911838531494e+01
  8,991045951843e-01;  4,411833190918e+01
  8,864961862564e-01;  4,096239471436e+01
  8,711431622505e-01;  3,748091888428e+01
  8,556020855904e-01;  3,416205978394e+01
  8,422622680664e-01;  3,126355171204e+01
  8,305385708809e-01;  2,885452270508e+01
  8,203612565994e-01;  2,687096023560e+01
  8,071259260178e-01;  2,446451759338e+01
  7,957365512848e-01;  2,255738449097e+01
  7,832117676735e-01;  2,052027511597e+01
  7,721567749977e-01;  1,891105079651e+01
  7,613873481750e-01;  1,731769180298e+01
  7,502905726433e-01;  1,581888675690e+01
  7,401551008224e-01;  1,451205253601e+01
  7,299987077713e-01;  1,326488780975e+01
  7,223222255707e-01;  1,236356639862e+01
  7,168539166451e-01;  1,174738311768e+01
  7,128484845161e-01;  1,130968189240e+01
  7,098322510719e-01;  1,100189876556e+01
  7,075682878494e-01;  1,078396797180e+01
  7,056526541710e-01;  1,065104389191e+01
  7,053182721138e-01;  1,088763046265e+01
  7,199607491493e-01;  1,455272769928e+01
  7,340598702431e-01;  1,694643020630e+01
  7,510707974434e-01;  1,966399955750e+01
  7,685971260071e-01;  2,245749473572e+01
  7,835739850998e-01;  2,516206359863e+01
  7,973178625107e-01;  2,767248153687e+01
  8,092157244682e-01;  2,991969299316e+01
  8,203612565994e-01;  3,195680046082e+01
  8,347877860069e-01;  3,466815185547e+01
  8,471523523331e-01;  3,700999069214e+01
  8,576709628105e-01;  3,903138732910e+01
  8,689767718315e-01;  4,127424240112e+01
  8,799481391907e-01;  4,346300888062e+01
  8,908568620682e-01;  4,564363861084e+01
  8,999474644661e-01;  4,745940399170e+01
  9,054296612740e-01;  4,851251220703e+01
  9,087802767754e-01;  4,908843612671e+01
  9,108352661133e-01;  4,935261535645e+01
  9,111835360527e-01;  4,912228775024e+01
  8,991881608963e-01;  4,411424255371e+01
  8,865867257118e-01;  4,095663070679e+01
  8,712128400803e-01;  3,747703170776e+01
  8,557065725327e-01;  3,416075897217e+01
  8,424155116081e-01;  3,127042579651e+01
  8,306918144226e-01;  2,886440086365e+01
  8,205214738846e-01;  2,688164520264e+01
  8,072513341904e-01;  2,447275352478e+01
  7,958201766014e-01;  2,256030654907e+01
  7,833510637283e-01;  2,051870536804e+01
  7,723100185394e-01;  1,891223716736e+01
  7,615267038345e-01;  1,732192802429e+01
  7,504855990410e-01;  1,581844711304e+01
  7,402735352516e-01;  1,451299858093e+01
  7,301589250565e-01;  1,326711559296e+01
  7,224615216255e-01;  1,235451602936e+01
  7,170420289040e-01;  1,173972797394e+01
  7,130574584007e-01;  1,131195068359e+01
  7,100063562393e-01;  1,100265121460e+01
  7,077424526215e-01;  1,078414630890e+01
  7,058268189430e-01;  1,066046714783e+01
  7,056874632835e-01;  1,075023174286e+01
  7,213887572289e-01;  1,477240943909e+01
  7,358570694923e-01;  1,721088790894e+01
  7,531117796898e-01;  1,994498825073e+01
  7,703734636307e-01;  2,273345184326e+01
  7,851970791817e-01;  2,542181015015e+01
  7,987319231033e-01;  2,790419006348e+01
  8,105392456055e-01;  3,012800407410e+01
  8,215594291687e-01;  3,214580154419e+01
  8,357908725739e-01;  3,483566284180e+01
  8,480231165886e-01;  3,715785217285e+01
  8,584372401237e-01;  3,916113281250e+01
  8,696036934853e-01;  4,137750244141e+01
  8,804706335068e-01;  4,353882217407e+01
  8,912051916122e-01;  4,568781661987e+01
  9,001912474632e-01;  4,748848342896e+01
  9,056595563889e-01;  4,853071212769e+01
  9,089544415474e-01;  4,909360122681e+01
  9,110094308853e-01;  4,933828735352e+01
  9,112880825996e-01;  4,901019668579e+01
  8,969799280167e-01;  4,352481079102e+01
  8,838142752647e-01;  4,026671981812e+01
  8,680781722069e-01;  3,678825759888e+01
  8,530316352844e-01;  3,354894256592e+01
  8,401027917862e-01;  3,075330162048e+01
  8,286577463150e-01;  2,844343185425e+01
  8,142869472504e-01;  2,568971633911e+01
  8,017830252647e-01;  2,353971099854e+01
  7,914873361588e-01;  2,179833412170e+01
  7,795337438583e-01;  1,992377662659e+01
  7,691404819489e-01;  1,843038558960e+01
  7,589632272720e-01;  1,694527435303e+01
  7,483958601952e-01;  1,552440547943e+01
  7,377518415451e-01;  1,417269706726e+01
  7,282920479774e-01;  1,302373600006e+01
  7,211728096008e-01;  1,219125556946e+01
  7,161015868187e-01;  1,163331127167e+01
  7,123748064041e-01;  1,122532272339e+01
  7,095396518707e-01;  1,094676685333e+01
  7,074150443077e-01;  1,074344825745e+01
  7,057083845139e-01;  1,077823352814e+01
  7,167773246765e-01;  1,393431282043e+01
  7,297061681747e-01;  1,617090415955e+01
  7,459577322006e-01;  1,882156372070e+01
  7,638533115387e-01;  2,161184692383e+01
  7,794153094292e-01;  2,435689163208e+01
  7,936397790909e-01;  2,693680953979e+01
  8,060113787651e-01;  2,925390052795e+01
  8,174007534981e-01;  3,135330009460e+01
  8,275919556618e-01;  3,325592041016e+01
  8,409178256989e-01;  3,579386138916e+01
  8,524464964867e-01;  3,798690414429e+01
  8,650270700455e-01;  4,042669296265e+01
  8,769527673721e-01;  4,281804275513e+01
  8,875619769096e-01;  4,492698287964e+01
  8,982756137848e-01;  4,708467102051e+01
  9,044753313065e-01;  4,828721618652e+01
  9,082578420639e-01;  4,897579193115e+01
  9,105914831161e-01;  4,932835769653e+01
  9,112880825996e-01;  4,920350646973e+01
  8,959350585938e-01;  4,322708129883e+01
  8,824419975281e-01;  3,992440032959e+01
  8,665595650673e-01;  3,644849395752e+01
  8,517568707466e-01;  3,324465179443e+01
  8,390021920204e-01;  3,049456024170e+01
  8,277173042297e-01;  2,822832298279e+01
  8,134998083115e-01;  2,552078056335e+01
  8,011351823807e-01;  2,340729904175e+01
  7,909787893295e-01;  2,169001388550e+01
  7,791366577148e-01;  1,983974838257e+01
  7,688618302345e-01;  1,836193084717e+01
  7,587263584137e-01;  1,689047813416e+01
  7,482216954231e-01;  1,547630596161e+01
  7,376961112022e-01;  1,413311862946e+01
  7,283477783203e-01;  1,299906349182e+01
  7,213121652603e-01;  1,217573261261e+01
  7,162618041039e-01;  1,161897277832e+01
  7,125489711761e-01;  1,122087478638e+01
  7,097277641296e-01;  1,094009876251e+01
  7,076030969620e-01;  1,073158168793e+01
  7,059313058853e-01;  1,084718608856e+01
  7,193338274956e-01;  1,434209060669e+01
  7,330498099327e-01;  1,668525123596e+01
  7,497472167015e-01;  1,938018035889e+01
  7,674617171288e-01;  2,217057800293e+01
  7,825499773026e-01;  2,488654136658e+01
  7,964679598808e-01;  2,742047500610e+01
  8,084842562675e-01;  2,969037818909e+01
  8,197343349457e-01;  3,175040626526e+01
  8,343001604080e-01;  3,448942565918e+01
  8,468180298805e-01;  3,685924148560e+01
  8,573784232140e-01;  3,889986419678e+01
  8,688374161720e-01;  4,116242599487e+01
  8,799342513084e-01;  4,337812042236e+01
  8,909613490105e-01;  4,558589172363e+01
  9,001424908638e-01;  4,743518829346e+01
  9,057152867317e-01;  4,849944305420e+01
  9,090589284897e-01;  4,907674407959e+01
  9,111835360527e-01;  4,934767913818e+01
  9,114621877670e-01;  4,914143753052e+01
  9,001285433769e-01;  4,426199340820e+01
  8,876664638519e-01;  4,113466262817e+01
  8,724318742752e-01;  3,765932464600e+01
  8,568420410156e-01;  3,432890319824e+01
  8,434464931488e-01;  3,141092491150e+01
  8,316879272461e-01;  2,897804450989e+01
  8,214270472527e-01;  2,697676086426e+01
  8,081707954407e-01;  2,454779434204e+01
  7,966560721397e-01;  2,262764358521e+01
  7,841382026672e-01;  2,058088684082e+01
  7,730971574783e-01;  1,896465110779e+01
  7,622371912003e-01;  1,735715103149e+01
  7,511125802994e-01;  1,584893226624e+01
  7,409282922745e-01;  1,453232955933e+01
  7,307649850845e-01;  1,327731323242e+01
  7,230536341667e-01;  1,237555599213e+01
  7,175296545029e-01;  1,175108432770e+01
  7,135450839996e-01;  1,131701564789e+01
  7,104939818382e-01;  1,099932765961e+01
  7,082648873329e-01;  1,078713703156e+01
  7,063701748848e-01;  1,068604469299e+01
  7,061611413956e-01;  1,080001163483e+01
  7,064537405968e-01;  1,134829425812e+01
  7,178012728691e-01;  1,404655742645e+01
  7,309321761131e-01;  1,630931282043e+01
  7,472603917122e-01;  1,897224426270e+01
  7,651629447937e-01;  2,175844573975e+01
  7,805438041687e-01;  2,449523353577e+01
  7,947055697441e-01;  2,706371498108e+01
  8,069378137589e-01;  2,936958694458e+01
  8,183271884918e-01;  3,145989418030e+01
  8,284417986870e-01;  3,335274124146e+01
  8,417119383812e-01;  3,588084411621e+01
  8,531430959702e-01;  3,806051254272e+01
  8,655982613564e-01;  4,048894500732e+01
  8,774752616882e-01;  4,286742401123e+01
  8,879799246788e-01;  4,496081161499e+01
  8,986378312111e-01;  4,710979461670e+01
  9,047748446465e-01;  4,830781936646e+01
  9,085713028908e-01;  4,897406005859e+01
  9,108840227127e-01;  4,932440948486e+01
  9,116711616516e-01;  4,907201766968e+01
  8,985821008682e-01;  4,383468246460e+01
  8,856811523438e-01;  4,062481307983e+01
  8,701331019402e-01;  3,714190292358e+01
  8,548567295074e-01;  3,386352920532e+01
  8,417537808418e-01;  3,101773452759e+01
  8,302041888237e-01;  2,866049194336e+01
  8,201522827148e-01;  2,671150588989e+01
  8,070423007011e-01;  2,434205055237e+01
  7,957714200020e-01;  2,245886230469e+01
  7,833858728409e-01;  2,043976974487e+01
  7,724493145943e-01;  1,884443855286e+01
  7,617704868317e-01;  1,726843070984e+01
  7,508339285851e-01;  1,577818202972e+01
  7,407123446465e-01;  1,447909164429e+01
  7,307022809982e-01;  1,324809837341e+01
  7,230675816536e-01;  1,234640407562e+01
  7,175992727280e-01;  1,173559093475e+01
  7,136495709419e-01;  1,130163192749e+01
  7,106333374977e-01;  1,099178504944e+01
  7,083693742752e-01;  1,078019332886e+01
  7,065024971962e-01;  1,069128894806e+01
  7,063144445419e-01;  1,081483936310e+01
  7,097695469856e-01;  1,246966552734e+01
  7,247185111046e-01;  1,522890567780e+01
  7,398276925087e-01;  1,775223350525e+01
  7,574237585068e-01;  2,051276779175e+01
  7,740654349327e-01;  2,328985214233e+01
  7,887148857117e-01;  2,594507217407e+01
  8,017760515213e-01;  2,836942863464e+01
  8,134161829948e-01;  3,054953956604e+01
  8,241786360741e-01;  3,252674102783e+01
  8,380408883095e-01;  3,516550445557e+01
  8,500919938087e-01;  3,744197845459e+01
  8,602344393730e-01;  3,939987945557e+01
  8,711223006248e-01;  4,156426620483e+01
  8,817244768143e-01;  4,368014907837e+01
  8,921943306923e-01;  4,578654479980e+01
  9,009435772896e-01;  4,755043411255e+01
  9,062725305557e-01;  4,856422424316e+01
  9,094908237457e-01;  4,911253738403e+01
  9,115109443665e-01;  4,931007385254e+01
  9,116711616516e-01;  4,916773986816e+01
  9,008600115776e-01;  4,439500045776e+01
  8,885372281075e-01;  4,129441452026e+01
  8,734210729599e-01;  3,782524108887e+01
  8,577476143837e-01;  3,447718429565e+01
  8,443172574043e-01;  3,153800010681e+01
  8,324542045593e-01;  2,908629798889e+01
  8,221236467361e-01;  2,707002258301e+01
  8,088325858116e-01;  2,461768150330e+01
  7,972342371941e-01;  2,268213081360e+01
  7,846397757530e-01;  2,061667442322e+01
  7,735987305641e-01;  1,898955535889e+01
  7,626621127129e-01;  1,738168525696e+01
  7,516002058983e-01;  1,587151145935e+01
  7,412905693054e-01;  1,454200267792e+01
  7,310993075371e-01;  1,328827095032e+01
  7,234367728233e-01;  1,237986755371e+01
  7,178988456726e-01;  1,175600814819e+01
  7,139073014259e-01;  1,131815433502e+01
  7,108423113823e-01;  1,100015735626e+01
  7,085783481598e-01;  1,078140544891e+01
  7,066975235939e-01;  1,067610454559e+01
  7,065024971962e-01;  1,078023624420e+01
  7,175784111023e-01;  1,394830703735e+01
  7,305281162262e-01;  1,618600273132e+01
  7,466961145401e-01;  1,883941268921e+01
  7,646404504776e-01;  2,162731361389e+01
  7,801257967949e-01;  2,436725616455e+01
  7,943921089172e-01;  2,694580650330e+01
  8,066383004189e-01;  2,926254463196e+01
  8,180972933769e-01;  3,135922431946e+01
  8,282328248024e-01;  3,326240921021e+01
  8,415796160698e-01;  3,580086135864e+01
  8,531082868576e-01;  3,799418640137e+01
  8,656122088432e-01;  4,043592071533e+01
  8,775658011436e-01;  4,282990264893e+01
  8,881192207336e-01;  4,493957901001e+01
  8,987632393837e-01;  4,709799575806e+01
  9,049769043922e-01;  4,830307388306e+01
  9,087384939194e-01;  4,897248077393e+01
  9,110581874847e-01;  4,932562255859e+01
  9,118453264236e-01;  4,900774002075e+01
  8,975720405579e-01;  4,353299331665e+01
  8,844621181488e-01;  4,027685546875e+01
  8,687050938606e-01;  3,679378890991e+01
  8,537073731422e-01;  3,355158233643e+01
  8,407645821571e-01;  3,075306892395e+01
  8,293543457985e-01;  2,844071006775e+01
  8,149486780167e-01;  2,568525314331e+01
  8,024935722351e-01;  2,353723335266e+01
  7,921490669250e-01;  2,180035018921e+01
  7,802721261978e-01;  1,992875289917e+01
  7,698718905449e-01;  1,843239402771e+01
  7,597155570984e-01;  1,694463157654e+01
  7,491620779037e-01;  1,552114868164e+01
  7,384832501411e-01;  1,415933609009e+01
  7,290931344032e-01;  1,302049446106e+01
  7,220087647438e-01;  1,219718647003e+01
  7,169096469879e-01;  1,162950706482e+01
  7,131968140602e-01;  1,122837257385e+01
  7,103407382965e-01;  1,093790245056e+01
  7,082300782204e-01;  1,073428630829e+01
  7,065582275391e-01;  1,080976390839e+01
  7,187974452972e-01;  1,413837718964e+01
  7,321094274521e-01;  1,642930221558e+01
  7,485142350197e-01;  1,910552787781e+01
  7,664028406143e-01;  2,189601325989e+01
  7,816931605339e-01;  2,462527465820e+01
  7,957156896591e-01;  2,718007659912e+01
  8,078922033310e-01;  2,947421836853e+01
  8,192327618599e-01;  3,155441665649e+01
  8,292776942253e-01;  3,343771362305e+01
  8,424991369247e-01;  3,595298767090e+01
  8,538745641708e-01;  3,812178421021e+01
  8,662461042404e-01;  4,053170776367e+01
  8,780534267426e-01;  4,289957427979e+01
  8,885232806206e-01;  4,499124526978e+01
  8,990279436111e-01;  4,712274169922e+01
  9,052067399025e-01;  4,831885528564e+01
  9,089544415474e-01;  4,899213409424e+01
  9,112184047699e-01;  4,933425903320e+01
  9,119150042534e-01;  4,918737411499e+01
  9,016053676605e-01;  4,452976226807e+01
  8,894218802452e-01;  4,145935058594e+01
  8,744868636131e-01;  3,799734115601e+01
  8,587437272072e-01;  3,463742446899e+01
  8,452019095421e-01;  3,167883682251e+01
  8,332761526108e-01;  2,920063018799e+01
  8,228899240494e-01;  2,716494560242e+01
  8,095431327820e-01;  2,469652938843e+01
  7,978611588478e-01;  2,275021171570e+01
  7,853015661240e-01;  2,067501449585e+01
  7,741908431053e-01;  1,903356742859e+01
  7,631636857986e-01;  1,741010093689e+01
  7,520529627800e-01;  1,589107513428e+01
  7,417712211609e-01;  1,455805969238e+01
  7,315312027931e-01;  1,329799175262e+01
  7,238895297050e-01;  1,238994789124e+01
  7,183307409286e-01;  1,175751399994e+01
  7,142904400826e-01;  1,131693553925e+01
  7,112393379211e-01;  1,100380134583e+01
  7,089614868164e-01;  1,079222488403e+01
  7,070458531380e-01;  1,067546463013e+01
  7,068368792534e-01;  1,078108692169e+01
  7,179266810417e-01;  1,395199203491e+01
  7,308624982834e-01;  1,619233894348e+01
  7,469956874847e-01;  1,884495925903e+01
  7,649330496788e-01;  2,162986564636e+01
  7,803696393967e-01;  2,437070274353e+01
  7,946010828018e-01;  2,694530105591e+01
  8,068960309029e-01;  2,925775337219e+01
  8,183063268661e-01;  3,135258102417e+01
  8,284626603127e-01;  3,325291442871e+01
  8,418025374413e-01;  3,579232406616e+01
  8,532963395119e-01;  3,798471069336e+01
  8,658072352409e-01;  4,042542266846e+01
  8,777747750282e-01;  4,282045364380e+01
  8,883281946182e-01;  4,493677139282e+01
  8,989861607552e-01;  4,709386825562e+01
  9,051928520203e-01;  4,829703140259e+01
  9,089544415474e-01;  4,898216247559e+01
  9,112880825996e-01;  4,933601760864e+01
  9,119637608528e-01;  4,918544387817e+01
  9,016401767731e-01;  4,452642822266e+01
  8,894915580750e-01;  4,145648193359e+01
  8,745913505554e-01;  3,799898147583e+01
  8,588621616364e-01;  3,464274215698e+01
  8,453063964844e-01;  3,168611145020e+01
  8,334155082703e-01;  2,920834732056e+01
  8,230152726173e-01;  2,717351341248e+01
  8,096894025803e-01;  2,470136260986e+01
  7,979795932770e-01;  2,275177383423e+01
  7,854060530663e-01;  2,067878532410e+01
  7,743161916733e-01;  1,904170227051e+01
  7,632890939713e-01;  1,742075347900e+01
  7,522271275520e-01;  1,590266799927e+01
  7,418757081032e-01;  1,456072902679e+01
  7,316705584526e-01;  1,329987239838e+01
  7,240149378777e-01;  1,238935947418e+01
  7,184352278709e-01;  1,176452636719e+01
  7,143810391426e-01;  1,132614994049e+01
  7,113299369812e-01;  1,100503444672e+01
  7,090520262718e-01;  1,078594589233e+01
  7,071294188499e-01;  1,067151546478e+01
  7,069761753082e-01;  1,076988410950e+01
  7,174599766731e-01;  1,385562992096e+01
  7,302146553993e-01;  1,606237030029e+01
  7,462154626846e-01;  1,869767189026e+01
  7,641319632530e-01;  2,147916793823e+01
  7,797078490257e-01;  2,422069168091e+01
  7,940020561218e-01;  2,680823707581e+01
  8,063596487045e-01;  2,913539123535e+01
  8,178395628929e-01;  3,124299621582e+01
  8,280447125435e-01;  3,315578460693e+01
  8,414402604103e-01;  3,570950698853e+01
  8,529898524284e-01;  3,791240310669e+01
  8,655982613564e-01;  4,036310577393e+01
  8,776354789734e-01;  4,277452087402e+01
  8,882794380188e-01;  4,490180206299e+01
  8,989582657814e-01;  4,707320785522e+01
  9,052067399025e-01;  4,828884887695e+01
  9,090241193771e-01;  4,898048019409e+01
  9,113577008247e-01;  4,932981491089e+01
  9,120194911957e-01;  4,918062591553e+01
  9,017446637154e-01;  4,452509307861e+01
  8,895820975304e-01;  4,145984268188e+01
  8,746401071548e-01;  3,800247955322e+01
  8,589318394661e-01;  3,464554595947e+01
  8,453969359398e-01;  3,168712234497e+01
  8,334851264954e-01;  2,921066856384e+01
  8,230988979340e-01;  2,717359161377e+01
  8,097590804100e-01;  2,470182800293e+01
  7,980840802193e-01;  2,275166130066e+01
  7,855105400085e-01;  2,067750549316e+01
  7,744346261024e-01;  1,903768539429e+01
  7,633726596832e-01;  1,741653442383e+01
  7,523176670074e-01;  1,590222072601e+01
  7,419871687889e-01;  1,456036090851e+01
  7,318098545074e-01;  1,330203628540e+01
  7,241333723068e-01;  1,239032745361e+01
  7,185466885567e-01;  1,176103401184e+01
  7,145203351974e-01;  1,132196617126e+01
  7,114692330360e-01;  1,099766445160e+01
  7,091913819313e-01;  1,078400516510e+01
  7,072757482529e-01;  1,065845775604e+01
  7,070946097374e-01;  1,073948383331e+01
  7,221898436546e-01;  1,466464042664e+01
  7,364631295204e-01;  1,708237648010e+01
  7,535436749458e-01;  1,980750274658e+01
  7,708262801170e-01;  2,259292602539e+01
  7,857334017754e-01;  2,528741645813e+01
  7,992543578148e-01;  2,777707481384e+01
  8,110616803169e-01;  3,000815582275e+01
  8,221236467361e-01;  3,203194427490e+01
  8,364039063454e-01;  3,473184585571e+01
  8,487545251846e-01;  3,706867218018e+01
  8,591686487198e-01;  3,907894515991e+01
  8,703908324242e-01;  4,130521392822e+01
  8,812786340714e-01;  4,348093795776e+01
  8,920898437500e-01;  4,565474319458e+01
  9,010759592056e-01;  4,746602630615e+01
  9,066208600998e-01;  4,852819061279e+01
  9,099296927452e-01;  4,910186386108e+01
  9,119150042534e-01;  4,935610961914e+01
  9,122632741928e-01;  4,914622116089e+01
  9,008600115776e-01;  4,425915908813e+01
  8,884118199348e-01;  4,113463592529e+01
  8,732677698135e-01;  3,766430664063e+01
  8,576918840408e-01;  3,433825683594e+01
  8,443868756294e-01;  3,142363929749e+01
  8,325935006142e-01;  2,899606704712e+01
  8,223326206207e-01;  2,699662399292e+01
  8,091320991516e-01;  2,456565284729e+01
  7,975964546204e-01;  2,264237976074e+01
  7,851064801216e-01;  2,059109306335e+01
  7,741002440453e-01;  1,897042274475e+01
  7,631984949112e-01;  1,736679840088e+01
  7,521713972092e-01;  1,586115074158e+01
  7,419314384460e-01;  1,453536605835e+01
  7,318307757378e-01;  1,329004859924e+01
  7,241681814194e-01;  1,238030147552e+01
  7,186442017555e-01;  1,174969387054e+01
  7,146596312523e-01;  1,132036876678e+01
  7,115597724915e-01;  1,099849414825e+01
  7,092958688736e-01;  1,078004169464e+01
  7,073593139648e-01;  1,065103149414e+01
  7,070458531380e-01;  1,088669967651e+01
  7,216534614563e-01;  1,455243301392e+01
  7,357317209244e-01;  1,694588470459e+01
  7,526729702950e-01;  1,966297912598e+01
  7,700739502907e-01;  2,244827842712e+01
  7,850368618965e-01;  2,514784049988e+01
  7,986622452736e-01;  2,764997482300e+01
  8,105392456055e-01;  2,989414596558e+01
  8,216499686241e-01;  3,192699241638e+01
  8,359859585762e-01;  3,464064025879e+01
  8,483853340149e-01;  3,698997116089e+01
  8,589109182358e-01;  3,901204681396e+01
  8,701748847961e-01;  4,125210571289e+01
  8,811184167862e-01;  4,344243621826e+01
  8,920201659203e-01;  4,562701416016e+01
  9,010620117188e-01;  4,744782257080e+01
  9,066208600998e-01;  4,851365661621e+01
  9,099296927452e-01;  4,908145904541e+01
  9,119985699654e-01;  4,934959793091e+01
  9,122981429100e-01;  4,912327957153e+01
  9,004071950912e-01;  4,412567901611e+01
  8,878197073936e-01;  4,097491455078e+01
  8,725363612175e-01;  3,749873733521e+01
  8,570649623871e-01;  3,418864822388e+01
  8,438156843185e-01;  3,129721260071e+01
  8,321267962456e-01;  2,889100074768e+01
  8,219146728516e-01;  2,690657043457e+01
  8,087629079819e-01;  2,449211502075e+01
  7,973039150238e-01;  2,258160591125e+01
  7,848835587502e-01;  2,054347610474e+01
  7,738912701607e-01;  1,892976760864e+01
  7,630452513695e-01;  1,733164215088e+01
  7,521226406097e-01;  1,583627033234e+01
  7,419174909592e-01;  1,451412296295e+01
  7,318098545074e-01;  1,327451801300e+01
  7,242030501366e-01;  1,236862182617e+01
  7,186650633812e-01;  1,174335956573e+01
  7,147083878517e-01;  1,131327629089e+01
  7,116433978081e-01;  1,099455356598e+01
  7,093794345856e-01;  1,077413272858e+01
  7,074986100197e-01;  1,068592262268e+01
  7,073245048523e-01;  1,079817581177e+01
  7,189158797264e-01;  1,403859710693e+01
  7,320745587349e-01;  1,630059623718e+01
  7,483401298523e-01;  1,896587562561e+01
  7,662426233292e-01;  2,175428390503e+01
  7,815677523613e-01;  2,449064826965e+01
  7,957156896591e-01;  2,706075477600e+01
  8,078922033310e-01;  2,936489677429e+01
  8,193024396896e-01;  3,145193481445e+01
  8,293891549110e-01;  3,334494400024e+01
  8,426732420921e-01;  3,587126541138e+01
  8,540835380554e-01;  3,805014419556e+01
  8,665038347244e-01;  4,047404098511e+01
  8,784016966820e-01;  4,285572433472e+01
  8,888854980469e-01;  4,496554946899e+01
  8,994598388672e-01;  4,709424972534e+01
  9,057152867317e-01;  4,831045532227e+01
  9,094768762589e-01;  4,898580551147e+01
  9,117408394814e-01;  4,932939147949e+01
  9,125071167946e-01;  4,897367095947e+01
  8,975999355316e-01;  4,337878799438e+01
  8,843715786934e-01;  4,010158157349e+01
  8,685796856880e-01;  3,662825012207e+01
  8,537073731422e-01;  3,341306304932e+01
  8,409317731857e-01;  3,063700866699e+01
  8,295633196831e-01;  2,835013580322e+01
  8,152621984482e-01;  2,561411476135e+01
  8,028766512871e-01;  2,347751998901e+01
  7,925949096680e-01;  2,175196647644e+01
  7,807945609093e-01;  1,989296722412e+01
  7,704222202301e-01;  1,840185928345e+01
  7,603424787521e-01;  1,692326164246e+01
  7,498935461044e-01;  1,551316928864e+01
  7,391589879990e-01;  1,414261531830e+01
  7,298663854599e-01;  1,301448535919e+01
  7,228237390518e-01;  1,218299674988e+01
  7,177246809006e-01;  1,161513519287e+01
  7,140466570854e-01;  1,122284603119e+01
  7,112602591515e-01;  1,092620849609e+01
  7,091356515884e-01;  1,072790813446e+01
  7,074986100197e-01;  1,088483905792e+01
  7,221062779427e-01;  1,456159687042e+01
  7,362053990364e-01;  1,695690727234e+01
  7,531814575195e-01;  1,968044090271e+01
  7,705824375153e-01;  2,246618461609e+01
  7,855592966080e-01;  2,516853904724e+01
  7,991638183594e-01;  2,767273902893e+01
  8,110408186913e-01;  2,991715431213e+01
  8,221724033356e-01;  3,195199203491e+01
  8,365083932877e-01;  3,466585540771e+01
  8,488590121269e-01;  3,701534652710e+01
  8,593428134918e-01;  3,903639221191e+01
  8,705998063087e-01;  4,127704238892e+01
  8,815712332726e-01;  4,347004699707e+01
  8,923893570900e-01;  4,564822006226e+01
  9,013546109200e-01;  4,745757675171e+01
  9,069691300392e-01;  4,852882385254e+01
  9,102571010590e-01;  4,909839248657e+01
  9,122772216797e-01;  4,933864974976e+01
  9,125767350197e-01;  4,903759384155e+01
  8,988398909569e-01;  4,367659759521e+01
  8,858901262283e-01;  4,044556427002e+01
  8,702933192253e-01;  3,696788024902e+01
  8,551632165909e-01;  3,371374893188e+01
  8,422274589539e-01;  3,089084815979e+01
  8,307126760483e-01;  2,855638885498e+01
  8,162025809288e-01;  2,577779769897e+01
  8,037334680557e-01;  2,360742759705e+01
  7,932775616646e-01;  2,186007499695e+01
  7,814214825630e-01;  1,997657203674e+01
  7,709307670593e-01;  1,846737861633e+01
  7,607604265213e-01;  1,696705818176e+01
  7,502627372742e-01;  1,554747486115e+01
  7,394236922264e-01;  1,416264820099e+01
  7,301031947136e-01;  1,303543663025e+01
  7,230327725410e-01;  1,219735622406e+01
  7,178988456726e-01;  1,162578773499e+01
  7,141859531403e-01;  1,121784973145e+01
  7,113995552063e-01;  1,093508911133e+01
  7,092401385307e-01;  1,072699546814e+01
  7,077633142471e-01;  1,073969078064e+01
  7,228864431381e-01;  1,467256164551e+01
  7,371597290039e-01;  1,709228515625e+01
  7,542402744293e-01;  1,982059478760e+01
  7,715019583702e-01;  2,260670089722e+01
  7,864161133766e-01;  2,530353355408e+01
  7,999161481857e-01;  2,779512596130e+01
  8,117722272873e-01;  3,002719688416e+01
  8,227993249893e-01;  3,205299758911e+01
  8,370517492294e-01;  3,475439071655e+01
  8,493466377258e-01;  3,708813858032e+01
  8,597607612610e-01;  3,909638595581e+01
  8,709481358528e-01;  4,132272338867e+01
  8,818150162697e-01;  4,350308227539e+01
  8,926122784615e-01;  4,567059707642e+01
  9,015496373177e-01;  4,747314071655e+01
  9,071224331856e-01;  4,854149246216e+01
  9,103824496269e-01;  4,910283279419e+01
  9,123817086220e-01;  4,935329818726e+01
  9,127160906792e-01;  4,912109756470e+01
  9,007206559181e-01;  4,411448669434e+01
  8,881540894508e-01;  4,095970535278e+01
  8,728637695313e-01;  3,748387908936e+01
  8,573784232140e-01;  3,417388153076e+01
  8,441779017448e-01;  3,128104400635e+01
  8,324890136719e-01;  2,887578010559e+01
  8,222838640213e-01;  2,689614105225e+01
  8,091669678688e-01;  2,448078918457e+01
  7,976521849632e-01;  2,257395744324e+01
  7,852527499199e-01;  2,054043197632e+01
  7,743161916733e-01;  1,893005180359e+01
  7,634423375130e-01;  1,732782173157e+01
  7,524848580360e-01;  1,583700752258e+01
  7,422448992729e-01;  1,451062107086e+01
  7,321790456772e-01;  1,326542758942e+01
  7,245861291885e-01;  1,236395263672e+01
  7,190621495247e-01;  1,173531055450e+01
  7,150915265083e-01;  1,130429840088e+01
  7,120752930641e-01;  1,098708248138e+01
  7,098322510719e-01;  1,076410198212e+01
  7,079862356186e-01;  1,070719909668e+01
  7,078121304512e-01;  1,085056018829e+01
  7,212494611740e-01;  1,435991954803e+01
  7,349654436111e-01;  1,670835304260e+01
  7,516071200371e-01;  1,940998077393e+01
  7,692379951477e-01;  2,219614601135e+01
  7,843402624130e-01;  2,491271781921e+01
  7,981398105621e-01;  2,744193077087e+01
  8,101561069489e-01;  2,970740509033e+01
  8,214061856270e-01;  3,176279830933e+01
  8,358605504036e-01;  3,450176239014e+01
  8,483365774155e-01;  3,687291336060e+01
  8,589248657227e-01;  3,891220092773e+01
  8,703002929688e-01;  4,117636489868e+01
  8,813483119011e-01;  4,338856124878e+01
  8,923197388649e-01;  4,559114456177e+01
  9,014242291451e-01;  4,743495178223e+01
  9,070736169815e-01;  4,851681137085e+01
  9,103824496269e-01;  4,908178329468e+01
  9,124374389648e-01;  4,935551834106e+01
  9,127508997917e-01;  4,915011978149e+01
  9,013824462891e-01;  4,426647949219e+01
  8,889203071594e-01;  4,113851165771e+01
  8,737693428993e-01;  3,766682052612e+01
  8,582004308701e-01;  3,433956909180e+01
  8,448745012283e-01;  3,142017555237e+01
  8,331159353256e-01;  2,899037742615e+01
  8,228411674500e-01;  2,699052047729e+01
  8,096684813499e-01;  2,455377388000e+01
  7,980840802193e-01;  2,263305854797e+01
  7,856498360634e-01;  2,058403587341e+01
  7,746784090996e-01;  1,896248435974e+01
  7,637209892273e-01;  1,735418891907e+01
  7,527635097504e-01;  1,585813522339e+01
  7,425096035004e-01;  1,452329349518e+01
  7,324019670486e-01;  1,326942253113e+01
  7,248439192772e-01;  1,236532306671e+01
  7,193129062653e-01;  1,173894500732e+01
  7,153214216232e-01;  1,130928611755e+01
  7,122912406921e-01;  1,098687267303e+01
  7,100063562393e-01;  1,076635265350e+01
  7,081464529037e-01;  1,072766971588e+01
  7,080419659615e-01;  1,089177131653e+01
  7,100203037262e-01;  1,209100055695e+01
  7,226774692535e-01;  1,457620334625e+01
  7,367765903473e-01;  1,697458457947e+01
  7,537178397179e-01;  1,969453048706e+01
  7,710840106010e-01;  2,248084449768e+01
  7,860329747200e-01;  2,518050765991e+01
  7,995957136154e-01;  2,768263435364e+01
  8,115144968033e-01;  2,992630767822e+01
  8,225694894791e-01;  3,196193122864e+01
  8,369123935699e-01;  3,467798995972e+01
  8,492770195007e-01;  3,702705383301e+01
  8,597259521484e-01;  3,904493331909e+01
  8,709481358528e-01;  4,127912139893e+01
  8,818637728691e-01;  4,346815109253e+01
  8,927028775215e-01;  4,564815139771e+01
  9,016750454903e-01;  4,746251678467e+01
  9,072826504707e-01;  4,852832794189e+01
  9,105914831161e-01;  4,909737014771e+01
  9,125767350197e-01;  4,934000778198e+01
  9,128902554512e-01;  4,903998947144e+01
  8,991881608963e-01;  4,368234634399e+01
  8,862035870552e-01;  4,045052337646e+01
  8,706207275391e-01;  3,697478103638e+01
  8,555324673653e-01;  3,371735000610e+01
  8,425896763802e-01;  3,089485549927e+01
  8,310748934746e-01;  2,855948257446e+01
  8,165857195854e-01;  2,577958488464e+01
  8,041305541992e-01;  2,360832214355e+01
  7,936607003212e-01;  2,186144447327e+01
  7,818533778191e-01;  1,997640419006e+01
  7,713835239410e-01;  1,846924018860e+01
  7,612341046333e-01;  1,696987915039e+01
  7,507085204124e-01;  1,555487632751e+01
  7,398764491081e-01;  1,416697502136e+01
  7,305977940559e-01;  1,303096580505e+01
  7,234855294228e-01;  1,220017814636e+01
  7,183655500412e-01;  1,162356376648e+01
  7,146944999695e-01;  1,121996116638e+01
  7,118523716927e-01;  1,092697715759e+01
  7,097277641296e-01;  1,072335815430e+01
  7,082300782204e-01;  1,084143257141e+01
  7,210962176323e-01;  1,427474212646e+01
  7,346240878105e-01;  1,659401130676e+01
  7,510846853256e-01;  1,928323745728e+01
  7,688409686089e-01;  2,206719589233e+01
  7,839571237564e-01;  2,478799057007e+01
  7,978263497353e-01;  2,732603454590e+01
  8,098635673523e-01;  2,960368347168e+01
  8,211623430252e-01;  3,166907691956e+01
  8,356933593750e-01;  3,442240524292e+01
  8,482320904732e-01;  3,680245971680e+01
  8,588551878929e-01;  3,884992980957e+01
  8,702863454819e-01;  4,111709213257e+01
  8,813970685005e-01;  4,335036087036e+01
  8,924381136894e-01;  4,557437896729e+01
  9,015844464302e-01;  4,742070007324e+01
  9,072477817535e-01;  4,851255416870e+01
  9,105914831161e-01;  4,908794021606e+01
  9,125767350197e-01;  4,934674453735e+01
  9,129250645638e-01;  4,909404754639e+01
  9,004071950912e-01;  4,397738265991e+01
  8,877012729645e-01;  4,079842376709e+01
  8,723273873329e-01;  3,732313919067e+01
  8,569813370705e-01;  3,403107452393e+01
  8,438435196877e-01;  3,116054344177e+01
  8,322452306747e-01;  2,877783775330e+01
  8,221236467361e-01;  2,681223106384e+01
  8,090415596962e-01;  2,441556167603e+01
  7,976313233376e-01;  2,251850891113e+01
  7,852876186371e-01;  2,049566078186e+01
  7,744137048721e-01;  1,889240074158e+01
  7,635677456856e-01;  1,730033302307e+01
  7,526938319206e-01;  1,581573104858e+01
  7,425235509872e-01;  1,449317073822e+01
  7,324716448784e-01;  1,325031471252e+01
  7,249692678452e-01;  1,235520648956e+01
  7,194661498070e-01;  1,173167514801e+01
  7,154955863953e-01;  1,129266548157e+01
  7,125350236893e-01;  1,098472690582e+01
  7,102501988411e-01;  1,076386070251e+01
  7,083693742752e-01;  1,077173709869e+01
  7,189367413521e-01;  1,387277221680e+01
  7,316775321960e-01;  1,608484840393e+01
  7,475878000259e-01;  1,872449302673e+01
  7,655599713326e-01;  2,150726699829e+01
  7,810662388802e-01;  2,424817848206e+01
  7,953325510025e-01;  2,683464241028e+01
  8,076344132423e-01;  2,916122245789e+01
  8,191213011742e-01;  3,126552772522e+01
  8,293334245682e-01;  3,317773437500e+01
  8,427289724350e-01;  3,573033905029e+01
  8,542088866234e-01;  3,792960739136e+01
  8,667267560959e-01;  4,038209533691e+01
  8,787500262260e-01;  4,279052352905e+01
  8,893104195595e-01;  4,491863632202e+01
  8,999474644661e-01;  4,706692123413e+01
  9,062516689301e-01;  4,830275726318e+01
  9,100341796875e-01;  4,897780609131e+01
  9,122981429100e-01;  4,932369613647e+01
  9,131270647049e-01;  4,907898712158e+01
  9,000380039215e-01;  4,384842681885e+01
  8,871927857399e-01;  4,064081192017e+01
  8,717004656792e-01;  3,715786361694e+01
  8,564867973328e-01;  3,388120269775e+01
  8,434116244316e-01;  3,103265190125e+01
  8,318969011307e-01;  2,867190933228e+01
  8,218101859093e-01;  2,672365379333e+01
  8,087977766991e-01;  2,434582519531e+01
  7,974780797958e-01;  2,246369934082e+01
  7,851970791817e-01;  2,045314025879e+01
  7,743301391602e-01;  1,885697555542e+01
  7,635468244553e-01;  1,726970481873e+01
  7,527147531509e-01;  1,579226207733e+01
  7,425235509872e-01;  1,447542190552e+01
  7,325761318207e-01;  1,324307346344e+01
  7,250528931618e-01;  1,235043334961e+01
  7,195845842361e-01;  1,172615909576e+01
  7,156000733376e-01;  1,129585170746e+01
  7,126395106316e-01;  1,098587036133e+01
  7,103337645531e-01;  1,075892257690e+01
  7,085086703300e-01;  1,073934268951e+01
  7,236387729645e-01;  1,468122959137e+01
  7,378911375999e-01;  1,710068702698e+01
  7,549368739128e-01;  1,982794189453e+01
  7,721846103668e-01;  2,261049842834e+01
  7,870708703995e-01;  2,530434226990e+01
  8,005570173264e-01;  2,779295921326e+01
  8,124200701714e-01;  3,002515983582e+01
  8,233914375305e-01;  3,205221557617e+01
  8,376368880272e-01;  3,475536346436e+01
  8,499526977539e-01;  3,709006118774e+01
  8,603528738022e-01;  3,909712600708e+01
  8,714845180511e-01;  4,132091903687e+01
  8,823723196983e-01;  4,350377273560e+01
  8,931556344032e-01;  4,566609954834e+01
  9,020720720291e-01;  4,747666168213e+01
  9,076309204102e-01;  4,854558181763e+01
  9,109049439430e-01;  4,909905624390e+01
  9,128902554512e-01;  4,932757949829e+01
  9,131688475609e-01;  4,897776794434e+01
  8,982965350151e-01;  4,338419342041e+01
  8,850542306900e-01;  4,010781860352e+01
  8,692972064018e-01;  3,663306808472e+01
  8,544527292252e-01;  3,341817855835e+01
  8,416701555252e-01;  3,064270019531e+01
  8,303644061089e-01;  2,835562896729e+01
  8,160075545311e-01;  2,561840057373e+01
  8,036429286003e-01;  2,347820854187e+01
  7,933472394943e-01;  2,175204277039e+01
  7,816095948219e-01;  1,989561080933e+01
  7,712093591690e-01;  1,840348625183e+01
  7,611575126648e-01;  1,691712379456e+01
  7,507085204124e-01;  1,551181411743e+01
  7,399809360504e-01;  1,413008117676e+01
  7,307162284851e-01;  1,301390838623e+01
  7,237154245377e-01;  1,218216037750e+01
  7,186650633812e-01;  1,161604881287e+01
  7,149522304535e-01;  1,121647739410e+01
  7,121658325195e-01;  1,091907119751e+01
  7,100412249565e-01;  1,072166538239e+01
  7,085644006729e-01;  1,081222629547e+01
  7,208036184311e-01;  1,415369606018e+01
  7,341504096985e-01;  1,645135879517e+01
  7,505204677582e-01;  1,913076210022e+01
  7,683463692665e-01;  2,191638755798e+01
  7,835739850998e-01;  2,464005279541e+01
  7,975268363953e-01;  2,719415664673e+01
  8,095988631248e-01;  2,948501205444e+01
  8,209881782532e-01;  3,156363487244e+01
  8,310052752495e-01;  3,345129394531e+01
  8,442266583443e-01;  3,597027969360e+01
  8,555324673653e-01;  3,813524246216e+01
  8,677716255188e-01;  4,054208374023e+01
  8,795511126518e-01;  4,291109848022e+01
  8,900000452995e-01;  4,500783920288e+01
  9,003654122353e-01;  4,712124252319e+01
  9,066348075867e-01;  4,833840560913e+01
  9,103128314018e-01;  4,900157928467e+01
  9,125419259071e-01;  4,933528900146e+01
  9,132037162781e-01;  4,918682861328e+01
  9,029846191406e-01;  4,454645919800e+01
  8,907802700996e-01;  4,147864913940e+01
  8,758800625801e-01;  3,801718902588e+01
  8,601717948914e-01;  3,465628051758e+01
  8,466159701347e-01;  3,169087028503e+01
  8,347529768944e-01;  2,920793724060e+01
  8,243179321289e-01;  2,717268753052e+01
  8,110268712044e-01;  2,469229316711e+01
  7,993031144142e-01;  2,274102020264e+01
  7,867992520332e-01;  2,066513252258e+01
  7,758069038391e-01;  1,902765464783e+01
  7,646961808205e-01;  1,740117263794e+01
  7,537596225739e-01;  1,589728069305e+01
  7,433803677559e-01;  1,455076885223e+01
  7,332030534744e-01;  1,328680324554e+01
  7,256310582161e-01;  1,238635730743e+01
  7,200374007225e-01;  1,174700641632e+01
  7,160319685936e-01;  1,130659675598e+01
  7,130226492882e-01;  1,099408626556e+01
  7,107029557228e-01;  1,077178287506e+01
  7,088221907616e-01;  1,075408935547e+01
  7,188671231270e-01;  1,377680301666e+01
  7,314197421074e-01;  1,596398162842e+01
  7,472116351128e-01;  1,859420585632e+01
  7,651977539063e-01;  2,137766456604e+01
  7,808223962784e-01;  2,412622451782e+01
  7,951931953430e-01;  2,672807312012e+01
  8,075578212738e-01;  2,906933403015e+01
  8,191074132919e-01;  3,118983078003e+01
  8,293334245682e-01;  3,311406707764e+01
  8,427777290344e-01;  3,568230438232e+01
  8,543273210526e-01;  3,789378356934e+01
  8,668869733810e-01;  4,035266876221e+01
  8,789241909981e-01;  4,276780700684e+01
  8,895333409309e-01;  4,490366744995e+01
  9,001773595810e-01;  4,706036758423e+01
  9,065651297569e-01;  4,830809020996e+01
  9,103128314018e-01;  4,898159790039e+01
  9,125767350197e-01;  4,932958602905e+01
  9,132733345032e-01;  4,920542526245e+01
  8,978506922722e-01;  4,323413085938e+01
  8,844760656357e-01;  3,993314743042e+01
  8,686354160309e-01;  3,646186447144e+01
  8,539163470268e-01;  3,326171875000e+01
  8,412173986435e-01;  3,050684356689e+01
  8,299255371094e-01;  2,824002265930e+01
  8,156940340996e-01;  2,552137374878e+01
  8,033782243729e-01;  2,339505004883e+01
  7,931382656097e-01;  2,168140029907e+01
  7,814702391624e-01;  1,983515930176e+01
  7,711048722267e-01;  1,835121917725e+01
  7,592418789864e-01;  1,662688446045e+01
  7,492317557335e-01;  1,528071498871e+01
  7,389848232269e-01;  1,398270320892e+01
  7,300404906273e-01;  1,289669227600e+01
  7,232765555382e-01;  1,210489082336e+01
  7,183864712715e-01;  1,155875301361e+01
  7,148128747940e-01;  1,116885089874e+01
  7,120961546898e-01;  1,088998985291e+01
  7,100412249565e-01;  1,069309043884e+01
  7,088221907616e-01;  1,087489223480e+01
  7,174042463303e-01;  1,350156497955e+01
  7,293648123741e-01;  1,559548473358e+01
  7,447735071182e-01;  1,817721176147e+01
  7,627039551735e-01;  2,095275688171e+01
  7,786769270897e-01;  2,371553039551e+01
  7,932636141777e-01;  2,635025978088e+01
  8,058720231056e-01;  2,873237037659e+01
  8,175052404404e-01;  3,088498497009e+01
  8,279402256012e-01;  3,283817291260e+01
  8,415935635567e-01;  3,544569015503e+01
  8,533869385719e-01;  3,769090652466e+01
  8,661555647850e-01;  4,018839645386e+01
  8,761865496635e-01;  4,220875549316e+01
  8,876664638519e-01;  4,450833129883e+01
  8,984149694443e-01;  4,667581558228e+01
  9,054714441299e-01;  4,808523941040e+01
  9,097555279732e-01;  4,886646652222e+01
  9,122632741928e-01;  4,926733779907e+01
  9,134474992752e-01;  4,900768280029e+01
  8,991533517838e-01;  4,352928161621e+01
  8,860085606575e-01;  4,027094650269e+01
  8,703281283379e-01;  3,679273223877e+01
  8,553373813629e-01;  3,355178451538e+01
  8,424712419510e-01;  3,074925613403e+01
  8,310610055923e-01;  2,843641662598e+01
  8,166553378105e-01;  2,567487716675e+01
  8,042489886284e-01;  2,351470184326e+01
  7,938696742058e-01;  2,177947998047e+01
  7,821111083031e-01;  1,991180038452e+01
  7,717179059982e-01;  1,841965484619e+01
  7,615615129471e-01;  1,692794799805e+01
  7,511334419250e-01;  1,551568698883e+01
  7,403849959373e-01;  1,413891410828e+01
  7,311202287674e-01;  1,300940036774e+01
  7,241333723068e-01;  1,217975139618e+01
  7,190342545509e-01;  1,160907268524e+01
  7,153562307358e-01;  1,120920085907e+01
  7,125629186630e-01;  1,092029476166e+01
  7,104243636131e-01;  1,070858955383e+01
  7,091356515884e-01;  1,075759124756e+01
  7,092052698135e-01;  1,124235916138e+01
  7,249553799629e-01;  1,480250549316e+01
  7,393749356270e-01;  1,724913024902e+01
  7,566087245941e-01;  1,999016761780e+01
  7,736474871635e-01;  2,277518844604e+01
  7,885685563087e-01;  2,546549415588e+01
  8,018805384636e-01;  2,794529342651e+01
  8,137575387955e-01;  3,016993904114e+01
  8,246662020683e-01;  3,218713378906e+01
  8,387932181358e-01;  3,488130950928e+01
  8,510532975197e-01;  3,720630645752e+01
  8,613629341125e-01;  3,919857406616e+01
  8,723552823067e-01;  4,140815734863e+01
  8,831734061241e-01;  4,358147048950e+01
  8,938661813736e-01;  4,571694183350e+01
  9,026293754578e-01;  4,751033782959e+01
  9,081673026085e-01;  4,857484054565e+01
  9,113577008247e-01;  4,911262512207e+01
  9,133290648460e-01;  4,933566284180e+01
  9,135867953300e-01;  4,901029586792e+01
  8,993135690689e-01;  4,353151702881e+01
  8,861827254295e-01;  4,027342605591e+01
  8,705162405968e-01;  3,679235076904e+01
  8,555393815041e-01;  3,355171203613e+01
  8,426244854927e-01;  3,074732971191e+01
  8,312003016472e-01;  2,843154144287e+01
  8,168086409569e-01;  2,567201423645e+01
  8,044788241386e-01;  2,351775932312e+01
  7,940298914909e-01;  2,178565216064e+01
  7,823061943054e-01;  1,991459083557e+01
  7,718572020531e-01;  1,841646194458e+01
  7,617704868317e-01;  1,692596817017e+01
  7,513563632965e-01;  1,551931667328e+01
  7,405382394791e-01;  1,413832283020e+01
  7,313083410263e-01;  1,300937366486e+01
  7,242866158485e-01;  1,217850017548e+01
  7,192571759224e-01;  1,161011791229e+01
  7,155094742775e-01;  1,121202087402e+01
  7,127091884613e-01;  1,092103672028e+01
  7,105845808983e-01;  1,072154426575e+01
  7,090868949890e-01;  1,079425239563e+01
  7,208315134048e-01;  1,405449962616e+01
  7,340111136436e-01;  1,632707977295e+01
  7,502348423004e-01;  1,899993515015e+01
  7,681443691254e-01;  2,179348945618e+01
  7,834555506706e-01;  2,453021430969e+01
  7,975268363953e-01;  2,709931182861e+01
  8,096684813499e-01;  2,940362358093e+01
  8,210787773132e-01;  3,149488067627e+01
  8,311445713043e-01;  3,339237213135e+01
  8,444705009460e-01;  3,592686843872e+01
  8,557762503624e-01;  3,810669326782e+01
  8,680711984634e-01;  4,052642440796e+01
  8,799133300781e-01;  4,290205383301e+01
  8,903483748436e-01;  4,499292373657e+01
  9,007833600044e-01;  4,710809326172e+01
  9,070736169815e-01;  4,834481430054e+01
  9,107517004013e-01;  4,899847793579e+01
  9,129947423935e-01;  4,933510208130e+01
  9,136356115341e-01;  4,917094802856e+01
  9,028453230858e-01;  4,440229034424e+01
  8,904876708984e-01;  4,130120468140e+01
  8,754620552063e-01;  3,782943344116e+01
  8,598374128342e-01;  3,448442459106e+01
  8,463861346245e-01;  3,154554557800e+01
  8,346136212349e-01;  2,908417701721e+01
  8,242482542992e-01;  2,706459236145e+01
  8,110129237175e-01;  2,460309791565e+01
  7,993588447571e-01;  2,266493034363e+01
  7,869037389755e-01;  2,060763549805e+01
  7,759880423546e-01;  1,897962379456e+01
  7,649051547050e-01;  1,736460304260e+01
  7,540382742882e-01;  1,586627864838e+01
  7,437077164650e-01;  1,452237129211e+01
  7,336071133614e-01;  1,326704788208e+01
  7,260420322418e-01;  1,237022113800e+01
  7,205249667168e-01;  1,174089431763e+01
  7,164707779884e-01;  1,129835319519e+01
  7,134893536568e-01;  1,099154376984e+01
  7,111905813217e-01;  1,076216506958e+01
  7,093306779861e-01;  1,083688449860e+01
  7,222455739975e-01;  1,427156734467e+01
  7,357874512672e-01;  1,659775733948e+01
  7,523246407509e-01;  1,929190826416e+01
  7,700251936913e-01;  2,208255958557e+01
  7,851761579514e-01;  2,480659103394e+01
  7,990453839302e-01;  2,734820556641e+01
  8,110756278038e-01;  2,962818908691e+01
  8,223465681076e-01;  3,169615173340e+01
  8,368915319443e-01;  3,445180130005e+01
  8,494511246681e-01;  3,683588409424e+01
  8,600603342056e-01;  3,888515090942e+01
  8,714008927345e-01;  4,115999221802e+01
  8,824977278709e-01;  4,338800811768e+01
  8,934830427170e-01;  4,559461975098e+01
  9,025457501411e-01;  4,743989181519e+01
  9,082230329514e-01;  4,853102111816e+01
  9,114621877670e-01;  4,909880447388e+01
  9,135171771049e-01;  4,933618164063e+01
  9,137958288193e-01;  4,901018142700e+01
  8,994737863541e-01;  4,352599334717e+01
  8,863359689713e-01;  4,026852798462e+01
  8,706904053688e-01;  3,678757095337e+01
  8,557274937630e-01;  3,354661178589e+01
  8,428334593773e-01;  3,074629592896e+01
  8,314371705055e-01;  2,843370437622e+01
  8,170176148415e-01;  2,567518424988e+01
  8,046878576279e-01;  2,351943778992e+01
  7,942528128624e-01;  2,178490257263e+01
  7,824802994728e-01;  1,991197013855e+01
  7,721010446548e-01;  1,840970230103e+01
  7,620003819466e-01;  1,692411231995e+01
  7,516002058983e-01;  1,552327060699e+01
  7,408029437065e-01;  1,413819980621e+01
  7,315381765366e-01;  1,301110839844e+01
  7,245652675629e-01;  1,217749118805e+01
  7,194800972939e-01;  1,160556602478e+01
  7,157881259918e-01;  1,120277309418e+01
  7,129878401756e-01;  1,092051696777e+01
  7,108980417252e-01;  1,070955181122e+01
  7,094491124153e-01;  1,089089488983e+01
  7,241751551628e-01;  1,457809448242e+01
  7,382742762566e-01;  1,697891807556e+01
  7,551807165146e-01;  1,970404052734e+01
  7,725120186806e-01;  2,249429130554e+01
  7,875236868858e-01;  2,519888305664e+01
  8,010306954384e-01;  2,770466423035e+01
  8,129982352257e-01;  2,995248031616e+01
  8,240184187889e-01;  3,199302482605e+01
  8,383195400238e-01;  3,471326828003e+01
  8,506910800934e-01;  3,706321716309e+01
  8,611052036285e-01;  3,907939147949e+01
  8,722159266472e-01;  4,131225585938e+01
  8,831246495247e-01;  4,350159835815e+01
  8,939219117165e-01;  4,566819381714e+01
  9,028383493423e-01;  4,747584533691e+01
  9,084320068359e-01;  4,855857849121e+01
  9,116363525391e-01;  4,911020278931e+01
  9,136216640472e-01;  4,932964324951e+01
  9,139003157616e-01;  4,897494888306e+01
  8,990349173546e-01;  4,337512588501e+01
  8,857647180557e-01;  4,009616851807e+01
  8,700076937675e-01;  3,661969757080e+01
  8,551841378212e-01;  3,340177154541e+01
  8,423807024956e-01;  3,062457084656e+01
  8,310610055923e-01;  2,833604240417e+01
  8,167250156403e-01;  2,559872627258e+01
  8,044092059135e-01;  2,345579910278e+01
  7,940438389778e-01;  2,172999191284e+01
  7,823549509048e-01;  1,986985206604e+01
  7,719965577126e-01;  1,837829017639e+01
  7,619307041168e-01;  1,689576911926e+01
  7,516002058983e-01;  1,549469089508e+01
  7,408307790756e-01;  1,411195278168e+01
  7,316426634789e-01;  1,299569416046e+01
  7,247463464737e-01;  1,217083263397e+01
  7,196751236916e-01;  1,159384536743e+01
  7,159832119942e-01;  1,120006275177e+01
  7,132316231728e-01;  1,091927814484e+01
  7,110860943794e-01;  1,070955944061e+01
  7,096580862999e-01;  1,089289569855e+01
  7,243701815605e-01;  1,458587932587e+01
  7,384136319160e-01;  1,698643112183e+01
  7,553687691689e-01;  1,971226310730e+01
  7,726513147354e-01;  2,249979019165e+01
  7,876839041710e-01;  2,520376396179e+01
  8,011699914932e-01;  2,770816993713e+01
  8,131166696548e-01;  2,995579719543e+01
  8,241437673569e-01;  3,199154853821e+01
  8,384240269661e-01;  3,470908355713e+01
  8,508095145226e-01;  3,705826950073e+01
  8,612236380577e-01;  3,907676315308e+01
  8,723552823067e-01;  4,130987167358e+01
  8,832778930664e-01;  4,350320053101e+01
  8,940402865410e-01;  4,567113494873e+01
  9,029636979103e-01;  4,748226547241e+01
  9,085504412651e-01;  4,855283355713e+01
  9,117408394814e-01;  4,911204528809e+01
  9,137261509895e-01;  4,933625030518e+01
  9,140256643295e-01;  4,901335525513e+01
  8,997105956078e-01;  4,353176879883e+01
  8,865867257118e-01;  4,027186965942e+01
  8,709551095963e-01;  3,679044723511e+01
  8,559852242470e-01;  3,355342102051e+01
  8,430981636047e-01;  3,075323867798e+01
  8,317366838455e-01;  2,843939399719e+01
  8,173031806946e-01;  2,568064117432e+01
  8,049525618553e-01;  2,352048492432e+01
  7,944965958595e-01;  2,178756523132e+01
  7,827938199043e-01;  1,991720962524e+01
  7,723796963692e-01;  1,841559410095e+01
  7,622233033180e-01;  1,692384719849e+01
  7,518787980080e-01;  1,552155303955e+01
  7,410606741905e-01;  1,413446521759e+01
  7,318447232246e-01;  1,301946067810e+01
  7,248857021332e-01;  1,218095207214e+01
  7,197587490082e-01;  1,160396194458e+01
  7,160876989365e-01;  1,120151519775e+01
  7,133361101151e-01;  1,092283725739e+01
  7,111905813217e-01;  1,071882343292e+01
  7,098322510719e-01;  1,075327587128e+01
  7,199468016624e-01;  1,377954959869e+01
  7,325134277344e-01;  1,596778964996e+01
  7,482007741928e-01;  1,859904289246e+01
  7,662426233292e-01;  2,138560295105e+01
  7,817976474762e-01;  2,413287162781e+01
  7,961196899414e-01;  2,673632049561e+01
  8,084494471550e-01;  2,907894325256e+01
  8,199990391731e-01;  3,119727325439e+01
  8,302181363106e-01;  3,311682128906e+01
  8,436694145203e-01;  3,568124389648e+01
  8,552328944206e-01;  3,788833999634e+01
  8,677020072937e-01;  4,034711837769e+01
  8,797600865364e-01;  4,277145004272e+01
  8,903831839561e-01;  4,490830612183e+01
  9,009575247765e-01;  4,705920791626e+01
  9,073801636696e-01;  4,831829833984e+01
  9,111139178276e-01;  4,898916244507e+01
  9,133430123329e-01;  4,933570861816e+01
  9,140048027039e-01;  4,917158126831e+01
  9,032075405121e-01;  4,440138626099e+01
  8,908638358116e-01;  4,129909896851e+01
  8,758800625801e-01;  3,782954406738e+01
  8,602762818336e-01;  3,448738861084e+01
  8,468598127365e-01;  3,155155563354e+01
  8,351360559464e-01;  2,909452438354e+01
  8,247358798981e-01;  2,708081436157e+01
  8,115493059158e-01;  2,462258911133e+01
  7,998604178429e-01;  2,268532943726e+01
  7,874261736870e-01;  2,062421226501e+01
  7,765383720398e-01;  1,899068069458e+01
  7,653927803040e-01;  1,736626243591e+01
  7,545607089996e-01;  1,586724090576e+01
  7,442859411240e-01;  1,452243328094e+01
  7,341434359550e-01;  1,326743888855e+01
  7,266550660133e-01;  1,237700653076e+01
  7,211170792580e-01;  1,173574352264e+01
  7,170768380165e-01;  1,129792022705e+01
  7,141023874283e-01;  1,098659133911e+01
  7,118384242058e-01;  1,076578521729e+01
  7,099018692970e-01;  1,085392570496e+01
  7,234228253365e-01;  1,437799072266e+01
  7,371457815170e-01;  1,672809219360e+01
  7,537665963173e-01;  1,943076515198e+01
  7,712929844856e-01;  2,222131347656e+01
  7,864091396332e-01;  2,493599891663e+01
  8,001042008400e-01;  2,746213150024e+01
  8,121066093445e-01;  2,973014450073e+01
  8,232869505882e-01;  3,178773307800e+01
  8,377413749695e-01;  3,452791976929e+01
  8,502174019814e-01;  3,690042495728e+01
  8,607220649719e-01;  3,894021606445e+01
  8,720278739929e-01;  4,120024871826e+01
  8,830479979515e-01;  4,341622543335e+01
  8,939706683159e-01;  4,560702896118e+01
  9,029985666275e-01;  4,745518493652e+01
  9,086340069771e-01;  4,853592300415e+01
  9,118453264236e-01;  4,910025024414e+01
  9,138793945313e-01;  4,933439254761e+01
  9,141510725021e-01;  4,900992584229e+01
  8,999056816101e-01;  4,352959060669e+01
  8,867608904839e-01;  4,027164077759e+01
  8,711571097374e-01;  3,678931045532e+01
  8,561941981316e-01;  3,355297851563e+01
  8,433071374893e-01;  3,075580024719e+01
  8,319456577301e-01;  2,844469070435e+01
  8,175261020660e-01;  2,569077491760e+01
  8,051963448524e-01;  2,353304290771e+01
  7,947055697441e-01;  2,179494667053e+01
  7,830376029015e-01;  1,992530250549e+01
  7,726582884789e-01;  1,842361831665e+01
  7,624880075455e-01;  1,692681503296e+01
  7,521226406097e-01;  1,552484703064e+01
  7,413044571877e-01;  1,413243293762e+01
  7,321233153343e-01;  1,301263713837e+01
  7,251086235046e-01;  1,218717098236e+01
  7,200374007225e-01;  1,160436153412e+01
  7,163314819336e-01;  1,120282077789e+01
  7,135799527168e-01;  1,092016983032e+01
  7,113995552063e-01;  1,071007537842e+01
  7,101457118988e-01;  1,080198287964e+01
  7,132873535156e-01;  1,241742801666e+01
  7,279716134071e-01;  1,513874149323e+01
  7,427673339844e-01;  1,764862632751e+01
  7,604051828384e-01;  2,041089630127e+01
  7,768518328667e-01;  2,319016838074e+01
  7,916405797005e-01;  2,585900688171e+01
  8,045972585678e-01;  2,829350471497e+01
  8,163906335831e-01;  3,048442459106e+01
  8,270485997200e-01;  3,247166442871e+01
  8,409317731857e-01;  3,512450790405e+01
  8,529689908028e-01;  3,741280746460e+01
  8,630905151367e-01;  3,937699127197e+01
  8,738877773285e-01;  4,155424499512e+01
  8,845456838608e-01;  4,369425582886e+01
  8,949528336525e-01;  4,578366470337e+01
  9,036045670509e-01;  4,755332946777e+01
  9,090380668640e-01;  4,859651565552e+01
  9,121239781380e-01;  4,913143157959e+01
  9,140744209290e-01;  4,929329299927e+01
  9,142485857010e-01;  4,912356567383e+01
  9,022880196571e-01;  4,411225891113e+01
  8,896517753601e-01;  4,095572280884e+01
  8,744519948959e-01;  3,747882843018e+01
  8,590711355209e-01;  3,417061233521e+01
  8,458636999130e-01;  3,128113174438e+01
  8,342096209526e-01;  2,887196159363e+01
  8,240044713020e-01;  2,689119529724e+01
  8,109084367752e-01;  2,447341728210e+01
  7,993937134743e-01;  2,256228256226e+01
  7,870987653732e-01;  2,052879142761e+01
  7,762805819511e-01;  1,891145896912e+01
  7,652534842491e-01;  1,730622863770e+01
  7,544910311699e-01;  1,582352161407e+01
  7,442859411240e-01;  1,449268913269e+01
  7,342340350151e-01;  1,324366664886e+01
  7,268152832985e-01;  1,235753154755e+01
  7,212912440300e-01;  1,172743129730e+01
  7,172161340714e-01;  1,128651142120e+01
  7,143461704254e-01;  1,098166751862e+01
  7,120752930641e-01;  1,075798225403e+01
  7,101805210114e-01;  1,083043384552e+01
  7,230606079102e-01;  1,426457977295e+01
  7,365885376930e-01;  1,658915138245e+01
  7,530560493469e-01;  1,928391647339e+01
  7,707217931747e-01;  2,207292747498e+01
  7,859075665474e-01;  2,479581451416e+01
  7,997002005577e-01;  2,733794593811e+01
  8,117374181747e-01;  2,961939430237e+01
  8,229874372482e-01;  3,168737030029e+01
  8,374975323677e-01;  3,444265365601e+01
  8,500223755836e-01;  3,682528305054e+01
  8,606175780296e-01;  3,887157440186e+01
  8,719721436501e-01;  4,114540863037e+01
  8,831037282944e-01;  4,337837219238e+01
  8,940612077713e-01;  4,557742309570e+01
  9,031518101692e-01;  4,743989181519e+01
  9,087942242622e-01;  4,853747177124e+01
  9,120194911957e-01;  4,909473037720e+01
  9,140396118164e-01;  4,933190155029e+01
  9,142833948135e-01;  4,900813674927e+01
  9,000589251518e-01;  4,352948760986e+01
  8,869350552559e-01;  4,027371978760e+01
  8,713173270226e-01;  3,679321670532e+01
  8,563892245293e-01;  3,355792999268e+01
  8,435509800911e-01;  3,075988769531e+01
  8,321755528450e-01;  2,844615364075e+01
  8,177490234375e-01;  2,569131660461e+01
  8,054540753365e-01;  2,353124237061e+01
  7,949494123459e-01;  2,179660797119e+01
  7,832813858986e-01;  1,992361640930e+01
  7,729021310806e-01;  1,842576408386e+01
  7,627457380295e-01;  1,693136978149e+01
  7,524012923241e-01;  1,552673435211e+01
  7,415622472763e-01;  1,413053226471e+01
  7,324019670486e-01;  1,301125907898e+01
  7,254568934441e-01;  1,219044876099e+01
  7,203508615494e-01;  1,160627555847e+01
  7,166309952736e-01;  1,120399570465e+01
  7,138724923134e-01;  1,092251491547e+01
  7,117478847504e-01;  1,071511268616e+01
  7,103894948959e-01;  1,075452041626e+01
  7,204553484917e-01;  1,378042221069e+01
  7,330010533333e-01;  1,596931362152e+01
  7,487023472786e-01;  1,859799003601e+01
  7,667093873024e-01;  2,138086700439e+01
  7,823061943054e-01;  2,412794494629e+01
  7,965655326843e-01;  2,672907447815e+01
  8,088813424110e-01;  2,906792068481e+01
  8,204517960548e-01;  3,118743133545e+01
  8,306360840797e-01;  3,310819244385e+01
  8,440873622894e-01;  3,567265701294e+01
  8,556160330772e-01;  3,788448333740e+01
  8,681060075760e-01;  4,034724426270e+01
  8,801432251930e-01;  4,276715087891e+01
  8,907732963562e-01;  4,489712524414e+01
  9,013406634331e-01;  4,705892562866e+01
  9,077702164650e-01;  4,832073211670e+01
  9,114761352539e-01;  4,898674774170e+01
  9,137261509895e-01;  4,933150100708e+01
  9,143809676170e-01;  4,921115112305e+01
  8,990139961243e-01;  4,324254608154e+01
  8,856463432312e-01;  3,994221496582e+01
  8,698544502258e-01;  3,646680831909e+01
  8,552050590515e-01;  3,326758956909e+01
  8,425060510635e-01;  3,051386070251e+01
  8,312699794769e-01;  2,824701309204e+01
  8,169827461243e-01;  2,553277969360e+01
  8,047783970833e-01;  2,340443611145e+01
  7,944617867470e-01;  2,168797683716e+01
  7,828634381294e-01;  1,984008979797e+01
  7,725677490234e-01;  1,835630989075e+01
  7,625018954277e-01;  1,688558578491e+01
  7,522410750389e-01;  1,549487304688e+01
  7,414646744728e-01;  1,410675239563e+01
  7,323532104492e-01;  1,299152660370e+01
  7,254778146744e-01;  1,217234802246e+01
  7,203856706619e-01;  1,159645462036e+01
  7,166797518730e-01;  1,119369602203e+01
  7,139769792557e-01;  1,090268898010e+01
  7,118523716927e-01;  1,070654773712e+01
  7,105636596680e-01;  1,081345558167e+01
  7,228725552559e-01;  1,416714763641e+01
  7,362193465233e-01;  1,646769332886e+01
  7,525336146355e-01;  1,915207862854e+01
  7,703037858009e-01;  2,194185066223e+01
  7,855105400085e-01;  2,467233276367e+01
  7,993727922440e-01;  2,722821426392e+01
  8,114935755730e-01;  2,951927947998e+01
  8,227854371071e-01;  3,159570884705e+01
  8,373930454254e-01;  3,436579513550e+01
  8,499736189842e-01;  3,676124572754e+01
  8,605967164040e-01;  3,882340621948e+01
  8,720069527626e-01;  4,111146545410e+01
  8,831524848938e-01;  4,335243606567e+01
  8,941656947136e-01;  4,556672668457e+01
  9,032911062241e-01;  4,742724609375e+01
  9,089683890343e-01;  4,853111267090e+01
  9,122424125671e-01;  4,909406661987e+01
  9,142485857010e-01;  4,935599899292e+01
  9,145829677582e-01;  4,915176773071e+01
  9,032075405121e-01;  4,426403045654e+01
  8,907314538956e-01;  4,113679885864e+01
  8,756571412086e-01;  3,765988540649e+01
  8,601160645485e-01;  3,433388519287e+01
  8,468458652496e-01;  3,142027664185e+01
  8,351709246635e-01;  2,898496055603e+01
  8,248543143272e-01;  2,698501586914e+01
  8,117095232010e-01;  2,454507064819e+01
  8,001251220703e-01;  2,262047004700e+01
  7,877605557442e-01;  2,057460212708e+01
  7,769423723221e-01;  1,895071601868e+01
  7,658246755600e-01;  1,733794975281e+01
  7,550831437111e-01;  1,584624385834e+01
  7,448571324348e-01;  1,450362777710e+01
  7,347216606140e-01;  1,324580097198e+01
  7,273167967796e-01;  1,236836051941e+01
  7,217997908592e-01;  1,173439788818e+01
  7,177386283875e-01;  1,128425025940e+01
  7,148128747940e-01;  1,098647212982e+01
  7,125489711761e-01;  1,075725650787e+01
  7,106820940971e-01;  1,089524078369e+01
  7,254151105881e-01;  1,458619022369e+01
  7,394306063652e-01;  1,698670387268e+01
  7,563997507095e-01;  1,971132850647e+01
  7,735917568207e-01;  2,249788284302e+01
  7,886103987694e-01;  2,520478820801e+01
  8,020198941231e-01;  2,770751380920e+01
  8,140013217926e-01;  2,995409584045e+01
  8,249797224998e-01;  3,199235343933e+01
  8,392459750175e-01;  3,471066665649e+01
  8,516106009483e-01;  3,705622482300e+01
  8,619899153709e-01;  3,907316970825e+01
  8,730866909027e-01;  4,130876922607e+01
  8,840093016624e-01;  4,350331878662e+01
  8,947926163673e-01;  4,565927505493e+01
  9,037090539932e-01;  4,748722457886e+01
  9,092330932617e-01;  4,856020736694e+01
  9,124374389648e-01;  4,910870361328e+01
  9,144227504730e-01;  4,933164596558e+01
  9,146804809570e-01;  4,897918319702e+01
  8,997663259506e-01;  4,338704299927e+01
  8,865519165993e-01;  4,010903167725e+01
  8,708854317665e-01;  3,663623046875e+01
  8,560687899590e-01;  3,341741561890e+01
  8,432862758636e-01;  3,064082145691e+01
  8,319805264473e-01;  2,834665107727e+01
  8,176445364952e-01;  2,560634994507e+01
  8,054053187370e-01;  2,346179580688e+01
  7,949842214584e-01;  2,174165153503e+01
  7,833510637283e-01;  1,988295173645e+01
  7,730205655098e-01;  1,838578605652e+01
  7,628850340843e-01;  1,690305328369e+01
  7,526450753212e-01;  1,551004123688e+01
  7,418478131294e-01;  1,411556720734e+01
  7,326806187630e-01;  1,299375057220e+01
  7,258260846138e-01;  1,218192863464e+01
  7,206991314888e-01;  1,160450077057e+01
  7,169584035873e-01;  1,119881248474e+01
  7,142416834831e-01;  1,091487121582e+01
  7,121310234070e-01;  1,070777034760e+01
  7,108074426651e-01;  1,078378582001e+01
  7,219878435135e-01;  1,397267246246e+01
  7,349514961243e-01;  1,621887207031e+01
  7,509105801582e-01;  1,887832069397e+01
  7,688549160957e-01;  2,166614913940e+01
  7,842009067535e-01;  2,440509986877e+01
  7,982930541039e-01;  2,698423767090e+01
  8,105044364929e-01;  2,929973030090e+01
  8,219286203384e-01;  3,139964294434e+01
  8,320153355598e-01;  3,330486679077e+01
  8,454108834267e-01;  3,584714126587e+01
  8,567305803299e-01;  3,803607177734e+01
  8,690463900566e-01;  4,047252655029e+01
  8,809443116188e-01;  4,286782455444e+01
  8,914280533791e-01;  4,497497940063e+01
  9,018282890320e-01;  4,709720611572e+01
  9,081812500954e-01;  4,834782409668e+01
  9,118453264236e-01;  4,900164031982e+01
  9,140605330467e-01;  4,934589385986e+01
  9,146595597267e-01;  4,897781753540e+01
  8,997663259506e-01;  4,338111877441e+01
  8,865170478821e-01;  4,010081481934e+01
  8,708087801933e-01;  3,662438201904e+01
  8,560061454773e-01;  3,340518188477e+01
  8,432723283768e-01;  3,062924957275e+01
  8,319665789604e-01;  2,833802413940e+01
  8,176445364952e-01;  2,560136604309e+01
  8,054053187370e-01;  2,345610809326e+01
  7,949494123459e-01;  2,173006629944e+01
  7,833510637283e-01;  1,987169837952e+01
  7,730205655098e-01;  1,838311195374e+01
  7,628850340843e-01;  1,690138626099e+01
  7,526032924652e-01;  1,550603199005e+01
  7,418617606163e-01;  1,411167335510e+01
  7,326806187630e-01;  1,299552440643e+01
  7,258052229881e-01;  1,218086338043e+01
  7,206991314888e-01;  1,159607315063e+01
  7,169862985611e-01;  1,119451904297e+01
  7,142904400826e-01;  1,091582870483e+01
  7,121310234070e-01;  1,070761489868e+01
  7,108074426651e-01;  1,081622409821e+01
  7,231511473656e-01;  1,416776561737e+01
  7,365049123764e-01;  1,646688461304e+01
  7,527983188629e-01;  1,914906692505e+01
  7,705476284027e-01;  2,193741035461e+01
  7,857891321182e-01;  2,467019271851e+01
  7,996514439583e-01;  2,722756195068e+01
  8,117931485176e-01;  2,952312278748e+01
  8,230988979340e-01;  3,160132598877e+01
  8,376577496529e-01;  3,437322616577e+01
  8,502731323242e-01;  3,676839447021e+01
  8,609101772308e-01;  3,882675170898e+01
  8,723064661026e-01;  4,111286926270e+01
  8,834659457207e-01;  4,335822296143e+01
  8,944791555405e-01;  4,556607818604e+01
  9,036045670509e-01;  4,743721389771e+01
  9,092609286308e-01;  4,853171539307e+01
  9,124722480774e-01;  4,909214019775e+01
  9,145272374153e-01;  4,931445312500e+01
  9,147014021873e-01;  4,918470764160e+01
  9,044265747070e-01;  4,452493667603e+01
  8,922082781792e-01;  4,145754241943e+01
  8,774334192276e-01;  3,799494934082e+01
  8,617182374001e-01;  3,463935470581e+01
  8,482320904732e-01;  3,168148422241e+01
  8,364596366882e-01;  2,919921875000e+01
  8,259967565536e-01;  2,716029357910e+01
  8,126987218857e-01;  2,467964172363e+01
  8,010306954384e-01;  2,272457313538e+01
  7,885059118271e-01;  2,065100669861e+01
  7,776529192924e-01;  1,901135826111e+01
  7,664237618446e-01;  1,738661193848e+01
  7,556752562523e-01;  1,589104747772e+01
  7,453795671463e-01;  1,453531360626e+01
  7,351186871529e-01;  1,327422809601e+01
  7,276302576065e-01;  1,238601493835e+01
  7,221132516861e-01;  1,173968887329e+01
  7,180381417274e-01;  1,128581333160e+01
  7,150915265083e-01;  1,098588466644e+01
  7,128276228905e-01;  1,076340007782e+01
  7,109467983246e-01;  1,089616203308e+01
  7,257285714149e-01;  1,458428955078e+01
  7,397022843361e-01;  1,698405075073e+01
  7,567271590233e-01;  1,970984268188e+01
  7,738912701607e-01;  2,249737548828e+01
  7,889586687088e-01;  2,520734405518e+01
  8,023333549500e-01;  2,771434211731e+01
  8,143496513367e-01;  2,996213722229e+01
  8,253279924393e-01;  3,200282669067e+01
  8,395943045616e-01;  3,472355270386e+01
  8,519240617752e-01;  3,707184600830e+01
  8,622894287109e-01;  3,909115600586e+01
  8,734210729599e-01;  4,132543182373e+01
  8,843227624893e-01;  4,351639556885e+01
  8,950155377388e-01;  4,566870498657e+01
  9,039877057076e-01;  4,749452590942e+01
  9,095256924629e-01;  4,856845092773e+01
  9,126464128494e-01;  4,910879898071e+01
  9,146317243576e-01;  4,931919860840e+01
  9,148058891296e-01;  4,918756484985e+01
  9,045658707619e-01;  4,453222656250e+01
  8,923336267471e-01;  4,146468734741e+01
  8,775518536568e-01;  3,800311660767e+01
  8,618714809418e-01;  3,464612197876e+01
  8,483714461327e-01;  3,168513870239e+01
  8,365989327431e-01;  2,920209884644e+01
  8,260942697525e-01;  2,716289520264e+01
  8,128240704536e-01;  2,468221664429e+01
  8,011491298676e-01;  2,272924613953e+01
  7,886452078819e-01;  2,065373802185e+01
  7,777574062347e-01;  1,900884246826e+01
  7,665073275566e-01;  1,738144111633e+01
  7,557797431946e-01;  1,588419342041e+01
  7,455188632011e-01;  1,453025913239e+01
  7,352789044380e-01;  1,326431751251e+01
  7,278253436089e-01;  1,238681221008e+01
  7,222455739975e-01;  1,174396228790e+01
  7,181983590126e-01;  1,129008960724e+01
  7,152517437935e-01;  1,098297309875e+01
  7,129669189453e-01;  1,075848960876e+01
  7,111070156097e-01;  1,087225914001e+01
  7,252548933029e-01;  1,447816371918e+01
  7,391171455383e-01;  1,685503196716e+01
  7,559329867363e-01;  1,957303237915e+01
  7,732643485069e-01;  2,236245918274e+01
  7,883805036545e-01;  2,507706069946e+01
  8,018665909767e-01;  2,759629249573e+01
  8,138828873634e-01;  2,985618591309e+01
  8,249657750130e-01;  3,190611076355e+01
  8,392390608788e-01;  3,463991165161e+01
  8,516802787781e-01;  3,699971389771e+01
  8,621013760567e-01;  3,902597808838e+01
  8,732956647873e-01;  4,127433776855e+01
  8,842670321465e-01;  4,348278427124e+01
  8,950573205948e-01;  4,564244079590e+01
  9,040434360504e-01;  4,747786712646e+01
  9,096510410309e-01;  4,855936431885e+01
  9,127508997917e-01;  4,910705947876e+01
  9,147362112999e-01;  4,927809524536e+01
  9,149103760719e-01;  4,909632492065e+01
  9,024273157120e-01;  4,396862411499e+01
  8,896517753601e-01;  4,078627014160e+01
  8,743475079536e-01;  3,730593109131e+01
  8,590711355209e-01;  3,401119995117e+01
  8,459542393684e-01;  3,113950920105e+01
  8,343837857246e-01;  2,875314521790e+01
  8,242343664169e-01;  2,678708267212e+01
  8,112567663193e-01;  2,438438224792e+01
  7,997977137566e-01;  2,248676490784e+01
  7,875863909721e-01;  2,046209526062e+01
  7,768378853798e-01;  1,885631370544e+01
  7,658455967903e-01;  1,726289558411e+01
  7,552224993706e-01;  1,579177188873e+01
  7,451218366623e-01;  1,445937442780e+01
  7,350490689278e-01;  1,322402477264e+01
  7,277208566666e-01;  1,234932708740e+01
  7,222177386284e-01;  1,171623325348e+01
  7,182262539864e-01;  1,127466583252e+01
  7,153005003929e-01;  1,096960639954e+01
  7,130714058876e-01;  1,075538921356e+01
  7,113647460938e-01;  1,075028800964e+01
  7,136913537979e-01;  1,221554183960e+01
  7,272402048111e-01;  1,479822158813e+01
  7,415482997894e-01;  1,724554252625e+01
  7,588517665863e-01;  1,998739624023e+01
  7,757024168968e-01;  2,277044296265e+01
  7,906653285027e-01;  2,546672439575e+01
  8,038519024849e-01;  2,794449424744e+01
  8,157985806465e-01;  3,017218399048e+01
  8,266306519508e-01;  3,219310379028e+01
  8,406879305840e-01;  3,488819503784e+01
  8,529341220856e-01;  3,721286392212e+01
  8,631601929665e-01;  3,920643997192e+01
  8,741524815559e-01;  4,141952133179e+01
  8,849497437477e-01;  4,359475708008e+01
  8,954892158508e-01;  4,571632385254e+01
  9,043499231339e-01;  4,752827453613e+01
  9,098252058029e-01;  4,857959365845e+01
  9,129390120506e-01;  4,911648941040e+01
  9,149103760719e-01;  4,931359481812e+01
  9,150636196136e-01;  4,917099761963e+01
  9,042872786522e-01;  4,440836334229e+01
  8,918599486351e-01;  4,131158447266e+01
  8,769946098328e-01;  3,784177780151e+01
  8,613838553429e-01;  3,449554824829e+01
  8,479743599892e-01;  3,155367088318e+01
  8,362506628036e-01;  2,909251594543e+01
  8,258156180382e-01;  2,707185935974e+01
  8,126290440559e-01;  2,460755348206e+01
  8,009958863258e-01;  2,266745948792e+01
  7,885755300522e-01;  2,060414314270e+01
  7,777574062347e-01;  1,897005081177e+01
  7,665421962738e-01;  1,734883689880e+01
  7,558981776237e-01;  1,585897636414e+01
  7,456790804863e-01;  1,451075172424e+01
  7,354739904404e-01;  1,324966907501e+01
  7,280482649803e-01;  1,237212085724e+01
  7,225311994553e-01;  1,173163604736e+01
  7,184700369835e-01;  1,128309154510e+01
  7,155094742775e-01;  1,098078536987e+01
  7,132455706596e-01;  1,075553131104e+01
  7,114204764366e-01;  1,089513206482e+01
  7,261604666710e-01;  1,458874511719e+01
  7,401551008224e-01;  1,699036979675e+01
  7,571311593056e-01;  1,971477699280e+01
  7,742744088173e-01;  2,250160980225e+01
  7,893557548523e-01;  2,521220397949e+01
  8,027513027191e-01;  2,771773338318e+01
  8,147327303886e-01;  2,996639251709e+01
  8,257250785828e-01;  3,200569915771e+01
  8,399774432182e-01;  3,472553634644e+01
  8,523072004318e-01;  3,707427978516e+01
  8,626516461372e-01;  3,908922958374e+01
  8,737623691559e-01;  4,132550811768e+01
  8,847059011459e-01;  4,351953125000e+01
  8,953499197960e-01;  4,566617584229e+01
  9,043220877647e-01;  4,750111007690e+01
  9,098600149155e-01;  4,856803131104e+01
  9,129947423935e-01;  4,911132812500e+01
  9,149661064148e-01;  4,931074523926e+01
  9,150984287262e-01;  4,916893005371e+01
  9,043568968773e-01;  4,440117645264e+01
  8,919505476952e-01;  4,130328369141e+01
  8,770503401756e-01;  3,783309173584e+01
  8,614186644554e-01;  3,448986053467e+01
  8,480440378189e-01;  3,155023193359e+01
  8,363202810287e-01;  2,909041976929e+01
  8,259201049805e-01;  2,707121467590e+01
  8,127126097679e-01;  2,461220741272e+01
  8,011003732681e-01;  2,266856002808e+01
  7,886661291122e-01;  2,060386657715e+01
  7,778479456902e-01;  1,896619415283e+01
  7,666327357292e-01;  1,734727478027e+01
  7,559539079666e-01;  1,585496902466e+01
  7,457487583160e-01;  1,451281833649e+01
  7,355366349220e-01;  1,325078582764e+01
  7,281388044357e-01;  1,237302494049e+01
  7,226008772850e-01;  1,173699474335e+01
  7,185466885567e-01;  1,128379535675e+01
  7,155791521072e-01;  1,097662162781e+01
  7,133500576019e-01;  1,075234603882e+01
  7,116433978081e-01;  1,075318717957e+01
  7,217440605164e-01;  1,378035068512e+01
  7,343385219574e-01;  1,597193145752e+01
  7,499980330467e-01;  1,860416221619e+01
  7,680189609528e-01;  2,139117431641e+01
  7,835739850998e-01;  2,414364433289e+01
  7,978054285049e-01;  2,675023841858e+01
  8,101352453232e-01;  2,909521484375e+01
  8,216708898544e-01;  3,121803474426e+01
  8,318411707878e-01;  3,314500427246e+01
  8,453551530838e-01;  3,571562194824e+01
  8,568211197853e-01;  3,792618179321e+01
  8,692554235458e-01;  4,038428878784e+01
  8,812438249588e-01;  4,280568313599e+01
  8,918321132660e-01;  4,493353271484e+01
  9,022810459137e-01;  4,707955169678e+01
  9,086897373199e-01;  4,834436416626e+01
  9,123677611351e-01;  4,900019836426e+01
  9,145969152451e-01;  4,933892059326e+01
  9,152446985245e-01;  4,909960937500e+01
  9,027199149132e-01;  4,397126770020e+01
  8,899303674698e-01;  4,078710174561e+01
  8,746401071548e-01;  3,730418395996e+01
  8,593497872353e-01;  3,401012802124e+01
  8,462467789650e-01;  3,113925552368e+01
  8,347390294075e-01;  2,875279235840e+01
  8,245478272438e-01;  2,679031372070e+01
  8,115702271461e-01;  2,438961029053e+01
  8,000903129578e-01;  2,249321937561e+01
  7,878789305687e-01;  2,046936607361e+01
  7,771513462067e-01;  1,886156082153e+01
  7,661033272743e-01;  1,726835060120e+01
  7,555499076843e-01;  1,579701042175e+01
  7,454143762589e-01;  1,445944118500e+01
  7,353485822678e-01;  1,321849155426e+01
  7,279995083809e-01;  1,234884929657e+01
  7,225451469421e-01;  1,171529865265e+01
  7,185605764389e-01;  1,127369976044e+01
  7,156139612198e-01;  1,097264766693e+01
  7,133848667145e-01;  1,074946117401e+01
  7,117130160332e-01;  1,078304862976e+01
  7,228586077690e-01;  1,397365951538e+01
  7,358362078667e-01;  1,622023773193e+01
  7,518022060394e-01;  1,887639999390e+01
  7,696908116341e-01;  2,166346931458e+01
  7,850925326347e-01;  2,440613746643e+01
  7,991290092468e-01;  2,698979377747e+01
  8,113542795181e-01;  2,930612564087e+01
  8,227645158768e-01;  3,141074180603e+01
  8,328303694725e-01;  3,331939315796e+01
  8,461910486221e-01;  3,586533737183e+01
  8,575177192688e-01;  3,805894470215e+01
  8,697778582573e-01;  4,049055099487e+01
  8,816547989845e-01;  4,288294982910e+01
  8,920898437500e-01;  4,498759460449e+01
  9,024552106857e-01;  4,710754013062e+01
  9,088290929794e-01;  4,835604095459e+01
  9,124374389648e-01;  4,900472640991e+01
  9,146456718445e-01;  4,933999633789e+01
  9,152586460114e-01;  4,897471237183e+01
  9,004071950912e-01;  4,337689590454e+01
  8,871440291405e-01;  4,009770202637e+01
  8,714566230774e-01;  3,662198638916e+01
  8,566818237305e-01;  3,340410995483e+01
  8,439341187477e-01;  3,062764358521e+01
  8,326283097267e-01;  2,833629798889e+01
  8,183063268661e-01;  2,560060691833e+01
  8,060809969902e-01;  2,345327568054e+01
  7,955972552299e-01;  2,172743606567e+01
  7,840476632118e-01;  1,986918258667e+01
  7,737728357315e-01;  1,837300872803e+01
  7,636165022850e-01;  1,689057159424e+01
  7,533904314041e-01;  1,550046157837e+01
  7,426280379295e-01;  1,410236740112e+01
  7,335025668144e-01;  1,298808860779e+01
  7,266550660133e-01;  1,217531394958e+01
  7,215698957443e-01;  1,159921550751e+01
  7,178291678429e-01;  1,119185256958e+01
  7,151124477386e-01;  1,091292476654e+01
  7,129808664322e-01;  1,070378684998e+01
  7,116921544075e-01;  1,080957794189e+01
  7,240219116211e-01;  1,416390991211e+01
  7,373896241188e-01;  1,646797180176e+01
  7,536969184875e-01;  1,915582275391e+01
  7,713835239410e-01;  2,194553756714e+01
  7,866390347481e-01;  2,467868232727e+01
  8,004525303841e-01;  2,723386573792e+01
  8,125942349434e-01;  2,952681541443e+01
  8,238790631294e-01;  3,160652351379e+01
  8,384100794792e-01;  3,438238143921e+01
  8,510324358940e-01;  3,678195190430e+01
  8,616415858269e-01;  3,884265899658e+01
  8,729961514473e-01;  4,112402725220e+01
  8,841486573219e-01;  4,336463165283e+01
  8,950852155685e-01;  4,556647109985e+01
  9,042872786522e-01;  4,744987487793e+01
  9,098879098892e-01;  4,854307556152e+01
  9,130992293358e-01;  4,909896469116e+01
  9,150844812393e-01;  4,933878326416e+01
  9,153631329536e-01;  4,901474380493e+01
  9,011037945747e-01;  4,353451156616e+01
  8,879241943359e-01;  4,027499389648e+01
  8,723761439323e-01;  3,679254913330e+01
  8,574202060699e-01;  3,355109024048e+01
  8,446097970009e-01;  3,075146484375e+01
  8,332552909851e-01;  2,843512153625e+01
  8,188287615776e-01;  2,567827415466e+01
  8,065338134766e-01;  2,351353263855e+01
  7,959942817688e-01;  2,177842903137e+01
  7,843959927559e-01;  1,990804672241e+01
  7,741002440453e-01;  1,840544891357e+01
  7,638672590256e-01;  1,691376876831e+01
  7,536342740059e-01;  1,551805114746e+01
  7,428021430969e-01;  1,411309719086e+01
  7,336558699608e-01;  1,299109077454e+01
  7,267943620682e-01;  1,218414020538e+01
  7,216743826866e-01;  1,159725761414e+01
  7,179684638977e-01;  1,119397354126e+01
  7,152656912804e-01;  1,091371822357e+01
  7,131271362305e-01;  1,069893646240e+01
  7,118523716927e-01;  1,084709548950e+01
  7,254151105881e-01;  1,437414264679e+01
  7,390266060829e-01;  1,672928237915e+01
  7,557170987129e-01;  1,943859863281e+01
  7,731389403343e-01;  2,222610855103e+01
  7,882968783379e-01;  2,494819641113e+01
  8,019153475761e-01;  2,747640800476e+01
  8,140013217926e-01;  2,974649620056e+01
  8,250632882118e-01;  3,180652427673e+01
  8,394688963890e-01;  3,455741119385e+01
  8,519240617752e-01;  3,693758010864e+01
  8,624078631401e-01;  3,897629928589e+01
  8,736300468445e-01;  4,123144912720e+01
  8,846571445465e-01;  4,344318008423e+01
  8,954334855080e-01;  4,562025451660e+01
  9,045240879059e-01;  4,747449111938e+01
  9,101038575172e-01;  4,856484985352e+01
  9,132037162781e-01;  4,910348510742e+01
  9,152029156685e-01;  4,932033157349e+01
  9,153980016708e-01;  4,919198989868e+01
  9,051928520203e-01;  4,454059219360e+01
  8,928700089455e-01;  4,147108078003e+01
  8,781439661980e-01;  3,800431823730e+01
  8,624635934830e-01;  3,464236068726e+01
  8,489844202995e-01;  3,167829704285e+01
  8,372467756271e-01;  2,919051361084e+01
  8,267211914063e-01;  2,714961624146e+01
  8,134649395943e-01;  2,466709518433e+01
  8,017969727516e-01;  2,271367263794e+01
  7,893208861351e-01;  2,064595222473e+01
  7,785097360611e-01;  1,900756645203e+01
  7,672039270401e-01;  1,737957954407e+01
  7,565460205078e-01;  1,588131809235e+01
  7,463060617447e-01;  1,452729606628e+01
  7,360312342644e-01;  1,325341987610e+01
  7,286264300346e-01;  1,237452411652e+01
  7,230884432793e-01;  1,174001026154e+01
  7,190482020378e-01;  1,128687381744e+01
  7,160528302193e-01;  1,097472667694e+01
  7,138376832008e-01;  1,074621772766e+01
  7,121449112892e-01;  1,076971340179e+01
  7,227889299393e-01;  1,388376522064e+01
  7,355436086655e-01;  1,610390853882e+01
  7,513563632965e-01;  1,875293731689e+01
  7,693076729774e-01;  2,153990554810e+01
  7,847582101822e-01;  2,428806877136e+01
  7,988712191582e-01;  2,688121032715e+01
  8,111801147461e-01;  2,920845222473e+01
  8,225764632225e-01;  3,131877899170e+01
  8,327119350433e-01;  3,323558044434e+01
  8,461771607399e-01;  3,579562759399e+01
  8,575316667557e-01;  3,800232315063e+01
  8,698683977127e-01;  4,044712448120e+01
  8,817941546440e-01;  4,284841537476e+01
  8,922848701477e-01;  4,496093750000e+01
  9,026989936829e-01;  4,709610748291e+01
  9,090589284897e-01;  4,834996414185e+01
  9,126743078232e-01;  4,901228713989e+01
  9,149103760719e-01;  4,934374618530e+01
  9,155372977257e-01;  4,910185623169e+01
  9,030542969704e-01;  4,397211837769e+01
  8,902229666710e-01;  4,078904724121e+01
  8,749883770943e-01;  3,730944442749e+01
  8,597120046616e-01;  3,401731872559e+01
  8,466159701347e-01;  3,114766311646e+01
  8,351012468338e-01;  2,876020240784e+01
  8,249100446701e-01;  2,679508972168e+01
  8,119533658028e-01;  2,439010238647e+01
  8,005082607269e-01;  2,249165534973e+01
  7,882968783379e-01;  2,047045326233e+01
  7,775902152061e-01;  1,886149024963e+01
  7,665282487869e-01;  1,726935005188e+01
  7,560235857964e-01;  1,580688571930e+01
  7,458532452583e-01;  1,446484184265e+01
  7,357874512672e-01;  1,321583652496e+01
  7,284313440323e-01;  1,234457111359e+01
  7,229979038239e-01;  1,171731185913e+01
  7,189924716949e-01;  1,127486038208e+01
  7,160737514496e-01;  1,095914936066e+01
  7,138724923134e-01;  1,074575042725e+01
  7,121658325195e-01;  1,076288318634e+01
  7,228028774261e-01;  1,387097835541e+01
  7,355923652649e-01;  1,609328460693e+01
  7,513842582703e-01;  1,874085807800e+01
  7,693285942078e-01;  2,153032684326e+01
  7,848069667816e-01;  2,427815055847e+01
  7,989060878754e-01;  2,687114524841e+01
  8,112149238586e-01;  2,919817733765e+01
  8,226252198219e-01;  3,131031227112e+01
  8,327467441559e-01;  3,322744369507e+01
  8,462119698524e-01;  3,578899765015e+01
  8,576152920723e-01;  3,799639129639e+01
  8,699311017990e-01;  4,044353485107e+01
  8,818637728691e-01;  4,284355926514e+01
  8,923545479774e-01;  4,495993041992e+01
  9,027686715126e-01;  4,709696578979e+01
  9,091982841492e-01;  4,835799789429e+01
  9,127508997917e-01;  4,899763870239e+01
  9,149799942970e-01;  4,934101104736e+01
  9,156417846680e-01;  4,912689208984e+01
  9,037508964539e-01;  4,411693191528e+01
  8,910797834396e-01;  4,096140289307e+01
  8,759357333183e-01;  3,748218154907e+01
  8,605479598045e-01;  3,417597961426e+01
  8,473822474480e-01;  3,128577423096e+01
  8,358117938042e-01;  2,887469482422e+01
  8,255161046982e-01;  2,689230918884e+01
  8,124896883965e-01;  2,446448516846e+01
  8,009749650955e-01;  2,254799842834e+01
  7,887009382248e-01;  2,050991249084e+01
  7,779873013496e-01;  1,889572143555e+01
  7,668417096138e-01;  1,729189109802e+01
  7,563230991364e-01;  1,581956386566e+01
  7,462015748024e-01;  1,448184394836e+01
  7,360103726387e-01;  1,322982788086e+01
  7,286960482597e-01;  1,235681819916e+01
  7,232068777084e-01;  1,172049236298e+01
  7,192014455795e-01;  1,128047466278e+01
  7,162409424782e-01;  1,096848011017e+01
  7,140327095985e-01;  1,075218868256e+01
  7,123051285744e-01;  1,075024890900e+01
  7,224197387695e-01;  1,377429866791e+01
  7,349863648415e-01;  1,596537685394e+01
  7,506179809570e-01;  1,859896850586e+01
  7,686110734940e-01;  2,138611793518e+01
  7,841660976410e-01;  2,413694763184e+01
  7,983627319336e-01;  2,674394989014e+01
  8,106924891472e-01;  2,908598327637e+01
  8,222072720528e-01;  3,120582580566e+01
  8,323636054993e-01;  3,313050842285e+01
  8,458636999130e-01;  3,570525741577e+01
  8,573575019836e-01;  3,792316818237e+01
  8,697639107704e-01;  4,038624954224e+01
  8,817453980446e-01;  4,279974746704e+01
  8,922988176346e-01;  4,493145370483e+01
  9,027477502823e-01;  4,707805633545e+01
  9,091773629189e-01;  4,834594345093e+01
  9,128205776215e-01;  4,900345611572e+01
  9,150496721268e-01;  4,933982467651e+01
  9,157114624977e-01;  4,906730651855e+01
  9,026014804840e-01;  4,382313156128e+01
  8,896656632423e-01;  4,062034606934e+01
  8,743266463280e-01;  3,713951873779e+01
  8,591756224632e-01;  3,386637115479e+01
  8,462189435959e-01;  3,102195930481e+01
  8,347181081772e-01;  2,865948486328e+01
  8,246174454689e-01;  2,670862579346e+01
  8,117025494576e-01;  2,432416343689e+01
  8,003340959549e-01;  2,243491554260e+01
  7,881575822830e-01;  2,042517471313e+01
  7,775135636330e-01;  1,882518959045e+01
  7,665282487869e-01;  1,723612213135e+01
  7,560235857964e-01;  1,577317237854e+01
  7,459577322006e-01;  1,444609928131e+01
  7,358919382095e-01;  1,319986820221e+01
  7,286612391472e-01;  1,234221839905e+01
  7,232068777084e-01;  1,170834827423e+01
  7,192223668098e-01;  1,126700782776e+01
  7,163105607033e-01;  1,096029090881e+01
  7,141023874283e-01;  1,074563121796e+01
  7,123887538910e-01;  1,079650878906e+01
  7,241473197937e-01;  1,407222652435e+01
  7,372851371765e-01;  1,634837150574e+01
  7,534043788910e-01;  1,902240371704e+01
  7,711536288261e-01;  2,181124496460e+01
  7,865136265755e-01;  2,454740142822e+01
  8,003828525543e-01;  2,711657524109e+01
  8,125733137131e-01;  2,941872024536e+01
  8,238582015038e-01;  3,150866127014e+01
  8,338612914085e-01;  3,340442657471e+01
  8,472011685371e-01;  3,593767166138e+01
  8,584720492363e-01;  3,812388229370e+01
  8,706485629082e-01;  4,054678344727e+01
  8,824419975281e-01;  4,292117691040e+01
  8,927864432335e-01;  4,500743103027e+01
  9,031170010567e-01;  4,712485504150e+01
  9,094768762589e-01;  4,837198257446e+01
  9,129947423935e-01;  4,900930023193e+01
  9,151889681816e-01;  4,934907913208e+01
  9,158647060394e-01;  4,904756927490e+01
  9,021487236023e-01;  4,368646240234e+01
  8,890944719315e-01;  4,045475769043e+01
  8,736300468445e-01;  3,697246170044e+01
  8,586322665215e-01;  3,371368789673e+01
  8,457103967667e-01;  3,089151000977e+01
  8,343210816383e-01;  2,855294227600e+01
  8,242831230164e-01;  2,662218666077e+01
  8,114308714867e-01;  2,425676345825e+01
  8,000903129578e-01;  2,238490867615e+01
  7,880182862282e-01;  2,038103675842e+01
  7,773742675781e-01;  1,878621864319e+01
  7,664516568184e-01;  1,720763015747e+01
  7,560026645660e-01;  1,575865745544e+01
  7,459577322006e-01;  1,443453788757e+01
  7,359058260918e-01;  1,318792724609e+01
  7,286612391472e-01;  1,234123992920e+01
  7,232068777084e-01;  1,170735645294e+01
  7,192432284355e-01;  1,126758384705e+01
  7,163105607033e-01;  1,095948982239e+01
  7,141511440277e-01;  1,074904537201e+01
  7,124444842339e-01;  1,083167743683e+01
  7,162130475044e-01;  1,255080795288e+01
  7,316775321960e-01;  1,537183284760e+01
  7,465637922287e-01;  1,792144775391e+01
  7,645011544228e-01;  2,069467163086e+01
  7,805089354515e-01;  2,346378517151e+01
  7,952280640602e-01;  2,612187576294e+01
  8,078364729881e-01;  2,852791404724e+01
  8,196646571159e-01;  3,069973373413e+01
  8,301205635071e-01;  3,266970825195e+01
  8,438922762871e-01;  3,530380630493e+01
  8,557414412498e-01;  3,757636642456e+01
  8,685379028320e-01;  4,010657501221e+01
  8,786594271660e-01;  4,214250564575e+01
  8,902090191841e-01;  4,446340560913e+01
  9,007833600044e-01;  4,665155792236e+01
  9,080628156662e-01;  4,809947967529e+01
  9,122772216797e-01;  4,887133407593e+01
  9,147501587868e-01;  4,927401351929e+01
  9,158159494400e-01;  4,920638275146e+01
  9,004071950912e-01;  4,323441314697e+01
  8,870395421982e-01;  3,993307113647e+01
  8,713173270226e-01;  3,645881652832e+01
  8,566121459007e-01;  3,325915527344e+01
  8,440176844597e-01;  3,050417327881e+01
  8,327327966690e-01;  2,823145294189e+01
  8,185570836067e-01;  2,551666450500e+01
  8,063945174217e-01;  2,338419342041e+01
  7,959455251694e-01;  2,167007446289e+01
  7,844656109810e-01;  1,982025718689e+01
  7,742604613304e-01;  1,833083534241e+01
  7,641389369965e-01;  1,685658073425e+01
  7,540034651756e-01;  1,548064422607e+01
  7,432549595833e-01;  1,408255290985e+01
  7,341643571854e-01;  1,297319412231e+01
  7,274143099785e-01;  1,217614078522e+01
  7,223361730576e-01;  1,158845996857e+01
  7,186302542686e-01;  1,118185138702e+01
  7,158786654472e-01;  1,090191745758e+01
  7,138028144836e-01;  1,070191097260e+01
  7,125350236893e-01;  1,085647487640e+01
  7,126186490059e-01;  1,110826683044e+01
  7,260420322418e-01;  1,437629318237e+01
  7,396744489670e-01;  1,672539138794e+01
  7,563300728798e-01;  1,943100738525e+01
  7,737171053886e-01;  2,221978759766e+01
  7,889029383659e-01;  2,494109153748e+01
  8,024587035179e-01;  2,747021675110e+01
  8,145446777344e-01;  2,974167251587e+01
  8,256205916405e-01;  3,180224800110e+01
  8,400052785873e-01;  3,455506134033e+01
  8,525161743164e-01;  3,693687057495e+01
  8,629512190819e-01;  3,897870254517e+01
  8,741524815559e-01;  4,123380661011e+01
  8,851935267448e-01;  4,344763946533e+01
  8,959420323372e-01;  4,562279510498e+01
  9,050326347351e-01;  4,748778533936e+01
  9,105914831161e-01;  4,855710601807e+01
  9,137261509895e-01;  4,910583114624e+01
  9,157602190971e-01;  4,928779220581e+01
  9,158995151520e-01;  4,911761093140e+01
  9,039250016212e-01;  4,410441207886e+01
  8,912817835808e-01;  4,095087051392e+01
  8,761726021767e-01;  3,747587203979e+01
  8,607708215714e-01;  3,416667175293e+01
  8,476399779320e-01;  3,127743530273e+01
  8,360904455185e-01;  2,886814880371e+01
  8,258016705513e-01;  2,688278579712e+01
  8,127683401108e-01;  2,445876312256e+01
  8,012744784355e-01;  2,254263114929e+01
  7,889934778214e-01;  2,050897789001e+01
  7,782658934593e-01;  1,889152145386e+01
  7,671343088150e-01;  1,728939247131e+01
  7,566156983376e-01;  1,581696414948e+01
  7,464941143990e-01;  1,448046112061e+01
  7,363238334656e-01;  1,321444797516e+01
  7,290652990341e-01;  1,235409736633e+01
  7,235760688782e-01;  1,171981906891e+01
  7,195845842361e-01;  1,127540397644e+01
  7,166101336479e-01;  1,096193313599e+01
  7,144297957420e-01;  1,074244976044e+01
  7,127231359482e-01;  1,079610061646e+01
  7,245095372200e-01;  1,407388687134e+01
  7,376473546028e-01;  1,634933280945e+01
  7,537665963173e-01;  1,902211761475e+01
  7,714880108833e-01;  2,180754470825e+01
  7,868270874023e-01;  2,454403114319e+01
  8,006824254990e-01;  2,711221694946e+01
  8,128867745399e-01;  2,941774177551e+01
  8,241925239563e-01;  3,150876235962e+01
  8,342096209526e-01;  3,340843200684e+01
  8,475006818771e-01;  3,594281005859e+01
  8,587855696678e-01;  3,812479019165e+01
  8,709272146225e-01;  4,054726028442e+01
  8,827205896378e-01;  4,292445755005e+01
  8,930999040604e-01;  4,501330947876e+01
  9,033747315407e-01;  4,713387298584e+01
  9,096859097481e-01;  4,837447738647e+01
  9,132524728775e-01;  4,901137924194e+01
  9,155024886131e-01;  4,934344482422e+01
  9,160736799240e-01;  4,897852706909e+01
  9,011804461479e-01;  4,338295745850e+01
  8,878893852234e-01;  4,010338211060e+01
  8,722716569901e-01;  3,662327194214e+01
  8,574689626694e-01;  3,340277862549e+01
  8,447490930557e-01;  3,062839889526e+01
  8,334990739822e-01;  2,833428955078e+01
  8,191631436348e-01;  2,560041809082e+01
  8,069657087326e-01;  2,345089340210e+01
  7,964470982552e-01;  2,172563934326e+01
  7,849392890930e-01;  1,986378479004e+01
  7,746923565865e-01;  1,836690902710e+01
  7,644733190536e-01;  1,688002586365e+01
  7,543656826019e-01;  1,549969196320e+01
  7,435684204102e-01;  1,409593009949e+01
  7,344638705254e-01;  1,297456836700e+01
  7,276859879494e-01;  1,217111682892e+01
  7,226356863976e-01;  1,159351539612e+01
  7,189089059830e-01;  1,118826770782e+01
  7,161573171616e-01;  1,090680885315e+01
  7,140814661980e-01;  1,069799900055e+01
  7,128276228905e-01;  1,084868335724e+01
  7,262997627258e-01;  1,437510013580e+01
  7,399461269379e-01;  1,672842597961e+01
  7,566435337067e-01;  1,943754196167e+01
  7,739957571030e-01;  2,222688293457e+01
  7,891606688499e-01;  2,494952964783e+01
  8,027164340019e-01;  2,747837638855e+01
  8,148233294487e-01;  2,974923515320e+01
  8,258504271507e-01;  3,181078910828e+01
  8,402560949326e-01;  3,456138610840e+01
  8,527460694313e-01;  3,693852615356e+01
  8,631950020790e-01;  3,898129653931e+01
  8,743754029274e-01;  4,123830032349e+01
  8,854234218597e-01;  4,345328903198e+01
  8,961300849915e-01;  4,562509155273e+01
  9,052206873894e-01;  4,749167251587e+01
  9,107655882835e-01;  4,856577301025e+01
  9,139003157616e-01;  4,910762023926e+01
  9,159134626389e-01;  4,931267166138e+01
  9,160736799240e-01;  4,917224502563e+01
  9,052833914757e-01;  4,440060043335e+01
  8,928142786026e-01;  4,130129623413e+01
  8,779907226563e-01;  3,782859039307e+01
  8,624148368835e-01;  3,448292160034e+01
  8,490192294121e-01;  3,154271697998e+01
  8,373652100563e-01;  2,908187484741e+01
  8,269162178040e-01;  2,706131935120e+01
  8,137435913086e-01;  2,460040664673e+01
  8,021801114082e-01;  2,266188430786e+01
  7,897249460220e-01;  2,060265922546e+01
  7,789624929428e-01;  1,896418571472e+01
  7,676915526390e-01;  1,734178924561e+01
  7,571520805359e-01;  1,585709285736e+01
  7,470165491104e-01;  1,450606155396e+01
  7,367069125175e-01;  1,322626304626e+01
  7,294065952301e-01;  1,236201858521e+01
  7,239592075348e-01;  1,172864913940e+01
  7,198980450630e-01;  1,128420066833e+01
  7,169026732445e-01;  1,096802043915e+01
  7,147293090820e-01;  1,074983882904e+01
  7,130226492882e-01;  1,073834323883e+01
  7,282642126083e-01;  1,468783950806e+01
  7,423354387283e-01;  1,711457061768e+01
  7,595692276955e-01;  1,985231208801e+01
  7,764477729797e-01;  2,263920593262e+01
  7,914803624153e-01;  2,534668350220e+01
  8,047017455101e-01;  2,783799552917e+01
  8,167041540146e-01;  3,007792282104e+01
  8,275919556618e-01;  3,211121749878e+01
  8,417537808418e-01;  3,482582092285e+01
  8,539929389954e-01;  3,716648483276e+01
  8,642538189888e-01;  3,917226791382e+01
  8,752809762955e-01;  4,139136886597e+01
  8,860991001129e-01;  4,357306289673e+01
  8,966037631035e-01;  4,570272827148e+01
  9,055411219597e-01;  4,754224395752e+01
  9,109676480293e-01;  4,859102630615e+01
  9,140396118164e-01;  4,912099075317e+01
  9,160597324371e-01;  4,927820587158e+01
  9,161642193794e-01;  4,909575653076e+01
  9,036464095116e-01;  4,396582412720e+01
  8,908359408379e-01;  4,078631210327e+01
  8,756362199783e-01;  3,730456161499e+01
  8,603598475456e-01;  3,401221847534e+01
  8,472568392754e-01;  3,114352607727e+01
  8,358117938042e-01;  2,875526809692e+01
  8,255718350410e-01;  2,678842926025e+01
  8,126150965691e-01;  2,438499450684e+01
  8,011699914932e-01;  2,248219680786e+01
  7,889586687088e-01;  2,045597457886e+01
  7,783216238022e-01;  1,884734344482e+01
  7,672387957573e-01;  1,725544166565e+01
  7,567898035049e-01;  1,578917884827e+01
  7,467100620270e-01;  1,445705318451e+01
  7,365328073502e-01;  1,319775199890e+01
  7,293230295181e-01;  1,234451389313e+01
  7,238686680794e-01;  1,171971797943e+01
  7,198840975761e-01;  1,127345657349e+01
  7,168887853622e-01;  1,096410942078e+01
  7,147083878517e-01;  1,074421024323e+01
  7,130017280579e-01;  1,079440212250e+01
  7,247881889343e-01;  1,406519985199e+01
  7,379329800606e-01;  1,634040451050e+01
  7,540661096573e-01;  1,901659965515e+01
  7,718154191971e-01;  2,180692863464e+01
  7,871614694595e-01;  2,454942512512e+01
  8,010306954384e-01;  2,712031555176e+01
  8,132211565971e-01;  2,942853355408e+01
  8,245059847832e-01;  3,152095413208e+01
  8,345230817795e-01;  3,342319869995e+01
  8,478489518166e-01;  3,596122360229e+01
  8,590990304947e-01;  3,814302062988e+01
  8,712058663368e-01;  4,056569671631e+01
  8,829992413521e-01;  4,294086074829e+01
  8,933088779449e-01;  4,501989364624e+01
  9,036254882813e-01;  4,714614868164e+01
  9,099296927452e-01;  4,838623809814e+01
  9,134474992752e-01;  4,900996017456e+01
  9,156417846680e-01;  4,934886932373e+01
  9,161642193794e-01;  4,916734313965e+01
  9,053669571877e-01;  4,439149475098e+01
  8,929396867752e-01;  4,129264068604e+01
  8,781091570854e-01;  3,782418060303e+01
  8,624984025955e-01;  3,447940826416e+01
  8,491237759590e-01;  3,154402542114e+01
  8,374835848808e-01;  2,908358573914e+01
  8,270555734634e-01;  2,706293487549e+01
  8,138689994812e-01;  2,460025215149e+01
  8,022845983505e-01;  2,265737915039e+01
  7,898433804512e-01;  2,059744834900e+01
  7,791366577148e-01;  1,895965194702e+01
  7,678309082985e-01;  1,734199905396e+01
  7,572774291039e-01;  1,585971355438e+01
  7,471767663956e-01;  1,450874137878e+01
  7,368323206902e-01;  1,323381996155e+01
  7,295459508896e-01;  1,236281776428e+01
  7,240428328514e-01;  1,173249626160e+01
  7,200374007225e-01;  1,127706718445e+01
  7,170420289040e-01;  1,096742630005e+01
  7,148477435112e-01;  1,074805545807e+01
  7,131549715996e-01;  1,078164196014e+01
  7,243353724480e-01;  1,397049236298e+01
  7,373199462891e-01;  1,621845817566e+01
  7,532650232315e-01;  1,888147354126e+01
  7,711188197136e-01;  2,167293739319e+01
  7,865136265755e-01;  2,441964530945e+01
  8,004525303841e-01;  2,700263595581e+01
  8,127474784851e-01;  2,932285499573e+01
  8,240741491318e-01;  3,142877006531e+01
  8,341399431229e-01;  3,334144592285e+01
  8,475354909897e-01;  3,588971710205e+01
  8,588413000107e-01;  3,808353042603e+01
  8,710317015648e-01;  4,051551818848e+01
  8,828808069229e-01;  4,290389633179e+01
  8,932601213455e-01;  4,499468612671e+01
  9,036254882813e-01;  4,712509155273e+01
  9,099645018578e-01;  4,837525939941e+01
  9,135171771049e-01;  4,901260757446e+01
  9,157114624977e-01;  4,934769439697e+01
  9,162338972092e-01;  4,918625640869e+01
  9,059939384460e-01;  4,452693557739e+01
  8,936920166016e-01;  4,145737838745e+01
  8,790147304535e-01;  3,799495697021e+01
  8,633204102516e-01;  3,463793182373e+01
  8,498899936676e-01;  3,167681694031e+01
  8,381453752518e-01;  2,919138908386e+01
  8,276267647743e-01;  2,715121650696e+01
  8,143566250801e-01;  2,466843414307e+01
  8,027373552322e-01;  2,271305274963e+01
  7,902683019638e-01;  2,064219284058e+01
  7,794640660286e-01;  1,899550819397e+01
  7,681095004082e-01;  1,736804580688e+01
  7,575700283051e-01;  1,587869644165e+01
  7,473857998848e-01;  1,452156639099e+01
  7,370204329491e-01;  1,323628902435e+01
  7,297409772873e-01;  1,236628437042e+01
  7,242378592491e-01;  1,173500823975e+01
  7,202254533768e-01;  1,128562450409e+01
  7,172161340714e-01;  1,096682548523e+01
  7,150219082832e-01;  1,075340175629e+01
  7,133361101151e-01;  1,076462268829e+01
  7,239522337914e-01;  1,387046337128e+01
  7,367278337479e-01;  1,608874320984e+01
  7,524988055229e-01;  1,873671722412e+01
  7,704082727432e-01;  2,152528953552e+01
  7,858867049217e-01;  2,427564430237e+01
  7,999649047852e-01;  2,686956405640e+01
  8,122738003731e-01;  2,920064163208e+01
  8,236700892448e-01;  3,131747436523e+01
  8,337777256966e-01;  3,323720169067e+01
  8,472359776497e-01;  3,579791259766e+01
  8,586253523827e-01;  3,800571823120e+01
  8,708784580231e-01;  4,045441818237e+01
  8,828042149544e-01;  4,286182022095e+01
  8,932601213455e-01;  4,496527862549e+01
  9,037090539932e-01;  4,711476898193e+01
  9,100341796875e-01;  4,837138366699e+01
  9,136077165604e-01;  4,901036453247e+01
  9,158020019531e-01;  4,934834289551e+01
  9,162687063217e-01;  4,920857620239e+01
  9,008600115776e-01;  4,322383117676e+01
  8,874922990799e-01;  3,992200088501e+01
  8,718049526215e-01;  3,644705963135e+01
  8,571346402168e-01;  3,324868392944e+01
  8,445401191711e-01;  3,049843597412e+01
  8,333040475845e-01;  2,823020362854e+01
  8,190934658051e-01;  2,551594543457e+01
  8,069657087326e-01;  2,338432884216e+01
  7,964819073677e-01;  2,166641807556e+01
  7,850368618965e-01;  1,981470108032e+01
  7,749083042145e-01;  1,831847763062e+01
  7,647310495377e-01;  1,684539413452e+01
  7,546791434288e-01;  1,547154808044e+01
  7,439306378365e-01;  1,408116531372e+01
  7,348400354385e-01;  1,297108840942e+01
  7,281178832054e-01;  1,217245769501e+01
  7,230675816536e-01;  1,158859062195e+01
  7,193408012390e-01;  1,118586730957e+01
  7,165892124176e-01;  1,089935779572e+01
  7,145342826843e-01;  1,069419479370e+01
  7,134405970573e-01;  1,075095462799e+01
  7,234646081924e-01;  1,377616691589e+01
  7,360521554947e-01;  1,596740150452e+01
  7,516628503799e-01;  1,860103797913e+01
  7,696350812912e-01;  2,138632011414e+01
  7,851761579514e-01;  2,413854408264e+01
  7,993379831314e-01;  2,674359321594e+01
  8,117234706879e-01;  2,908448600769e+01
  8,231685757637e-01;  3,121024513245e+01
  8,333179354668e-01;  3,314081192017e+01
  8,468876481056e-01;  3,571961212158e+01
  8,583188056946e-01;  3,794188308716e+01
  8,706485629082e-01;  4,040180969238e+01
  8,826300501823e-01;  4,281224441528e+01
  8,931556344032e-01;  4,493062210083e+01
  9,036533236504e-01;  4,709448623657e+01
  9,100341796875e-01;  4,835474777222e+01
  9,136356115341e-01;  4,900329589844e+01
  9,158507585526e-01;  4,934591674805e+01
  9,164080619812e-01;  4,920874023438e+01
  9,009853601456e-01;  4,322254562378e+01
  8,875619769096e-01;  3,992046737671e+01
  8,718885183334e-01;  3,644807815552e+01
  8,572391271591e-01;  3,325276184082e+01
  8,446307182312e-01;  3,050450134277e+01
  8,334293961525e-01;  2,823501586914e+01
  8,191770315170e-01;  2,552066230774e+01
  8,070701956749e-01;  2,338694763184e+01
  7,966212630272e-01;  2,166983795166e+01
  7,851274013519e-01;  1,981920242310e+01
  7,750058174133e-01;  1,832669448853e+01
  7,648215889931e-01;  1,685078811646e+01
  7,547696828842e-01;  1,548123741150e+01
  7,440420985222e-01;  1,408366680145e+01
  7,349514961243e-01;  1,296661376953e+01
  7,281736135483e-01;  1,216578006744e+01
  7,231372594833e-01;  1,158967399597e+01
  7,194661498070e-01;  1,118841838837e+01
  7,167285680771e-01;  1,089654731750e+01
  7,146526575089e-01;  1,069397640228e+01
  7,135242223740e-01;  1,075316524506e+01
  7,235690951347e-01;  1,377796363831e+01
  7,361566424370e-01;  1,596798706055e+01
  7,517882585526e-01;  1,860214424133e+01
  7,697465419769e-01;  2,138895225525e+01
  7,852597236633e-01;  2,413985252380e+01
  7,994076013565e-01;  2,674537658691e+01
  8,117722272873e-01;  2,908831405640e+01
  8,232660889626e-01;  3,121348571777e+01
  8,334224820137e-01;  3,314138793945e+01
  8,469225168228e-01;  3,571768569946e+01
  8,583536744118e-01;  3,793644332886e+01
  8,706834316254e-01;  4,039474487305e+01
  8,826857805252e-01;  4,281379318237e+01
  8,932043910027e-01;  4,493692016602e+01
  9,036951661110e-01;  4,709071350098e+01
  9,101038575172e-01;  4,835215759277e+01
  9,136564731598e-01;  4,900070953369e+01
  9,158855676651e-01;  4,934278488159e+01
  9,165821671486e-01;  4,910317993164e+01
  9,040643572807e-01;  4,397812271118e+01
  8,912539482117e-01;  4,079516601563e+01
  8,760193586349e-01;  3,731069183350e+01
  8,607569336891e-01;  3,401885986328e+01
  8,477444648743e-01;  3,114850997925e+01
  8,362506628036e-01;  2,876060104370e+01
  8,260245919228e-01;  2,679552650452e+01
  8,130679130554e-01;  2,439053344727e+01
  8,016576170921e-01;  2,248983573914e+01
  7,894672155380e-01;  2,046362113953e+01
  7,787883877754e-01;  1,884863090515e+01
  7,676706910133e-01;  1,725436973572e+01
  7,573122978210e-01;  1,579912471771e+01
  7,472673654556e-01;  1,447001075745e+01
  7,369995117188e-01;  1,320144939423e+01
  7,298106551170e-01;  1,234380340576e+01
  7,243980765343e-01;  1,171507835388e+01
  7,203856706619e-01;  1,127863407135e+01
  7,174251675606e-01;  1,095775508881e+01
  7,152656912804e-01;  1,074304580688e+01
  7,135590314865e-01;  1,081473350525e+01
  7,259027361870e-01;  1,416665172577e+01
  7,391310930252e-01;  1,646512222290e+01
  7,555289864540e-01;  1,915046310425e+01
  7,730901837349e-01;  2,193807029724e+01
  7,883805036545e-01;  2,467168998718e+01
  8,020895123482e-01;  2,722881507874e+01
  8,143008947372e-01;  2,952773666382e+01
  8,254672884941e-01;  3,161162567139e+01
  8,399913907051e-01;  3,438920211792e+01
  8,525858521461e-01;  3,679029083252e+01
  8,631601929665e-01;  3,885191345215e+01
  8,744798898697e-01;  4,113580703735e+01
  8,856463432312e-01;  4,337773132324e+01
  8,964505195618e-01;  4,557246780396e+01
  9,056735038757e-01;  4,746585845947e+01
  9,112184047699e-01;  4,854886627197e+01
  9,144227504730e-01;  4,910704803467e+01
  9,164080619812e-01;  4,932797622681e+01
  9,165821671486e-01;  4,921185684204e+01
  9,011595249176e-01;  4,323583602905e+01
  8,877709507942e-01;  3,993463516235e+01
  8,720974922180e-01;  3,645518112183e+01
  8,574689626694e-01;  3,325576400757e+01
  8,448327183723e-01;  3,050502586365e+01
  8,336035609245e-01;  2,823197746277e+01
  8,193929791451e-01;  2,551707649231e+01
  8,072652220726e-01;  2,338490676880e+01
  7,967953681946e-01;  2,166850852966e+01
  7,853711843491e-01;  1,981762504578e+01
  7,752217650414e-01;  1,832603836060e+01
  7,650235891342e-01;  1,685169792175e+01
  7,550135254860e-01;  1,547931766510e+01
  7,442650198936e-01;  1,408594799042e+01
  7,351396083832e-01;  1,295720577240e+01
  7,284313440323e-01;  1,216515827179e+01
  7,233810424805e-01;  1,158566951752e+01
  7,196890711784e-01;  1,117825126648e+01
  7,169584035873e-01;  1,089381694794e+01
  7,149522304535e-01;  1,069220352173e+01
  7,138028144836e-01;  1,075237751007e+01
  7,238477468491e-01;  1,377704811096e+01
  7,364352941513e-01;  1,596785640717e+01
  7,520808577538e-01;  1,860206604004e+01
  7,700251936913e-01;  2,139140701294e+01
  7,855592966080e-01;  2,414684486389e+01
  7,997071743011e-01;  2,675289154053e+01
  8,120717406273e-01;  2,909798622131e+01
  8,234959244728e-01;  3,122283172607e+01
  8,336662650108e-01;  3,315079498291e+01
  8,472220301628e-01;  3,572422027588e+01
  8,586253523827e-01;  3,794412994385e+01
  8,709620833397e-01;  4,040420532227e+01
  8,829435110092e-01;  4,281944274902e+01
  8,934342861176e-01;  4,493190002441e+01
  9,039389491081e-01;  4,709671020508e+01
  9,102919101715e-01;  4,835736465454e+01
  9,139003157616e-01;  4,900653457642e+01
  9,160946011543e-01;  4,934595870972e+01
  9,167215228081e-01;  4,901592636108e+01
  9,024273157120e-01;  4,352753829956e+01
  8,892686367035e-01;  4,026865768433e+01
  8,737693428993e-01;  3,678445816040e+01
  8,589109182358e-01;  3,354900741577e+01
  8,460935354233e-01;  3,075021743774e+01
  8,348017334938e-01;  2,843453025818e+01
  8,203612565994e-01;  2,567549896240e+01
  8,081707954407e-01;  2,350722885132e+01
  7,975616455078e-01;  2,176868247986e+01
  7,860190272331e-01;  1,989865493774e+01
  7,758626341820e-01;  1,839223289490e+01
  7,655112147331e-01;  1,689920425415e+01
  7,554314732552e-01;  1,551355457306e+01
  7,446481585503e-01;  1,410948181152e+01
  7,354321479797e-01;  1,297373676300e+01
  7,286960482597e-01;  1,218050479889e+01
  7,236248254776e-01;  1,160310459137e+01
  7,198980450630e-01;  1,118988513947e+01
  7,171465158463e-01;  1,090298080444e+01
  7,150915265083e-01;  1,070044708252e+01
  7,138028144836e-01;  1,082998847961e+01
  7,175365686417e-01;  1,254236984253e+01
  7,330080270767e-01;  1,535957717896e+01
  7,478176355362e-01;  1,790705680847e+01
  7,657898664474e-01;  2,068337440491e+01
  7,817419171333e-01;  2,345711708069e+01
  7,964679598808e-01;  2,611890983582e+01
  8,091112375259e-01;  2,852906417847e+01
  8,209046125412e-01;  3,071059226990e+01
  8,313326835632e-01;  3,268677520752e+01
  8,451671004295e-01;  3,532907104492e+01
  8,569047451019e-01;  3,760244369507e+01
  8,696385025978e-01;  4,012358856201e+01
  8,797600865364e-01;  4,216033935547e+01
  8,912539482117e-01;  4,448418426514e+01
  9,017725586891e-01;  4,665785217285e+01
  9,090589284897e-01;  4,811684799194e+01
  9,132037162781e-01;  4,888297653198e+01
  9,156557321548e-01;  4,927909469604e+01
  9,167215228081e-01;  4,914803314209e+01
  9,053878784180e-01;  4,425585937500e+01
  8,928142786026e-01;  4,112577819824e+01
  8,778514266014e-01;  3,764441299438e+01
  8,623799681664e-01;  3,431348419189e+01
  8,491237759590e-01;  3,139733123779e+01
  8,375602364540e-01;  2,895930862427e+01
  8,272088170052e-01;  2,695670700073e+01
  8,140918612480e-01;  2,451387977600e+01
  8,026189208031e-01;  2,258368110657e+01
  7,902334332466e-01;  2,054151916504e+01
  7,795337438583e-01;  1,891635322571e+01
  7,683185338974e-01;  1,730781173706e+01
  7,578904628754e-01;  1,583910465240e+01
  7,477340698242e-01;  1,449783706665e+01
  7,374035120010e-01;  1,321299934387e+01
  7,302425503731e-01;  1,234670639038e+01
  7,247951626778e-01;  1,172311210632e+01
  7,208036184311e-01;  1,127689456940e+01
  7,178291678429e-01;  1,096085262299e+01
  7,156348824501e-01;  1,074777793884e+01
  7,139421701431e-01;  1,076529502869e+01
  7,140954136848e-01;  1,126974105835e+01
  7,245652675629e-01;  1,386575317383e+01
  7,372851371765e-01;  1,608610725403e+01
  7,531257271767e-01;  1,873746871948e+01
  7,710352540016e-01;  2,152867317200e+01
  7,865136265755e-01;  2,428022575378e+01
  8,005222082138e-01;  2,687909889221e+01
  8,128728270531e-01;  2,921273040771e+01
  8,242622017860e-01;  3,132812881470e+01
  8,343837857246e-01;  3,324819946289e+01
  8,478071689606e-01;  3,581063079834e+01
  8,591825962067e-01;  3,801250457764e+01
  8,714148402214e-01;  4,045840072632e+01
  8,833475708961e-01;  4,286498641968e+01
  8,937755823135e-01;  4,497223281860e+01
  9,042315483093e-01;  4,711989212036e+01
  9,104869961739e-01;  4,836837387085e+01
  9,140744209290e-01;  4,901621627808e+01
  9,162687063217e-01;  4,934641647339e+01
  9,167911410332e-01;  4,920643997192e+01
  9,013684988022e-01;  4,321822738647e+01
  8,879381418228e-01;  3,991336059570e+01
  8,722925782204e-01;  3,643547439575e+01
  8,576222062111e-01;  3,324023818970e+01
  8,450137972832e-01;  3,049134254456e+01
  8,338474035263e-01;  2,822200202942e+01
  8,196159005165e-01;  2,551082420349e+01
  8,075090646744e-01;  2,337356948853e+01
  7,970252633095e-01;  2,165459060669e+01
  7,856010794640e-01;  1,980694389343e+01
  7,754934430122e-01;  1,832040977478e+01
  7,652534842491e-01;  1,684706687927e+01
  7,537596225739e-01;  1,527534961700e+01
  7,434291243553e-01;  1,393734550476e+01
  7,346380352974e-01;  1,286514949799e+01
  7,281527519226e-01;  1,209934139252e+01
  7,232417464256e-01;  1,153479766846e+01
  7,196890711784e-01;  1,115009880066e+01
  7,170420289040e-01;  1,087442493439e+01
  7,150219082832e-01;  1,067549133301e+01
  7,141023874283e-01;  1,073625946045e+01
  7,292951345444e-01;  1,468547534943e+01
  7,432897686958e-01;  1,711181068420e+01
  7,606489658356e-01;  1,985425376892e+01
  7,774230241776e-01;  2,264496612549e+01
  7,925252318382e-01;  2,535328292847e+01
  8,056630492210e-01;  2,784514808655e+01
  8,177350759506e-01;  3,008967018127e+01
  8,285323381424e-01;  3,212441635132e+01
  8,427289724350e-01;  3,483741378784e+01
  8,549194335938e-01;  3,717679977417e+01
  8,651593923569e-01;  3,918180847168e+01
  8,761726021767e-01;  4,140336608887e+01
  8,870255947113e-01;  4,358245849609e+01
  8,973700404167e-01;  4,570017242432e+01
  9,063770174980e-01;  4,754956436157e+01
  9,118105173111e-01;  4,859671783447e+01
  9,148755073547e-01;  4,913375854492e+01
  9,167911410332e-01;  4,924759674072e+01
  9,169653058052e-01;  4,902104568481e+01
  9,026432633400e-01;  4,352450561523e+01
  8,894218802452e-01;  4,026404953003e+01
  8,739435076714e-01;  3,677634811401e+01
  8,590502738953e-01;  3,353973007202e+01
  8,462467789650e-01;  3,074437904358e+01
  8,349619507790e-01;  2,842931556702e+01
  8,205354213715e-01;  2,566936874390e+01
  8,083449602127e-01;  2,349581146240e+01
  7,976870536804e-01;  2,175370788574e+01
  7,862210273743e-01;  1,988311195374e+01
  7,760855555534e-01;  1,838219642639e+01
  7,657201886177e-01;  1,689639282227e+01
  7,556752562523e-01;  1,551953697205e+01
  7,448779940605e-01;  1,410290431976e+01
  7,356759905815e-01;  1,297418308258e+01
  7,289398908615e-01;  1,216812229156e+01
  7,238686680794e-01;  1,159652519226e+01
  7,201766967773e-01;  1,118662452698e+01
  7,174251675606e-01;  1,090248012543e+01
  7,153701782227e-01;  1,069890499115e+01
  7,142904400826e-01;  1,074106597900e+01
  7,294692993164e-01;  1,469441986084e+01
  7,434709072113e-01;  1,711840820313e+01
  7,607534527779e-01;  1,985925102234e+01
  7,775344848633e-01;  2,264815711975e+01
  7,926158308983e-01;  2,535717201233e+01
  8,057466745377e-01;  2,784495735168e+01
  8,178117275238e-01;  3,008799171448e+01
  8,286020159721e-01;  3,212187194824e+01
  8,428125977516e-01;  3,483467102051e+01
  8,550239205360e-01;  3,717974853516e+01
  8,652290701866e-01;  3,918819046021e+01
  8,762561678886e-01;  4,141024780273e+01
  8,870743513107e-01;  4,358680725098e+01
  8,974605798721e-01;  4,569884872437e+01
  9,065163731575e-01;  4,755167388916e+01
  9,118453264236e-01;  4,860207366943e+01
  9,149103760719e-01;  4,913286590576e+01
  9,168608188629e-01;  4,916772460938e+01
  9,060984253883e-01;  4,438952636719e+01
  8,936153650284e-01;  4,129135131836e+01
  8,788057565689e-01;  3,781764984131e+01
  8,632855415344e-01;  3,447148513794e+01
  8,499248623848e-01;  3,153798103333e+01
  8,383055925369e-01;  2,907803535461e+01
  8,278566598892e-01;  2,705647659302e+01
  8,146839737892e-01;  2,459372329712e+01
  8,031204938889e-01;  2,264325714111e+01
  7,907001376152e-01;  2,057797050476e+01
  7,799865007401e-01;  1,894116210938e+01
  7,686877250671e-01;  1,732326507568e+01
  7,583014369011e-01;  1,585107231140e+01
  7,481659650803e-01;  1,450883388519e+01
  7,377518415451e-01;  1,321885776520e+01
  7,305768728256e-01;  1,235628223419e+01
  7,250877022743e-01;  1,173026943207e+01
  7,210683226585e-01;  1,127901935577e+01
  7,180868983269e-01;  1,096821022034e+01
  7,159135341644e-01;  1,075105476379e+01
  7,140814661980e-01;  1,086377525330e+01
  7,281805872917e-01;  1,446802711487e+01
  7,418826818466e-01;  1,684033584595e+01
  7,588726282120e-01;  1,956463050842e+01
  7,759462594986e-01;  2,235459899902e+01
  7,911320328712e-01;  2,507469749451e+01
  8,045136928558e-01;  2,759285545349e+01
  8,166344761848e-01;  2,986134529114e+01
  8,275919556618e-01;  3,191538429260e+01
  8,419209122658e-01;  3,465687179565e+01
  8,542715907097e-01;  3,702653503418e+01
  8,646509051323e-01;  3,905700302124e+01
  8,757755160332e-01;  4,130335235596e+01
  8,867121338844e-01;  4,350782012939e+01
  8,972446322441e-01;  4,564832305908e+01
  9,063561558723e-01;  4,752003860474e+01
  9,118105173111e-01;  4,858012771606e+01
  9,149242639542e-01;  4,912527465820e+01
  9,168956875801e-01;  4,923936080933e+01
  9,170349836349e-01;  4,900996780396e+01
  9,027059674263e-01;  4,351728439331e+01
  8,895263671875e-01;  4,026028060913e+01
  8,740479946136e-01;  3,677611923218e+01
  8,592104911804e-01;  3,354072952271e+01
  8,464000821114e-01;  3,074261474609e+01
  8,350803256035e-01;  2,842564773560e+01
  8,206747174263e-01;  2,566525840759e+01
  8,084842562675e-01;  2,349719429016e+01
  7,978472709656e-01;  2,175866508484e+01
  7,863603830338e-01;  1,988552665710e+01
  7,762249112129e-01;  1,837824249268e+01
  7,658595442772e-01;  1,689080047607e+01
  7,558494210243e-01;  1,551320171356e+01
  7,450661063194e-01;  1,410214614868e+01
  7,358362078667e-01;  1,296979331970e+01
  7,291488647461e-01;  1,217068672180e+01
  7,240776419640e-01;  1,159623432159e+01
  7,203856706619e-01;  1,118857002258e+01
  7,176341414452e-01;  1,089836215973e+01
  7,155791521072e-01;  1,069962501526e+01
  7,143113613129e-01;  1,084802150726e+01
  7,278044223785e-01;  1,437045001984e+01
  7,413601875305e-01;  1,672370529175e+01
  7,581064105034e-01;  1,943774414063e+01
  7,753541469574e-01;  2,222941017151e+01
  7,905747890472e-01;  2,495563697815e+01
  8,040190935135e-01;  2,748814582825e+01
  8,162165284157e-01;  2,976167488098e+01
  8,271878957748e-01;  3,182285690308e+01
  8,415586948395e-01;  3,457407379150e+01
  8,539929389954e-01;  3,695001602173e+01
  8,644489049911e-01;  3,899268341064e+01
  8,756083846092e-01;  4,125093841553e+01
  8,866215348244e-01;  4,347156906128e+01
  8,971958756447e-01;  4,562474822998e+01
  9,063770174980e-01;  4,750822448730e+01
  9,118453264236e-01;  4,857753372192e+01
  9,149799942970e-01;  4,911943435669e+01
  9,169653058052e-01;  4,922322082520e+01
  9,170349836349e-01;  4,897967910767e+01
  9,021487236023e-01;  4,337038421631e+01
  8,888506889343e-01;  4,009073257446e+01
  8,732956647873e-01;  3,661044311523e+01
  8,585626482964e-01;  3,339691925049e+01
  8,458636999130e-01;  3,062599372864e+01
  8,346136212349e-01;  2,833142280579e+01
  8,202915787697e-01;  2,559286308289e+01
  8,081707954407e-01;  2,343778610229e+01
  7,975616455078e-01;  2,171104431152e+01
  7,861583828926e-01;  1,985063552856e+01
  7,760158777237e-01;  1,835185813904e+01
  7,657062411308e-01;  1,686679458618e+01
  7,542124390602e-01;  1,529594230652e+01
  7,438470721245e-01;  1,394721412659e+01
  7,350699305534e-01;  1,286650562286e+01
  7,285915613174e-01;  1,210393142700e+01
  7,236805558205e-01;  1,153991031647e+01
  7,201070189476e-01;  1,115455245972e+01
  7,174251675606e-01;  1,087325859070e+01
  7,154746651649e-01;  1,067443275452e+01
  7,145342826843e-01;  1,073647880554e+01
  7,297130823135e-01;  1,468906879425e+01
  7,436589598656e-01;  1,711150360107e+01
  7,609972953796e-01;  1,985087776184e+01
  7,777225375175e-01;  2,263704872131e+01
  7,928386926651e-01;  2,534538650513e+01
  8,059556484222e-01;  2,783354568481e+01
  8,180416226387e-01;  3,007618713379e+01
  8,288109898567e-01;  3,211027145386e+01
  8,430215716362e-01;  3,482338714600e+01
  8,551980853081e-01;  3,717087554932e+01
  8,654450178146e-01;  3,918027496338e+01
  8,764303326607e-01;  4,140297317505e+01
  8,872485160828e-01;  4,357826614380e+01
  8,975929617882e-01;  4,568515396118e+01
  9,066835641861e-01;  4,754423904419e+01
  9,120891690254e-01;  4,859838485718e+01
  9,151889681816e-01;  4,913102340698e+01
  9,171185493469e-01;  4,920857238770e+01
  9,017307162285e-01;  4,322893905640e+01
  8,883281946182e-01;  3,992737960815e+01
  8,726547956467e-01;  3,645069122314e+01
  8,580402135849e-01;  3,325359344482e+01
  8,454108834267e-01;  3,050165939331e+01
  8,342653512955e-01;  2,822674179077e+01
  8,200199007988e-01;  2,551098442078e+01
  8,079618215561e-01;  2,337371253967e+01
  7,974223494530e-01;  2,165795326233e+01
  7,860329747200e-01;  1,980963516235e+01
  7,759671211243e-01;  1,831929016113e+01
  7,657271623611e-01;  1,684170532227e+01
  7,542820572853e-01;  1,527741432190e+01
  7,439376115799e-01;  1,394058609009e+01
  7,351744174957e-01;  1,286491584778e+01
  7,286612391472e-01;  1,209795093536e+01
  7,237989902496e-01;  1,154078292847e+01
  7,202324271202e-01;  1,114964199066e+01
  7,175644636154e-01;  1,086992645264e+01
  7,155443429947e-01;  1,067510700226e+01
  7,146596312523e-01;  1,073364925385e+01
  7,298524379730e-01;  1,468714237213e+01
  7,437773942947e-01;  1,711014366150e+01
  7,611017823219e-01;  1,984801864624e+01
  7,778270840645e-01;  2,263129615784e+01
  7,929083704948e-01;  2,534132003784e+01
  8,060601353645e-01;  2,783129501343e+01
  8,181112408638e-01;  3,007455825806e+01
  8,288806676865e-01;  3,210535812378e+01
  8,431121110916e-01;  3,482357025146e+01
  8,553025722504e-01;  3,716786956787e+01
  8,655425310135e-01;  3,917516326904e+01
  8,765209317207e-01;  4,139661407471e+01
  8,873738646507e-01;  4,357723236084e+01
  8,976835012436e-01;  4,569622039795e+01
  9,067741036415e-01;  4,754719543457e+01
  9,121239781380e-01;  4,859865188599e+01
  9,151889681816e-01;  4,912945556641e+01
  9,171742796898e-01;  4,922739791870e+01
  9,172439575195e-01;  4,898466110229e+01
  9,023576974869e-01;  4,337899780273e+01
  8,890735507011e-01;  4,009762191772e+01
  8,735116124153e-01;  3,661732482910e+01
  8,587924838066e-01;  3,340133666992e+01
  8,461074829102e-01;  3,062707901001e+01
  8,348922729492e-01;  2,833515357971e+01
  8,205702304840e-01;  2,560014533997e+01
  8,084146380424e-01;  2,344338226318e+01
  7,978402972221e-01;  2,171576499939e+01
  7,864161133766e-01;  1,985378456116e+01
  7,763293981552e-01;  1,835507392883e+01
  7,659848928452e-01;  1,686946296692e+01
  7,545258998871e-01;  1,529253387451e+01
  7,441605329514e-01;  1,395085716248e+01
  7,353625297546e-01;  1,287426948547e+01
  7,288354039192e-01;  1,210397911072e+01
  7,239592075348e-01;  1,154916763306e+01
  7,203508615494e-01;  1,115339088440e+01
  7,176689505577e-01;  1,087372016907e+01
  7,156488299370e-01;  1,067365837097e+01
  7,147641181946e-01;  1,076611995697e+01
  7,253803014755e-01;  1,387185287476e+01
  7,380513548851e-01;  1,608846282959e+01
  7,538920044899e-01;  1,873596000671e+01
  7,717109322548e-01;  2,152176475525e+01
  7,871753573418e-01;  2,427182388306e+01
  8,011699914932e-01;  2,686776733398e+01
  8,135136961937e-01;  2,920161819458e+01
  8,248543143272e-01;  3,131593894958e+01
  8,349967598915e-01;  3,323670196533e+01
  8,484062552452e-01;  3,580082321167e+01
  8,597607612610e-01;  3,800490570068e+01
  8,720069527626e-01;  4,045403289795e+01
  8,839396834373e-01;  4,286385345459e+01
  8,943189382553e-01;  4,497043609619e+01
  9,047539830208e-01;  4,711288833618e+01
  9,110442399979e-01;  4,837017440796e+01
  9,146317243576e-01;  4,901604461670e+01
  9,168608188629e-01;  4,934906768799e+01
  9,173136353493e-01;  4,916818618774e+01
  9,065581560135e-01;  4,439321517944e+01
  8,940891027451e-01;  4,129251861572e+01
  8,793281912804e-01;  3,782073593140e+01
  8,637940883636e-01;  3,447917938232e+01
  8,504472970963e-01;  3,154076957703e+01
  8,388489484787e-01;  2,908060073853e+01
  8,284139037132e-01;  2,706405067444e+01
  8,152064681053e-01;  2,460195732117e+01
  8,037474155426e-01;  2,265275573730e+01
  7,912365198135e-01;  2,058670425415e+01
  7,805995345116e-01;  1,894907379150e+01
  7,692449688911e-01;  1,732592010498e+01
  7,589144706726e-01;  1,584980297089e+01
  7,488138079643e-01;  1,451615142822e+01
  7,383787631989e-01;  1,321439647675e+01
  7,312177419662e-01;  1,235684585571e+01
  7,257982492447e-01;  1,172868633270e+01
  7,217788696289e-01;  1,127521991730e+01
  7,187834978104e-01;  1,095521259308e+01
  7,166101336479e-01;  1,074767780304e+01
  7,149522304535e-01;  1,076368427277e+01
  7,255405187607e-01;  1,387133502960e+01
  7,382464408875e-01;  1,609083366394e+01
  7,540661096573e-01;  1,874101066589e+01
  7,718502283096e-01;  2,152849006653e+01
  7,873355746269e-01;  2,428160095215e+01
  8,012884259224e-01;  2,687709617615e+01
  8,136321306229e-01;  2,921012878418e+01
  8,249936103821e-01;  3,132505226135e+01
  8,350942730904e-01;  3,324530792236e+01
  8,484898209572e-01;  3,580586242676e+01
  8,598443865776e-01;  3,800631332397e+01
  8,720417618752e-01;  4,045172882080e+01
  8,840093016624e-01;  4,285862731934e+01
  8,943886160851e-01;  4,496814346313e+01
  9,048445224762e-01;  4,711348342896e+01
  9,111626744270e-01;  4,836550140381e+01
  9,147152900696e-01;  4,902146911621e+01
  9,168956875801e-01;  4,935309600830e+01
  9,174181222916e-01;  4,917126083374e+01
  9,066069126129e-01;  4,439371109009e+01
  8,941796422005e-01;  4,129504776001e+01
  8,793839216232e-01;  3,782273483276e+01
  8,638428449631e-01;  3,448176193237e+01
  8,505517840385e-01;  3,154635620117e+01
  8,389186263084e-01;  2,908681678772e+01
  8,285323381424e-01;  2,706721687317e+01
  8,153527379036e-01;  2,460667991638e+01
  8,038310408592e-01;  2,265637969971e+01
  7,913619279861e-01;  2,059197235107e+01
  7,807040214539e-01;  1,895305061340e+01
  7,693424820900e-01;  1,733368301392e+01
  7,590050101280e-01;  1,586136722565e+01
  7,488973736763e-01;  1,451789951324e+01
  7,384275197983e-01;  1,321542167664e+01
  7,313222289085e-01;  1,235728740692e+01
  7,258887887001e-01;  1,173541450500e+01
  7,218485474586e-01;  1,127942276001e+01
  7,188392281532e-01;  1,096671867371e+01
  7,166240811348e-01;  1,074498176575e+01
  7,149522304535e-01;  1,074791717529e+01
  7,250319719315e-01;  1,377002334595e+01
  7,375637292862e-01;  1,595968151093e+01
  7,531954050064e-01;  1,859245109558e+01
  7,710840106010e-01;  2,137911987305e+01
  7,866390347481e-01;  2,413646888733e+01
  8,007102608681e-01;  2,674240684509e+01
  8,131166696548e-01;  2,908665657043e+01
  8,245059847832e-01;  3,121275329590e+01
  8,346554040909e-01;  3,313953781128e+01
  8,481276035309e-01;  3,571419525146e+01
  8,595866560936e-01;  3,793459320068e+01
  8,719024658203e-01;  4,040205383301e+01
  8,838909268379e-01;  4,282598495483e+01
  8,943189382553e-01;  4,494833374023e+01
  9,048027396202e-01;  4,710052490234e+01
  9,111626744270e-01;  4,836993026733e+01
  9,147152900696e-01;  4,901586532593e+01
  9,168956875801e-01;  4,934710693359e+01
  9,175226092339e-01;  4,904383468628e+01
  9,038762450218e-01;  4,368164062500e+01
  8,908011317253e-01;  4,044870376587e+01
  8,754063248634e-01;  3,696343612671e+01
  8,604434728622e-01;  3,370739364624e+01
  8,475912213326e-01;  3,088719558716e+01
  8,362506628036e-01;  2,854764175415e+01
  8,261987566948e-01;  2,661646080017e+01
  8,133953213692e-01;  2,424997138977e+01
  8,021243810654e-01;  2,236856842041e+01
  7,900384068489e-01;  2,036227989197e+01
  7,795197963715e-01;  1,876473999023e+01
  7,684926390648e-01;  1,718801498413e+01
  7,582526803017e-01;  1,574906635284e+01
  7,470932006836e-01;  1,427596092224e+01
  7,373338937759e-01;  1,306596374512e+01
  7,304933071136e-01;  1,225378131866e+01
  7,252966761589e-01;  1,165140819550e+01
  7,214166522026e-01;  1,122111225128e+01
  7,185605764389e-01;  1,091925144196e+01
  7,164638638496e-01;  1,071451950073e+01
  7,150427699089e-01;  1,082665061951e+01
  7,279506921768e-01;  1,426565361023e+01
  7,412766218185e-01;  1,658773422241e+01
  7,578277587891e-01;  1,928834533691e+01
  7,751799821854e-01;  2,207449150085e+01
  7,904703021049e-01;  2,480818939209e+01
  8,039703369141e-01;  2,735098075867e+01
  8,161607980728e-01;  2,964028549194e+01
  8,271878957748e-01;  3,171282386780e+01
  8,416841030121e-01;  3,447634124756e+01
  8,541880249977e-01;  3,686715698242e+01
  8,646578788757e-01;  3,891832351685e+01
  8,758730888367e-01;  4,119617080688e+01
  8,869838118553e-01;  4,343310546875e+01
  8,975790143013e-01;  4,559958648682e+01
  9,068298339844e-01;  4,749161529541e+01
  9,122981429100e-01;  4,856608200073e+01
  9,155024886131e-01;  4,911994552612e+01
  9,174181222916e-01;  4,929548645020e+01
  9,175922274590e-01;  4,912684631348e+01
  9,056665301323e-01;  4,411918258667e+01
  8,929744958878e-01;  4,096494674683e+01
  8,779349923134e-01;  3,748314666748e+01
  8,626238107681e-01;  3,417345809937e+01
  8,494929671288e-01;  3,128138923645e+01
  8,379921317101e-01;  2,886812400818e+01
  8,277173042297e-01;  2,688413429260e+01
  8,146979212761e-01;  2,446029472351e+01
  8,032597899437e-01;  2,254163932800e+01
  7,909787893295e-01;  2,050485229492e+01
  7,803905606270e-01;  1,888370513916e+01
  7,691056728363e-01;  1,727624320984e+01
  7,588447928429e-01;  1,581374168396e+01
  7,488277554512e-01;  1,448339748383e+01
  7,384484410286e-01;  1,319767475128e+01
  7,313431501389e-01;  1,234768199921e+01
  7,259445190430e-01;  1,172784137726e+01
  7,219042778015e-01;  1,127677345276e+01
  7,189227938652e-01;  1,095937347412e+01
  7,167633771896e-01;  1,073851108551e+01
  7,150775790215e-01;  1,076310920715e+01
  7,256937623024e-01;  1,386389923096e+01
  7,383857369423e-01;  1,607898330688e+01
  7,541705965996e-01;  1,872548294067e+01
  7,720104455948e-01;  2,151379585266e+01
  7,874749302864e-01;  2,426659965515e+01
  8,014486432076e-01;  2,686004447937e+01
  8,137923479080e-01;  2,919284057617e+01
  8,250980973244e-01;  3,130735588074e+01
  8,352196812630e-01;  3,322571945190e+01
  8,486639857292e-01;  3,579112243652e+01
  8,600603342056e-01;  3,799974060059e+01
  8,722368478775e-01;  4,045008087158e+01
  8,842043876648e-01;  4,285812377930e+01
  8,945836424828e-01;  4,496936798096e+01
  9,050186872482e-01;  4,711180114746e+01
  9,113577008247e-01;  4,838321685791e+01
  9,148755073547e-01;  4,901806259155e+01
  9,170697927475e-01;  4,935123825073e+01
  9,175504446030e-01;  4,916882324219e+01
  9,067810773849e-01;  4,440097045898e+01
  8,943676948547e-01;  4,130253601074e+01
  8,795511126518e-01;  3,782942199707e+01
  8,640308976173e-01;  3,448559951782e+01
  8,506910800934e-01;  3,154386901855e+01
  8,390718698502e-01;  2,908319473267e+01
  8,286716341972e-01;  2,706230735779e+01
  8,154990077019e-01;  2,459989738464e+01
  8,039912581444e-01;  2,265475654602e+01
  7,915012240410e-01;  2,059207916260e+01
  7,808781266212e-01;  1,895724868774e+01
  7,695166468620e-01;  1,733209800720e+01
  7,591373324394e-01;  1,585468864441e+01
  7,490575909615e-01;  1,451323127747e+01
  7,385877370834e-01;  1,320130062103e+01
  7,315173149109e-01;  1,235315322876e+01
  7,261117100716e-01;  1,173040390015e+01
  7,220575213432e-01;  1,127635002136e+01
  7,191178798676e-01;  1,095686912537e+01
  7,169026732445e-01;  1,073835277557e+01
  7,152866125107e-01;  1,079448127747e+01
  7,270172834396e-01;  1,406698322296e+01
  7,400018572807e-01;  1,634053230286e+01
  7,562116384506e-01;  1,902086257935e+01
  7,738007307053e-01;  2,180965423584e+01
  7,891955375671e-01;  2,455290031433e+01
  8,029115200043e-01;  2,711870956421e+01
  8,151507377625e-01;  2,942244720459e+01
  8,263171911240e-01;  3,151179504395e+01
  8,409317731857e-01;  3,430243301392e+01
  8,535959124565e-01;  3,672066116333e+01
  8,642050623894e-01;  3,880075836182e+01
  8,755456805229e-01;  4,109967803955e+01
  8,867399692535e-01;  4,335639190674e+01
  8,974884748459e-01;  4,555193328857e+01
  9,068298339844e-01;  4,746925735474e+01
  9,123677611351e-01;  4,855580139160e+01
  9,155372977257e-01;  4,910919952393e+01
  9,175226092339e-01;  4,933007049561e+01
  9,176549315453e-01;  4,921471023560e+01
  9,023089408875e-01;  4,324481582642e+01
  8,888854980469e-01;  3,994150161743e+01
  8,732329607010e-01;  3,645993804932e+01
  8,586531877518e-01;  3,325850296021e+01
  8,460239171982e-01;  3,050696945190e+01
  8,348922729492e-01;  2,823473167419e+01
  8,206607699394e-01;  2,552110481262e+01
  8,085888028145e-01;  2,338233375549e+01
  7,980492711067e-01;  2,166574287415e+01
  7,866808176041e-01;  1,981369972229e+01
  7,766428589821e-01;  1,832572364807e+01
  7,663192749023e-01;  1,685190963745e+01
  7,549090385437e-01;  1,528292942047e+01
  7,445784807205e-01;  1,393837165833e+01
  7,358152866364e-01;  1,285283088684e+01
  7,293926477432e-01;  1,209518718719e+01
  7,244955897331e-01;  1,154009819031e+01
  7,209290266037e-01;  1,114401531219e+01
  7,182262539864e-01;  1,086974620819e+01
  7,162409424782e-01;  1,067129039764e+01
  7,153701782227e-01;  1,073963737488e+01
  7,173833250999e-01;  1,215407276154e+01
  7,305490374565e-01;  1,469035625458e+01
  7,444391846657e-01;  1,710956382751e+01
  7,617983818054e-01;  1,984762001038e+01
  7,784888148308e-01;  2,263164710999e+01
  7,935910224915e-01;  2,534091186523e+01
  8,067218661308e-01;  2,782788276672e+01
  8,187938928604e-01;  3,006879615784e+01
  8,295423984528e-01;  3,209913635254e+01
  8,437042236328e-01;  3,481640243530e+01
  8,559294939041e-01;  3,716537475586e+01
  8,661555647850e-01;  3,917893600464e+01
  8,771269321442e-01;  4,140478134155e+01
  8,879451155663e-01;  4,359153366089e+01
  8,982408046722e-01;  4,570100021362e+01
  9,073174595833e-01;  4,755876159668e+01
  9,126464128494e-01;  4,860361862183e+01
  9,157114624977e-01;  4,913266754150e+01
  9,176410436630e-01;  4,927200698853e+01
  9,178012609482e-01;  4,907787322998e+01
  9,047818183899e-01;  4,383517074585e+01
  8,917763829231e-01;  4,062655639648e+01
  8,765069842339e-01;  3,713529968262e+01
  8,614186644554e-01;  3,385399246216e+01
  8,484480381012e-01;  3,100676918030e+01
  8,370726108551e-01;  2,864243888855e+01
  8,269649744034e-01;  2,669142913818e+01
  8,140709996223e-01;  2,430740737915e+01
  8,027721643448e-01;  2,241629028320e+01
  7,905608415604e-01;  2,040437889099e+01
  7,800561785698e-01;  1,880416107178e+01
  7,689454555511e-01;  1,721906471252e+01
  7,587054967880e-01;  1,576789855957e+01
  7,475250959396e-01;  1,429249000549e+01
  7,376613020897e-01;  1,307294082642e+01
  7,308207154274e-01;  1,225271034241e+01
  7,256171107292e-01;  1,165605926514e+01
  7,217440605164e-01;  1,122765064240e+01
  7,189089059830e-01;  1,092195987701e+01
  7,167633771896e-01;  1,071823120117e+01
  7,153005003929e-01;  1,079292678833e+01
  7,153005003929e-01;  1,101133251190e+01
  7,270520925522e-01;  1,405998897552e+01
  7,400714755058e-01;  1,633208847046e+01
  7,563300728798e-01;  1,900839233398e+01
  7,738912701607e-01;  2,179609107971e+01
  7,893208861351e-01;  2,454261398315e+01
  8,030438423157e-01;  2,711430358887e+01
  8,153457641602e-01;  2,942285537720e+01
  8,265261650085e-01;  3,151654434204e+01
  8,410710692406e-01;  3,431438064575e+01
  8,537352085114e-01;  3,673225784302e+01
  8,643583059311e-01;  3,881134033203e+01
  8,757198452950e-01;  4,111106491089e+01
  8,868862390518e-01;  4,337166213989e+01
  8,976138830185e-01;  4,556410598755e+01
  9,069691300392e-01;  4,746716308594e+01
  9,124861955643e-01;  4,856186676025e+01
  9,156417846680e-01;  4,911298370361e+01
  9,176270961761e-01;  4,932215881348e+01
  9,177873134613e-01;  4,919421768188e+01
  9,075821638107e-01;  4,454030609131e+01
  8,952384591103e-01;  4,146828460693e+01
  8,805820345879e-01;  3,799878692627e+01
  8,649573922157e-01;  3,463553237915e+01
  8,515827059746e-01;  3,167055130005e+01
  8,398729562759e-01;  2,918311882019e+01
  8,293891549110e-01;  2,714136695862e+01
  8,161329030991e-01;  2,465679740906e+01
  8,045833706856e-01;  2,269566345215e+01
  7,920097708702e-01;  2,062053680420e+01
  7,813448905945e-01;  1,897883605957e+01
  7,699207067490e-01;  1,735137557983e+01
  7,595901489258e-01;  1,587033653259e+01
  7,494894862175e-01;  1,452106094360e+01
  7,389708757401e-01;  1,321536445618e+01
  7,318307757378e-01;  1,236570453644e+01
  7,263973355293e-01;  1,173146343231e+01
  7,223361730576e-01;  1,127833747864e+01
  7,193756103516e-01;  1,096531963348e+01
  7,171325683594e-01;  1,074067592621e+01
  7,155094742775e-01;  1,078390121460e+01
  7,267038226128e-01;  1,397114849091e+01
  7,395490407944e-01;  1,621808242798e+01
  7,555637955666e-01;  1,887771606445e+01
  7,732782959938e-01;  2,166610717773e+01
  7,887079119682e-01;  2,441518974304e+01
  8,025423288345e-01;  2,699553108215e+01
  8,148720860481e-01;  2,931486892700e+01
  8,260524868965e-01;  3,142281913757e+01
  8,361461758614e-01;  3,333777618408e+01
  8,495347499847e-01;  3,589562606812e+01
  8,608404994011e-01;  3,809299468994e+01
  8,729334473610e-01;  4,053128051758e+01
  8,848243355751e-01;  4,292296600342e+01
  8,950852155685e-01;  4,500798797607e+01
  9,054296612740e-01;  4,714878082275e+01
  9,116711616516e-01;  4,838878250122e+01
  9,151889681816e-01;  4,902745437622e+01
  9,173484444618e-01;  4,935271453857e+01
  9,178708791733e-01;  4,919715881348e+01
  9,076518416405e-01;  4,454351043701e+01
  8,953081369400e-01;  4,147020721436e+01
  8,806517124176e-01;  3,799961853027e+01
  8,649922013283e-01;  3,463516235352e+01
  8,515966534615e-01;  3,166920661926e+01
  8,399425745010e-01;  2,918076324463e+01
  8,294379115105e-01;  2,714068031311e+01
  8,161816596985e-01;  2,465906715393e+01
  8,046529889107e-01;  2,269786834717e+01
  7,920724749565e-01;  2,062737846375e+01
  7,814145088196e-01;  1,897990608215e+01
  7,699903249741e-01;  1,734615135193e+01
  7,596458792686e-01;  1,587124729156e+01
  7,495591640472e-01;  1,452790832520e+01
  7,390056848526e-01;  1,321514415741e+01
  7,318865060806e-01;  1,235646724701e+01
  7,264669537544e-01;  1,172529411316e+01
  7,224406599998e-01;  1,127800941467e+01
  7,194800972939e-01;  1,096194458008e+01
  7,172579765320e-01;  1,074067020416e+01
  7,155930995941e-01;  1,076299190521e+01
  7,262719273567e-01;  1,387117195129e+01
  7,389708757401e-01;  1,608975219727e+01
  7,547836303711e-01;  1,874051666260e+01
  7,725468277931e-01;  2,152956581116e+01
  7,880670428276e-01;  2,428367805481e+01
  8,019850254059e-01;  2,687743186951e+01
  8,143844604492e-01;  2,921003913879e+01
  8,256554007530e-01;  3,132686996460e+01
  8,357630372047e-01;  3,324878692627e+01
  8,492282629013e-01;  3,581465911865e+01
  8,605618476868e-01;  3,802615356445e+01
  8,727383613586e-01;  4,047376251221e+01
  8,847059011459e-01;  4,288242340088e+01
  8,950155377388e-01;  4,498638916016e+01
  9,054157137871e-01;  4,713251113892e+01
  9,116851091385e-01;  4,838087463379e+01
  9,152586460114e-01;  4,902386474609e+01
  9,174181222916e-01;  4,935018539429e+01
  9,179405570030e-01;  4,917358016968e+01
  9,071642160416e-01;  4,439532470703e+01
  8,946811556816e-01;  4,129123306274e+01
  8,799411654472e-01;  3,781559371948e+01
  8,643652796745e-01;  3,446849441528e+01
  8,510742187500e-01;  3,152850723267e+01
  8,394201397896e-01;  2,906708526611e+01
  8,290408849716e-01;  2,704883766174e+01
  8,158542513847e-01;  2,458574295044e+01
  8,043882846832e-01;  2,263793563843e+01
  7,918843626976e-01;  2,057555580139e+01
  7,812752127647e-01;  1,894318389893e+01
  7,699345946312e-01;  1,732433700562e+01
  7,595762014389e-01;  1,584911251068e+01
  7,495591640472e-01;  1,450956153870e+01
  7,390405535698e-01;  1,320276355743e+01
  7,319840192795e-01;  1,235649299622e+01
  7,266063094139e-01;  1,172945213318e+01
  7,225451469421e-01;  1,127406978607e+01
  7,195706367493e-01;  1,096039772034e+01
  7,173345685005e-01;  1,073753738403e+01
  7,156836390495e-01;  1,081469154358e+01
  7,280412912369e-01;  1,417158317566e+01
  7,411860823631e-01;  1,647119140625e+01
  7,576048374176e-01;  1,915914344788e+01
  7,750406861305e-01;  2,194662475586e+01
  7,904006242752e-01;  2,468538093567e+01
  8,039703369141e-01;  2,723908233643e+01
  8,162861466408e-01;  2,953664779663e+01
  8,273272514343e-01;  3,161982536316e+01
  8,418373465538e-01;  3,440262985229e+01
  8,543969988823e-01;  3,680814743042e+01
  8,649573922157e-01;  3,887153244019e+01
  8,762422800064e-01;  4,115392303467e+01
  8,873668909073e-01;  4,340594482422e+01
  8,979969620705e-01;  4,558484649658e+01
  9,073174595833e-01;  4,749380111694e+01
  9,127508997917e-01;  4,856983947754e+01
  9,159552454948e-01;  4,912384796143e+01
  9,178987741470e-01;  4,928125381470e+01
  9,180450439453e-01;  4,909822082520e+01
  9,055271744728e-01;  4,396623992920e+01
  8,926819562912e-01;  4,078561401367e+01
  8,775658011436e-01;  3,729750061035e+01
  8,623451590538e-01;  3,400167083740e+01
  8,493118286133e-01;  3,113081550598e+01
  8,379015922546e-01;  2,874231719971e+01
  8,277173042297e-01;  2,677704048157e+01
  8,147536516190e-01;  2,437404251099e+01
  8,034130334854e-01;  2,247362518311e+01
  7,911320328712e-01;  2,044829750061e+01
  7,806134223938e-01;  1,883890151978e+01
  7,693982124329e-01;  1,723740005493e+01
  7,591930627823e-01;  1,578513717651e+01
  7,480057477951e-01;  1,430466938019e+01
  7,380304932594e-01;  1,307534503937e+01
  7,312177419662e-01;  1,225522899628e+01
  7,260629534721e-01;  1,165598297119e+01
  7,221480607986e-01;  1,122359752655e+01
  7,192850708961e-01;  1,092168998718e+01
  7,171465158463e-01;  1,071548748016e+01
  7,157533168793e-01;  1,084950637817e+01
  7,292951345444e-01;  1,437320899963e+01
  7,427394986153e-01;  1,672319984436e+01
  7,595692276955e-01;  1,943290138245e+01
  7,767124772072e-01;  2,221897697449e+01
  7,919679880142e-01;  2,494809532166e+01
  8,053287267685e-01;  2,747608566284e+01
  8,175539970398e-01;  2,975219726563e+01
  8,284626603127e-01;  3,181763076782e+01
  8,428822159767e-01;  3,457672119141e+01
  8,552677035332e-01;  3,696096038818e+01
  8,656818270683e-01;  3,900743484497e+01
  8,768482804298e-01;  4,126824569702e+01
  8,878614902496e-01;  4,348852539063e+01
  8,982756137848e-01;  4,563377380371e+01
  9,075403809547e-01;  4,752481460571e+01
  9,129250645638e-01;  4,858081054688e+01
  9,160736799240e-01;  4,912735366821e+01
  9,180241227150e-01;  4,925627517700e+01
  9,181495308876e-01;  4,904592132568e+01
  9,044683575630e-01;  4,367696380615e+01
  8,913932442665e-01;  4,044310760498e+01
  8,760402798653e-01;  3,695045089722e+01
  8,610355257988e-01;  3,368942260742e+01
  8,481624722481e-01;  3,086613655090e+01
  8,368915319443e-01;  2,852520751953e+01
  8,268396258354e-01;  2,659552192688e+01
  8,140570521355e-01;  2,423126602173e+01
  8,028278946877e-01;  2,235551261902e+01
  7,906653285027e-01;  2,035270118713e+01
  7,802094221115e-01;  1,876231002808e+01
  7,691404819489e-01;  1,718126487732e+01
  7,589840888977e-01;  1,573994064331e+01
  7,478733658791e-01;  1,426668739319e+01
  7,380304932594e-01;  1,305361652374e+01
  7,312386631966e-01;  1,224294281006e+01
  7,260977625847e-01;  1,164460182190e+01
  7,222316861153e-01;  1,121947383881e+01
  7,193756103516e-01;  1,092199325562e+01
  7,172510027885e-01;  1,071323299408e+01
  7,159832119942e-01;  1,075471687317e+01
  7,260769009590e-01;  1,378511142731e+01
  7,385599017143e-01;  1,597529220581e+01
  7,542402744293e-01;  1,860933303833e+01
  7,720592617989e-01;  2,139252281189e+01
  7,876142263412e-01;  2,415043830872e+01
  8,016018867493e-01;  2,675645065308e+01
  8,140709996223e-01;  2,910148811340e+01
  8,254464268684e-01;  3,122667121887e+01
  8,355818986893e-01;  3,315745162964e+01
  8,490331768990e-01;  3,573526382446e+01
  8,604922294617e-01;  3,795491790771e+01
  8,727035522461e-01;  4,042003631592e+01
  8,847407698631e-01;  4,284491348267e+01
  8,951409459114e-01;  4,495317459106e+01
  9,056038260460e-01;  4,712346649170e+01
  9,118940830231e-01;  4,838153839111e+01
  9,154328107834e-01;  4,901366043091e+01
  9,176270961761e-01;  4,934951019287e+01
  9,181355834007e-01;  4,919180679321e+01
  9,079304337502e-01;  4,453045272827e+01
  8,955728411674e-01;  4,146066665649e+01
  8,809443116188e-01;  3,799132537842e+01
  8,653196096420e-01;  3,462939071655e+01
  8,519658446312e-01;  3,167177772522e+01
  8,402560949326e-01;  2,918930244446e+01
  8,297722935677e-01;  2,714904975891e+01
  8,164951205254e-01;  2,466686058044e+01
  8,050013184547e-01;  2,270100975037e+01
  7,923719882965e-01;  2,061891174316e+01
  7,817488908768e-01;  1,897269630432e+01
  7,703734636307e-01;  1,734042549133e+01
  7,600429654121e-01;  1,586683940887e+01
  7,499423027039e-01;  1,452278709412e+01
  7,394236922264e-01;  1,320304393768e+01
  7,323671579361e-01;  1,235542297363e+01
  7,269755005836e-01;  1,173161602020e+01
  7,229143381119e-01;  1,128116989136e+01
  7,199189662933e-01;  1,095871067047e+01
  7,177037596703e-01;  1,073478126526e+01
  7,160807251930e-01;  1,081555080414e+01
  7,284313440323e-01;  1,416886615753e+01
  7,415761351585e-01;  1,646739768982e+01
  7,580019235611e-01;  1,915706443787e+01
  7,754029035568e-01;  2,194555664063e+01
  7,907628417015e-01;  2,468978500366e+01
  8,043534755707e-01;  2,724804115295e+01
  8,165996670723e-01;  2,954629516602e+01
  8,276407122612e-01;  3,163070678711e+01
  8,422065377235e-01;  3,441402816772e+01
  8,547313809395e-01;  3,682067871094e+01
  8,652638792992e-01;  3,888690185547e+01
  8,765557408333e-01;  4,117266082764e+01
  8,876455426216e-01;  4,341746902466e+01
  8,982268571854e-01;  4,559164810181e+01
  9,075403809547e-01;  4,750047683716e+01
  9,130086302757e-01;  4,857592010498e+01
  9,161642193794e-01;  4,912304687500e+01
  9,181147217751e-01;  4,923784255981e+01
  9,182330965996e-01;  4,900975036621e+01
  9,039250016212e-01;  4,351878738403e+01
  8,907454013824e-01;  4,026135635376e+01
  8,753227591515e-01;  3,677515792847e+01
  8,604782819748e-01;  3,353995132446e+01
  8,477096557617e-01;  3,074234771729e+01
  8,364735245705e-01;  2,842512702942e+01
  8,220191597939e-01;  2,566939926147e+01
  8,099123239517e-01;  2,350010490417e+01
  7,992543578148e-01;  2,175993537903e+01
  7,877883911133e-01;  1,988566589355e+01
  7,777086496353e-01;  1,837193107605e+01
  7,672387957573e-01;  1,687553405762e+01
  7,558981776237e-01;  1,530689620972e+01
  7,455885410309e-01;  1,396358776093e+01
  7,366024255753e-01;  1,286103820801e+01
  7,302076816559e-01;  1,210204410553e+01
  7,253733277321e-01;  1,154580116272e+01
  7,217301130295e-01;  1,115095615387e+01
  7,190830111504e-01;  1,086790370941e+01
  7,170420289040e-01;  1,067142486572e+01
  7,161364555359e-01;  1,080056667328e+01
  7,279089093208e-01;  1,406878852844e+01
  7,408725619316e-01;  1,634110450745e+01
  7,571311593056e-01;  1,901714897156e+01
  7,746575474739e-01;  2,180565643311e+01
  7,900662422180e-01;  2,455312919617e+01
  8,037474155426e-01;  2,712533950806e+01
  8,160701990128e-01;  2,943502807617e+01
  8,272018432617e-01;  3,152923583984e+01
  8,417537808418e-01;  3,432252502441e+01
  8,543621301651e-01;  3,673604965210e+01
  8,649713397026e-01;  3,881008148193e+01
  8,763258457184e-01;  4,111205291748e+01
  8,875062465668e-01;  4,337539291382e+01
  8,981711268425e-01;  4,556140899658e+01
  9,075403809547e-01;  4,747729873657e+01
  9,130295515060e-01;  4,856051254272e+01
  9,162338972092e-01;  4,912353134155e+01
  9,181634783745e-01;  4,923666381836e+01
  9,182888269424e-01;  4,900926971436e+01
  9,040294885635e-01;  4,352050399780e+01
  8,908359408379e-01;  4,026489639282e+01
  8,753924369812e-01;  3,678158187866e+01
  8,605479598045e-01;  3,354704284668e+01
  8,477653861046e-01;  3,074968910217e+01
  8,365780115128e-01;  2,843392944336e+01
  8,265679478645e-01;  2,651974487305e+01
  8,138620257378e-01;  2,417124176025e+01
  8,026676774025e-01;  2,230496025085e+01
  7,905956506729e-01;  2,031059074402e+01
  7,801954746246e-01;  1,872245788574e+01
  7,691544294357e-01;  1,714946556091e+01
  7,590677142143e-01;  1,572209644318e+01
  7,479778528214e-01;  1,425519561768e+01
  7,382045984268e-01;  1,304233360291e+01
  7,314615845680e-01;  1,223989963531e+01
  7,263276576996e-01;  1,164303684235e+01
  7,224963903427e-01;  1,121991729736e+01
  7,196193933487e-01;  1,092109775543e+01
  7,175087332726e-01;  1,070962810516e+01
  7,161015868187e-01;  1,088554096222e+01
  7,308346033096e-01;  1,457866764069e+01
  7,445506453514e-01;  1,697740173340e+01
  7,617287039757e-01;  1,970982170105e+01
  7,785375714302e-01;  2,249902153015e+01
  7,937303781509e-01;  2,522197914124e+01
  8,068403005600e-01;  2,772381782532e+01
  8,189889788628e-01;  2,997940635681e+01
  8,297653198242e-01;  3,202177810669e+01
  8,440316319466e-01;  3,474887466431e+01
  8,562778234482e-01;  3,710221099854e+01
  8,665386438370e-01;  3,912206649780e+01
  8,775797486305e-01;  4,136071395874e+01
  8,883978724480e-01;  4,356029129028e+01
  8,987492918968e-01;  4,568167877197e+01
  9,079443812370e-01;  4,755286407471e+01
  9,132176041603e-01;  4,860567092896e+01
  9,162687063217e-01;  4,913502883911e+01
  9,182330965996e-01;  4,918912887573e+01
  9,080349206924e-01;  4,452503204346e+01
  8,956912755966e-01;  4,145381927490e+01
  8,811045289040e-01;  3,798628234863e+01
  8,654798269272e-01;  3,462682342529e+01
  8,521190881729e-01;  3,166680526733e+01
  8,404441475868e-01;  2,918225669861e+01
  8,299812674522e-01;  2,714437294006e+01
  8,167250156403e-01;  2,466706085205e+01
  8,052242398262e-01;  2,270727539063e+01
  7,925601005554e-01;  2,063326072693e+01
  7,819718122482e-01;  1,898553848267e+01
  7,705476284027e-01;  1,735220909119e+01
  7,602170705795e-01;  1,587291431427e+01
  7,501164078712e-01;  1,453157424927e+01
  7,395977973938e-01;  1,320982265472e+01
  7,325482368469e-01;  1,236253738403e+01
  7,271775007248e-01;  1,172952842712e+01
  7,230884432793e-01;  1,127389335632e+01
  7,201279401779e-01;  1,095309638977e+01
  7,179336547852e-01;  1,073707962036e+01
  7,162966728210e-01;  1,079681491852e+01
  7,280064225197e-01;  1,406662273407e+01
  7,409771084785e-01;  1,633711433411e+01
  7,572495937347e-01;  1,901660919189e+01
  7,747968435287e-01;  2,180451202393e+01
  7,901707291603e-01;  2,455151557922e+01
  8,038519024849e-01;  2,711756324768e+01
  8,161607980728e-01;  2,942801856995e+01
  8,272575736046e-01;  3,152187538147e+01
  8,372607231140e-01;  3,342824554443e+01
  8,506005406380e-01;  3,597157287598e+01
  8,618296980858e-01;  3,816250991821e+01
  8,738320469856e-01;  4,058899307251e+01
  8,856254220009e-01;  4,297098922729e+01
  8,957818150520e-01;  4,503507995605e+01
  9,061262607574e-01;  4,717139053345e+01
  9,122981429100e-01;  4,840383529663e+01
  9,157810807228e-01;  4,903828048706e+01
  9,179405570030e-01;  4,935544586182e+01
  9,184281826019e-01;  4,907321166992e+01
  9,053182005882e-01;  4,382030868530e+01
  8,923475742340e-01;  4,060974884033e+01
  8,771129846573e-01;  3,712029266357e+01
  8,620316982269e-01;  3,384346008301e+01
  8,490889072418e-01;  3,099666023254e+01
  8,377692103386e-01;  2,863434028625e+01
  8,276407122612e-01;  2,668929290771e+01
  8,147745728493e-01;  2,430792427063e+01
  8,034827113152e-01;  2,241836738586e+01
  7,912574410439e-01;  2,040239715576e+01
  7,808085083961e-01;  1,879851150513e+01
  7,696420550346e-01;  1,720846176147e+01
  7,594856619835e-01;  1,576147174835e+01
  7,483401298523e-01;  1,427958869934e+01
  7,384484410286e-01;  1,305254554749e+01
  7,317123413086e-01;  1,224843120575e+01
  7,265575528145e-01;  1,164668560028e+01
  7,227053642273e-01;  1,121931838989e+01
  7,198492884636e-01;  1,091945457458e+01
  7,177246809006e-01;  1,071162319183e+01
  7,163245081902e-01;  1,089177227020e+01
  7,310714721680e-01;  1,458560943604e+01
  7,448083758354e-01;  1,698562240601e+01
  7,620282173157e-01;  1,972160148621e+01
  7,788022756577e-01;  2,251361274719e+01
  7,939881086349e-01;  2,523491287231e+01
  8,071398735046e-01;  2,773335838318e+01
  8,192606568336e-01;  2,998700714111e+01
  8,300230503082e-01;  3,202830886841e+01
  8,443520665169e-01;  3,475763702393e+01
  8,565564155579e-01;  3,712017440796e+01
  8,668312430382e-01;  3,914437103271e+01
  8,778792619705e-01;  4,138151550293e+01
  8,886974453926e-01;  4,357702636719e+01
  8,989582657814e-01;  4,569184494019e+01
  9,081115722656e-01;  4,756537628174e+01
  9,134962558746e-01;  4,860863494873e+01
  9,165125489235e-01;  4,913407135010e+01
  9,184281826019e-01;  4,914764404297e+01
  9,071154594421e-01;  4,425029373169e+01
  8,944721817970e-01;  4,111943054199e+01
  8,796207308769e-01;  3,763625335693e+01
  8,641702532768e-01;  3,430455780029e+01
  8,509488105774e-01;  3,138736343384e+01
  8,394410610199e-01;  2,895104026794e+01
  8,290756940842e-01;  2,694885826111e+01
  8,159726858139e-01;  2,451106643677e+01
  8,045833706856e-01;  2,257717704773e+01
  7,921282052994e-01;  2,052694511414e+01
  7,815747261047e-01;  1,889822769165e+01
  7,702341675758e-01;  1,728445816040e+01
  7,599941492081e-01;  1,582245922089e+01
  7,487580776215e-01;  1,432026958466e+01
  7,387270927429e-01;  1,307585525513e+01
  7,319143414497e-01;  1,226344871521e+01
  7,267943620682e-01;  1,166146850586e+01
  7,228586077690e-01;  1,123012733459e+01
  7,199886441231e-01;  1,092771244049e+01
  7,178779244423e-01;  1,071262550354e+01
  7,165892124176e-01;  1,077056407928e+01
  7,272402048111e-01;  1,387982368469e+01
  7,398834228516e-01;  1,609992980957e+01
  7,557379603386e-01;  1,875227546692e+01
  7,734524011612e-01;  2,154422378540e+01
  7,890074253082e-01;  2,430350112915e+01
  8,028766512871e-01;  2,690048408508e+01
  8,152900338173e-01;  2,923650360107e+01
  8,265261650085e-01;  3,135079765320e+01
  8,366128802299e-01;  3,327309417725e+01
  8,500432372093e-01;  3,583388137817e+01
  8,613768815994e-01;  3,804184341431e+01
  8,735255599022e-01;  4,049008178711e+01
  8,854373693466e-01;  4,290050888062e+01
  8,957330584526e-01;  4,498536300659e+01
  9,061680436134e-01;  4,714061737061e+01
  9,124165177345e-01;  4,839120864868e+01
  9,159552454948e-01;  4,902827835083e+01
  9,181147217751e-01;  4,935562133789e+01
  9,185814261436e-01;  4,910057449341e+01
  9,060844779015e-01;  4,397133255005e+01
  8,931835293770e-01;  4,078729248047e+01
  8,780742883682e-01;  3,730028915405e+01
  8,628675937653e-01;  3,400369262695e+01
  8,498551845551e-01;  3,113240814209e+01
  8,384240269661e-01;  2,874408721924e+01
  8,282049298286e-01;  2,677859306335e+01
  8,152760863304e-01;  2,437544059753e+01
  8,039355278015e-01;  2,246713829041e+01
  7,916057705879e-01;  2,043542289734e+01
  7,811567783356e-01;  1,882334899902e+01
  7,699207067490e-01;  1,722650527954e+01
  7,597643136978e-01;  1,577595806122e+01
  7,485839128494e-01;  1,428724384308e+01
  7,386922240257e-01;  1,305574512482e+01
  7,319143414497e-01;  1,224840068817e+01
  7,268291711807e-01;  1,163969135284e+01
  7,229282259941e-01;  1,121266746521e+01
  7,201070189476e-01;  1,092011833191e+01
  7,179476022720e-01;  1,071028518677e+01
  7,165195345879e-01;  1,082814598083e+01
  7,294902205467e-01;  1,426948070526e+01
  7,427882552147e-01;  1,659786415100e+01
  7,593951225281e-01;  1,930132865906e+01
  7,766567468643e-01;  2,209148979187e+01
  7,920376062393e-01;  2,483324050903e+01
  8,054540753365e-01;  2,737566375732e+01
  8,177490234375e-01;  2,966352844238e+01
  8,286855816841e-01;  3,173777770996e+01
  8,431957364082e-01;  3,450598526001e+01
  8,556508421898e-01;  3,690065002441e+01
  8,660649657249e-01;  3,895378112793e+01
  8,773010969162e-01;  4,123150634766e+01
  8,883281946182e-01;  4,346298980713e+01
  8,987841606140e-01;  4,561656570435e+01
  9,081324934959e-01;  4,752328872681e+01
  9,135171771049e-01;  4,858713150024e+01
  9,166657924652e-01;  4,913330459595e+01
  9,185814261436e-01;  4,924633789063e+01
  9,187068343163e-01;  4,901897048950e+01
  9,044126272202e-01;  4,352764892578e+01
  8,911842703819e-01;  4,026802825928e+01
  8,757407069206e-01;  3,678132247925e+01
  8,609101772308e-01;  3,354396057129e+01
  8,481624722481e-01;  3,074443244934e+01
  8,369054198265e-01;  2,842753601074e+01
  8,224719762802e-01;  2,567003440857e+01
  8,103511929512e-01;  2,349470329285e+01
  7,996584177017e-01;  2,175157546997e+01
  7,882272601128e-01;  1,987484741211e+01
  7,781614065170e-01;  1,836465072632e+01
  7,676915526390e-01;  1,687117385864e+01
  7,564206123352e-01;  1,530448341370e+01
  7,460761666298e-01;  1,395028781891e+01
  7,370691895485e-01;  1,284877967834e+01
  7,307510375977e-01;  1,209160804749e+01
  7,259584665298e-01;  1,153845691681e+01
  7,223082780838e-01;  1,113538455963e+01
  7,196751236916e-01;  1,086853218079e+01
  7,176341414452e-01;  1,067148971558e+01
  7,167633771896e-01;  1,073979377747e+01
  7,320118546486e-01;  1,469332313538e+01
  7,458532452583e-01;  1,711582756042e+01
  7,632611989975e-01;  1,985677146912e+01
  7,798959612846e-01;  2,264839744568e+01
  7,949981689453e-01;  2,536666107178e+01
  8,080802559853e-01;  2,785657501221e+01
  8,201870918274e-01;  3,010376358032e+01
  8,309355974197e-01;  3,213990402222e+01
  8,451113700867e-01;  3,485797882080e+01
  8,572530150414e-01;  3,720568084717e+01
  8,674233555794e-01;  3,921896362305e+01
  8,784365653992e-01;  4,144454956055e+01
  8,891641497612e-01;  4,362393951416e+01
  8,992856740952e-01;  4,571437835693e+01
  9,084598422050e-01;  4,758296203613e+01
  9,137261509895e-01;  4,862096405029e+01
  9,167911410332e-01;  4,914452743530e+01
  9,186859130859e-01;  4,906899642944e+01
  9,055829048157e-01;  4,381446075439e+01
  8,925914168358e-01;  4,060621643066e+01
  8,773776888847e-01;  3,711640930176e+01
  8,622894287109e-01;  3,384040451050e+01
  8,493466377258e-01;  3,099412918091e+01
  8,380408883095e-01;  2,863048171997e+01
  8,278496861458e-01;  2,668337631226e+01
  8,149974942207e-01;  2,429822349548e+01
  8,036777377129e-01;  2,240510368347e+01
  7,914873361588e-01;  2,038398170471e+01
  7,810314297676e-01;  1,878354454041e+01
  7,698510289192e-01;  1,719602775574e+01
  7,597155570984e-01;  1,575076293945e+01
  7,486396431923e-01;  1,426781654358e+01
  7,387619018555e-01;  1,304668331146e+01
  7,320397496223e-01;  1,223803138733e+01
  7,269336581230e-01;  1,164376449585e+01
  7,230536341667e-01;  1,121184444427e+01
  7,202115058899e-01;  1,091531372070e+01
  7,180868983269e-01;  1,070672988892e+01
  7,168330550194e-01;  1,078140354156e+01
  7,280621528625e-01;  1,397611427307e+01
  7,408377528191e-01;  1,622545433044e+01
  7,569569945335e-01;  1,889546203613e+01
  7,745530605316e-01;  2,168690681458e+01
  7,900174856186e-01;  2,444191360474e+01
  8,037822842598e-01;  2,702633666992e+01
  8,161607980728e-01;  2,935159111023e+01
  8,273272514343e-01;  3,145746994019e+01
  8,373930454254e-01;  3,337402343750e+01
  8,507398366928e-01;  3,593167495728e+01
  8,620595335960e-01;  3,812898635864e+01
  8,740758299828e-01;  4,056696319580e+01
  8,859249353409e-01;  4,295682907104e+01
  8,961161971092e-01;  4,502281951904e+01
  9,064745903015e-01;  4,716628265381e+01
  9,126743078232e-01;  4,840923309326e+01
  9,161642193794e-01;  4,903679275513e+01
  9,182888269424e-01;  4,935552597046e+01
  9,187764525414e-01;  4,907643127441e+01
  9,056873917580e-01;  4,382029724121e+01
  8,926610350609e-01;  4,061027526855e+01
  8,774613142014e-01;  3,711686325073e+01
  8,623381853104e-01;  3,383790588379e+01
  8,494023680687e-01;  3,099149703979e+01
  8,380966186523e-01;  2,862441062927e+01
  8,279402256012e-01;  2,667494392395e+01
  8,150880336761e-01;  2,428882217407e+01
  8,038170933723e-01;  2,239639091492e+01
  7,915709018707e-01;  2,037874031067e+01
  7,811707258224e-01;  1,878249168396e+01
  7,700112462044e-01;  1,719443511963e+01
  7,598409056664e-01;  1,574919414520e+01
  7,487720251083e-01;  1,427793216705e+01
  7,388454675674e-01;  1,304944515228e+01
  7,321442365646e-01;  1,224139976501e+01
  7,270382046700e-01;  1,164328384399e+01
  7,231372594833e-01;  1,121083164215e+01
  7,203299403191e-01;  1,092063808441e+01
  7,182053327560e-01;  1,070754909515e+01
  7,167842984200e-01;  1,082786750793e+01
  7,296782732010e-01;  1,425955009460e+01
  7,429623603821e-01;  1,658530426025e+01
  7,596598267555e-01;  1,928827095032e+01
  7,768518328667e-01;  2,208030128479e+01
  7,922466397285e-01;  2,482489395142e+01
  8,056630492210e-01;  2,737143898010e+01
  8,179719448090e-01;  2,966145133972e+01
  8,288945555687e-01;  3,173530006409e+01
  8,434255719185e-01;  3,450516128540e+01
  8,558946847916e-01;  3,689830780029e+01
  8,662948608398e-01;  3,895351409912e+01
  8,775448799133e-01;  4,123291778564e+01
  8,885720372200e-01;  4,347038269043e+01
  8,989722132683e-01;  4,561949539185e+01
  9,083275198936e-01;  4,752939224243e+01
  9,136704206467e-01;  4,858695220947e+01
  9,168190360069e-01;  4,913355636597e+01
  9,187555909157e-01;  4,920746612549e+01
  9,033677577972e-01;  4,321524810791e+01
  8,898955583572e-01;  3,990861511230e+01
  8,743126988411e-01;  3,642711257935e+01
  8,597120046616e-01;  3,322806930542e+01
  8,471314907074e-01;  3,047814369202e+01
  8,360555768013e-01;  2,821055412292e+01
  8,217892646790e-01;  2,550155258179e+01
  8,097729682922e-01;  2,335994529724e+01
  7,991986274719e-01;  2,163631057739e+01
  7,878789305687e-01;  1,978115463257e+01
  7,756327986717e-01;  1,796447563171e+01
  7,641389369965e-01;  1,632164573669e+01
  7,534601092339e-01;  1,487971496582e+01
  7,429275512695e-01;  1,353271484375e+01
  7,351047396660e-01;  1,257843685150e+01
  7,293369174004e-01;  1,189621067047e+01
  7,249135375023e-01;  1,139021682739e+01
  7,216534614563e-01;  1,103302669525e+01
  7,192363142967e-01;  1,079782295227e+01
  7,173554897308e-01;  1,065041732788e+01
  7,170420289040e-01;  1,087250995636e+01
  7,311620116234e-01;  1,449005985260e+01
  7,447038888931e-01;  1,686947059631e+01
  7,617983818054e-01;  1,959570121765e+01
  7,786769270897e-01;  2,239003181458e+01
  7,939393520355e-01;  2,512150764465e+01
  8,071398735046e-01;  2,763659095764e+01
  8,193511962891e-01;  2,990428543091e+01
  8,301205635071e-01;  3,195780944824e+01
  8,444843888283e-01;  3,469862365723e+01
  8,567793369293e-01;  3,706898880005e+01
  8,670611381531e-01;  3,909870910645e+01
  8,781369924545e-01;  4,134534835815e+01
  8,890596628189e-01;  4,354735946655e+01
  8,992648124695e-01;  4,567042541504e+01
  9,085295200348e-01;  4,755685043335e+01
  9,138654470444e-01;  4,860417556763e+01
  9,169653058052e-01;  4,914659881592e+01
  9,188600778580e-01;  4,917397689819e+01
  9,080488681793e-01;  4,439060211182e+01
  8,955728411674e-01;  4,128905868530e+01
  8,808606863022e-01;  3,781151962280e+01
  8,653057217598e-01;  3,446492004395e+01
  8,520633578300e-01;  3,152959251404e+01
  8,404650688171e-01;  2,906814575195e+01
  8,300300240517e-01;  2,704817199707e+01
  8,168643712997e-01;  2,458867263794e+01
  8,054192662239e-01;  2,263360977173e+01
  7,928248047829e-01;  2,056785202026e+01
  7,823061943054e-01;  1,893609809875e+01
  7,709307670593e-01;  1,731063079834e+01
  7,606698870659e-01;  1,583407306671e+01
  7,494407296181e-01;  1,434042072296e+01
  7,393540143967e-01;  1,308303451538e+01
  7,325482368469e-01;  1,226866149902e+01
  7,273864746094e-01;  1,166169834137e+01
  7,234855294228e-01;  1,122751617432e+01
  7,206085920334e-01;  1,092703628540e+01
  7,184700369835e-01;  1,071753215790e+01
  7,170559167862e-01;  1,087232112885e+01
  7,256798148155e-01;  1,350485897064e+01
  7,376543283463e-01;  1,561089420319e+01
  7,527774572372e-01;  1,819833374023e+01
  7,706660628319e-01;  2,097761535645e+01
  7,864648699760e-01;  2,375185775757e+01
  8,007311820984e-01;  2,639807891846e+01
  8,133395910263e-01;  2,878070831299e+01
  8,248543143272e-01;  3,094093704224e+01
  8,351639509201e-01;  3,290125656128e+01
  8,488381505013e-01;  3,551218032837e+01
  8,604573607445e-01;  3,776400375366e+01
  8,728637695313e-01;  4,026467514038e+01
  8,850750923157e-01;  4,272784805298e+01
  8,956076502800e-01;  4,486640930176e+01
  9,062725305557e-01;  4,708707427979e+01
  9,126254916191e-01;  4,836752700806e+01
  9,162129759789e-01;  4,901853561401e+01
  9,183933138847e-01;  4,935032653809e+01
  9,189854264259e-01;  4,898206710815e+01
  9,040991663933e-01;  4,337210083008e+01
  8,907663226128e-01;  4,008918380737e+01
  8,752670288086e-01;  3,660370635986e+01
  8,605688214302e-01;  3,338256454468e+01
  8,478977084160e-01;  3,061029052734e+01
  8,367521762848e-01;  2,831955718994e+01
  8,223674893379e-01;  2,558708190918e+01
  8,103442192078e-01;  2,343155288696e+01
  7,996862530708e-01;  2,169670486450e+01
  7,883317470551e-01;  1,983113479614e+01
  7,760507464409e-01;  1,800609016418e+01
  7,644523978233e-01;  1,635565567017e+01
  7,537735700607e-01;  1,490536499023e+01
  7,431852817535e-01;  1,354929065704e+01
  7,353485822678e-01;  1,259197330475e+01
  7,294971346855e-01;  1,189855480194e+01
  7,251225113869e-01;  1,139769172668e+01
  7,218345999718e-01;  1,104339027405e+01
  7,194104194641e-01;  1,079713726044e+01
  7,175296545029e-01;  1,064379119873e+01
  7,171673774719e-01;  1,083212089539e+01
  7,209638357162e-01;  1,254909133911e+01
  7,363656163216e-01;  1,537503528595e+01
  7,511821985245e-01;  1,792585563660e+01
  7,690777778625e-01;  2,069904899597e+01
  7,850019931793e-01;  2,347398185730e+01
  7,994912266731e-01;  2,613707923889e+01
  8,121553659439e-01;  2,854329872131e+01
  8,238094449043e-01;  3,072426795959e+01
  8,342792391777e-01;  3,269913864136e+01
  8,480927944183e-01;  3,534019088745e+01
  8,598164916039e-01;  3,761674118042e+01
  8,724109530449e-01;  4,014946365356e+01
  8,825046420097e-01;  4,219441986084e+01
  8,939009904861e-01;  4,450450897217e+01
  9,043917655945e-01;  4,668235778809e+01
  9,116363525391e-01;  4,814906311035e+01
  9,156765937805e-01;  4,890101242065e+01
  9,181147217751e-01;  4,929541015625e+01
  9,190551042557e-01;  4,898651504517e+01
  9,042036533356e-01;  4,338071823120e+01
  8,908708095551e-01;  4,009757995605e+01
  8,753924369812e-01;  3,661212158203e+01
  8,606663346291e-01;  3,339260864258e+01
  8,480231165886e-01;  3,062014198303e+01
  8,368915319443e-01;  2,832682609558e+01
  8,224858641624e-01;  2,559356689453e+01
  8,104556798935e-01;  2,343437194824e+01
  7,998116612434e-01;  2,170080375671e+01
  7,884710431099e-01;  1,983151626587e+01
  7,761900424957e-01;  1,800328063965e+01
  7,645916938782e-01;  1,635616302490e+01
  7,539337873459e-01;  1,490958118439e+01
  7,433385252953e-01;  1,355230140686e+01
  7,354739904404e-01;  1,259383296967e+01
  7,296504378319e-01;  1,190445995331e+01
  7,252618670464e-01;  1,140481472015e+01
  7,219181656837e-01;  1,104378604889e+01
  7,195497751236e-01;  1,080002689362e+01
  7,175992727280e-01;  1,064793777466e+01
  7,172858119011e-01;  1,084997081757e+01
  7,188810110092e-01;  1,197704601288e+01
  7,308276891708e-01;  1,437566280365e+01
  7,442162632942e-01;  1,672798347473e+01
  7,611017823219e-01;  1,944148826599e+01
  7,780848145485e-01;  2,223139381409e+01
  7,933959960938e-01;  2,496720123291e+01
  8,066731095314e-01;  2,749631118774e+01
  8,189123272896e-01;  2,977353477478e+01
  8,297862410545e-01;  3,183764076233e+01
  8,442406058311e-01;  3,459520721436e+01
  8,565564155579e-01;  3,697958755493e+01
  8,669217824936e-01;  3,902186584473e+01
  8,781231045723e-01;  4,128237915039e+01
  8,890387415886e-01;  4,349503326416e+01
  8,993344306946e-01;  4,563781356812e+01
  9,086757898331e-01;  4,753710174561e+01
  9,140396118164e-01;  4,859126281738e+01
  9,171394705772e-01;  4,913065719604e+01
  9,190551042557e-01;  4,922961044312e+01
  9,191387295723e-01;  4,898559188843e+01
  9,043081402779e-01;  4,338224029541e+01
  8,909752964973e-01;  4,010053634644e+01
  8,754620552063e-01;  3,661338043213e+01
  8,607569336891e-01;  3,339303207397e+01
  8,481136560440e-01;  3,061824607849e+01
  8,369681239128e-01;  2,832472229004e+01
  8,225764632225e-01;  2,558719253540e+01
  8,105392456055e-01;  2,342713546753e+01
  7,999091744423e-01;  2,169042587280e+01
  7,885755300522e-01;  1,982574272156e+01
  7,763015031815e-01;  1,800356674194e+01
  7,646892666817e-01;  1,635395622253e+01
  7,540382742882e-01;  1,490459728241e+01
  7,434848546982e-01;  1,355138301849e+01
  7,355575561523e-01;  1,259469127655e+01
  7,297897338867e-01;  1,190317916870e+01
  7,253872156143e-01;  1,140405750275e+01
  7,220575213432e-01;  1,104220104218e+01
  7,196403145790e-01;  1,079829597473e+01
  7,177177071571e-01;  1,064101409912e+01
  7,173902988434e-01;  1,083352661133e+01
  7,177873849869e-01;  1,143823242188e+01
  7,303818464279e-01;  1,427494049072e+01
  7,435753941536e-01;  1,660186386108e+01
  7,602658271790e-01;  1,930025482178e+01
  7,774230241776e-01;  2,208755874634e+01
  7,927551269531e-01;  2,482869338989e+01
  8,061855435371e-01;  2,737445831299e+01
  8,184804320335e-01;  2,966390419006e+01
  8,294588327408e-01;  3,174008941650e+01
  8,438783884048e-01;  3,450961303711e+01
  8,563126325607e-01;  3,690105056763e+01
  8,667267560959e-01;  3,895437622070e+01
  8,779419660568e-01;  4,122599411011e+01
  8,889203071594e-01;  4,345559310913e+01
  8,993344306946e-01;  4,561056518555e+01
  9,087106585503e-01;  4,752689361572e+01
  9,140883684158e-01;  4,858288574219e+01
  9,171742796898e-01;  4,912426757813e+01
  9,191387295723e-01;  4,924893951416e+01
  9,192640781403e-01;  4,902048492432e+01
  9,050396084785e-01;  4,353401184082e+01
  8,917763829231e-01;  4,027509307861e+01
  8,764024972916e-01;  3,678586959839e+01
  8,615580201149e-01;  3,354543685913e+01
  8,488033413887e-01;  3,074724769592e+01
  8,376647233963e-01;  2,842680358887e+01
  8,276407122612e-01;  2,651116561890e+01
  8,149068951607e-01;  2,416005516052e+01
  8,037683367729e-01;  2,228964614868e+01
  7,916196584702e-01;  2,029231262207e+01
  7,813309431076e-01;  1,871699714661e+01
  7,702620029449e-01;  1,714766693115e+01
  7,602170705795e-01;  1,571617984772e+01
  7,492108345032e-01;  1,425166416168e+01
  7,393330931664e-01;  1,302673149109e+01
  7,327014803886e-01;  1,222808170319e+01
  7,276302576065e-01;  1,163505554199e+01
  7,238338589668e-01;  1,121038627625e+01
  7,209568619728e-01;  1,091631317139e+01
  7,188392281532e-01;  1,070343399048e+01
  7,175644636154e-01;  1,077744579315e+01
  7,175435423851e-01;  1,098463630676e+01
  7,287936210632e-01;  1,396614933014e+01
  7,415343523026e-01;  1,621575164795e+01
  7,576535940170e-01;  1,888304901123e+01
  7,751939296722e-01;  2,166942977905e+01
  7,906792759895e-01;  2,442508125305e+01
  8,043674230576e-01;  2,700699996948e+01
  8,167737722397e-01;  2,933086013794e+01
  8,278705477715e-01;  3,143491172791e+01
  8,379364013672e-01;  3,335369491577e+01
  8,512971401215e-01;  3,591081237793e+01
  8,625820279121e-01;  3,810881042480e+01
  8,746191859245e-01;  4,054929351807e+01
  8,864474296570e-01;  4,294032669067e+01
  8,966037631035e-01;  4,500746154785e+01
  9,069830775261e-01;  4,717031097412e+01
  9,131827950478e-01;  4,840589904785e+01
  9,166866540909e-01;  4,903144454956e+01
  9,188043475151e-01;  4,935815811157e+01
  9,192640781403e-01;  4,904809188843e+01
  9,056177735329e-01;  4,367875671387e+01
  8,924938440323e-01;  4,044758605957e+01
  8,772035837173e-01;  3,695768737793e+01
  8,622894287109e-01;  3,370021057129e+01
  8,494580984116e-01;  3,088094329834e+01
  8,381801843643e-01;  2,853950881958e+01
  8,281353116035e-01;  2,660717582703e+01
  8,153109550476e-01;  2,423869895935e+01
  8,040957450867e-01;  2,235408973694e+01
  7,918843626976e-01;  2,034722900391e+01
  7,815747261047e-01;  1,875596427917e+01
  7,704640030861e-01;  1,717454338074e+01
  7,603772878647e-01;  1,573393249512e+01
  7,493501901627e-01;  1,426378536224e+01
  7,394724488258e-01;  1,304408073425e+01
  7,327502965927e-01;  1,224735450745e+01
  7,276511788368e-01;  1,164022541046e+01
  7,238199114799e-01;  1,120499706268e+01
  7,209777832031e-01;  1,091407680511e+01
  7,188531756401e-01;  1,070238971710e+01
  7,175853848457e-01;  1,079825210571e+01
  7,293857336044e-01;  1,406918239594e+01
  7,423006296158e-01;  1,634107398987e+01
  7,585940361023e-01;  1,902009582520e+01
  7,760298252106e-01;  2,181087303162e+01
  7,914594411850e-01;  2,456308555603e+01
  8,050848841667e-01;  2,713282966614e+01
  8,174146413803e-01;  2,944579124451e+01
  8,284766077995e-01;  3,154156684875e+01
  8,431260585785e-01;  3,433938217163e+01
  8,556995987892e-01;  3,675669479370e+01
  8,662391304970e-01;  3,883563613892e+01
  8,776145577431e-01;  4,113673019409e+01
  8,887252807617e-01;  4,339142608643e+01
  8,992299437523e-01;  4,556896591187e+01
  9,086897373199e-01;  4,750475692749e+01
  9,141092896461e-01;  4,858002471924e+01
  9,172439575195e-01;  4,912340545654e+01
  9,191595911980e-01;  4,927429580688e+01
  9,193337559700e-01;  4,907750320435e+01
  9,062795042992e-01;  4,382359313965e+01
  8,932322859764e-01;  4,061419296265e+01
  8,780742883682e-01;  3,712319183350e+01
  8,629720807076e-01;  3,384552383423e+01
  8,500781059265e-01;  3,100160408020e+01
  8,387792706490e-01;  2,863782501221e+01
  8,286228775978e-01;  2,668751525879e+01
  8,157289028168e-01;  2,429862785339e+01
  8,045136928558e-01;  2,239642524719e+01
  7,922326922417e-01;  2,037651062012e+01
  7,818881869316e-01;  1,877869796753e+01
  7,707426548004e-01;  1,719040298462e+01
  7,606211304665e-01;  1,574607086182e+01
  7,495800256729e-01;  1,427999877930e+01
  7,396326661110e-01;  1,304481410980e+01
  7,329313755035e-01;  1,225176715851e+01
  7,277904748917e-01;  1,164289569855e+01
  7,239731550217e-01;  1,121142578125e+01
  7,211170792580e-01;  1,091570281982e+01
  7,189924716949e-01;  1,070284366608e+01
  7,177246809006e-01;  1,081362056732e+01
  7,300823330879e-01;  1,417880153656e+01
  7,431365251541e-01;  1,648254776001e+01
  7,596737146378e-01;  1,917348289490e+01
  7,769214510918e-01;  2,196354484558e+01
  7,923371791840e-01;  2,470953750610e+01
  8,058162927628e-01;  2,726398277283e+01
  8,181461095810e-01;  2,956389045715e+01
  8,291383981705e-01;  3,165001678467e+01
  8,436624407768e-01;  3,443214416504e+01
  8,561384677887e-01;  3,683573150635e+01
  8,666431307793e-01;  3,890005493164e+01
  8,779280185699e-01;  4,118737411499e+01
  8,889899849892e-01;  4,343210220337e+01
  8,994041085243e-01;  4,559406280518e+01
  9,088499546051e-01;  4,752679061890e+01
  9,141789078712e-01;  4,858539962769e+01
  9,173275232315e-01;  4,913227462769e+01
  9,192292690277e-01;  4,927542877197e+01
  9,194034337997e-01;  4,907836151123e+01
  9,063143730164e-01;  4,382643890381e+01
  8,933228254318e-01;  4,061846923828e+01
  8,781579136848e-01;  3,712863922119e+01
  8,630557060242e-01;  3,385004425049e+01
  8,501477241516e-01;  3,100484848022e+01
  8,388489484787e-01;  2,863946342468e+01
  8,286716341972e-01;  2,668797874451e+01
  8,158333897591e-01;  2,430075836182e+01
  8,045972585678e-01;  2,240301322937e+01
  7,923162579536e-01;  2,038259506226e+01
  7,819718122482e-01;  1,878643035889e+01
  7,708123326302e-01;  1,720185089111e+01
  7,606698870659e-01;  1,575894737244e+01
  7,496079206467e-01;  1,427928447723e+01
  7,396674752235e-01;  1,305158901215e+01
  7,329592704773e-01;  1,224360275269e+01
  7,278601527214e-01;  1,164087581635e+01
  7,240079641342e-01;  1,121175289154e+01
  7,211728096008e-01;  1,091628932953e+01
  7,190482020378e-01;  1,070763683319e+01
  7,177734375000e-01;  1,076117229462e+01
  7,284313440323e-01;  1,387189292908e+01
  7,410327792168e-01;  1,609212684631e+01
  7,569431066513e-01;  1,874677085876e+01
  7,745530605316e-01;  2,153243064880e+01
  7,901219725609e-01;  2,428801727295e+01
  8,038867712021e-01;  2,688225173950e+01
  8,163558244705e-01;  2,921795463562e+01
  8,275362253189e-01;  3,133281517029e+01
  8,376229405403e-01;  3,325646972656e+01
  8,510324358940e-01;  3,582379913330e+01
  8,623869419098e-01;  3,803614807129e+01
  8,745146989822e-01;  4,049104309082e+01
  8,864265084267e-01;  4,289621734619e+01
  8,966386318207e-01;  4,498017501831e+01
  9,071015119553e-01;  4,715731430054e+01
  9,132872819901e-01;  4,838909149170e+01
  9,168608188629e-01;  4,903337097168e+01
  9,189506173134e-01;  4,935224914551e+01
  9,194382429123e-01;  4,909977722168e+01
  9,069900512695e-01;  4,396901702881e+01
  8,941099643707e-01;  4,078799057007e+01
  8,790495395660e-01;  3,730146789551e+01
  8,638428449631e-01;  3,400482559204e+01
  8,508304357529e-01;  3,113492965698e+01
  8,394688963890e-01;  2,874469375610e+01
  8,292637467384e-01;  2,678063011169e+01
  8,163418769836e-01;  2,437712287903e+01
  8,050709366798e-01;  2,246590805054e+01
  7,926854491234e-01;  2,043357276917e+01
  7,823061943054e-01;  1,882550430298e+01
  7,710700631142e-01;  1,722664642334e+01
  7,609694004059e-01;  1,577456665039e+01
  7,498726248741e-01;  1,429313278198e+01
  7,398555874825e-01;  1,305553531647e+01
  7,331333756447e-01;  1,225685501099e+01
  7,280343174934e-01;  1,165157222748e+01
  7,241612076759e-01;  1,121948623657e+01
  7,213260531425e-01;  1,092018222809e+01
  7,191805839539e-01;  1,070712947845e+01
  7,179127335548e-01;  1,073652839661e+01
  7,331612706184e-01;  1,469351577759e+01
  7,469677925110e-01;  1,711611366272e+01
  7,643618583679e-01;  1,985845184326e+01
  7,809617519379e-01;  2,264530372620e+01
  7,960082292557e-01;  2,536366844177e+01
  8,090345859528e-01;  2,785018920898e+01
  8,211135864258e-01;  3,009730911255e+01
  8,318203091621e-01;  3,213212966919e+01
  8,460308313370e-01;  3,485443878174e+01
  8,582073450089e-01;  3,720322036743e+01
  8,683149814606e-01;  3,921467208862e+01
  8,793072700500e-01;  4,143576431274e+01
  8,900348544121e-01;  4,361258697510e+01
  9,000867605209e-01;  4,571347427368e+01
  9,093166589737e-01;  4,758791732788e+01
  9,145969152451e-01;  4,861251449585e+01
  9,176270961761e-01;  4,915198898315e+01
  9,195079207420e-01;  4,910222625732e+01
  9,070248603821e-01;  4,396951293945e+01
  8,941239118576e-01;  4,078847122192e+01
  8,790634870529e-01;  3,730008697510e+01
  8,638567924500e-01;  3,400215148926e+01
  8,508791923523e-01;  3,113504981995e+01
  8,395037651062e-01;  2,874522399902e+01
  8,292846679688e-01;  2,677748298645e+01
  8,163558244705e-01;  2,437221145630e+01
  8,050709366798e-01;  2,245857620239e+01
  7,926993966103e-01;  2,042666816711e+01
  7,823410034180e-01;  1,881775665283e+01
  7,710909843445e-01;  1,721510887146e+01
  7,609694004059e-01;  1,576531219482e+01
  7,498726248741e-01;  1,428800964355e+01
  7,398903965950e-01;  1,304422378540e+01
  7,332727313042e-01;  1,225675010681e+01
  7,281178832054e-01;  1,165116310120e+01
  7,242518067360e-01;  1,121898746490e+01
  7,213957309723e-01;  1,091466712952e+01
  7,192571759224e-01;  1,070393753052e+01
  7,179824113846e-01;  1,079279232025e+01
  7,298175692558e-01;  1,407068634033e+01
  7,427185773849e-01;  1,634770584106e+01
  7,590328454971e-01;  1,902996253967e+01
  7,764129638672e-01;  2,182042312622e+01
  7,918635010719e-01;  2,457227516174e+01
  8,054192662239e-01;  2,714059638977e+01
  8,177838325500e-01;  2,945466613770e+01
  8,288249373436e-01;  3,155075263977e+01
  8,434743285179e-01;  3,434650039673e+01
  8,559991717339e-01;  3,676425552368e+01
  8,665386438370e-01;  3,883771133423e+01
  8,778932094574e-01;  4,113496017456e+01
  8,889899849892e-01;  4,338935852051e+01
  8,994807600975e-01;  4,557009887695e+01
  9,089544415474e-01;  4,750551605225e+01
  9,143809676170e-01;  4,858119201660e+01
  9,175016880035e-01;  4,912639236450e+01
  9,194382429123e-01;  4,924465179443e+01
  9,195566773415e-01;  4,901718902588e+01
  9,053530693054e-01;  4,352751541138e+01
  8,920689225197e-01;  4,026879119873e+01
  8,766811490059e-01;  3,678115844727e+01
  8,618714809418e-01;  3,353884124756e+01
  8,491585850716e-01;  3,074374389648e+01
  8,379781842232e-01;  2,842874908447e+01
  8,279750943184e-01;  2,651576805115e+01
  8,152760863304e-01;  2,416694641113e+01
  8,041305541992e-01;  2,229178428650e+01
  7,919888496399e-01;  2,029490852356e+01
  7,816792130470e-01;  1,871373367310e+01
  7,706033587456e-01;  1,713382911682e+01
  7,591025233269e-01;  1,549472045898e+01
  7,484794259071e-01;  1,409792900085e+01
  7,389848232269e-01;  1,293343162537e+01
  7,325761318207e-01;  1,216787338257e+01
  7,276302576065e-01;  1,158789062500e+01
  7,239243984222e-01;  1,117099380493e+01
  7,211519479752e-01;  1,088571071625e+01
  7,190969586372e-01;  1,068354225159e+01
  7,179824113846e-01;  1,079515647888e+01
  7,298384904861e-01;  1,406984615326e+01
  7,426837682724e-01;  1,634384727478e+01
  7,590467929840e-01;  1,902635765076e+01
  7,764129638672e-01;  2,181486129761e+01
  7,918635010719e-01;  2,456565666199e+01
  8,054192662239e-01;  2,713610649109e+01
  8,177977800369e-01;  2,944907188416e+01
  8,288109898567e-01;  3,154479789734e+01
  8,388210535049e-01;  3,345354843140e+01
  8,520773053169e-01;  3,599437713623e+01
  8,633134365082e-01;  3,818231201172e+01
  8,752809762955e-01;  4,060468292236e+01
  8,870395421982e-01;  4,298051071167e+01
  8,970705270767e-01;  4,503268051147e+01
  9,074846506119e-01;  4,719783782959e+01
  9,136216640472e-01;  4,840899276733e+01
  9,170697927475e-01;  4,904660415649e+01
  9,191595911980e-01;  4,935561370850e+01
  9,195079207420e-01;  4,920983886719e+01
  9,041548967361e-01;  4,322748184204e+01
  8,906618356705e-01;  3,992426681519e+01
  8,751625418663e-01;  3,644528961182e+01
  8,605827689171e-01;  3,324401855469e+01
  8,479883074760e-01;  3,049357604980e+01
  8,369681239128e-01;  2,821930885315e+01
  8,226252198219e-01;  2,550458908081e+01
  8,107342720032e-01;  2,336030960083e+01
  8,001251220703e-01;  2,163846778870e+01
  7,888402342796e-01;  1,978232574463e+01
  7,766776680946e-01;  1,796751213074e+01
  7,651350498199e-01;  1,632634925842e+01
  7,545607089996e-01;  1,488957118988e+01
  7,439863681793e-01;  1,353524780273e+01
  7,361357212067e-01;  1,257594871521e+01
  7,303818464279e-01;  1,189407157898e+01
  7,260280847549e-01;  1,139251422882e+01
  7,227401733398e-01;  1,103689193726e+01
  7,203159928322e-01;  1,079331016541e+01
  7,184212803841e-01;  1,066538619995e+01
  7,182262539864e-01;  1,075442504883e+01
  7,283408045769e-01;  1,378505325317e+01
  7,407680749893e-01;  1,597876739502e+01
  7,565042376518e-01;  1,861979293823e+01
  7,742047309875e-01;  2,140670585632e+01
  7,898224592209e-01;  2,417214965820e+01
  8,036777377129e-01;  2,678099822998e+01
  8,161956071854e-01;  2,912964820862e+01
  8,273968696594e-01;  3,125668907166e+01
  8,375741839409e-01;  3,319144821167e+01
  8,510184884071e-01;  3,577254867554e+01
  8,624218106270e-01;  3,799360656738e+01
  8,745983242989e-01;  4,045427703857e+01
  8,865309953690e-01;  4,286308288574e+01
  8,967779278755e-01;  4,495859909058e+01
  9,073174595833e-01;  4,714934539795e+01
  9,135171771049e-01;  4,838792419434e+01
  9,170349836349e-01;  4,903033447266e+01
  9,191595911980e-01;  4,935257339478e+01
  9,196262955666e-01;  4,907318496704e+01
  9,066069126129e-01;  4,382704925537e+01
  8,935875296593e-01;  4,061884689331e+01
  8,784365653992e-01;  3,712873077393e+01
  8,633342981339e-01;  3,384649276733e+01
  8,504263758659e-01;  3,099695205688e+01
  8,391206264496e-01;  2,863053321838e+01
  8,289642333984e-01;  2,667957305908e+01
  8,161120414734e-01;  2,429143714905e+01
  8,049107193947e-01;  2,239441299438e+01
  7,926158308983e-01;  2,037546157837e+01
  7,822643518448e-01;  1,877947235107e+01
  7,711048722267e-01;  1,719129371643e+01
  7,610042691231e-01;  1,574472999573e+01
  7,499771118164e-01;  1,427630996704e+01
  7,400158047676e-01;  1,303404426575e+01
  7,333632707596e-01;  1,224103546143e+01
  7,282781004906e-01;  1,163713741302e+01
  7,244816422462e-01;  1,121057415009e+01
  7,216256260872e-01;  1,091076183319e+01
  7,194800972939e-01;  1,069606685638e+01
  7,182053327560e-01;  1,085247993469e+01
  7,318098545074e-01;  1,438590049744e+01
  7,451218366623e-01;  1,674035453796e+01
  7,620769739151e-01;  1,945608901978e+01
  7,790112495422e-01;  2,224749946594e+01
  7,943224906921e-01;  2,498647689819e+01
  8,075926303864e-01;  2,751353073120e+01
  8,198388218880e-01;  2,979253578186e+01
  8,307057023048e-01;  3,185647201538e+01
  8,451461791992e-01;  3,461827468872e+01
  8,574759364128e-01;  3,700384521484e+01
  8,677716255188e-01;  3,904764175415e+01
  8,789241909981e-01;  4,130419540405e+01
  8,898258805275e-01;  4,351321029663e+01
  9,000310301781e-01;  4,565126800537e+01
  9,094072580338e-01;  4,756474304199e+01
  9,147152900696e-01;  4,860031890869e+01
  9,177803397179e-01;  4,913902664185e+01
  9,196820259094e-01;  4,914545822144e+01
  9,084041714668e-01;  4,424842453003e+01
  8,957470059395e-01;  4,111960220337e+01
  8,809443116188e-01;  3,764156341553e+01
  8,654937744141e-01;  3,430594635010e+01
  8,523768782616e-01;  3,138818550110e+01
  8,408481478691e-01;  2,895068740845e+01
  8,304828405380e-01;  2,694596672058e+01
  8,173798322678e-01;  2,449947166443e+01
  8,060601353645e-01;  2,256001853943e+01
  7,935214042664e-01;  2,050816535950e+01
  7,831072807312e-01;  1,888647842407e+01
  7,717666625977e-01;  1,727215385437e+01
  7,615963220596e-01;  1,580944728851e+01
  7,504299283028e-01;  1,431731891632e+01
  7,403780221939e-01;  1,305937194824e+01
  7,336558699608e-01;  1,225898647308e+01
  7,285428047180e-01;  1,165882587433e+01
  7,247045636177e-01;  1,121891880035e+01
  7,217997908592e-01;  1,091280937195e+01
  7,196890711784e-01;  1,070179080963e+01
  7,184143066406e-01;  1,083632659912e+01
  7,313709855080e-01;  1,428359031677e+01
  7,445784807205e-01;  1,660915756226e+01
  7,613455653191e-01;  1,931474113464e+01
  7,783843278885e-01;  2,210499954224e+01
  7,937651872635e-01;  2,485003089905e+01
  8,071398735046e-01;  2,739661788940e+01
  8,194417357445e-01;  2,969277954102e+01
  8,303713798523e-01;  3,177223014832e+01
  8,448675274849e-01;  3,454911041260e+01
  8,572182059288e-01;  3,694093704224e+01
  8,675835728645e-01;  3,899275588989e+01
  8,787987828255e-01;  4,126072311401e+01
  8,897353410721e-01;  4,348214340210e+01
  9,000171422958e-01;  4,563260650635e+01
  9,094211459160e-01;  4,754649353027e+01
  9,147501587868e-01;  4,859498977661e+01
  9,178500175476e-01;  4,913694000244e+01
  9,197307825089e-01;  4,921006393433e+01
  9,043987393379e-01;  4,322187805176e+01
  8,909195661545e-01;  3,991759490967e+01
  8,753715157509e-01;  3,643547058105e+01
  8,608126640320e-01;  3,323511505127e+01
  8,482320904732e-01;  3,048623085022e+01
  8,371910452843e-01;  2,821358108521e+01
  8,228690028191e-01;  2,550094032288e+01
  8,109781146049e-01;  2,335727882385e+01
  8,003480434418e-01;  2,163217926025e+01
  7,890422940254e-01;  1,977372741699e+01
  7,768866419792e-01;  1,795911026001e+01
  7,653579711914e-01;  1,631823348999e+01
  7,548045516014e-01;  1,488325881958e+01
  7,442440986633e-01;  1,352163505554e+01
  7,364283204079e-01;  1,256660270691e+01
  7,307162284851e-01;  1,189231300354e+01
  7,263764142990e-01;  1,139121818542e+01
  7,230675816536e-01;  1,102946090698e+01
  7,206643223763e-01;  1,079255580902e+01
  7,187834978104e-01;  1,067911529541e+01
  7,185745239258e-01;  1,078504180908e+01
  7,298384904861e-01;  1,398102951050e+01
  7,424956560135e-01;  1,622960853577e+01
  7,586427927017e-01;  1,890168380737e+01
  7,761691808701e-01;  2,169006156921e+01
  7,916893362999e-01;  2,445029067993e+01
  8,053287267685e-01;  2,703538322449e+01
  8,177629709244e-01;  2,935887336731e+01
  8,288388252258e-01;  3,146596908569e+01
  8,388559222221e-01;  3,338488006592e+01
  8,522027134895e-01;  3,593885803223e+01
  8,634527325630e-01;  3,813887405396e+01
  8,754899501801e-01;  4,057477188110e+01
  8,873042464256e-01;  4,296730041504e+01
  8,973352313042e-01;  4,503002166748e+01
  9,077493548393e-01;  4,719200134277e+01
  9,138584733009e-01;  4,841125106812e+01
  9,173484444618e-01;  4,904586791992e+01
  9,194382429123e-01;  4,935641098022e+01
  9,199606776237e-01;  4,904919052124e+01
  9,062934517860e-01;  4,368022537231e+01
  8,931138515472e-01;  4,044544982910e+01
  8,778653144836e-01;  3,695141601563e+01
  8,629163503647e-01;  3,368912506104e+01
  8,500641584396e-01;  3,086673545837e+01
  8,388628959656e-01;  2,852326583862e+01
  8,287761807442e-01;  2,658992767334e+01
  8,159936070442e-01;  2,422373962402e+01
  8,048271536827e-01;  2,233691024780e+01
  7,925601005554e-01;  2,032852745056e+01
  7,823061943054e-01;  1,873942756653e+01
  7,711397409439e-01;  1,715806388855e+01
  7,595901489258e-01;  1,551842308044e+01
  7,489322423935e-01;  1,410301113129e+01
  7,394236922264e-01;  1,292763805389e+01
  7,330288887024e-01;  1,216350269318e+01
  7,281178832054e-01;  1,158921051025e+01
  7,243701815605e-01;  1,116792869568e+01
  7,216395735741e-01;  1,088187408447e+01
  7,195845842361e-01;  1,068041896820e+01
  7,184909582138e-01;  1,081405735016e+01
  7,308834195137e-01;  1,418197154999e+01
  7,439028024673e-01;  1,648532867432e+01
  7,604399919510e-01;  1,918059158325e+01
  7,776668667793e-01;  2,196978950500e+01
  7,930825352669e-01;  2,471816062927e+01
  8,065477609634e-01;  2,727414894104e+01
  8,188635706902e-01;  2,957778358459e+01
  8,298698067665e-01;  3,166287040710e+01
  8,444147706032e-01;  3,445104980469e+01
  8,568698763847e-01;  3,685472869873e+01
  8,673049211502e-01;  3,891675186157e+01
  8,785898089409e-01;  4,120133972168e+01
  8,896169066429e-01;  4,344164657593e+01
  8,999822735786e-01;  4,560138702393e+01
  9,094072580338e-01;  4,753069305420e+01
  9,148058891296e-01;  4,858191680908e+01
  9,179405570030e-01;  4,913460159302e+01
  9,198561906815e-01;  4,923118591309e+01
  9,199606776237e-01;  4,898701858521e+01
  9,051092267036e-01;  4,337866210938e+01
  8,917276263237e-01;  4,009759902954e+01
  8,762422800064e-01;  3,661126708984e+01
  8,615788817406e-01;  3,339082336426e+01
  8,489286899567e-01;  3,061591911316e+01
  8,378179669380e-01;  2,831791496277e+01
  8,233984112740e-01;  2,557895278931e+01
  8,114100098610e-01;  2,341668510437e+01
  8,007729649544e-01;  2,168388938904e+01
  7,894462943077e-01;  1,981666755676e+01
  7,772210240364e-01;  1,798986244202e+01
  7,656017541885e-01;  1,633720016479e+01
  7,550274133682e-01;  1,489475631714e+01
  7,444739937782e-01;  1,354003810883e+01
  7,365676164627e-01;  1,257860183716e+01
  7,308207154274e-01;  1,189259338379e+01
  7,265157103539e-01;  1,139249515533e+01
  7,232068777084e-01;  1,103079319000e+01
  7,208036184311e-01;  1,079298591614e+01
  7,189089059830e-01;  1,065254497528e+01
  7,186093330383e-01;  1,088939857483e+01
  7,333562970161e-01;  1,459096813202e+01
  7,469677925110e-01;  1,699641036987e+01
  7,642364501953e-01;  1,973166084290e+01
  7,809617519379e-01;  2,252095031738e+01
  7,960779070854e-01;  2,524490356445e+01
  8,091808557510e-01;  2,774755668640e+01
  8,213155865669e-01;  3,000602912903e+01
  8,320153355598e-01;  3,205237960815e+01
  8,463652133942e-01;  3,478891754150e+01
  8,585069179535e-01;  3,714772033691e+01
  8,686423897743e-01;  3,916620254517e+01
  8,796904087067e-01;  4,140118789673e+01
  8,904876708984e-01;  4,358917999268e+01
  9,005256295204e-01;  4,569819259644e+01
  9,098252058029e-01;  4,757894515991e+01
  9,150844812393e-01;  4,861335372925e+01
  9,181495308876e-01;  4,915528106689e+01
  9,199954867363e-01;  4,912744903564e+01
  9,081394076347e-01;  4,411714935303e+01
  8,953638672829e-01;  4,096358871460e+01
  8,804427385330e-01;  3,747777938843e+01
  8,650966882706e-01;  3,416067886353e+01
  8,520633578300e-01;  3,126625633240e+01
  8,406391739845e-01;  2,885103416443e+01
  8,303295373917e-01;  2,686619377136e+01
  8,172962069511e-01;  2,444125175476e+01
  8,060253262520e-01;  2,251585388184e+01
  7,935214042664e-01;  2,047371101379e+01
  7,831211686134e-01;  1,885895919800e+01
  7,718572020531e-01;  1,724623298645e+01
  7,617147564888e-01;  1,578215885162e+01
  7,505901455879e-01;  1,429909324646e+01
  7,405730485916e-01;  1,304571437836e+01
  7,338996529579e-01;  1,224213886261e+01
  7,288354039192e-01;  1,164812946320e+01
  7,250041365623e-01;  1,121589088440e+01
  7,221620082855e-01;  1,091806602478e+01
  7,200374007225e-01;  1,070546245575e+01
  7,187138199806e-01;  1,077900123596e+01
  7,299777865410e-01;  1,397555923462e+01
  7,426488995552e-01;  1,622536277771e+01
  7,588030099869e-01;  1,889752388000e+01
  7,763293981552e-01;  2,168734931946e+01
  7,918286323547e-01;  2,444761276245e+01
  8,054680228233e-01;  2,703311729431e+01
  8,178883194923e-01;  2,935913085938e+01
  8,289990425110e-01;  3,146408081055e+01
  8,390161395073e-01;  3,338043212891e+01
  8,523211479187e-01;  3,593303680420e+01
  8,635920882225e-01;  3,813109588623e+01
  8,755944371223e-01;  4,056936264038e+01
  8,874226212502e-01;  4,296188735962e+01
  8,987075090408e-01;  4,530079269409e+01
  9,086897373199e-01;  4,734669494629e+01
  9,144575595856e-01;  4,849098587036e+01
  9,177663922310e-01;  4,908456802368e+01
  9,197865128517e-01;  4,932072448730e+01
  9,199606776237e-01;  4,920784759521e+01
  9,046077132225e-01;  4,322758483887e+01
  8,911145925522e-01;  3,992361068726e+01
  8,755665421486e-01;  3,643771743774e+01
  8,609867691994e-01;  3,323248672485e+01
  8,484619855881e-01;  3,048013687134e+01
  8,374000191689e-01;  2,820734977722e+01
  8,230779767036e-01;  2,549278640747e+01
  8,111522793770e-01;  2,334781455994e+01
  8,005779385567e-01;  2,163105010986e+01
  7,892930507660e-01;  1,977797508240e+01
  7,770816683769e-01;  1,795792198181e+01
  7,655529975891e-01;  1,631007575989e+01
  7,550274133682e-01;  1,487780570984e+01
  7,445088028908e-01;  1,352427673340e+01
  7,366372942924e-01;  1,256637096405e+01
  7,309252023697e-01;  1,188698863983e+01
  7,265853881836e-01;  1,138671684265e+01
  7,233462333679e-01;  1,102727031708e+01
  7,209429740906e-01;  1,078593444824e+01
  7,190621495247e-01;  1,066042995453e+01
  7,188531756401e-01;  1,074946784973e+01
  7,290025949478e-01;  1,378680038452e+01
  7,413601875305e-01;  1,598339557648e+01
  7,571311593056e-01;  1,862894439697e+01
  7,748107910156e-01;  2,141636085510e+01
  7,904493808746e-01;  2,418211364746e+01
  8,043047189713e-01;  2,678911018372e+01
  8,168225288391e-01;  2,913760375977e+01
  8,279889822006e-01;  3,126501083374e+01
  8,381314277649e-01;  3,320167160034e+01
  8,516245484352e-01;  3,578090667725e+01
  8,629999756813e-01;  3,800369262695e+01
  8,751764893532e-01;  4,046006011963e+01
  8,870882987976e-01;  4,287853240967e+01
  8,972446322441e-01;  4,497101974487e+01
  9,078050851822e-01;  4,716090011597e+01
  9,140048027039e-01;  4,839330291748e+01
  9,175226092339e-01;  4,903950500488e+01
  9,196124076843e-01;  4,935808563232e+01
  9,201348423958e-01;  4,910461044312e+01
  9,076866507530e-01;  4,397556304932e+01
  8,947368860245e-01;  4,079090881348e+01
  8,796904087067e-01;  3,729747772217e+01
  8,644627928734e-01;  3,399409103394e+01
  8,515270352364e-01;  3,112095832825e+01
  8,401376605034e-01;  2,872904014587e+01
  8,299394845963e-01;  2,676289367676e+01
  8,169966936111e-01;  2,435899162292e+01
  8,057327270508e-01;  2,244693946838e+01
  7,933472394943e-01;  2,042131423950e+01
  7,830027937889e-01;  1,881018638611e+01
  7,717527151108e-01;  1,720170021057e+01
  7,616938948631e-01;  1,575726222992e+01
  7,506597638130e-01;  1,428807926178e+01
  7,406566739082e-01;  1,303850460052e+01
  7,339693307877e-01;  1,224045658112e+01
  7,289259433746e-01;  1,164306640625e+01
  7,250877022743e-01;  1,120954990387e+01
  7,222664952278e-01;  1,090998935699e+01
  7,201627492905e-01;  1,069978141785e+01
  7,188531756401e-01;  1,077945899963e+01
  7,300823330879e-01;  1,397661399841e+01
  7,428091168404e-01;  1,622721290588e+01
  7,589632272720e-01;  1,890147781372e+01
  7,764338850975e-01;  2,169566726685e+01
  7,919331192970e-01;  2,445649719238e+01
  8,055725097656e-01;  2,703668975830e+01
  8,180276751518e-01;  2,936050605774e+01
  8,290687203407e-01;  3,146379470825e+01
  8,391345739365e-01;  3,337878036499e+01
  8,524604439735e-01;  3,593350219727e+01
  8,637313842773e-01;  3,813564682007e+01
  8,757894635201e-01;  4,057620239258e+01
  8,875828385353e-01;  4,296834945679e+01
  8,988119959831e-01;  4,530600357056e+01
  9,088290929794e-01;  4,735554504395e+01
  9,145759940147e-01;  4,848992538452e+01
  9,178848266602e-01;  4,908490371704e+01
  9,198909997940e-01;  4,932576751709e+01
  9,200651645660e-01;  4,921053695679e+01
  9,047122001648e-01;  4,322401428223e+01
  8,911842703819e-01;  3,991675186157e+01
  8,756501674652e-01;  3,643144607544e+01
  8,610912561417e-01;  3,322648239136e+01
  8,485664725304e-01;  3,047524833679e+01
  8,375045061111e-01;  2,820223999023e+01
  8,231685757637e-01;  2,548967170715e+01
  8,112497925758e-01;  2,334395599365e+01
  8,006615042686e-01;  2,162054252625e+01
  7,893766164780e-01;  1,976502609253e+01
  7,772349715233e-01;  1,795105552673e+01
  7,656853795052e-01;  1,630619621277e+01
  7,551528215408e-01;  1,487138080597e+01
  7,446481585503e-01;  1,351661109924e+01
  7,368114590645e-01;  1,255991077423e+01
  7,311202287674e-01;  1,189642906189e+01
  7,267804145813e-01;  1,139106750488e+01
  7,234855294228e-01;  1,103227615356e+01
  7,210822701454e-01;  1,078187179565e+01
  7,192014455795e-01;  1,065398693085e+01
  7,190133929253e-01;  1,073513698578e+01
  7,343176007271e-01;  1,470025920868e+01
  7,480614781380e-01;  1,712891960144e+01
  7,654903531075e-01;  1,987458419800e+01
  7,820553779602e-01;  2,266546630859e+01
  7,971088290215e-01;  2,538728713989e+01
  8,101352453232e-01;  2,787812614441e+01
  8,221863508224e-01;  3,012832069397e+01
  8,329348564148e-01;  3,216542434692e+01
  8,471314907074e-01;  3,488764190674e+01
  8,592174649239e-01;  3,723647308350e+01
  8,692762851715e-01;  3,924571609497e+01
  8,802616000175e-01;  4,147032928467e+01
  8,909404873848e-01;  4,364207458496e+01
  9,020023941994e-01;  4,597263717651e+01
  9,108143448830e-01;  4,775305175781e+01
  9,157114624977e-01;  4,869924163818e+01
  9,185674786568e-01;  4,919232559204e+01
  9,201557040215e-01;  4,904425811768e+01
  9,065442085266e-01;  4,367003631592e+01
  8,933785557747e-01;  4,043343353271e+01
  8,781300187111e-01;  3,694374465942e+01
  8,631601929665e-01;  3,367897796631e+01
  8,503776192665e-01;  3,085417175293e+01
  8,391414880753e-01;  2,851404190063e+01
  8,290547728539e-01;  2,658678817749e+01
  8,162722587585e-01;  2,421745300293e+01
  8,051058053970e-01;  2,233233833313e+01
  7,928596138954e-01;  2,032581138611e+01
  7,825987339020e-01;  1,873531913757e+01
  7,714392542839e-01;  1,714655876160e+01
  7,599384188652e-01;  1,551019668579e+01
  7,492944598198e-01;  1,409943294525e+01
  7,398067712784e-01;  1,291872119904e+01
  7,334120273590e-01;  1,215887451172e+01
  7,284870743752e-01;  1,158010101318e+01
  7,248090505600e-01;  1,116593456268e+01
  7,220783829689e-01;  1,087922191620e+01
  7,200374007225e-01;  1,067210197449e+01
  7,191318273544e-01;  1,073697662354e+01
  7,344151139259e-01;  1,471173477173e+01
  7,481520175934e-01;  1,714021110535e+01
  7,656157016754e-01;  1,988327217102e+01
  7,821459770203e-01;  2,267242050171e+01
  7,971924543381e-01;  2,539088058472e+01
  8,102048635483e-01;  2,787594795227e+01
  8,222420811653e-01;  3,012397575378e+01
  8,329348564148e-01;  3,216046142578e+01
  8,471802473068e-01;  3,488283538818e+01
  8,593080043793e-01;  3,723339080811e+01
  8,693599104881e-01;  3,924747848511e+01
  8,803173303604e-01;  4,147153091431e+01
  8,909613490105e-01;  4,364573287964e+01
  9,020511507988e-01;  4,596759414673e+01
  9,108631014824e-01;  4,774554824829e+01
  9,157602190971e-01;  4,869549560547e+01
  9,186023473740e-01;  4,918436050415e+01
  9,202393293381e-01;  4,910099792480e+01
  9,078259468079e-01;  4,397275543213e+01
  8,949110507965e-01;  4,079148483276e+01
  8,798854947090e-01;  3,730228805542e+01
  8,646578788757e-01;  3,399705886841e+01
  8,517011404037e-01;  3,112403106689e+01
  8,403048515320e-01;  2,873294639587e+01
  8,300997018814e-01;  2,676494216919e+01
  8,171638846397e-01;  2,436279296875e+01
  8,059207797050e-01;  2,244748306274e+01
  7,934865355492e-01;  2,041830253601e+01
  7,831560373306e-01;  1,880973434448e+01
  7,719408273697e-01;  1,720449256897e+01
  7,618401646614e-01;  1,575116157532e+01
  7,508339285851e-01;  1,428503799438e+01
  7,408307790756e-01;  1,303094768524e+01
  7,341643571854e-01;  1,223459625244e+01
  7,291279435158e-01;  1,164264297485e+01
  7,252966761589e-01;  1,120291996002e+01
  7,225102782249e-01;  1,090908622742e+01
  7,203717231750e-01;  1,069125843048e+01
  7,192920446396e-01;  1,074494647980e+01
  7,345892786980e-01;  1,472045898438e+01
  7,483401298523e-01;  1,714750289917e+01
  7,657550573349e-01;  1,989159965515e+01
  7,823200821877e-01;  2,268323707581e+01
  7,973178625107e-01;  2,540251159668e+01
  8,103442192078e-01;  2,788918685913e+01
  8,223813772202e-01;  3,013795852661e+01
  8,330602049828e-01;  3,217324066162e+01
  8,473056554794e-01;  3,489312362671e+01
  8,594124913216e-01;  3,723938369751e+01
  8,694295287132e-01;  3,924617004395e+01
  8,804357647896e-01;  4,147000503540e+01
  8,910797834396e-01;  4,364491653442e+01
  9,021417498589e-01;  4,597270965576e+01
  9,109537005424e-01;  4,774687194824e+01
  9,158855676651e-01;  4,869535446167e+01
  9,187068343163e-01;  4,919169235229e+01
  9,201696515083e-01;  4,918543624878e+01
  9,100481271744e-01;  4,453346633911e+01
  8,976765275002e-01;  4,146450424194e+01
  8,830549716949e-01;  3,799578475952e+01
  8,674651384354e-01;  3,462514114380e+01
  8,541531562805e-01;  3,165596771240e+01
  8,424642682076e-01;  2,916890335083e+01
  8,319944143295e-01;  2,712560081482e+01
  8,187451362610e-01;  2,464305305481e+01
  8,073348999023e-01;  2,267108917236e+01
  7,945802211761e-01;  2,059164810181e+01
  7,841312289238e-01;  1,894813346863e+01
  7,727627754211e-01;  1,731337928772e+01
  7,624810338020e-01;  1,583604621887e+01
  7,513355016708e-01;  1,434494686127e+01
  7,411512136459e-01;  1,306183719635e+01
  7,344430088997e-01;  1,226004886627e+01
  7,293369174004e-01;  1,166434001923e+01
  7,255056500435e-01;  1,122532272339e+01
  7,226008772850e-01;  1,091415214539e+01
  7,205249667168e-01;  1,070114040375e+01
  7,192363142967e-01;  1,083306789398e+01
  7,322069406509e-01;  1,428998374939e+01
  7,453168630600e-01;  1,662234306335e+01
  7,621257901192e-01;  1,933390235901e+01
  7,791506052017e-01;  2,212776184082e+01
  7,945453524590e-01;  2,487585449219e+01
  8,078712821007e-01;  2,741590309143e+01
  8,201870918274e-01;  2,970459365845e+01
  8,310540318489e-01;  3,178013610840e+01
  8,455850481987e-01;  3,455127334595e+01
  8,579496145248e-01;  3,694895172119e+01
  8,682801723480e-01;  3,900273132324e+01
  8,794814348221e-01;  4,127256774902e+01
  8,903971314430e-01;  4,349361419678e+01
  9,006091952324e-01;  4,564477539063e+01
  9,100620150566e-01;  4,755733871460e+01
  9,153631329536e-01;  4,859010314941e+01
  9,184281826019e-01;  4,913796997070e+01
  9,203228950500e-01;  4,912252807617e+01
  9,084877371788e-01;  4,411064147949e+01
  8,957330584526e-01;  4,095615768433e+01
  8,807701468468e-01;  3,747113037109e+01
  8,654937744141e-01;  3,415506744385e+01
  8,524116873741e-01;  3,125799369812e+01
  8,409526944160e-01;  2,884061622620e+01
  8,306918144226e-01;  2,685357093811e+01
  8,176654577255e-01;  2,442964363098e+01
  8,063945174217e-01;  2,250090599060e+01
  7,939044833183e-01;  2,045844650269e+01
  7,835252285004e-01;  1,884274482727e+01
  7,722890973091e-01;  1,723607063293e+01
  7,621536254883e-01;  1,577739048004e+01
  7,510707974434e-01;  1,430198192596e+01
  7,410049438477e-01;  1,304373455048e+01
  7,343524694443e-01;  1,225020790100e+01
  7,292812466621e-01;  1,165456104279e+01
  7,254568934441e-01;  1,121233081818e+01
  7,226147651672e-01;  1,090418815613e+01
  7,205249667168e-01;  1,069646835327e+01
  7,194104194641e-01;  1,074140357971e+01
  7,346589565277e-01;  1,470951938629e+01
  7,483958601952e-01;  1,713663864136e+01
  7,658386230469e-01;  1,988238716125e+01
  7,823549509048e-01;  2,267589187622e+01
  7,974362373352e-01;  2,539601516724e+01
  8,104487061501e-01;  2,788470268250e+01
  8,224858641624e-01;  3,013404273987e+01
  8,331995606422e-01;  3,216984939575e+01
  8,474310040474e-01;  3,489051055908e+01
  8,594960570335e-01;  3,724402236938e+01
  8,695688843727e-01;  3,925793075562e+01
  8,805054426193e-01;  4,148044967651e+01
  8,911703228951e-01;  4,364696502686e+01
  9,022253155708e-01;  4,597320175171e+01
  9,110233187675e-01;  4,774571228027e+01
  9,159134626389e-01;  4,869094085693e+01
  9,187764525414e-01;  4,919268798828e+01
  9,204134941101e-01;  4,910604858398e+01
  9,079861640930e-01;  4,397202682495e+01
  8,950642943382e-01;  4,078456497192e+01
  8,800038695335e-01;  3,729496002197e+01
  8,648319840431e-01;  3,399378204346e+01
  8,518404960632e-01;  3,112359619141e+01
  8,405138254166e-01;  2,873341178894e+01
  8,302599191666e-01;  2,676764488220e+01
  8,173310756683e-01;  2,436523437500e+01
  8,061158657074e-01;  2,244905090332e+01
  7,936607003212e-01;  2,041721343994e+01
  7,833858728409e-01;  1,880703353882e+01
  7,721846103668e-01;  1,720756912231e+01
  7,620491385460e-01;  1,575974750519e+01
  7,510219812393e-01;  1,429457664490e+01
  7,409771084785e-01;  1,304026794434e+01
  7,343385219574e-01;  1,223716449738e+01
  7,292672991753e-01;  1,164409351349e+01
  7,254568934441e-01;  1,120622634888e+01
  7,226356863976e-01;  1,090731334686e+01
  7,205249667168e-01;  1,069659900665e+01
  7,193408012390e-01;  1,089153957367e+01
  7,340668439865e-01;  1,459868907928e+01
  7,476295828819e-01;  1,700338745117e+01
  7,649330496788e-01;  1,974024200439e+01
  7,815886735916e-01;  2,253038597107e+01
  7,967048287392e-01;  2,525790023804e+01
  8,098217248917e-01;  2,775932121277e+01
  8,219286203384e-01;  3,001886749268e+01
  8,326701521873e-01;  3,206383514404e+01
  8,469782471657e-01;  3,479557037354e+01
  8,590990304947e-01;  3,715465164185e+01
  8,692205548286e-01;  3,917214965820e+01
  8,802477121353e-01;  4,141001892090e+01
  8,910101056099e-01;  4,359882354736e+01
  9,021556973457e-01;  4,594103240967e+01
  9,110233187675e-01;  4,773705291748e+01
  9,159552454948e-01;  4,868188858032e+01
  9,187764525414e-01;  4,917837142944e+01
  9,204483032227e-01;  4,907231903076e+01
  9,074637293816e-01;  4,383283615112e+01
  8,944025635719e-01;  4,062670135498e+01
  8,792724609375e-01;  3,713705444336e+01
  8,641702532768e-01;  3,385108566284e+01
  8,513180017471e-01;  3,100002098083e+01
  8,400261998177e-01;  2,863149070740e+01
  8,298419713974e-01;  2,667861366272e+01
  8,169827461243e-01;  2,429115104675e+01
  8,058232665062e-01;  2,238896751404e+01
  7,934377789497e-01;  2,037035369873e+01
  7,831699252129e-01;  1,876628494263e+01
  7,720104455948e-01;  1,716963768005e+01
  7,619446516037e-01;  1,573148632050e+01
  7,509871721268e-01;  1,427124309540e+01
  7,409771084785e-01;  1,302174377441e+01
  7,343385219574e-01;  1,223079204559e+01
  7,293369174004e-01;  1,163993453979e+01
  7,255056500435e-01;  1,119815158844e+01
  7,227192521095e-01;  1,090158176422e+01
  7,206295132637e-01;  1,069631958008e+01
  7,193408012390e-01;  1,081226062775e+01
  7,317332625389e-01;  1,417809581757e+01
  7,446829676628e-01;  1,647866630554e+01
  7,613107562065e-01;  1,917527580261e+01
  7,785027623177e-01;  2,196552467346e+01
  7,939393520355e-01;  2,471681785583e+01
  8,073697090149e-01;  2,727262306213e+01
  8,197551965714e-01;  2,957963180542e+01
  8,306708931923e-01;  3,166907310486e+01
  8,452715873718e-01;  3,445886611938e+01
  8,576709628105e-01;  3,687065505981e+01
  8,680850863457e-01;  3,893612289429e+01
  8,793560266495e-01;  4,121815490723e+01
  8,903483748436e-01;  4,345293807983e+01
  9,006091952324e-01;  4,561225128174e+01
  9,101177453995e-01;  4,754884338379e+01
  9,154328107834e-01;  4,858319091797e+01
  9,185117483139e-01;  4,912855529785e+01
  9,204134941101e-01;  4,926460266113e+01
  9,205875992775e-01;  4,905538940430e+01
  9,070109724998e-01;  4,369086074829e+01
  8,937965035439e-01;  4,045336151123e+01
  8,785619139671e-01;  3,695872497559e+01
  8,636129498482e-01;  3,369069290161e+01
  8,507955670357e-01;  3,086485862732e+01
  8,395803570747e-01;  2,852124786377e+01
  8,294936418533e-01;  2,658786964417e+01
  8,166692852974e-01;  2,422007751465e+01
  8,055725097656e-01;  2,233207130432e+01
  7,932775616646e-01;  2,032210922241e+01
  7,830376029015e-01;  1,873024368286e+01
  7,719268798828e-01;  1,714521789551e+01
  7,619098424911e-01;  1,570940876007e+01
  7,509871721268e-01;  1,425253105164e+01
  7,410049438477e-01;  1,301482486725e+01
  7,344081997871e-01;  1,222552013397e+01
  7,294065952301e-01;  1,163891124725e+01
  7,255962491035e-01;  1,119903182983e+01
  7,227889299393e-01;  1,089776992798e+01
  7,206991314888e-01;  1,068300437927e+01
  7,196193933487e-01;  1,081238555908e+01
  7,320467233658e-01;  1,418694210052e+01
  7,449825406075e-01;  1,649154281616e+01
  7,615545392036e-01;  1,919052886963e+01
  7,787117362022e-01;  2,197947692871e+01
  7,941622734070e-01;  2,473001289368e+01
  8,075578212738e-01;  2,728395080566e+01
  8,199223875999e-01;  2,958848571777e+01
  8,309007883072e-01;  3,167635726929e+01
  8,454248309135e-01;  3,446537780762e+01
  8,578590750694e-01;  3,687409973145e+01
  8,682244420052e-01;  3,893964004517e+01
  8,794953823090e-01;  4,122016525269e+01
  8,904737234116e-01;  4,344894790649e+01
  9,007276296616e-01;  4,561071395874e+01
  9,102571010590e-01;  4,754494094849e+01
  9,155372977257e-01;  4,858698272705e+01
  9,186511039734e-01;  4,912723541260e+01
  9,205875992775e-01;  4,921632003784e+01
  9,053043127060e-01;  4,324151611328e+01
  8,917415738106e-01;  3,993557357788e+01
  8,762283325195e-01;  3,644873809814e+01
  8,616485595703e-01;  3,324223327637e+01
  8,491237759590e-01;  3,048720741272e+01
  8,380966186523e-01;  2,821277236938e+01
  8,237397670746e-01;  2,549715232849e+01
  8,118419051170e-01;  2,334945297241e+01
  8,012744784355e-01;  2,162436485291e+01
  7,899826765060e-01;  1,976919937134e+01
  7,778479456902e-01;  1,795109367371e+01
  7,662774920464e-01;  1,630453109741e+01
  7,557797431946e-01;  1,487311363220e+01
  7,453238368034e-01;  1,351864051819e+01
  7,374174594879e-01;  1,256019306183e+01
  7,317610979080e-01;  1,189389038086e+01
  7,274282574654e-01;  1,139136123657e+01
  7,241681814194e-01;  1,102606391907e+01
  7,217997908592e-01;  1,078036022186e+01
  7,198980450630e-01;  1,066096973419e+01
  7,197238802910e-01;  1,075230789185e+01
  7,298594117165e-01;  1,378427219391e+01
  7,421821951866e-01;  1,597664642334e+01
  7,579322457314e-01;  1,862260055542e+01
  7,755631208420e-01;  2,140859603882e+01
  7,912713885307e-01;  2,418081283569e+01
  8,050500750542e-01;  2,679319000244e+01
  8,175748586655e-01;  2,914517974854e+01
  8,287900686264e-01;  3,127267074585e+01
  8,389116525650e-01;  3,321094512939e+01
  8,523420095444e-01;  3,578857421875e+01
  8,637174367905e-01;  3,800959396362e+01
  8,758730888367e-01;  4,047071075439e+01
  8,877709507942e-01;  4,288724136353e+01
  8,978576660156e-01;  4,497039794922e+01
  9,084598422050e-01;  4,717704391479e+01
  9,145969152451e-01;  4,840184020996e+01
  9,180938005447e-01;  4,903318786621e+01
  9,201696515083e-01;  4,935429382324e+01
  9,206433296204e-01;  4,908207702637e+01
  9,077214598656e-01;  4,383741760254e+01
  8,946323990822e-01;  4,062588500977e+01
  8,795023560524e-01;  3,713246154785e+01
  8,644349575043e-01;  3,384692001343e+01
  8,515270352364e-01;  3,099937248230e+01
  8,402560949326e-01;  2,863260269165e+01
  8,300997018814e-01;  2,668214607239e+01
  8,172265887260e-01;  2,429112052917e+01
  8,060461878777e-01;  2,238657760620e+01
  7,936955094337e-01;  2,036529350281e+01
  7,834207415581e-01;  1,876769447327e+01
  7,722751498222e-01;  1,717521286011e+01
  7,622233033180e-01;  1,573116016388e+01
  7,512866854668e-01;  1,426372146606e+01
  7,412905693054e-01;  1,301408576965e+01
  7,346867918968e-01;  1,222886753082e+01
  7,296643257141e-01;  1,164215183258e+01
  7,258260846138e-01;  1,120067119598e+01
  7,230536341667e-01;  1,089717674255e+01
  7,209777832031e-01;  1,068824768066e+01
  7,198980450630e-01;  1,073402690887e+01
  7,351813912392e-01;  1,470383834839e+01
  7,488625645638e-01;  1,713173675537e+01
  7,662914395332e-01;  1,987544631958e+01
  7,828216552734e-01;  2,266607666016e+01
  7,978611588478e-01;  2,538903236389e+01
  8,108666539192e-01;  2,787820434570e+01
  8,228690028191e-01;  3,012884712219e+01
  8,336035609245e-01;  3,216460800171e+01
  8,478280901909e-01;  3,488504028320e+01
  8,598652482033e-01;  3,723400497437e+01
  8,698962926865e-01;  3,924396896362e+01
  8,808746337891e-01;  4,146752166748e+01
  8,914977312088e-01;  4,363426589966e+01
  9,025736451149e-01;  4,595660400391e+01
  9,114064574242e-01;  4,775256729126e+01
  9,162687063217e-01;  4,869375610352e+01
  9,191247820854e-01;  4,918960952759e+01
  9,207617640495e-01;  4,908153533936e+01
  9,078120589256e-01;  4,384062957764e+01
  8,947160243988e-01;  4,063046646118e+01
  8,795719742775e-01;  3,713675308228e+01
  8,645254969597e-01;  3,384782028198e+01
  8,516106009483e-01;  3,099477005005e+01
  8,403605818748e-01;  2,862934494019e+01
  8,302041888237e-01;  2,667649078369e+01
  8,173658847809e-01;  2,428735733032e+01
  8,061855435371e-01;  2,238536071777e+01
  7,938348650932e-01;  2,036723709106e+01
  7,835739850998e-01;  1,877154350281e+01
  7,724284529686e-01;  1,717812728882e+01
  7,623556256294e-01;  1,573507785797e+01
  7,514051198959e-01;  1,426881790161e+01
  7,414228916168e-01;  1,302176380157e+01
  7,348052263260e-01;  1,222676086426e+01
  7,297757863998e-01;  1,164405345917e+01
  7,259584665298e-01;  1,120639324188e+01
  7,231372594833e-01;  1,090369987488e+01
  7,210822701454e-01;  1,069385147095e+01
  7,199886441231e-01;  1,073820972443e+01
  7,352162003517e-01;  1,470414352417e+01
  7,489322423935e-01;  1,713174819946e+01
  7,663610577583e-01;  1,987692070007e+01
  7,829261422157e-01;  2,266546440125e+01
  7,979099154472e-01;  2,538587570190e+01
  8,109363317490e-01;  2,787488365173e+01
  8,229386806488e-01;  3,012298583984e+01
  8,336662650108e-01;  3,215724563599e+01
  8,478838205338e-01;  3,487955093384e+01
  8,599488735199e-01;  3,722802734375e+01
  8,699868321419e-01;  3,923987960815e+01
  8,809443116188e-01;  4,146700286865e+01
  8,916022181511e-01;  4,363767242432e+01
  9,026502370834e-01;  4,596407699585e+01
  9,114900827408e-01;  4,774911117554e+01
  9,163871407509e-01;  4,870025634766e+01
  9,191595911980e-01;  4,919618225098e+01
  9,207965731621e-01;  4,902158355713e+01
  9,066278338432e-01;  4,354094696045e+01
  8,933297991753e-01;  4,028143692017e+01
  8,779698014259e-01;  3,678815460205e+01
  8,631601929665e-01;  3,353974914551e+01
  8,504472970963e-01;  3,073848915100e+01
  8,393156528473e-01;  2,841737174988e+01
  8,292776942253e-01;  2,650111579895e+01
  8,165647983551e-01;  2,414883995056e+01
  8,054680228233e-01;  2,227161979675e+01
  7,932775616646e-01;  2,027523994446e+01
  7,831072807312e-01;  1,869247817993e+01
  7,720453143120e-01;  1,711446189880e+01
  7,606002092361e-01;  1,548091316223e+01
  7,500467896461e-01;  1,408368110657e+01
  7,405382394791e-01;  1,290211963654e+01
  7,341852784157e-01;  1,214462947845e+01
  7,293230295181e-01;  1,157663822174e+01
  7,256658673286e-01;  1,115980243683e+01
  7,229491472244e-01;  1,087030696869e+01
  7,209429740906e-01;  1,066942310333e+01
  7,200374007225e-01;  1,078291416168e+01
  7,312526106834e-01;  1,398236942291e+01
  7,438331246376e-01;  1,623041725159e+01
  7,600777745247e-01;  1,890234756470e+01
  7,774439454079e-01;  2,168800544739e+01
  7,929989099503e-01;  2,445107841492e+01
  8,065686225891e-01;  2,703286170959e+01
  8,190168142319e-01;  2,936036491394e+01
  8,300997018814e-01;  3,146766090393e+01
  8,448187708855e-01;  3,428305816650e+01
  8,573575019836e-01;  3,671497344971e+01
  8,678970336914e-01;  3,880173110962e+01
  8,792654871941e-01;  4,111022186279e+01
  8,903344273567e-01;  4,337148284912e+01
  9,007694125175e-01;  4,556005096436e+01
  9,103963971138e-01;  4,751625061035e+01
  9,157114624977e-01;  4,857256698608e+01
  9,188461303711e-01;  4,912417984009e+01
  9,207965731621e-01;  4,921565246582e+01
  9,055132865906e-01;  4,323677444458e+01
  8,919714093208e-01;  3,993085479736e+01
  8,764721155167e-01;  3,644629287720e+01
  8,619272112846e-01;  3,324049377441e+01
  8,493953943253e-01;  3,048825454712e+01
  8,383752703667e-01;  2,821399307251e+01
  8,240392804146e-01;  2,549740982056e+01
  8,121414184570e-01;  2,334905815125e+01
  8,015670776367e-01;  2,162301445007e+01
  7,902821898460e-01;  1,976655197144e+01
  7,781614065170e-01;  1,795337104797e+01
  7,666118741035e-01;  1,631219291687e+01
  7,561280727386e-01;  1,487840270996e+01
  7,456442713737e-01;  1,352082824707e+01
  7,377030849457e-01;  1,255737781525e+01
  7,320536971092e-01;  1,188267135620e+01
  7,277556657791e-01;  1,138928985596e+01
  7,245095372200e-01;  1,102525711060e+01
  7,221341133118e-01;  1,077801132202e+01
  7,202672362328e-01;  1,065905952454e+01
  7,201070189476e-01;  1,074885082245e+01
  7,302216291428e-01;  1,378239345551e+01
  7,425235509872e-01;  1,597790908813e+01
  7,583014369011e-01;  1,862247657776e+01
  7,758905291557e-01;  2,141035270691e+01
  7,915709018707e-01;  2,418003273010e+01
  8,053495883942e-01;  2,678469467163e+01
  8,178674578667e-01;  2,913468742371e+01
  8,290896415710e-01;  3,126423072815e+01
  8,391903042793e-01;  3,320166397095e+01
  8,526554703712e-01;  3,578315734863e+01
  8,640170097351e-01;  3,800961303711e+01
  8,761516809464e-01;  4,047057342529e+01
  8,880634903908e-01;  4,288395690918e+01
  8,981153964996e-01;  4,496780395508e+01
  9,087802767754e-01;  4,718045043945e+01
  9,148755073547e-01;  4,839500427246e+01
  9,183933138847e-01;  4,903538894653e+01
  9,204483032227e-01;  4,935835266113e+01
  9,209707379341e-01;  4,908007049561e+01
  9,079861640930e-01;  4,383881378174e+01
  8,949110507965e-01;  4,062821578979e+01
  8,797809481621e-01;  3,713429641724e+01
  8,646926879883e-01;  3,384553527832e+01
  8,518404960632e-01;  3,099501609802e+01
  8,405486345291e-01;  2,862755775452e+01
  8,303922414780e-01;  2,667655563354e+01
  8,175052404404e-01;  2,428945732117e+01
  8,063596487045e-01;  2,238467025757e+01
  7,940090298653e-01;  2,036623764038e+01
  7,837620377541e-01;  1,876812171936e+01
  7,725886702538e-01;  1,717557907104e+01
  7,625715732574e-01;  1,573318767548e+01
  7,516140937805e-01;  1,426845932007e+01
  7,416318655014e-01;  1,301300907135e+01
  7,350490689278e-01;  1,222524738312e+01
  7,300544381142e-01;  1,164171409607e+01
  7,262371182442e-01;  1,120235443115e+01
  7,234158515930e-01;  1,089689540863e+01
  7,213609218597e-01;  1,068378353119e+01
  7,202672362328e-01;  1,079934215546e+01
  7,320675849915e-01;  1,409298706055e+01
  7,447735071182e-01;  1,637031745911e+01
  7,612201571465e-01;  1,905650329590e+01
  7,784818410873e-01;  2,184348487854e+01
  7,939741611481e-01;  2,459948730469e+01
  8,074184656143e-01;  2,716736221313e+01
  8,198179006577e-01;  2,948206710815e+01
  8,308450579643e-01;  3,157766151428e+01
  8,454248309135e-01;  3,437922286987e+01
  8,579148054123e-01;  3,679622268677e+01
  8,683637380600e-01;  3,887408447266e+01
  8,796695470810e-01;  4,117126464844e+01
  8,906966447830e-01;  4,341628265381e+01
  9,010062813759e-01;  4,559400939941e+01
  9,105566143990e-01;  4,753309631348e+01
  9,158855676651e-01;  4,857987594604e+01
  9,189645648003e-01;  4,912635421753e+01
  9,209359288216e-01;  4,921572113037e+01
  9,056316614151e-01;  4,324580383301e+01
  8,921037912369e-01;  3,993970870972e+01
  8,765766024590e-01;  3,645250701904e+01
  8,620107769966e-01;  3,324016952515e+01
  8,494859933853e-01;  3,048374366760e+01
  8,385145664215e-01;  2,820929718018e+01
  8,241089582443e-01;  2,549380111694e+01
  8,122459053993e-01;  2,334657669067e+01
  8,016715645790e-01;  2,162018203735e+01
  7,903658151627e-01;  1,976359748840e+01
  7,782798409462e-01;  1,795015907288e+01
  7,667093873024e-01;  1,630783271790e+01
  7,562325596809e-01;  1,487723350525e+01
  7,457836270332e-01;  1,351432704926e+01
  7,378702759743e-01;  1,255747509003e+01
  7,321929931641e-01;  1,188945293427e+01
  7,279089093208e-01;  1,138511276245e+01
  7,246349453926e-01;  1,102153778076e+01
  7,222873568535e-01;  1,077510547638e+01
  7,204274535179e-01;  1,069779014587e+01
  7,202463746071e-01;  1,083395195007e+01
  7,332170009613e-01;  1,429122734070e+01
  7,462921142578e-01;  1,662213516235e+01
  7,630522251129e-01;  1,933253669739e+01
  7,800909876823e-01;  2,212354278564e+01
  7,954370379448e-01;  2,486968231201e+01
  8,087071776390e-01;  2,740799331665e+01
  8,210021257401e-01;  2,970154380798e+01
  8,319456577301e-01;  3,177692031860e+01
  8,464348912239e-01;  3,455199813843e+01
  8,587646484375e-01;  3,694732284546e+01
  8,690463900566e-01;  3,899942016602e+01
  8,802267909050e-01;  4,127281570435e+01
  8,911494612694e-01;  4,349388504028e+01
  9,013057947159e-01;  4,564119338989e+01
  9,107655882835e-01;  4,756411743164e+01
  9,160249233246e-01;  4,859109497070e+01
  9,191038608551e-01;  4,914300918579e+01
  9,209707379341e-01;  4,915177536011e+01
  9,097973108292e-01;  4,426522064209e+01
  8,970983624458e-01;  4,113612365723e+01
  8,823235630989e-01;  3,765316390991e+01
  8,669078946114e-01;  3,431427383423e+01
  8,537909388542e-01;  3,139493942261e+01
  8,422762155533e-01;  2,895218276978e+01
  8,319456577301e-01;  2,694781303406e+01
  8,188844919205e-01;  2,450184631348e+01
  8,075926303864e-01;  2,255263137817e+01
  7,949494123459e-01;  2,049863243103e+01
  7,846537232399e-01;  1,887621307373e+01
  7,734036445618e-01;  1,725803947449e+01
  7,631984949112e-01;  1,579417991638e+01
  7,521504759789e-01;  1,431276416779e+01
  7,420498132706e-01;  1,304440021515e+01
  7,353625297546e-01;  1,224263191223e+01
  7,303818464279e-01;  1,165594196320e+01
  7,264948487282e-01;  1,121557807922e+01
  7,236387729645e-01;  1,090470314026e+01
  7,215698957443e-01;  1,069873905182e+01
  7,204762101173e-01;  1,075956821442e+01
  7,306047677994e-01;  1,380318832397e+01
  7,428439855576e-01;  1,599827480316e+01
  7,586636543274e-01;  1,863930130005e+01
  7,761900424957e-01;  2,142264747620e+01
  7,918635010719e-01;  2,419007110596e+01
  8,056421875954e-01;  2,679571151733e+01
  8,181112408638e-01;  2,914631462097e+01
  8,293473720551e-01;  3,127586174011e+01
  8,394550085068e-01;  3,321388626099e+01
  8,528644442558e-01;  3,579456710815e+01
  8,642190098763e-01;  3,801667404175e+01
  8,763607144356e-01;  4,048177337646e+01
  8,882794380188e-01;  4,289934921265e+01
  8,982895612717e-01;  4,497683334351e+01
  9,089126586914e-01;  4,717357254028e+01
  9,150496721268e-01;  4,839520263672e+01
  9,185674786568e-01;  4,903366470337e+01
  9,206224679947e-01;  4,935443115234e+01
  9,210752248764e-01;  4,901901245117e+01
  9,069552421570e-01;  4,353903198242e+01
  8,936362862587e-01;  4,028226470947e+01
  8,783181309700e-01;  3,679148483276e+01
  8,635433316231e-01;  3,354438018799e+01
  8,508304357529e-01;  3,074283981323e+01
  8,396987915039e-01;  2,842295646667e+01
  8,296608328819e-01;  2,650498390198e+01
  8,169479370117e-01;  2,415379142761e+01
  8,058720231056e-01;  2,227226638794e+01
  7,936607003212e-01;  2,027512931824e+01
  7,835043072701e-01;  1,869463348389e+01
  7,724493145943e-01;  1,711887359619e+01
  7,610390782356e-01;  1,548915958405e+01
  7,504647374153e-01;  1,409365081787e+01
  7,409074306488e-01;  1,290680217743e+01
  7,345474958420e-01;  1,214597320557e+01
  7,297409772873e-01;  1,158101749420e+01
  7,260490059853e-01;  1,116036987305e+01
  7,233462333679e-01;  1,086653995514e+01
  7,213260531425e-01;  1,066823387146e+01
  7,204414010048e-01;  1,078192806244e+01
  7,316287755966e-01;  1,398688316345e+01
  7,442162632942e-01;  1,623565864563e+01
  7,604469656944e-01;  1,890640068054e+01
  7,777713537216e-01;  2,169064903259e+01
  7,933472394943e-01;  2,445279884338e+01
  8,068960309029e-01;  2,703686714172e+01
  8,193511962891e-01;  2,936421775818e+01
  8,304479718208e-01;  3,147141075134e+01
  8,451113700867e-01;  3,429034805298e+01
  8,576709628105e-01;  3,671997833252e+01
  8,681547641754e-01;  3,880797576904e+01
  8,795511126518e-01;  4,111753463745e+01
  8,906269669533e-01;  4,337418746948e+01
  9,010062813759e-01;  4,555823135376e+01
  9,106402397156e-01;  4,751785278320e+01
  9,160249233246e-01;  4,857182693481e+01
  9,191247820854e-01;  4,912998199463e+01
  9,210194945335e-01;  4,921163940430e+01
  9,058058261871e-01;  4,323521041870e+01
  8,922222256660e-01;  3,993165969849e+01
  8,767159581184e-01;  3,644737625122e+01
  8,621709942818e-01;  3,323858642578e+01
  8,496462106705e-01;  3,048582649231e+01
  8,386678099632e-01;  2,821216964722e+01
  8,243179321289e-01;  2,549424362183e+01
  8,124200701714e-01;  2,334592247009e+01
  8,018665909767e-01;  2,161961555481e+01
  7,905956506729e-01;  1,976420211792e+01
  7,785097360611e-01;  1,795049285889e+01
  7,669253349304e-01;  1,630366706848e+01
  7,565460205078e-01;  1,487941837311e+01
  7,460552453995e-01;  1,353160572052e+01
  7,380653023720e-01;  1,255688667297e+01
  7,324228882790e-01;  1,188661479950e+01
  7,281527519226e-01;  1,138998413086e+01
  7,248857021332e-01;  1,103083038330e+01
  7,224615216255e-01;  1,077820968628e+01
  7,206085920334e-01;  1,067439746857e+01
  7,204553484917e-01;  1,078087902069e+01
  7,316496372223e-01;  1,397893810272e+01
  7,442162632942e-01;  1,622484970093e+01
  7,604748010635e-01;  1,889475059509e+01
  7,777922153473e-01;  2,168222999573e+01
  7,933750748634e-01;  2,444243621826e+01
  8,069308996201e-01;  2,702394866943e+01
  8,193511962891e-01;  2,935359573364e+01
  8,304479718208e-01;  3,146647644043e+01
  8,404789566994e-01;  3,338990020752e+01
  8,537700772285e-01;  3,594829559326e+01
  8,649852871895e-01;  3,815256881714e+01
  8,769876360893e-01;  4,058315658569e+01
  8,887252807617e-01;  4,297049331665e+01
  8,998569250107e-01;  4,530060958862e+01
  9,099645018578e-01;  4,737035751343e+01
  9,156417846680e-01;  4,849678039551e+01
  9,189506173134e-01;  4,908583831787e+01
  9,209359288216e-01;  4,932780075073e+01
  9,210752248764e-01;  4,921273422241e+01
  9,058058261871e-01;  4,323936080933e+01
  8,922988176346e-01;  3,993511962891e+01
  8,767856359482e-01;  3,644783782959e+01
  8,622197508812e-01;  3,323567581177e+01
  8,497297763824e-01;  3,047795104980e+01
  8,387026786804e-01;  2,820567321777e+01
  8,243806362152e-01;  2,548875045776e+01
  8,124896883965e-01;  2,334505081177e+01
  8,018805384636e-01;  2,162120819092e+01
  7,905956506729e-01;  1,976420402527e+01
  7,785236239433e-01;  1,794731140137e+01
  7,669044137001e-01;  1,630302810669e+01
  7,564902901649e-01;  1,487499141693e+01
  7,460761666298e-01;  1,352082443237e+01
  7,381001114845e-01;  1,255623245239e+01
  7,324925065041e-01;  1,188663101196e+01
  7,281527519226e-01;  1,138398456573e+01
  7,249135375023e-01;  1,102738475800e+01
  7,225311994553e-01;  1,077781963348e+01
  7,206643223763e-01;  1,067891407013e+01
  7,205110788345e-01;  1,079660224915e+01
  7,323114275932e-01;  1,408389759064e+01
  7,450382113457e-01;  1,635926246643e+01
  7,614988088608e-01;  1,904195594788e+01
  7,786769270897e-01;  2,182909011841e+01
  7,941970825195e-01;  2,458737754822e+01
  8,076483607292e-01;  2,715377998352e+01
  8,200617432594e-01;  2,946944427490e+01
  8,310888409615e-01;  3,156881141663e+01
  8,457382917404e-01;  3,437617874146e+01
  8,582073450089e-01;  3,679707336426e+01
  8,686423897743e-01;  3,887453079224e+01
  8,799481391907e-01;  4,116742324829e+01
  8,909752964973e-01;  4,341488265991e+01
  9,012919068336e-01;  4,559220886230e+01
  9,108143448830e-01;  4,753829956055e+01
  9,161224365234e-01;  4,858195877075e+01
  9,192292690277e-01;  4,913674545288e+01
  9,211449027061e-01;  4,923227691650e+01
  9,212354421616e-01;  4,899173736572e+01
  9,065233469009e-01;  4,338547134399e+01
  8,930789828300e-01;  4,010216140747e+01
  8,776702880859e-01;  3,661001968384e+01
  8,629860281944e-01;  3,338286972046e+01
  8,503776192665e-01;  3,060457801819e+01
  8,393156528473e-01;  2,830951309204e+01
  8,248752355576e-01;  2,557490539551e+01
  8,129425048828e-01;  2,341102409363e+01
  8,022984862328e-01;  2,167271614075e+01
  7,909230589867e-01;  1,980082130432e+01
  7,788371443748e-01;  1,798090362549e+01
  7,688060998917e-01;  1,656452178955e+01
  7,581481933594e-01;  1,506767749786e+01
  7,473161220551e-01;  1,365209770203e+01
  7,389360666275e-01;  1,263244342804e+01
  7,331542968750e-01;  1,194556903839e+01
  7,287587523460e-01;  1,143566703796e+01
  7,253872156143e-01;  1,106471824646e+01
  7,228934168816e-01;  1,080198097229e+01
  7,209777832031e-01;  1,063831615448e+01
  7,206503748894e-01;  1,078071212769e+01
  7,318934798241e-01;  1,397766971588e+01
  7,444461584091e-01;  1,622568702698e+01
  7,607046961784e-01;  1,889621543884e+01
  7,780151367188e-01;  2,168585014343e+01
  7,935701608658e-01;  2,445096206665e+01
  8,071398735046e-01;  2,703626441956e+01
  8,196298480034e-01;  2,936756515503e+01
  8,307614326477e-01;  3,147885322571e+01
  8,454108834267e-01;  3,429783630371e+01
  8,579287528992e-01;  3,672755050659e+01
  8,684334158897e-01;  3,881162261963e+01
  8,798297643661e-01;  4,111939239502e+01
  8,908916711807e-01;  4,338258743286e+01
  9,012709856033e-01;  4,556432342529e+01
  9,108840227127e-01;  4,752570724487e+01
  9,162338972092e-01;  4,857094573975e+01
  9,193337559700e-01;  4,911455917358e+01
  9,213190674782e-01;  4,929724121094e+01
  9,214931726456e-01;  4,914141845703e+01
  9,102988839149e-01;  4,424028396606e+01
  8,976417183876e-01;  4,111116409302e+01
  8,828669190407e-01;  3,763473129272e+01
  8,674860596657e-01;  3,430115509033e+01
  8,543969988823e-01;  3,138225746155e+01
  8,429031372070e-01;  2,894051933289e+01
  8,325935006142e-01;  2,693690109253e+01
  8,195253610611e-01;  2,449705886841e+01
  8,082752823830e-01;  2,254541587830e+01
  7,956112027168e-01;  2,049500465393e+01
  7,853711843491e-01;  1,887131118774e+01
  7,741559743881e-01;  1,725214958191e+01
  7,639299631119e-01;  1,578541946411e+01
  7,529237270355e-01;  1,432164287567e+01
  7,428021430969e-01;  1,304570770264e+01
  7,361357212067e-01;  1,223610973358e+01
  7,311689853668e-01;  1,167369842529e+01
  7,272889614105e-01;  1,121850299835e+01
  7,244607806206e-01;  1,092196750641e+01
  7,222873568535e-01;  1,070663070679e+01
  7,211867570877e-01;  1,073215675354e+01
  7,364422082901e-01;  1,471288490295e+01
  7,500815987587e-01;  1,714418792725e+01
  7,675104737282e-01;  1,988361930847e+01
  7,839571237564e-01;  2,267084884644e+01
  7,989200353622e-01;  2,539086532593e+01
  8,119115233421e-01;  2,787453269958e+01
  8,239487409592e-01;  3,011605644226e+01
  8,346066474915e-01;  3,214617919922e+01
  8,488172292709e-01;  3,485781860352e+01
  8,608614206314e-01;  3,720100021362e+01
  8,708924055099e-01;  3,921931076050e+01
  8,818289637566e-01;  4,145547866821e+01
  8,924729824066e-01;  4,363207244873e+01
  9,035140275955e-01;  4,594750595093e+01
  9,123817086220e-01;  4,775093078613e+01
  9,172230362892e-01;  4,869628143311e+01
  9,201348423958e-01;  4,919577789307e+01
  9,215280413628e-01;  4,916965103149e+01
  9,109745621681e-01;  4,440285110474e+01
  8,984288573265e-01;  4,130700302124e+01
  8,837167620659e-01;  3,783268356323e+01
  8,683010339737e-01;  3,447778320313e+01
  8,551144599915e-01;  3,153511047363e+01
  8,435509800911e-01;  2,907437515259e+01
  8,331508040428e-01;  2,705260658264e+01
  8,200129866600e-01;  2,459019088745e+01
  8,087071776390e-01;  2,262245750427e+01
  7,959385514259e-01;  2,055252456665e+01
  7,856289148331e-01;  1,891999244690e+01
  7,744137048721e-01;  1,729351234436e+01
  7,640832066536e-01;  1,582111263275e+01
  7,530421614647e-01;  1,434004116058e+01
  7,428718209267e-01;  1,306067085266e+01
  7,361844778061e-01;  1,224674606323e+01
  7,311481237411e-01;  1,167449951172e+01
  7,273167967796e-01;  1,122001647949e+01
  7,244468331337e-01;  1,091880702972e+01
  7,223013043404e-01;  1,069220542908e+01
  7,212076783180e-01;  1,082544708252e+01
  7,335792183876e-01;  1,419897747040e+01
  7,463966012001e-01;  1,649658775330e+01
  7,630174160004e-01;  1,918463134766e+01
  7,800701260567e-01;  2,196586990356e+01
  7,954857945442e-01;  2,471451950073e+01
  8,088116645813e-01;  2,726589202881e+01
  8,211623430252e-01;  2,956910133362e+01
  8,321685791016e-01;  3,165683364868e+01
  8,466995954514e-01;  3,444739913940e+01
  8,590990304947e-01;  3,685602188110e+01
  8,694434762001e-01;  3,892396163940e+01
  8,807144165039e-01;  4,120936965942e+01
  8,916509747505e-01;  4,343732070923e+01
  9,018770456314e-01;  4,559579849243e+01
  9,114204049110e-01;  4,754192733765e+01
  9,167215228081e-01;  4,858814239502e+01
  9,198074340820e-01;  4,914076232910e+01
  9,217022061348e-01;  4,925946807861e+01
  9,218415021896e-01;  4,905222702026e+01
  9,083693027496e-01;  4,369972229004e+01
  8,951409459114e-01;  4,047023773193e+01
  8,799411654472e-01;  3,697719573975e+01
  8,650061488152e-01;  3,370512771606e+01
  8,522375226021e-01;  3,087460517883e+01
  8,410223126411e-01;  2,852913284302e+01
  8,309565186501e-01;  2,659160041809e+01
  8,181669712067e-01;  2,421907997131e+01
  8,070911169052e-01;  2,232826614380e+01
  7,947404384613e-01;  2,032289695740e+01
  7,845840454102e-01;  1,873723793030e+01
  7,735290527344e-01;  1,715165328979e+01
  7,634771466255e-01;  1,571776294708e+01
  7,525753974915e-01;  1,426388835907e+01
  7,426280379295e-01;  1,300398159027e+01
  7,360591292381e-01;  1,221617603302e+01
  7,310784459114e-01;  1,163331127167e+01
  7,273167967796e-01;  1,120093059540e+01
  7,244816422462e-01;  1,089834880829e+01
  7,223709821701e-01;  1,068780040741e+01
  7,213121652603e-01;  1,075043487549e+01
  7,314615845680e-01;  1,379261398315e+01
  7,436798810959e-01;  1,598611450195e+01
  7,595413923264e-01;  1,862551689148e+01
  7,769911289215e-01;  2,140402030945e+01
  7,926784753799e-01;  2,417623138428e+01
  8,064084053040e-01;  2,678362655640e+01
  8,190029263496e-01;  2,913577079773e+01
  8,302181363106e-01;  3,126672363281e+01
  8,402351737022e-01;  3,320888137817e+01
  8,536864519119e-01;  3,578623962402e+01
  8,650409579277e-01;  3,800775527954e+01
  8,771618008614e-01;  4,047033309937e+01
  8,890596628189e-01;  4,288348388672e+01
  9,002957344055e-01;  4,524464035034e+01
  9,105357527733e-01;  4,733489608765e+01
  9,162687063217e-01;  4,848324584961e+01
  9,195427298546e-01;  4,908585357666e+01
  9,215419888496e-01;  4,936267471313e+01
  9,219807982445e-01;  4,899864196777e+01
  9,073104858398e-01;  4,340910339355e+01
  8,938104510307e-01;  4,012604904175e+01
  8,784574270248e-01;  3,662919998169e+01
  8,637523055077e-01;  3,339528274536e+01
  8,511229753494e-01;  3,061311340332e+01
  8,401167392731e-01;  2,831290817261e+01
  8,256414532661e-01;  2,557480430603e+01
  8,137087821960e-01;  2,341367912292e+01
  8,030995726585e-01;  2,168043708801e+01
  7,916963100433e-01;  1,980798912048e+01
  7,796382308006e-01;  1,798248291016e+01
  7,695723772049e-01;  1,656674957275e+01
  7,589840888977e-01;  1,508400917053e+01
  7,481172084808e-01;  1,366427707672e+01
  7,396674752235e-01;  1,263306903839e+01
  7,338996529579e-01;  1,194999980927e+01
  7,294762730598e-01;  1,144047737122e+01
  7,261325716972e-01;  1,106672382355e+01
  7,236248254776e-01;  1,079903411865e+01
  7,217301130295e-01;  1,067052650452e+01
  7,215698957443e-01;  1,076267528534e+01
  7,317053675652e-01;  1,380148124695e+01
  7,438888549805e-01;  1,599356365204e+01
  7,597643136978e-01;  1,863394927979e+01
  7,772001028061e-01;  2,142025947571e+01
  7,929083704948e-01;  2,419541168213e+01
  8,066383004189e-01;  2,680180358887e+01
  8,192467093468e-01;  2,915357208252e+01
  8,304619193077e-01;  3,128399467468e+01
  8,404789566994e-01;  3,322467803955e+01
  8,539093732834e-01;  3,580157470703e+01
  8,652499914169e-01;  3,802413177490e+01
  8,773846626282e-01;  4,048814392090e+01
  8,892477154732e-01;  4,290089035034e+01
  9,004350900650e-01;  4,525411987305e+01
  9,106611013412e-01;  4,735332107544e+01
  9,164080619812e-01;  4,848464965820e+01
  9,196820259094e-01;  4,909183502197e+01
  9,216673374176e-01;  4,933381652832e+01
  9,219459891319e-01;  4,901689147949e+01
  9,078608155251e-01;  4,353776550293e+01
  8,945070505142e-01;  4,027959823608e+01
  8,792027831078e-01;  3,678644180298e+01
  8,643792271614e-01;  3,353626251221e+01
  8,517150878906e-01;  3,073205566406e+01
  8,405625820160e-01;  2,841024589539e+01
  8,305315971375e-01;  2,649177742004e+01
  8,178535103798e-01;  2,414211463928e+01
  8,068124651909e-01;  2,226055908203e+01
  7,945314645767e-01;  2,026414489746e+01
  7,844308018684e-01;  1,868429565430e+01
  7,734733223915e-01;  1,711181831360e+01
  7,634562849998e-01;  1,568580532074e+01
  7,526102662086e-01;  1,424757194519e+01
  7,426837682724e-01;  1,299372768402e+01
  7,360799908638e-01;  1,220262241364e+01
  7,311481237411e-01;  1,162949180603e+01
  7,274073958397e-01;  1,119684982300e+01
  7,246209979057e-01;  1,089663124084e+01
  7,225102782249e-01;  1,068097209930e+01
  7,214305996895e-01;  1,083612442017e+01
  7,344151139259e-01;  1,429486942291e+01
  7,474206089973e-01;  1,662227821350e+01
  7,642364501953e-01;  1,932824134827e+01
  7,811846733093e-01;  2,211592864990e+01
  7,965306639671e-01;  2,486324691772e+01
  8,098078370094e-01;  2,740364265442e+01
  8,221236467361e-01;  2,969870758057e+01
  8,330393433571e-01;  3,177789688110e+01
  8,475146293640e-01;  3,455717468262e+01
  8,598652482033e-01;  3,695547485352e+01
  8,701052665710e-01;  3,901033782959e+01
  8,812717199326e-01;  4,128172302246e+01
  8,921455740929e-01;  4,349173736572e+01
  9,022810459137e-01;  4,563558959961e+01
  9,117895960808e-01;  4,756872177124e+01
  9,170349836349e-01;  4,860418319702e+01
  9,200651645660e-01;  4,914558792114e+01
  9,219111800194e-01;  4,917230987549e+01
  9,113994836807e-01;  4,440972137451e+01
  8,987771868706e-01;  4,131101608276e+01
  8,840650320053e-01;  3,783148574829e+01
  8,685936331749e-01;  3,446882629395e+01
  8,554070591927e-01;  3,151913452148e+01
  8,438087105751e-01;  2,905317687988e+01
  8,334433436394e-01;  2,702813339233e+01
  8,202915787697e-01;  2,456689453125e+01
  8,089858293533e-01;  2,260733222961e+01
  7,962032556534e-01;  2,053609848022e+01
  7,859075665474e-01;  1,890177345276e+01
  7,747272253036e-01;  1,727419471741e+01
  7,643966674805e-01;  1,580740737915e+01
  7,533695101738e-01;  1,433985614777e+01
  7,431852817535e-01;  1,305120563507e+01
  7,364770770073e-01;  1,224141407013e+01
  7,314824461937e-01;  1,165410041809e+01
  7,276859879494e-01;  1,121883201599e+01
  7,248299717903e-01;  1,091390705109e+01
  7,227053642273e-01;  1,069228076935e+01
  7,215908169746e-01;  1,077016735077e+01
  7,322626709938e-01;  1,389909744263e+01
  7,446551322937e-01;  1,612190246582e+01
  7,607186436653e-01;  1,877791023254e+01
  7,781056761742e-01;  2,156040573120e+01
  7,937303781509e-01;  2,432672119141e+01
  8,073348999023e-01;  2,691661834717e+01
  8,198527693748e-01;  2,925601387024e+01
  8,309983015060e-01;  3,137652015686e+01
  8,410362601280e-01;  3,331161499023e+01
  8,544109463692e-01;  3,588068389893e+01
  8,656470179558e-01;  3,809669494629e+01
  8,777190446854e-01;  4,054737472534e+01
  8,895124197006e-01;  4,294682312012e+01
  9,006301164627e-01;  4,528141403198e+01
  9,108143448830e-01;  4,735754776001e+01
  9,165125489235e-01;  4,849687194824e+01
  9,198352694511e-01;  4,906782150269e+01
  9,218415021896e-01;  4,925261306763e+01
  9,219599366188e-01;  4,904358291626e+01
  9,084389805794e-01;  4,366491699219e+01
  8,952593803406e-01;  4,042692565918e+01
  8,800595998764e-01;  3,693504714966e+01
  8,651663661003e-01;  3,367069244385e+01
  8,524116873741e-01;  3,084964942932e+01
  8,412452340126e-01;  2,850944137573e+01
  8,311654925346e-01;  2,658016967773e+01
  8,183898925781e-01;  2,421376037598e+01
  8,073348999023e-01;  2,231681251526e+01
  7,949842214584e-01;  2,030934906006e+01
  7,848278284073e-01;  1,872273826599e+01
  7,738077044487e-01;  1,714101028442e+01
  7,637697458267e-01;  1,570969009399e+01
  7,529237270355e-01;  1,425702953339e+01
  7,429553866386e-01;  1,300208377838e+01
  7,363725900650e-01;  1,221027088165e+01
  7,314406633377e-01;  1,163442420959e+01
  7,276999354362e-01;  1,120259189606e+01
  7,248787283897e-01;  1,089663791656e+01
  7,227192521095e-01;  1,068146419525e+01
  7,216883301735e-01;  1,085857200623e+01
  7,352719306946e-01;  1,440622234344e+01
  7,483958601952e-01;  1,676050758362e+01
  7,653858065605e-01;  1,947623634338e+01
  7,821947336197e-01;  2,226212882996e+01
  7,974362373352e-01;  2,500308227539e+01
  8,106228113174e-01;  2,752775573730e+01
  8,229038119316e-01;  2,980850219727e+01
  8,337150216103e-01;  3,187359046936e+01
  8,481067419052e-01;  3,463747024536e+01
  8,603528738022e-01;  3,701869583130e+01
  8,705232143402e-01;  3,906630706787e+01
  8,816547989845e-01;  4,132966232300e+01
  8,924381136894e-01;  4,352596664429e+01
  9,025039672852e-01;  4,565060806274e+01
  9,119846224785e-01;  4,758409500122e+01
  9,171742796898e-01;  4,860952758789e+01
  9,202393293381e-01;  4,914798355103e+01
  9,220504760742e-01;  4,919921875000e+01
  9,062098860741e-01;  4,309689331055e+01
  8,925217390060e-01;  3,977069091797e+01
  8,769946098328e-01;  3,628182220459e+01
  8,625889420509e-01;  3,309080505371e+01
  8,501686453819e-01;  3,035731124878e+01
  8,392390608788e-01;  2,810532760620e+01
  8,249797224998e-01;  2,541211891174e+01
  8,131514787674e-01;  2,327740859985e+01
  8,026468157768e-01;  2,156398773193e+01
  7,914106845856e-01;  1,971411895752e+01
  7,794501185417e-01;  1,791628265381e+01
  7,678657174110e-01;  1,627517318726e+01
  7,576048374176e-01;  1,485415744781e+01
  7,472116351128e-01;  1,350923538208e+01
  7,391589879990e-01;  1,253771972656e+01
  7,336279749870e-01;  1,188094902039e+01
  7,293787598610e-01;  1,138835048676e+01
  7,260977625847e-01;  1,102220058441e+01
  7,237293124199e-01;  1,076803779602e+01
  7,218555212021e-01;  1,078987789154e+01
  7,331264615059e-01;  1,400117588043e+01
  7,456094622612e-01;  1,625114631653e+01
  7,618680000305e-01;  1,891998100281e+01
  7,791296839714e-01;  2,170495223999e+01
  7,946847081184e-01;  2,446990776062e+01
  8,081986904144e-01;  2,705055046082e+01
  8,207095861435e-01;  2,937733840942e+01
  8,317506313324e-01;  3,148513603210e+01
  8,464557528496e-01;  3,430188751221e+01
  8,589388132095e-01;  3,673257064819e+01
  8,693947196007e-01;  3,882046508789e+01
  8,807353377342e-01;  4,112456893921e+01
  8,917763829231e-01;  4,337731933594e+01
  9,021068811417e-01;  4,556687927246e+01
  9,117547869682e-01;  4,753167343140e+01
  9,170837402344e-01;  4,858496856689e+01
  9,201696515083e-01;  4,912891769409e+01
  9,220504760742e-01;  4,924926757813e+01
  9,221758842468e-01;  4,902808380127e+01
  9,080906510353e-01;  4,354868698120e+01
  8,947160243988e-01;  4,028423309326e+01
  8,794466257095e-01;  3,678174972534e+01
  8,646299839020e-01;  3,352588272095e+01
  8,519588708878e-01;  3,072368431091e+01
  8,408272862434e-01;  2,840261268616e+01
  8,263171911240e-01;  2,564470863342e+01
  8,143008947372e-01;  2,346678924561e+01
  8,036916851997e-01;  2,171882820129e+01
  7,921978235245e-01;  1,982956123352e+01
  7,801467180252e-01;  1,800083732605e+01
  7,700042724609e-01;  1,658392524719e+01
  7,594159841537e-01;  1,508732223511e+01
  7,485699653625e-01;  1,366181087494e+01
  7,400993704796e-01;  1,262766265869e+01
  7,343942523003e-01;  1,195065307617e+01
  7,299499511719e-01;  1,143891906738e+01
  7,266411185265e-01;  1,105994129181e+01
  7,241333723068e-01;  1,080290031433e+01
  7,222177386284e-01;  1,068072223663e+01
  7,220575213432e-01;  1,078903675079e+01
  7,332866787910e-01;  1,399758911133e+01
  7,457627058029e-01;  1,624927330017e+01
  7,620769739151e-01;  1,892479896545e+01
  7,793247103691e-01;  2,171527671814e+01
  7,949284911156e-01;  2,448116111755e+01
  8,084285855293e-01;  2,706362152100e+01
  8,208628296852e-01;  2,939289283752e+01
  8,319596052170e-01;  3,149793815613e+01
  8,466578125954e-01;  3,431343841553e+01
  8,591686487198e-01;  3,674607467651e+01
  8,696246147156e-01;  3,883668136597e+01
  8,809233903885e-01;  4,114537811279e+01
  8,920201659203e-01;  4,339618301392e+01
  9,022810459137e-01;  4,557353591919e+01
  9,119289517403e-01;  4,755221176147e+01
  9,172230362892e-01;  4,859357833862e+01
  9,203090071678e-01;  4,914088821411e+01
  9,221549630165e-01;  4,912756729126e+01
  9,104381799698e-01;  4,411349868774e+01
  8,975442051888e-01;  4,095277023315e+01
  8,826718330383e-01;  3,745947647095e+01
  8,673954606056e-01;  3,413333892822e+01
  8,543830513954e-01;  3,123640441895e+01
  8,430076241493e-01;  2,881851005554e+01
  8,327327966690e-01;  2,683326339722e+01
  8,197343349457e-01;  2,441177177429e+01
  8,085191249847e-01;  2,248248672485e+01
  7,959385514259e-01;  2,044206809998e+01
  7,856846451759e-01;  1,882380104065e+01
  7,745530605316e-01;  1,721255874634e+01
  7,643479108810e-01;  1,575972843170e+01
  7,534461617470e-01;  1,429776763916e+01
  7,433733940125e-01;  1,302010536194e+01
  7,367069125175e-01;  1,221166610718e+01
  7,317959070206e-01;  1,164636993408e+01
  7,280343174934e-01;  1,120773792267e+01
  7,252131104469e-01;  1,090565776825e+01
  7,230884432793e-01;  1,068445014954e+01
  7,220226526260e-01;  1,085934352875e+01
  7,355853915215e-01;  1,440899562836e+01
  7,487301826477e-01;  1,676502037048e+01
  7,657201886177e-01;  1,947985076904e+01
  7,825290560722e-01;  2,226700019836e+01
  7,977706193924e-01;  2,500860786438e+01
  8,109711408615e-01;  2,753456687927e+01
  8,232173323631e-01;  2,981822967529e+01
  8,340494036674e-01;  3,188411140442e+01
  8,484340906143e-01;  3,465325546265e+01
  8,607012033463e-01;  3,704575347900e+01
  8,708575963974e-01;  3,909897613525e+01
  8,819334506989e-01;  4,135130691528e+01
  8,927028775215e-01;  4,353332519531e+01
  9,027895927429e-01;  4,567140960693e+01
  9,121518135071e-01;  4,761840438843e+01
  9,173484444618e-01;  4,859932708740e+01
  9,204134941101e-01;  4,917133712769e+01
  9,221549630165e-01;  4,923994064331e+01
  9,222942590714e-01;  4,901189804077e+01
  9,082508683205e-01;  4,352750015259e+01
  8,948553204536e-01;  4,027068710327e+01
  8,796207308769e-01;  3,678393173218e+01
  8,648180961609e-01;  3,353845977783e+01
  8,521539568901e-01;  3,073832321167e+01
  8,410223126411e-01;  2,841800498962e+01
  8,309704065323e-01;  2,650030899048e+01
  8,182714581490e-01;  2,414357948303e+01
  8,072304129601e-01;  2,225487327576e+01
  7,949703335762e-01;  2,025825309753e+01
  7,848626971245e-01;  1,868119049072e+01
  7,739121913910e-01;  1,711784362793e+01
  7,638742327690e-01;  1,568970870972e+01
  7,530421614647e-01;  1,422859382629e+01
  7,431713342667e-01;  1,299083805084e+01
  7,365676164627e-01;  1,218091487885e+01
  7,317401766777e-01;  1,161661624908e+01
  7,280691266060e-01;  1,120000267029e+01
  7,252479195595e-01;  1,088757514954e+01
  7,231372594833e-01;  1,068212890625e+01
  7,222316861153e-01;  1,074602603912e+01
  7,374662160873e-01;  1,472472095490e+01
  7,511821985245e-01;  1,715219879150e+01
  7,685553431511e-01;  1,989282417297e+01
  7,850368618965e-01;  2,268426704407e+01
  7,999300956726e-01;  2,540868186951e+01
  8,129912614822e-01;  2,789915084839e+01
  8,249727487564e-01;  3,015144538879e+01
  8,356724381447e-01;  3,218982315063e+01
  8,498134016991e-01;  3,491482925415e+01
  8,618854284286e-01;  3,726246261597e+01
  8,747585415840e-01;  3,987476730347e+01
  8,851587176323e-01;  4,197046279907e+01
  8,966734409332e-01;  4,433319854736e+01
  9,075961112976e-01;  4,664653396606e+01
  9,148755073547e-01;  4,811349105835e+01
  9,189993739128e-01;  4,888986968994e+01
  9,213886857033e-01;  4,930975723267e+01
  9,221549630165e-01;  4,913253402710e+01
  9,110790491104e-01;  4,423602294922e+01
  8,983383178711e-01;  4,111371994019e+01
  8,835425972939e-01;  3,763953399658e+01
  8,682174682617e-01;  3,430417633057e+01
  8,551632165909e-01;  3,138933181763e+01
  8,436484932899e-01;  2,895285797119e+01
  8,333388566971e-01;  2,694760131836e+01
  8,202080130577e-01;  2,450029945374e+01
  8,090067505836e-01;  2,254377746582e+01
  7,963077425957e-01;  2,048281860352e+01
  7,860677838326e-01;  1,886001014709e+01
  7,749361991882e-01;  1,724969863892e+01
  7,646265625954e-01;  1,578652477264e+01
  7,536899447441e-01;  1,431509685516e+01
  7,435893416405e-01;  1,304097557068e+01
  7,368602156639e-01;  1,222921752930e+01
  7,319143414497e-01;  1,165404701233e+01
  7,281736135483e-01;  1,121926593781e+01
  7,252966761589e-01;  1,090941619873e+01
  7,231372594833e-01;  1,068551540375e+01
  7,220923304558e-01;  1,082396411896e+01
  7,344708442688e-01;  1,420018672943e+01
  7,472812533379e-01;  1,650106811523e+01
  7,639229893684e-01;  1,919412994385e+01
  7,809756994247e-01;  2,197996330261e+01
  7,963565587997e-01;  2,473542404175e+01
  8,097172379494e-01;  2,729215431213e+01
  8,220679163933e-01;  2,960359191895e+01
  8,330393433571e-01;  3,169274902344e+01
  8,475842475891e-01;  3,448522186279e+01
  8,599349260330e-01;  3,689272689819e+01
  8,702306151390e-01;  3,895270538330e+01
  8,814667463303e-01;  4,123088455200e+01
  8,923684954643e-01;  4,345318222046e+01
  9,025736451149e-01;  4,562108993530e+01
  9,121030569077e-01;  4,756613159180e+01
  9,174181222916e-01;  4,860292816162e+01
  9,204273819923e-01;  4,915394592285e+01
  9,222942590714e-01;  4,932436752319e+01
  9,224126935005e-01;  4,918531799316e+01
  9,118313789368e-01;  4,442230224609e+01
  8,992299437523e-01;  4,131868743896e+01
  8,844969272614e-01;  3,783605957031e+01
  8,690463900566e-01;  3,447299575806e+01
  8,558459281921e-01;  3,152515029907e+01
  8,442615270615e-01;  2,905672836304e+01
  8,339449167252e-01;  2,703014945984e+01
  8,207443952560e-01;  2,456235313416e+01
  8,094595074654e-01;  2,259518814087e+01
  7,966769933701e-01;  2,052700614929e+01
  7,864300012589e-01;  1,889946746826e+01
  7,753192782402e-01;  1,727658462524e+01
  7,649051547050e-01;  1,580627632141e+01
  7,539128661156e-01;  1,433090019226e+01
  7,438122034073e-01;  1,305146503448e+01
  7,370204329491e-01;  1,223722839355e+01
  7,320745587349e-01;  1,165380382538e+01
  7,282781004906e-01;  1,122273540497e+01
  7,254220843315e-01;  1,090485382080e+01
  7,232765555382e-01;  1,069009780884e+01
  7,220435738564e-01;  1,083452606201e+01
  7,350490689278e-01;  1,428950214386e+01
  7,480127215385e-01;  1,661917495728e+01
  7,648633718491e-01;  1,932451248169e+01
  7,817976474762e-01;  2,211368751526e+01
  7,971088290215e-01;  2,486340141296e+01
  8,103790283203e-01;  2,740892601013e+01
  8,226460814476e-01;  2,970998382568e+01
  8,336175084114e-01;  3,179274940491e+01
  8,481067419052e-01;  3,457225418091e+01
  8,603877425194e-01;  3,696719360352e+01
  8,706137537956e-01;  3,901979064941e+01
  8,817941546440e-01;  4,129018402100e+01
  8,926680088043e-01;  4,350120544434e+01
  9,027477502823e-01;  4,564625549316e+01
  9,122424125671e-01;  4,757808303833e+01
  9,174877405167e-01;  4,861495208740e+01
  9,205179810524e-01;  4,914942932129e+01
  9,223291277885e-01;  4,908249664307e+01
  9,094072580338e-01;  4,382750701904e+01
  8,962833285332e-01;  4,061059570313e+01
  8,812090158463e-01;  3,711381530762e+01
  8,661555647850e-01;  3,382555770874e+01
  8,533520698547e-01;  3,097588539124e+01
  8,420881032944e-01;  2,860905456543e+01
  8,319456577301e-01;  2,665763854980e+01
  8,190864920616e-01;  2,426982879639e+01
  8,079966902733e-01;  2,236138343811e+01
  7,955415248871e-01;  2,034440612793e+01
  7,854060530663e-01;  1,874660110474e+01
  7,743788957596e-01;  1,715248870850e+01
  7,642782330513e-01;  1,570915412903e+01
  7,534461617470e-01;  1,426048088074e+01
  7,434987425804e-01;  1,300155639648e+01
  7,368602156639e-01;  1,220378684998e+01
  7,319561243057e-01;  1,163033485413e+01
  7,282432913780e-01;  1,120395183563e+01
  7,254360318184e-01;  1,089605522156e+01
  7,233113646507e-01;  1,068837070465e+01
  7,222316861153e-01;  1,076927947998e+01
  7,334956526756e-01;  1,396023178101e+01
  7,459926009178e-01;  1,621638870239e+01
  7,623068690300e-01;  1,889499092102e+01
  7,795825004578e-01;  2,169245338440e+01
  7,951374650002e-01;  2,446762084961e+01
  8,086723685265e-01;  2,705436134338e+01
  8,211414217949e-01;  2,938782691956e+01
  8,322033882141e-01;  3,149731636047e+01
  8,468876481056e-01;  3,430617141724e+01
  8,594124913216e-01;  3,672552871704e+01
  8,698266148567e-01;  3,880358886719e+01
  8,812368512154e-01;  4,111112976074e+01
  8,922848701477e-01;  4,338258361816e+01
  9,025736451149e-01;  4,557698440552e+01
  9,122075438499e-01;  4,753027725220e+01
  9,175365567207e-01;  4,861974334717e+01
  9,205318689346e-01;  4,916659545898e+01
  9,222106933594e-01;  4,913489913940e+01
  9,104381799698e-01;  4,413582992554e+01
  8,975720405579e-01;  4,097872161865e+01
  8,826509714127e-01;  3,748728942871e+01
  8,673954606056e-01;  3,416188430786e+01
  8,543830513954e-01;  3,126194763184e+01
  8,429728150368e-01;  2,884390830994e+01
  8,327119350433e-01;  2,685588455200e+01
  8,196646571159e-01;  2,442516708374e+01
  8,084842562675e-01;  2,248228263855e+01
  7,958549857140e-01;  2,043115043640e+01
  7,856498360634e-01;  1,882206344604e+01
  7,745530605316e-01;  1,721567535400e+01
  7,643479108810e-01;  1,575521373749e+01
  7,534252405167e-01;  1,428648471832e+01
  7,433733940125e-01;  1,302990627289e+01
  7,367208600044e-01;  1,221017265320e+01
  7,317959070206e-01;  1,163834667206e+01
  7,280482649803e-01;  1,120790386200e+01
  7,252269983292e-01;  1,089808464050e+01
  7,231023907661e-01;  1,068747520447e+01
  7,220575213432e-01;  1,081515407562e+01
  7,223500609398e-01;  1,139935112000e+01
  7,344360351563e-01;  1,419155025482e+01
  7,472464442253e-01;  1,649753761292e+01
  7,638881802559e-01;  1,919638442993e+01
  7,809756994247e-01;  2,198848915100e+01
  7,963565587997e-01;  2,474941825867e+01
  8,096963763237e-01;  2,730757331848e+01
  8,221027255058e-01;  2,961947059631e+01
  8,330393433571e-01;  3,170895004272e+01
  8,475633859634e-01;  3,449932479858e+01
  8,599349260330e-01;  3,690357971191e+01
  8,702306151390e-01;  3,896627426147e+01
  8,814458250999e-01;  4,124801635742e+01
  8,923475742340e-01;  4,347484588623e+01
  9,025039672852e-01;  4,563209152222e+01
  9,119777083397e-01;  4,757038116455e+01
  9,172579050064e-01;  4,861568069458e+01
  9,203090071678e-01;  4,914651489258e+01
  9,221340417862e-01;  4,926806259155e+01
  9,222942590714e-01;  4,906314849854e+01
  9,087663888931e-01;  4,370048522949e+01
  8,955031633377e-01;  4,045962905884e+01
  8,803034424782e-01;  3,695606231689e+01
  8,653405308723e-01;  3,368053817749e+01
  8,526206612587e-01;  3,085024070740e+01
  8,414054512978e-01;  2,850383186340e+01
  8,313326835632e-01;  2,656818962097e+01
  8,185710310936e-01;  2,419528579712e+01
  8,075090646744e-01;  2,230349540710e+01
  7,951583862305e-01;  2,029438972473e+01
  7,850229144096e-01;  1,870896720886e+01
  7,740166783333e-01;  1,712024116516e+01
  7,639647722244e-01;  1,568815040588e+01
  7,531675100327e-01;  1,424706459045e+01
  7,432549595833e-01;  1,299456405640e+01
  7,366163730621e-01;  1,220092296600e+01
  7,317262887955e-01;  1,162784862518e+01
  7,280133962631e-01;  1,119479942322e+01
  7,252131104469e-01;  1,089246177673e+01
  7,231023907661e-01;  1,068247222900e+01
  7,220575213432e-01;  1,079762458801e+01
  7,222804427147e-01;  1,136135005951e+01
  7,338648438454e-01;  1,408794689178e+01
  7,464941143990e-01;  1,636666297913e+01
  7,629825472832e-01;  1,905311965942e+01
  7,801606655121e-01;  2,184292602539e+01
  7,956599593163e-01;  2,460582733154e+01
  8,090555071831e-01;  2,717652130127e+01
  8,214618563652e-01;  2,949876785278e+01
  8,325168490410e-01;  3,160033607483e+01
  8,471523523331e-01;  3,440750885010e+01
  8,595866560936e-01;  3,682881546021e+01
  8,699659109116e-01;  3,890249252319e+01
  8,812229037285e-01;  4,120007705688e+01
  8,921943306923e-01;  4,343703079224e+01
  9,024552106857e-01;  4,560717391968e+01
  9,119846224785e-01;  4,755921554565e+01
  9,172927141190e-01;  4,860002517700e+01
  9,203090071678e-01;  4,914577102661e+01
  9,221549630165e-01;  4,919684982300e+01
  9,063143730164e-01;  4,308310699463e+01
  8,925914168358e-01;  3,975067520142e+01
  8,770503401756e-01;  3,625899124146e+01
  8,626376986504e-01;  3,306565475464e+01
  8,502174019814e-01;  3,033328819275e+01
  8,393156528473e-01;  2,808032226563e+01
  8,250284790993e-01;  2,538976287842e+01
  8,132559657097e-01;  2,325877761841e+01
  8,027373552322e-01;  2,154474449158e+01
  7,915151715279e-01;  1,969190216064e+01
  7,795546054840e-01;  1,788137245178e+01
  7,679841518402e-01;  1,624751853943e+01
  7,577441930771e-01;  1,483743762970e+01
  7,474345564842e-01;  1,349935245514e+01
  7,394236922264e-01;  1,251602649689e+01
  7,338857054710e-01;  1,186562538147e+01
  7,296643257141e-01;  1,137893486023e+01
  7,265018224716e-01;  1,102406787872e+01
  7,240636944771e-01;  1,077076244354e+01
  7,221828699112e-01;  1,078444099426e+01
  7,231511473656e-01;  1,177354145050e+01
  7,334607839584e-01;  1,399580860138e+01
  7,459786534309e-01;  1,624780654907e+01
  7,622511386871e-01;  1,892206001282e+01
  7,795128226280e-01;  2,171067047119e+01
  7,950469255447e-01;  2,448244285583e+01
  8,085888028145e-01;  2,706626319885e+01
  8,210926651955e-01;  2,939985656738e+01
  8,321546316147e-01;  3,151118850708e+01
  8,467971086502e-01;  3,432973861694e+01
  8,593219518661e-01;  3,675980377197e+01
  8,697569370270e-01;  3,884634780884e+01
  8,810975551605e-01;  4,115541839600e+01
  8,921246528625e-01;  4,340531539917e+01
  9,023994803429e-01;  4,558978271484e+01
  9,119846224785e-01;  4,754808807373e+01
  9,173136353493e-01;  4,859066772461e+01
  9,203786253929e-01;  4,914858627319e+01
  9,221549630165e-01;  4,917104339600e+01
  9,116572737694e-01;  4,440342712402e+01
  8,990558385849e-01;  4,129981613159e+01
  8,843227624893e-01;  3,781689071655e+01
  8,688583374023e-01;  3,445332336426e+01
  8,557065725327e-01;  3,150409507751e+01
  8,441221714020e-01;  2,903698539734e+01
  8,337568044662e-01;  2,701597404480e+01
  8,206050992012e-01;  2,455394172668e+01
  8,093410730362e-01;  2,259505081177e+01
  7,965515851974e-01;  2,052577018738e+01
  7,862907052040e-01;  1,889192390442e+01
  7,750964164734e-01;  1,726133728027e+01
  7,647449374199e-01;  1,578697490692e+01
  7,537944912910e-01;  1,432115077972e+01
  7,436938285828e-01;  1,304475688934e+01
  7,369298338890e-01;  1,222896957397e+01
  7,320188283920e-01;  1,164917469025e+01
  7,282223701477e-01;  1,121498966217e+01
  7,254220843315e-01;  1,090512466431e+01
  7,232765555382e-01;  1,069055080414e+01
  7,222037911415e-01;  1,075377559662e+01
  7,245513200760e-01;  1,222665309906e+01
  7,380374670029e-01;  1,482547187805e+01
  7,519624233246e-01;  1,727965545654e+01
  7,694818377495e-01;  2,003427505493e+01
  7,858518362045e-01;  2,282742691040e+01
  8,006615042686e-01;  2,554558563232e+01
  8,136530518532e-01;  2,802535820007e+01
  8,256344795227e-01;  3,026841926575e+01
  8,362157940865e-01;  3,229669952393e+01
  8,503218889236e-01;  3,500712585449e+01
  8,622894287109e-01;  3,734468460083e+01
  8,751416206360e-01;  3,994612121582e+01
  8,854512572289e-01;  4,204117965698e+01
  8,968266844749e-01;  4,438545608521e+01
  9,076587557793e-01;  4,665554809570e+01
  9,149382114410e-01;  4,813532257080e+01
  9,190202951431e-01;  4,889706039429e+01
  9,213886857033e-01;  4,929072189331e+01
  9,223639369011e-01;  4,908607864380e+01
  9,095187187195e-01;  4,384001541138e+01
  8,963530063629e-01;  4,062287521362e+01
  8,812229037285e-01;  3,712096786499e+01
  8,661416172981e-01;  3,382608413696e+01
  8,533172607422e-01;  3,097319412231e+01
  8,420672416687e-01;  2,860216903687e+01
  8,319247961044e-01;  2,665194320679e+01
  8,190934658051e-01;  2,426632308960e+01
  8,080105781555e-01;  2,236001968384e+01
  7,955415248871e-01;  2,033935546875e+01
  7,853851318359e-01;  1,873935890198e+01
  7,743788957596e-01;  1,714199829102e+01
  7,642782330513e-01;  1,570339488983e+01
  7,534183263779e-01;  1,426187992096e+01
  7,434639334679e-01;  1,300142097473e+01
  7,368114590645e-01;  1,219709396362e+01
  7,319700717926e-01;  1,162946891785e+01
  7,282223701477e-01;  1,120895195007e+01
  7,254360318184e-01;  1,089564132690e+01
  7,232765555382e-01;  1,068036174774e+01
  7,222316861153e-01;  1,077980804443e+01
  7,251086235046e-01;  1,234868335724e+01
  7,393609881401e-01;  1,504538440704e+01
  7,536481618881e-01;  1,754463958740e+01
  7,712929844856e-01;  2,030673408508e+01
  7,874957919121e-01;  2,309831237793e+01
  8,020895123482e-01;  2,579488182068e+01
  8,149417638779e-01;  2,824783134460e+01
  8,267560005188e-01;  3,046855163574e+01
  8,372537493706e-01;  3,248102951050e+01
  8,512414097786e-01;  3,516656494141e+01
  8,630905151367e-01;  3,747999572754e+01
  8,757337331772e-01;  4,005401229858e+01
  8,859876394272e-01;  4,212841796875e+01
  8,972446322441e-01;  4,444706344604e+01
  9,079583287239e-01;  4,670254135132e+01
  9,150844812393e-01;  4,815791320801e+01
  9,191247820854e-01;  4,890541839600e+01
  9,214931726456e-01;  4,930299758911e+01
  9,224684238434e-01;  4,908352661133e+01
  9,095674753189e-01;  4,383516693115e+01
  8,964087367058e-01;  4,062166976929e+01
  8,813135027885e-01;  3,712200164795e+01
  8,662461042404e-01;  3,382865524292e+01
  8,534426689148e-01;  3,097825241089e+01
  8,421508073807e-01;  2,860801315308e+01
  8,319944143295e-01;  2,665469551086e+01
  8,191770315170e-01;  2,426828575134e+01
  8,080872297287e-01;  2,236017036438e+01
  7,956320643425e-01;  2,033933258057e+01
  7,854756712914e-01;  1,873743629456e+01
  7,744485735893e-01;  1,714042091370e+01
  7,643479108810e-01;  1,570282077789e+01
  7,535436749458e-01;  1,426383304596e+01
  7,435893416405e-01;  1,300548934937e+01
  7,369019985199e-01;  1,219713687897e+01
  7,320536971092e-01;  1,163070774078e+01
  7,283477783203e-01;  1,120441341400e+01
  7,255056500435e-01;  1,089668273926e+01
  7,234158515930e-01;  1,068494224548e+01
  7,223361730576e-01;  1,075018501282e+01
  7,246767282486e-01;  1,221610736847e+01
  7,382324934006e-01;  1,481711673737e+01
  7,521226406097e-01;  1,727112388611e+01
  7,696071863174e-01;  2,002650833130e+01
  7,860260009766e-01;  2,282692337036e+01
  8,008008003235e-01;  2,554651451111e+01
  8,138271570206e-01;  2,802701759338e+01
  8,257946968079e-01;  3,027098274231e+01
  8,363342285156e-01;  3,229984283447e+01
  8,504611849785e-01;  3,500739288330e+01
  8,624635934830e-01;  3,734485244751e+01
  8,752670288086e-01;  3,994558334351e+01
  8,856114745140e-01;  4,204043197632e+01
  8,970008492470e-01;  4,438765716553e+01
  9,078329205513e-01;  4,666093063354e+01
  9,150844812393e-01;  4,814403152466e+01
  9,190551042557e-01;  4,890000152588e+01
  9,214931726456e-01;  4,929097747803e+01
  9,224684238434e-01;  4,913642883301e+01
  9,107725620270e-01;  4,412526702881e+01
  8,978716135025e-01;  4,096256256104e+01
  8,829714059830e-01;  3,746625900269e+01
  8,676880598068e-01;  3,413617324829e+01
  8,546965122223e-01;  3,123616600037e+01
  8,432862758636e-01;  2,881932640076e+01
  8,330393433571e-01;  2,683234977722e+01
  8,199920654297e-01;  2,440830612183e+01
  8,088325858116e-01;  2,247631835938e+01
  7,962172031403e-01;  2,043455123901e+01
  7,859981656075e-01;  1,881750297546e+01
  7,749013304710e-01;  1,719962120056e+01
  7,646753191948e-01;  1,574101638794e+01
  7,537944912910e-01;  1,428050327301e+01
  7,438122034073e-01;  1,301544284821e+01
  7,370900511742e-01;  1,220530796051e+01
  7,322487235069e-01;  1,163411998749e+01
  7,285358309746e-01;  1,121608066559e+01
  7,256450057030e-01;  1,090428543091e+01
  7,234855294228e-01;  1,068306064606e+01
  7,224406599998e-01;  1,079893302917e+01
  7,256171107292e-01;  1,241635894775e+01
  7,401968836784e-01;  1,515826511383e+01
  7,547348737717e-01;  1,768102455139e+01
  7,723935842514e-01;  2,045106697083e+01
  7,885337471962e-01;  2,324756240845e+01
  8,029950857162e-01;  2,593716812134e+01
  8,158821463585e-01;  2,838103294373e+01
  8,276058435440e-01;  3,059120178223e+01
  8,380060791969e-01;  3,259603500366e+01
  8,519240617752e-01;  3,526818084717e+01
  8,636826276779e-01;  3,756692886353e+01
  8,762910366058e-01;  4,012257385254e+01
  8,864265084267e-01;  4,218379211426e+01
  8,975929617882e-01;  4,449569320679e+01
  9,082369804382e-01;  4,672965621948e+01
  9,153283238411e-01;  4,818402481079e+01
  9,192780256271e-01;  4,891764831543e+01
  9,216673374176e-01;  4,930235290527e+01
  9,224684238434e-01;  4,921516418457e+01
  9,072338342667e-01;  4,323200607300e+01
  8,935875296593e-01;  3,991967391968e+01
  8,781787753105e-01;  3,642065048218e+01
  8,636129498482e-01;  3,320686340332e+01
  8,511229753494e-01;  3,045201683044e+01
  8,401654958725e-01;  2,817670059204e+01
  8,257598876953e-01;  2,546598815918e+01
  8,138828873634e-01;  2,331764984131e+01
  8,033851981163e-01;  2,159145927429e+01
  7,920585274696e-01;  1,973086738586e+01
  7,800561785698e-01;  1,791662597656e+01
  7,684369087219e-01;  1,626833152771e+01
  7,582178711891e-01;  1,485002708435e+01
  7,478525042534e-01;  1,350796794891e+01
  7,397719621658e-01;  1,252035331726e+01
  7,342131137848e-01;  1,186468696594e+01
  7,300474643707e-01;  1,137291717529e+01
  7,268500924110e-01;  1,102053833008e+01
  7,244259119034e-01;  1,076869392395e+01
  7,226356863976e-01;  1,071196556091e+01
  7,224406599998e-01;  1,086952400208e+01
  7,269406318665e-01;  1,269299316406e+01
  7,428439855576e-01;  1,562390041351e+01
  7,582178711891e-01;  1,822484779358e+01
  7,758347988129e-01;  2,100732803345e+01
  7,917102575302e-01;  2,379761123657e+01
  8,057118058205e-01;  2,644671249390e+01
  8,184456229210e-01;  2,884057807922e+01
  8,298558592796e-01;  3,100436592102e+01
  8,400610089302e-01;  3,297395706177e+01
  8,536794781685e-01;  3,559426879883e+01
  8,651942610741e-01;  3,785263824463e+01
  8,775100708008e-01;  4,036178970337e+01
  8,895333409309e-01;  4,281640243530e+01
  8,995643258095e-01;  4,491883468628e+01
  9,096092581749e-01;  4,699643707275e+01
  9,160946011543e-01;  4,831461334229e+01
  9,197865128517e-01;  4,900366210938e+01
  9,219459891319e-01;  4,934329223633e+01
  9,225381016731e-01;  4,910612106323e+01
  9,102501273155e-01;  4,397216796875e+01
  8,972098231316e-01;  4,078268051147e+01
  8,821981549263e-01;  3,728315734863e+01
  8,670262694359e-01;  3,397201538086e+01
  8,541392683983e-01;  3,109737396240e+01
  8,428125977516e-01;  2,870426368713e+01
  8,326074481010e-01;  2,673469543457e+01
  8,196507096291e-01;  2,433002090454e+01
  8,085399866104e-01;  2,241057395935e+01
  7,960082292557e-01;  2,037483024597e+01
  7,858240008354e-01;  1,876679801941e+01
  7,747829556465e-01;  1,716144180298e+01
  7,646265625954e-01;  1,571500778198e+01
  7,538083791733e-01;  1,426787853241e+01
  7,438122034073e-01;  1,300000667572e+01
  7,371597290039e-01;  1,219137573242e+01
  7,322974801064e-01;  1,163009643555e+01
  7,285706996918e-01;  1,120204353333e+01
  7,257843017578e-01;  1,090138816833e+01
  7,236457467079e-01;  1,068509197235e+01
  7,225660085678e-01;  1,080170536041e+01
  7,293857336044e-01;  1,317231464386e+01
  7,403222918510e-01;  1,516335296631e+01
  7,548533082008e-01;  1,768681716919e+01
  7,725120186806e-01;  2,045934486389e+01
  7,886730432510e-01;  2,325894927979e+01
  8,031344413757e-01;  2,595150375366e+01
  8,160214424133e-01;  2,839504241943e+01
  8,277312517166e-01;  3,060427474976e+01
  8,381105661392e-01;  3,260559844971e+01
  8,520424962044e-01;  3,527246856689e+01
  8,638010621071e-01;  3,757382583618e+01
  8,764303326607e-01;  4,013079833984e+01
  8,865309953690e-01;  4,219204711914e+01
  8,976486921310e-01;  4,449489212036e+01
  9,083414673805e-01;  4,673582077026e+01
  9,154328107834e-01;  4,817758941650e+01
  9,194034337997e-01;  4,892578125000e+01
  9,217022061348e-01;  4,930617141724e+01
  9,226077795029e-01;  4,899450683594e+01
  9,079513549805e-01;  4,338441467285e+01
  8,943886160851e-01;  4,009461593628e+01
  8,790147304535e-01;  3,659085464478e+01
  8,643304705620e-01;  3,335174942017e+01
  8,517708182335e-01;  3,057050323486e+01
  8,407297730446e-01;  2,827257728577e+01
  8,262475132942e-01;  2,553271865845e+01
  8,143357038498e-01;  2,336820793152e+01
  8,037822842598e-01;  2,162906074524e+01
  7,923719882965e-01;  1,975901794434e+01
  7,803835868835e-01;  1,794174575806e+01
  7,703037858009e-01;  1,652727317810e+01
  7,598200440407e-01;  1,504646492004e+01
  7,490367293358e-01;  1,363581275940e+01
  7,406287789345e-01;  1,259896659851e+01
  7,349097132683e-01;  1,192657947540e+01
  7,305977940559e-01;  1,142683219910e+01
  7,273167967796e-01;  1,105614948273e+01
  7,248439192772e-01;  1,079211425781e+01
  7,229282259941e-01;  1,065218353271e+01
  7,225799560547e-01;  1,087679004669e+01
  7,313361763954e-01;  1,352091217041e+01
  7,429693341255e-01;  1,563155937195e+01
  7,583362460136e-01;  1,823026466370e+01
  7,759601473808e-01;  2,101315307617e+01
  7,918843626976e-01;  2,380483055115e+01
  8,058651089668e-01;  2,645442581177e+01
  8,186197876930e-01;  2,885095405579e+01
  8,299952149391e-01;  3,102090644836e+01
  8,401654958725e-01;  3,299180603027e+01
  8,538188338280e-01;  3,561157989502e+01
  8,652987480164e-01;  3,786757659912e+01
  8,776145577431e-01;  4,036463546753e+01
  8,896378278732e-01;  4,281248855591e+01
  8,996827602386e-01;  4,492024612427e+01
  9,097137451172e-01;  4,700273132324e+01
  9,161781668663e-01;  4,832462310791e+01
  9,198561906815e-01;  4,899527740479e+01
  9,219807982445e-01;  4,934273147583e+01
  9,226077795029e-01;  4,911123657227e+01
  9,103685617447e-01;  4,397748565674e+01
  8,973143100739e-01;  4,078775405884e+01
  8,822538852692e-01;  3,728483963013e+01
  8,670819997787e-01;  3,397111892700e+01
  8,541880249977e-01;  3,109351921082e+01
  8,428474068642e-01;  2,869984817505e+01
  8,326631784439e-01;  2,672900772095e+01
  8,197203874588e-01;  2,432288551331e+01
  8,085888028145e-01;  2,239984512329e+01
  7,960291504860e-01;  2,036358833313e+01
  7,858936190605e-01;  1,875956535339e+01
  7,749013304710e-01;  1,716380500793e+01
  7,646961808205e-01;  1,571882724762e+01
  7,538223266602e-01;  1,425926113129e+01
  7,438818812370e-01;  1,299957275391e+01
  7,371736764908e-01;  1,219064331055e+01
  7,323671579361e-01;  1,162644863129e+01
  7,286751866341e-01;  1,119764995575e+01
  7,258887887001e-01;  1,089977359772e+01
  7,237641811371e-01;  1,068560218811e+01
  7,226704955101e-01;  1,076562690735e+01
  7,333772182465e-01;  1,388984394073e+01
  7,457000017166e-01;  1,611529350281e+01
  7,618541121483e-01;  1,877806282043e+01
  7,791506052017e-01;  2,157026290894e+01
  7,948240041733e-01;  2,434761619568e+01
  8,084076642990e-01;  2,694884300232e+01
  8,209812045097e-01;  2,929732322693e+01
  8,321407437325e-01;  3,142095756531e+01
  8,468876481056e-01;  3,425430297852e+01
  8,594473004341e-01;  3,669403076172e+01
  8,699311017990e-01;  3,878921508789e+01
  8,813413381577e-01;  4,111246871948e+01
  8,924172520638e-01;  4,337443161011e+01
  9,027686715126e-01;  4,557170104980e+01
  9,123956561089e-01;  4,754706192017e+01
  9,177106618881e-01;  4,860335922241e+01
  9,207617640495e-01;  4,914241409302e+01
  9,225868582726e-01;  4,923227310181e+01
  9,226773977280e-01;  4,899354171753e+01
  9,080001115799e-01;  4,338015365601e+01
  8,944721817970e-01;  4,009023284912e+01
  8,791192173958e-01;  3,658998870850e+01
  8,644349575043e-01;  3,335482406616e+01
  8,518753051758e-01;  3,057709121704e+01
  8,408063650131e-01;  2,827793312073e+01
  8,263589739799e-01;  2,553971099854e+01
  8,144401907921e-01;  2,337293815613e+01
  8,038449287415e-01;  2,163525390625e+01
  7,924764752388e-01;  1,976178169250e+01
  7,804950475693e-01;  1,794393539429e+01
  7,704431414604e-01;  1,652936935425e+01
  7,599384188652e-01;  1,504968738556e+01
  7,491620779037e-01;  1,363616180420e+01
  7,407262921333e-01;  1,260007762909e+01
  7,350142002106e-01;  1,192811298370e+01
  7,306953072548e-01;  1,142174530029e+01
  7,274212837219e-01;  1,105356597900e+01
  7,249622941017e-01;  1,079107856750e+01
  7,230675816536e-01;  1,064363384247e+01
  7,227192521095e-01;  1,085128784180e+01
  7,362819910049e-01;  1,439663887024e+01
  7,494546771049e-01;  1,675626373291e+01
  7,664655447006e-01;  1,947756576538e+01
  7,832744717598e-01;  2,227089500427e+01
  7,984811663628e-01;  2,501983070374e+01
  8,116677403450e-01;  2,755086135864e+01
  8,238790631294e-01;  2,984126663208e+01
  8,347460031509e-01;  3,191290473938e+01
  8,491725325584e-01;  3,467969131470e+01
  8,613978028297e-01;  3,706640625000e+01
  8,715541958809e-01;  3,910620498657e+01
  8,826509714127e-01;  4,136795425415e+01
  8,934203386307e-01;  4,356156158447e+01
  9,034304618835e-01;  4,569339752197e+01
  9,127787947655e-01;  4,761442565918e+01
  9,179753661156e-01;  4,864177703857e+01
  9,209359288216e-01;  4,916176223755e+01
  9,227331280708e-01;  4,915703201294e+01
  9,116085171700e-01;  4,426862335205e+01
  8,988259434700e-01;  4,113358688354e+01
  8,839884400368e-01;  3,764004516602e+01
  8,686354160309e-01;  3,428841018677e+01
  8,555463552475e-01;  3,136112594604e+01
  8,440524935722e-01;  2,891979598999e+01
  8,337568044662e-01;  2,691230964661e+01
  8,206399083138e-01;  2,446737098694e+01
  8,094804286957e-01;  2,251451110840e+01
  7,967605590820e-01;  2,045827674866e+01
  7,865693569183e-01;  1,883485794067e+01
  7,754725813866e-01;  1,721328163147e+01
  7,651629447937e-01;  1,575081443787e+01
  7,542960047722e-01;  1,429812240601e+01
  7,442302107811e-01;  1,301625061035e+01
  7,375289201736e-01;  1,220395946503e+01
  7,326666712761e-01;  1,164083671570e+01
  7,289259433746e-01;  1,120488643646e+01
  7,260977625847e-01;  1,090514183044e+01
  7,239940762520e-01;  1,068402194977e+01
  7,229003906250e-01;  1,080257511139e+01
  7,347146868706e-01;  1,409639549255e+01
  7,473509311676e-01;  1,637791633606e+01
  7,638881802559e-01;  1,906736946106e+01
  7,809965610504e-01;  2,186234664917e+01
  7,965167760849e-01;  2,463313484192e+01
  8,099123239517e-01;  2,720489120483e+01
  8,223605155945e-01;  2,952790641785e+01
  8,333528041840e-01;  3,162948036194e+01
  8,479673862457e-01;  3,443313598633e+01
  8,603668212891e-01;  3,685149002075e+01
  8,707112669945e-01;  3,892685317993e+01
  8,820031285286e-01;  4,122064971924e+01
  8,928909301758e-01;  4,345179748535e+01
  9,031170010567e-01;  4,561909866333e+01
  9,126464128494e-01;  4,757835006714e+01
  9,179196357727e-01;  4,861642837524e+01
  9,209150075912e-01;  4,915027999878e+01
  9,227122664452e-01;  4,924894332886e+01
  9,228167533875e-01;  4,902616119385e+01
  9,087733626366e-01;  4,353561782837e+01
  8,953638672829e-01;  4,026916122437e+01
  8,800944685936e-01;  3,676549148560e+01
  8,652708530426e-01;  3,350983047485e+01
  8,526206612587e-01;  3,070623779297e+01
  8,415099382401e-01;  2,838386535645e+01
  8,314580321312e-01;  2,646718215942e+01
  8,187590837479e-01;  2,411454391479e+01
  8,078225255013e-01;  2,223481941223e+01
  7,954927682877e-01;  2,023371887207e+01
  7,854199409485e-01;  1,865392875671e+01
  7,745181918144e-01;  1,707368087769e+01
  7,645011544228e-01;  1,565323257446e+01
  7,537944912910e-01;  1,421846199036e+01
  7,439028024673e-01;  1,297038650513e+01
  7,373129725456e-01;  1,217166042328e+01
  7,325412631035e-01;  1,160619640350e+01
  7,288841605186e-01;  1,118141555786e+01
  7,260977625847e-01;  1,088665771484e+01
  7,240428328514e-01;  1,067659568787e+01
  7,229421734810e-01;  1,085111045837e+01
  7,365049123764e-01;  1,439996910095e+01
  7,496984601021e-01;  1,676076889038e+01
  7,666954398155e-01;  1,948616409302e+01
  7,835322022438e-01;  2,228510856628e+01
  7,987110018730e-01;  2,503459358215e+01
  8,119115233421e-01;  2,756744003296e+01
  8,241577148438e-01;  2,985655403137e+01
  8,349758386612e-01;  3,192658996582e+01
  8,493815064430e-01;  3,469072341919e+01
  8,615510463715e-01;  3,707461547852e+01
  8,716934919357e-01;  3,911943054199e+01
  8,827902674675e-01;  4,137755203247e+01
  8,935178518295e-01;  4,356745147705e+01
  9,046982526779e-01;  4,592979431152e+01
  9,135519862175e-01;  4,774818801880e+01
  9,184281826019e-01;  4,870521163940e+01
  9,212493896484e-01;  4,919952774048e+01
  9,228167533875e-01;  4,920264434814e+01
  9,070109724998e-01;  4,308637237549e+01
  8,932601213455e-01;  3,975207519531e+01
  8,777747750282e-01;  3,625867462158e+01
  8,633342981339e-01;  3,306357574463e+01
  8,509140014648e-01;  3,033023834229e+01
  8,400122523308e-01;  2,807689857483e+01
  8,257598876953e-01;  2,538580894470e+01
  8,139525651932e-01;  2,325356292725e+01
  8,034479022026e-01;  2,153987121582e+01
  7,922187447548e-01;  1,968756294250e+01
  7,802860140800e-01;  1,788294029236e+01
  7,687016129494e-01;  1,625080680847e+01
  7,585661411285e-01;  1,484101486206e+01
  7,482216954231e-01;  1,350122261047e+01
  7,401202917099e-01;  1,250918102264e+01
  7,346659302711e-01;  1,185203361511e+01
  7,304863333702e-01;  1,137120056152e+01
  7,273516654968e-01;  1,101624965668e+01
  7,249135375023e-01;  1,076718330383e+01
  7,230675816536e-01;  1,073862266541e+01
  7,382464408875e-01;  1,471750736237e+01
  7,519832849503e-01;  1,715220260620e+01
  7,693773508072e-01;  1,990076637268e+01
  7,858867049217e-01;  2,270037841797e+01
  8,007311820984e-01;  2,542791175842e+01
  8,137784004211e-01;  2,792165946960e+01
  8,257946968079e-01;  3,017577743530e+01
  8,364387154579e-01;  3,221470260620e+01
  8,506005406380e-01;  3,493276977539e+01
  8,626028895378e-01;  3,727740859985e+01
  8,754899501801e-01;  3,989043807983e+01
  8,858692049980e-01;  4,199608612061e+01
  8,973003625870e-01;  4,435327148438e+01
  9,082369804382e-01;  4,664964294434e+01
  9,154328107834e-01;  4,812697219849e+01
  9,195427298546e-01;  4,891009902954e+01
  9,219042062759e-01;  4,929258728027e+01
  9,229072928429e-01;  4,913535690308e+01
  9,112044572830e-01;  4,412829589844e+01
  8,983035087585e-01;  4,096667861938e+01
  8,833823800087e-01;  3,746616363525e+01
  8,681060075760e-01;  3,413227081299e+01
  8,551353812218e-01;  3,123211097717e+01
  8,437390327454e-01;  2,881538009644e+01
  8,334990739822e-01;  2,682829666138e+01
  8,204866647720e-01;  2,440703582764e+01
  8,093202114105e-01;  2,247197914124e+01
  7,966769933701e-01;  2,042210006714e+01
  7,864857316017e-01;  1,880064964294e+01
  7,754934430122e-01;  1,719175720215e+01
  7,651977539063e-01;  1,574590587616e+01
  7,543865442276e-01;  1,429101943970e+01
  7,443207502365e-01;  1,301825714111e+01
  7,376125454903e-01;  1,219632148743e+01
  7,327920794487e-01;  1,162687206268e+01
  7,290791869164e-01;  1,120063018799e+01
  7,262927889824e-01;  1,089582157135e+01
  7,241473197937e-01;  1,068584156036e+01
  7,230884432793e-01;  1,081265640259e+01
  7,354460954666e-01;  1,419388484955e+01
  7,482774257660e-01;  1,650298500061e+01
  7,649330496788e-01;  1,920856094360e+01
  7,819300293922e-01;  2,200356674194e+01
  7,973526716232e-01;  2,476363372803e+01
  8,106367588043e-01;  2,732084465027e+01
  8,229874372482e-01;  2,963476562500e+01
  8,339588046074e-01;  3,172178459167e+01
  8,484898209572e-01;  3,451346206665e+01
  8,608614206314e-01;  3,691836929321e+01
  8,711361885071e-01;  3,897848510742e+01
  8,823513984680e-01;  4,126417541504e+01
  8,932043910027e-01;  4,348592758179e+01
  9,033050537109e-01;  4,563793563843e+01
  9,127996563911e-01;  4,758856582642e+01
  9,180032610893e-01;  4,862341690063e+01
  9,210404157639e-01;  4,915557098389e+01
  9,228515625000e-01;  4,929618835449e+01
  9,229908585548e-01;  4,911854171753e+01
  9,107517004013e-01;  4,399167251587e+01
  8,976626396179e-01;  4,080111694336e+01
  8,826718330383e-01;  3,729790878296e+01
  8,675138950348e-01;  3,398085403442e+01
  8,546059727669e-01;  3,110456466675e+01
  8,432514071465e-01;  2,871133804321e+01
  8,330811262131e-01;  2,674061393738e+01
  8,201383352280e-01;  2,433311271667e+01
  8,090415596962e-01;  2,240904235840e+01
  7,964470982552e-01;  2,037508773804e+01
  7,863464355469e-01;  1,876882362366e+01
  7,753192782402e-01;  1,716682052612e+01
  7,651002407074e-01;  1,572325801849e+01
  7,543169260025e-01;  1,427439785004e+01
  7,443207502365e-01;  1,300259494781e+01
  7,376264333725e-01;  1,219301700592e+01
  7,328199148178e-01;  1,162633609772e+01
  7,291140556335e-01;  1,120082473755e+01
  7,263067364693e-01;  1,089753246307e+01
  7,242030501366e-01;  1,068573856354e+01
  7,230884432793e-01;  1,079974746704e+01
  7,349097132683e-01;  1,408901214600e+01
  7,475460171700e-01;  1,636952590942e+01
  7,640274763107e-01;  1,905957794189e+01
  7,811707258224e-01;  2,185669517517e+01
  7,966560721397e-01;  2,462602996826e+01
  8,100655674934e-01;  2,720045471191e+01
  8,225067853928e-01;  2,952528762817e+01
  8,335269689560e-01;  3,162524986267e+01
  8,481067419052e-01;  3,442794799805e+01
  8,605130910873e-01;  3,684677124023e+01
  8,708366751671e-01;  3,892192840576e+01
  8,821424245834e-01;  4,121642303467e+01
  8,930302262306e-01;  4,344361495972e+01
  9,032562971115e-01;  4,561735534668e+01
  9,127787947655e-01;  4,757015991211e+01
  9,180450439453e-01;  4,861954879761e+01
  9,210543632507e-01;  4,914908599854e+01
  9,228793978691e-01;  4,925046157837e+01
  9,230117797852e-01;  4,902983093262e+01
  9,089404940605e-01;  4,353901290894e+01
  8,955379724503e-01;  4,027357864380e+01
  8,802685737610e-01;  3,676681900024e+01
  8,654380440712e-01;  3,350687026978e+01
  8,527948260307e-01;  3,070367240906e+01
  8,416841030121e-01;  2,838583755493e+01
  8,316461443901e-01;  2,646878814697e+01
  8,189541101456e-01;  2,412278175354e+01
  8,079966902733e-01;  2,224362182617e+01
  7,956320643425e-01;  2,024445915222e+01
  7,855801582336e-01;  1,865944671631e+01
  7,747132778168e-01;  1,707856941223e+01
  7,646753191948e-01;  1,565143775940e+01
  7,539825439453e-01;  1,422055435181e+01
  7,440908551216e-01;  1,297288894653e+01
  7,374592423439e-01;  1,217134857178e+01
  7,327014803886e-01;  1,161287879944e+01
  7,290234565735e-01;  1,118580722809e+01
  7,262789011002e-01;  1,088305568695e+01
  7,241821289063e-01;  1,067057609558e+01
  7,232974767685e-01;  1,078823184967e+01
  7,345057129860e-01;  1,399579429626e+01
  7,469677925110e-01;  1,624998474121e+01
  7,632821202278e-01;  1,892684555054e+01
  7,805228829384e-01;  2,172243690491e+01
  7,960987687111e-01;  2,449561500549e+01
  8,095431327820e-01;  2,708109283447e+01
  8,220679163933e-01;  2,941459274292e+01
  8,330880999565e-01;  3,152683448792e+01
  8,431051373482e-01;  3,345256042480e+01
  8,563126325607e-01;  3,600611114502e+01
  8,674233555794e-01;  3,820545196533e+01
  8,793908953667e-01;  4,063820648193e+01
  8,910449743271e-01;  4,301668167114e+01
  9,020023941994e-01;  4,533176422119e+01
  9,120891690254e-01;  4,741711807251e+01
  9,176967740059e-01;  4,853564453125e+01
  9,208662509918e-01;  4,910532379150e+01
  9,227818846703e-01;  4,930380249023e+01
  9,229351282120e-01;  4,915545654297e+01
  9,118801355362e-01;  4,426182937622e+01
  8,990836739540e-01;  4,112616729736e+01
  8,842531442642e-01;  3,763198852539e+01
  8,689070940018e-01;  3,428051757813e+01
  8,558250069618e-01;  3,135892486572e+01
  8,443450927734e-01;  2,891691970825e+01
  8,340702652931e-01;  2,690991020203e+01
  8,209533691406e-01;  2,446729469299e+01
  8,098078370094e-01;  2,251589965820e+01
  7,970392107964e-01;  2,045765495300e+01
  7,868480086327e-01;  1,883199501038e+01
  7,758626341820e-01;  1,721840667725e+01
  7,654972672462e-01;  1,575772666931e+01
  7,546303868294e-01;  1,430111980438e+01
  7,445924282074e-01;  1,302686309814e+01
  7,378215193748e-01;  1,221274852753e+01
  7,329453229904e-01;  1,163291358948e+01
  7,292324304581e-01;  1,120559120178e+01
  7,264321446419e-01;  1,090216445923e+01
  7,242866158485e-01;  1,068193912506e+01
  7,232626080513e-01;  1,078368568420e+01
  7,344917654991e-01;  1,399409484863e+01
  7,469120621681e-01;  1,624686813354e+01
  7,632263898849e-01;  1,892422866821e+01
  7,804671525955e-01;  2,171369743347e+01
  7,960082292557e-01;  2,448407745361e+01
  8,094734549522e-01;  2,706745719910e+01
  8,219425082207e-01;  2,940195465088e+01
  8,330463171005e-01;  3,151132965088e+01
  8,477236032486e-01;  3,433125305176e+01
  8,602135777473e-01;  3,676238250732e+01
  8,705928921700e-01;  3,884701538086e+01
  8,819891810417e-01;  4,115888977051e+01
  8,929606080055e-01;  4,340526580811e+01
  9,032562971115e-01;  4,558735656738e+01
  9,128205776215e-01;  4,755430221558e+01
  9,181286096573e-01;  4,860372924805e+01
  9,211449027061e-01;  4,914525222778e+01
  9,229699969292e-01;  4,921638107300e+01
  9,078120589256e-01;  4,324502182007e+01
  8,941656947136e-01;  3,993352508545e+01
  8,787151575089e-01;  3,643075180054e+01
  8,641911149025e-01;  3,321134185791e+01
  8,516663312912e-01;  3,045143699646e+01
  8,407227993011e-01;  2,817484283447e+01
  8,263380527496e-01;  2,546167945862e+01
  8,145098686218e-01;  2,331651306152e+01
  8,039912581444e-01;  2,159053421021e+01
  7,926297187805e-01;  1,972548866272e+01
  7,807040214539e-01;  1,791245841980e+01
  7,706729769707e-01;  1,650148010254e+01
  7,602519392967e-01;  1,503197193146e+01
  7,495104074478e-01;  1,363157463074e+01
  7,411094307899e-01;  1,259075546265e+01
  7,354112863541e-01;  1,192243671417e+01
  7,310784459114e-01;  1,141680622101e+01
  7,278671264648e-01;  1,105310630798e+01
  7,253803014755e-01;  1,078706741333e+01
  7,235064506531e-01;  1,066218376160e+01
  7,233462333679e-01;  1,075476551056e+01
  7,334817051888e-01;  1,379524517059e+01
  7,455955147743e-01;  1,599443435669e+01
  7,615963220596e-01;  1,864395141602e+01
  7,789903879166e-01;  2,143803024292e+01
  7,946847081184e-01;  2,422488594055e+01
  8,083589076996e-01;  2,684021186829e+01
  8,209881782532e-01;  2,919919967651e+01
  8,321685791016e-01;  3,133079528809e+01
  8,422065377235e-01;  3,327452468872e+01
  8,555812239647e-01;  3,584959030151e+01
  8,668312430382e-01;  3,807071304321e+01
  8,789241909981e-01;  4,053512573242e+01
  8,907175660133e-01;  4,294293212891e+01
  9,018282890320e-01;  4,528298568726e+01
  9,119985699654e-01;  4,738650894165e+01
  9,176967740059e-01;  4,851047515869e+01
  9,209359288216e-01;  4,910134506226e+01
  9,228515625000e-01;  4,934761810303e+01
  9,231302142143e-01;  4,908651733398e+01
  9,103198051453e-01;  4,384154510498e+01
  8,971192836761e-01;  4,062222671509e+01
  8,819891810417e-01;  3,711325836182e+01
  8,669078946114e-01;  3,381260681152e+01
  8,541183471680e-01;  3,095918273926e+01
  8,428543806076e-01;  2,858746910095e+01
  8,327327966690e-01;  2,663669204712e+01
  8,198388218880e-01;  2,425248908997e+01
  8,087977766991e-01;  2,234263992310e+01
  7,963077425957e-01;  2,032102012634e+01
  7,862071394920e-01;  1,872274017334e+01
  7,752496600151e-01;  1,712724685669e+01
  7,650793194771e-01;  1,569100570679e+01
  7,543308138847e-01;  1,424994850159e+01
  7,443904280663e-01;  1,299072933197e+01
  7,377170324326e-01;  1,218303012848e+01
  7,328686714172e-01;  1,161952972412e+01
  7,292324304581e-01;  1,118912982941e+01
  7,264460921288e-01;  1,088590717316e+01
  7,243562936783e-01;  1,067254734039e+01
  7,234646081924e-01;  1,078795337677e+01
  7,347146868706e-01;  1,400212669373e+01
  7,471837401390e-01;  1,625656890869e+01
  7,635607719421e-01;  1,893579673767e+01
  7,807318568230e-01;  2,173262023926e+01
  7,963077425957e-01;  2,450718688965e+01
  8,098217248917e-01;  2,709417343140e+01
  8,223117589951e-01;  2,943081665039e+01
  8,333876132965e-01;  3,154166793823e+01
  8,480370640755e-01;  3,436037445068e+01
  8,605409860611e-01;  3,678999710083e+01
  8,709411621094e-01;  3,887905502319e+01
  8,822678327560e-01;  4,118699264526e+01
  8,932043910027e-01;  4,342528152466e+01
  9,034792184830e-01;  4,560506057739e+01
  9,130295515060e-01;  4,756850051880e+01
  9,182888269424e-01;  4,862410354614e+01
  9,213190674782e-01;  4,915037536621e+01
  9,230884313583e-01;  4,921577072144e+01
  9,079653024673e-01;  4,323428726196e+01
  8,942493200302e-01;  3,992013549805e+01
  8,788057565689e-01;  3,641841888428e+01
  8,642747402191e-01;  3,319520187378e+01
  8,517708182335e-01;  3,043679809570e+01
  8,407924771309e-01;  2,815896606445e+01
  8,264216780663e-01;  2,544381141663e+01
  8,145655989647e-01;  2,329934501648e+01
  8,041096329689e-01;  2,157233428955e+01
  7,926993966103e-01;  1,971094322205e+01
  7,808085083961e-01;  1,790560531616e+01
  7,707914113998e-01;  1,650030326843e+01
  7,603424787521e-01;  1,502979183197e+01
  7,496497035027e-01;  1,362448978424e+01
  7,411999702454e-01;  1,259077835083e+01
  7,355227470398e-01;  1,190369415283e+01
  7,312526106834e-01;  1,141043567657e+01
  7,280133962631e-01;  1,104684066772e+01
  7,255753278732e-01;  1,078709411621e+01
  7,236596941948e-01;  1,069355201721e+01
  7,234855294228e-01;  1,082178783417e+01
  7,358849644661e-01;  1,420479774475e+01
  7,486883997917e-01;  1,651210975647e+01
  7,654206752777e-01;  1,921344566345e+01
  7,824245691299e-01;  2,201036834717e+01
  7,978402972221e-01;  2,477575874329e+01
  8,111243844032e-01;  2,733762168884e+01
  8,235307931900e-01;  2,965460395813e+01
  8,344882726669e-01;  3,174752235413e+01
  8,490123152733e-01;  3,454028320313e+01
  8,613629341125e-01;  3,694631958008e+01
  8,716029524803e-01;  3,901060485840e+01
  8,828250765800e-01;  4,129472732544e+01
  8,936572074890e-01;  4,350866699219e+01
  9,037787318230e-01;  4,565644073486e+01
  9,132037162781e-01;  4,760082626343e+01
  9,184072613716e-01;  4,863711929321e+01
  9,213886857033e-01;  4,915985488892e+01
  9,231650233269e-01;  4,919901657104e+01
  9,073592424393e-01;  4,308406829834e+01
  8,935666084290e-01;  3,974906921387e+01
  8,780534267426e-01;  3,624897766113e+01
  8,636547327042e-01;  3,304706954956e+01
  8,511926531792e-01;  3,030948066711e+01
  8,403257131577e-01;  2,805083274841e+01
  8,260245919228e-01;  2,535720252991e+01
  8,142172694206e-01;  2,322921943665e+01
  8,037822842598e-01;  2,151655197144e+01
  7,925113439560e-01;  1,966719627380e+01
  7,806343436241e-01;  1,786654853821e+01
  7,690151333809e-01;  1,622956085205e+01
  7,589283585548e-01;  1,482610034943e+01
  7,486187219620e-01;  1,348330974579e+01
  7,405521273613e-01;  1,249633884430e+01
  7,350699305534e-01;  1,184133625031e+01
  7,309252023697e-01;  1,136842250824e+01
  7,278044223785e-01;  1,101425361633e+01
  7,254360318184e-01;  1,076582908630e+01
  7,235552072525e-01;  1,079735469818e+01
  7,353764176369e-01;  1,409072113037e+01
  7,479987740517e-01;  1,637627792358e+01
  7,645499110222e-01;  1,907015037537e+01
  7,816931605339e-01;  2,186889839172e+01
  7,971645593643e-01;  2,463987350464e+01
  8,105740547180e-01;  2,721663093567e+01
  8,230083584785e-01;  2,954076576233e+01
  8,340354561806e-01;  3,164282608032e+01
  8,486152291298e-01;  3,445114898682e+01
  8,609937429428e-01;  3,686807632446e+01
  8,713243007660e-01;  3,894624328613e+01
  8,825812935829e-01;  4,124083328247e+01
  8,934830427170e-01;  4,347256851196e+01
  9,037230014801e-01;  4,563225173950e+01
  9,132037162781e-01;  4,759397888184e+01
  9,183933138847e-01;  4,862277221680e+01
  9,213886857033e-01;  4,915502929688e+01
  9,231998324394e-01;  4,926743698120e+01
  9,233043789864e-01;  4,906014251709e+01
  9,098809361458e-01;  4,369177246094e+01
  8,965619802475e-01;  4,044683837891e+01
  8,813622593880e-01;  3,693894577026e+01
  8,664341568947e-01;  3,365857696533e+01
  8,537003993988e-01;  3,082676887512e+01
  8,425199985504e-01;  2,847890090942e+01
  8,324332833290e-01;  2,654351615906e+01
  8,196507096291e-01;  2,417717742920e+01
  8,086584210396e-01;  2,228431320190e+01
  7,962381243706e-01;  2,027548408508e+01
  7,861722707748e-01;  1,868601989746e+01
  7,752984166145e-01;  1,710068511963e+01
  7,651489973068e-01;  1,566997432709e+01
  7,544353604317e-01;  1,423190975189e+01
  7,444739937782e-01;  1,297920608521e+01
  7,378702759743e-01;  1,216907310486e+01
  7,330985665321e-01;  1,160431098938e+01
  7,294762730598e-01;  1,119067955017e+01
  7,266898751259e-01;  1,088763618469e+01
  7,246070504189e-01;  1,067321777344e+01
  7,236805558205e-01;  1,074116897583e+01
  7,388733625412e-01;  1,471891593933e+01
  7,526450753212e-01;  1,715348815918e+01
  7,700530290604e-01;  1,990190696716e+01
  7,865693569183e-01;  2,270490074158e+01
  8,013929128647e-01;  2,543436813354e+01
  8,144401907921e-01;  2,793069839478e+01
  8,264912962914e-01;  3,019028663635e+01
  8,371005058289e-01;  3,223220443726e+01
  8,513319492340e-01;  3,495706558228e+01
  8,633134365082e-01;  3,730366897583e+01
  8,761656284332e-01;  3,991735839844e+01
  8,865170478821e-01;  4,202171707153e+01
  8,978716135025e-01;  4,436978149414e+01
  9,088081717491e-01;  4,667322921753e+01
  9,160040020943e-01;  4,815511703491e+01
  9,199954867363e-01;  4,892436981201e+01
  9,223291277885e-01;  4,929748916626e+01
  9,233043789864e-01;  4,911348724365e+01
  9,110651612282e-01;  4,398162841797e+01
  8,979900479317e-01;  4,079002761841e+01
  8,829504847527e-01;  3,728140258789e+01
  8,677925467491e-01;  3,395961761475e+01
  8,548846244812e-01;  3,108171272278e+01
  8,435649275780e-01;  2,868688583374e+01
  8,333876132965e-01;  2,671422386169e+01
  8,204309344292e-01;  2,430932426453e+01
  8,093202114105e-01;  2,238622665405e+01
  7,967605590820e-01;  2,035580444336e+01
  7,866808176041e-01;  1,875045967102e+01
  7,757511734962e-01;  1,715074729919e+01
  7,654764056206e-01;  1,570632076263e+01
  7,547000646591e-01;  1,425733566284e+01
  7,447177767754e-01;  1,298831081390e+01
  7,380443811417e-01;  1,218216896057e+01
  7,332727313042e-01;  1,161375236511e+01
  7,295807600021e-01;  1,119554519653e+01
  7,268083095551e-01;  1,089638042450e+01
  7,247045636177e-01;  1,068489456177e+01
  7,236109375954e-01;  1,081518077850e+01
  7,359685301781e-01;  1,418240070343e+01
  7,487580776215e-01;  1,648859024048e+01
  7,655251622200e-01;  1,919173812866e+01
  7,825290560722e-01;  2,199254989624e+01
  7,979099154472e-01;  2,475735092163e+01
  8,112497925758e-01;  2,731783294678e+01
  8,236352801323e-01;  2,963345336914e+01
  8,345718383789e-01;  3,172611999512e+01
  8,491516113281e-01;  3,452367019653e+01
  8,615022897720e-01;  3,693432235718e+01
  8,717422485352e-01;  3,899889373779e+01
  8,829435110092e-01;  4,128292846680e+01
  8,937965035439e-01;  4,350436401367e+01
  9,039180874825e-01;  4,565595626831e+01
  9,133569598198e-01;  4,760610961914e+01
  9,185117483139e-01;  4,863061904907e+01
  9,215140938759e-01;  4,915656280518e+01
  9,233043789864e-01;  4,919893264771e+01
  9,075124859810e-01;  4,308777618408e+01
  8,937407732010e-01;  3,975136184692e+01
  8,782136440277e-01;  3,625355911255e+01
  8,638219237328e-01;  3,305403518677e+01
  8,514016270638e-01;  3,031599426270e+01
  8,404998779297e-01;  2,805704116821e+01
  8,262127041817e-01;  2,536299133301e+01
  8,144192695618e-01;  2,323003578186e+01
  8,039912581444e-01;  2,151827621460e+01
  7,926854491234e-01;  1,967053985596e+01
  7,808223962784e-01;  1,786970710754e+01
  7,692031860352e-01;  1,623026275635e+01
  7,591234445572e-01;  1,482705116272e+01
  7,488625645638e-01;  1,348428344727e+01
  7,407611608505e-01;  1,249198722839e+01
  7,352928519249e-01;  1,185118389130e+01
  7,311550378799e-01;  1,136597537994e+01
  7,280273437500e-01;  1,101521205902e+01
  7,256310582161e-01;  1,076777839661e+01
  7,237850427628e-01;  1,078277206421e+01
  7,350002527237e-01;  1,399292755127e+01
  7,474345564842e-01;  1,624843597412e+01
  7,638045549393e-01;  1,892744445801e+01
  7,810314297676e-01;  2,172416496277e+01
  7,966003417969e-01;  2,450075340271e+01
  8,100864291191e-01;  2,708893585205e+01
  8,225694894791e-01;  2,942622756958e+01
  8,336314558983e-01;  3,153726577759e+01
  8,482669591904e-01;  3,435690307617e+01
  8,607708215714e-01;  3,679008102417e+01
  8,711571097374e-01;  3,887583541870e+01
  8,824907541275e-01;  4,118558883667e+01
  8,934482336044e-01;  4,342674255371e+01
  9,036881923676e-01;  4,559775543213e+01
  9,132315516472e-01;  4,757635116577e+01
  9,184978604317e-01;  4,861835861206e+01
  9,215071201324e-01;  4,914900970459e+01
  9,233043789864e-01;  4,930247879028e+01
  9,234436750412e-01;  4,914123916626e+01
  9,118523001671e-01;  4,413515853882e+01
  8,988607525826e-01;  4,096772384644e+01
  8,839257359505e-01;  3,746369171143e+01
  8,686633110046e-01;  3,412184143066e+01
  8,557065725327e-01;  3,121730041504e+01
  8,442754149437e-01;  2,879628753662e+01
  8,340145349503e-01;  2,680814170837e+01
  8,209881782532e-01;  2,438406372070e+01
  8,098774552345e-01;  2,244777488708e+01
  7,971924543381e-01;  2,040577507019e+01
  7,870778441429e-01;  1,878806877136e+01
  7,760855555534e-01;  1,717790985107e+01
  7,657759189606e-01;  1,572329521179e+01
  7,550274133682e-01;  1,427703189850e+01
  7,449964284897e-01;  1,300206851959e+01
  7,382742762566e-01;  1,218829727173e+01
  7,334468960762e-01;  1,162298965454e+01
  7,297757863998e-01;  1,120002937317e+01
  7,269893884659e-01;  1,089588642120e+01
  7,248857021332e-01;  1,067979145050e+01
  7,238129377365e-01;  1,085766601563e+01
  7,373269200325e-01;  1,440175437927e+01
  7,505204677582e-01;  1,676147270203e+01
  7,675800919533e-01;  1,948394584656e+01
  7,843890190125e-01;  2,228507614136e+01
  7,995260357857e-01;  2,503850746155e+01
  8,127822875977e-01;  2,757573890686e+01
  8,249936103821e-01;  2,986963272095e+01
  8,358117938042e-01;  3,194397544861e+01
  8,502174019814e-01;  3,471171569824e+01
  8,624078631401e-01;  3,710070800781e+01
  8,725293874741e-01;  3,914223098755e+01
  8,835913538933e-01;  4,140040969849e+01
  8,943189382553e-01;  4,358728408813e+01
  9,054505825043e-01;  4,594979095459e+01
  9,142625331879e-01;  4,777362442017e+01
  9,190690517426e-01;  4,871445846558e+01
  9,218763113022e-01;  4,919881439209e+01
  9,234088659286e-01;  4,922192382813e+01
  9,082996249199e-01;  4,324298095703e+01
  8,946185112000e-01;  3,992689514160e+01
  8,791331648827e-01;  3,642069625854e+01
  8,646230101585e-01;  3,319551467896e+01
  8,520982265472e-01;  3,043577766418e+01
  8,411616683006e-01;  2,815768623352e+01
  8,267699480057e-01;  2,543855857849e+01
  8,149278163910e-01;  2,328910446167e+01
  8,044579625130e-01;  2,156135368347e+01
  7,930685877800e-01;  1,970127487183e+01
  7,812055349350e-01;  1,789406013489e+01
  7,711884975433e-01;  1,648962020874e+01
  7,607395052910e-01;  1,502245998383e+01
  7,500815987587e-01;  1,362177371979e+01
  7,416318655014e-01;  1,257328319550e+01
  7,360103726387e-01;  1,190703773499e+01
  7,317401766777e-01;  1,141298484802e+01
  7,284870743752e-01;  1,104484462738e+01
  7,260769009590e-01;  1,078579330444e+01
  7,241473197937e-01;  1,069213104248e+01
  7,239940762520e-01;  1,082041740417e+01
  7,363516688347e-01;  1,419832134247e+01
  7,491620779037e-01;  1,650820159912e+01
  7,658943533897e-01;  1,921088027954e+01
  7,829052209854e-01;  2,200815963745e+01
  7,982373237610e-01;  2,477578926086e+01
  8,115632534027e-01;  2,734035301208e+01
  8,239487409592e-01;  2,965470886230e+01
  8,349410295486e-01;  3,174646949768e+01
  8,494511246681e-01;  3,454122161865e+01
  8,617809414864e-01;  3,694846725464e+01
  8,720069527626e-01;  3,901324844360e+01
  8,832082152367e-01;  4,129940795898e+01
  8,940402865410e-01;  4,351073837280e+01
  9,041270613670e-01;  4,566178131104e+01
  9,135519862175e-01;  4,761684036255e+01
  9,187207221985e-01;  4,864215087891e+01
  9,216673374176e-01;  4,915932846069e+01
  9,234297275543e-01;  4,919931030273e+01
  9,076727032661e-01;  4,308161926270e+01
  8,938800692558e-01;  3,974573898315e+01
  8,783738613129e-01;  3,624504470825e+01
  8,639612793922e-01;  3,304415893555e+01
  8,515618443489e-01;  3,031124496460e+01
  8,406879305840e-01;  2,805601501465e+01
  8,264216780663e-01;  2,536340141296e+01
  8,145934343338e-01;  2,323478317261e+01
  8,041653633118e-01;  2,151794624329e+01
  7,928386926651e-01;  1,966598701477e+01
  7,810174822807e-01;  1,786666107178e+01
  7,693773508072e-01;  1,622810554504e+01
  7,592975497246e-01;  1,482296276093e+01
  7,490367293358e-01;  1,347595787048e+01
  7,409352660179e-01;  1,248568725586e+01
  7,355227470398e-01;  1,184400939941e+01
  7,313919067383e-01;  1,136204814911e+01
  7,282781004906e-01;  1,101887893677e+01
  7,258887887001e-01;  1,077022361755e+01
  7,240079641342e-01;  1,075444126129e+01
  7,341573834419e-01;  1,379858589172e+01
  7,462224364281e-01;  1,599711990356e+01
  7,622720599174e-01;  1,864672279358e+01
  7,795825004578e-01;  2,144165802002e+01
  7,953464388847e-01;  2,423191261292e+01
  8,090067505836e-01;  2,684494590759e+01
  8,216290473938e-01;  2,920750808716e+01
  8,328024744987e-01;  3,134074401855e+01
  8,428474068642e-01;  3,328260040283e+01
  8,562081456184e-01;  3,585655212402e+01
  8,674442172050e-01;  3,807979583740e+01
  8,795650601387e-01;  4,054849243164e+01
  8,912887573242e-01;  4,295647811890e+01
  9,023646712303e-01;  4,529738616943e+01
  9,125558733940e-01;  4,740539550781e+01
  9,181634783745e-01;  4,853243255615e+01
  9,213886857033e-01;  4,910687255859e+01
  9,232347011566e-01;  4,935580062866e+01
  9,235481619835e-01;  4,911774826050e+01
  9,113298654556e-01;  4,398097610474e+01
  8,982547521591e-01;  4,078799438477e+01
  8,832291364670e-01;  3,727685546875e+01
  8,680711984634e-01;  3,395560455322e+01
  8,551841378212e-01;  3,107787895203e+01
  8,438435196877e-01;  2,868275260925e+01
  8,336871862411e-01;  2,671103096008e+01
  8,207095861435e-01;  2,431187248230e+01
  8,096684813499e-01;  2,239029121399e+01
  7,970392107964e-01;  2,035623168945e+01
  7,869873046875e-01;  1,874934577942e+01
  7,760298252106e-01;  1,715020179749e+01
  7,657759189606e-01;  1,570305252075e+01
  7,550622820854e-01;  1,425807666779e+01
  7,450800538063e-01;  1,298694229126e+01
  7,383996844292e-01;  1,217226028442e+01
  7,335861921310e-01;  1,161817932129e+01
  7,299499511719e-01;  1,119427585602e+01
  7,271775007248e-01;  1,089268016815e+01
  7,250877022743e-01;  1,068061447144e+01
  7,240079641342e-01;  1,083342266083e+01
  7,369785904884e-01;  1,429204177856e+01
  7,499283552170e-01;  1,662486839294e+01
  7,668486833572e-01;  1,933735275269e+01
  7,837481498718e-01;  2,214086341858e+01
  7,990036010742e-01;  2,490303611755e+01
  8,123086094856e-01;  2,745236015320e+01
  8,245896100998e-01;  2,975688934326e+01
  8,354774117470e-01;  3,184072113037e+01
  8,499178886414e-01;  3,461840057373e+01
  8,621988892555e-01;  3,701578521729e+01
  8,723343610764e-01;  3,907039642334e+01
  8,835008144379e-01;  4,134270858765e+01
  8,942493200302e-01;  4,353956985474e+01
  9,043360352516e-01;  4,567505264282e+01
  9,137052297592e-01;  4,762609100342e+01
  9,188809394836e-01;  4,864204406738e+01
  9,217718243599e-01;  4,915991210938e+01
  9,235690832138e-01;  4,923846435547e+01
  9,236874580383e-01;  4,900018692017e+01
  9,090659022331e-01;  4,339091110229e+01
  8,955031633377e-01;  4,009689712524e+01
  8,801501989365e-01;  3,659204101563e+01
  8,654937744141e-01;  3,334971618652e+01
  8,529201745987e-01;  3,056716537476e+01
  8,419070243835e-01;  2,826555252075e+01
  8,274526000023e-01;  2,552828788757e+01
  8,155199289322e-01;  2,336783218384e+01
  8,050221800804e-01;  2,162931632996e+01
  7,935352921486e-01;  1,975627136230e+01
  7,816374301910e-01;  1,793519401550e+01
  7,715576887131e-01;  1,651984786987e+01
  7,611435651779e-01;  1,504952049255e+01
  7,503950595856e-01;  1,363813304901e+01
  7,419314384460e-01;  1,258965969086e+01
  7,362332344055e-01;  1,190686225891e+01
  7,319561243057e-01;  1,141174507141e+01
  7,287448644638e-01;  1,104999828339e+01
  7,263067364693e-01;  1,079033470154e+01
  7,244259119034e-01;  1,065700054169e+01
  7,242169380188e-01;  1,074064540863e+01
  7,393818497658e-01;  1,471644306183e+01
  7,531675100327e-01;  1,714940071106e+01
  7,705267071724e-01;  1,989854812622e+01
  7,870221138000e-01;  2,270264244080e+01
  8,018457293510e-01;  2,543519020081e+01
  8,149068951607e-01;  2,793105506897e+01
  8,269441127777e-01;  3,019051933289e+01
  8,375324010849e-01;  3,223366928101e+01
  8,517290353775e-01;  3,495664596558e+01
  8,637313842773e-01;  3,730626678467e+01
  8,765696883202e-01;  3,991763687134e+01
  8,869350552559e-01;  4,202259826660e+01
  8,982408046722e-01;  4,437530899048e+01
  9,091913104057e-01;  4,667158889771e+01
  9,164080619812e-01;  4,815490341187e+01
  9,204134941101e-01;  4,891768646240e+01
  9,227470755577e-01;  4,929590988159e+01
  9,236526489258e-01;  4,902725982666e+01
  9,096928238869e-01;  4,353785705566e+01
  8,961997628212e-01;  4,027258300781e+01
  8,809443116188e-01;  3,676528930664e+01
  8,661206960678e-01;  3,350162887573e+01
  8,535262346268e-01;  3,069535255432e+01
  8,423946499825e-01;  2,837020683289e+01
  8,323845267296e-01;  2,644950485229e+01
  8,196646571159e-01;  2,410147476196e+01
  8,087629079819e-01;  2,221927261353e+01
  7,963426113129e-01;  2,022117424011e+01
  7,840755581856e-01;  1,829740905762e+01
  7,735917568207e-01;  1,680024528503e+01
  7,626203298569e-01;  1,524525642395e+01
  7,526032924652e-01;  1,392058849335e+01
  7,434291243553e-01;  1,275969028473e+01
  7,373338937759e-01;  1,203028964996e+01
  7,328199148178e-01;  1,150905799866e+01
  7,294065952301e-01;  1,111935615540e+01
  7,268083095551e-01;  1,083875560760e+01
  7,248647809029e-01;  1,064527225494e+01
  7,241194248199e-01;  1,081151390076e+01
  7,364561557770e-01;  1,418200683594e+01
  7,492457032204e-01;  1,649166297913e+01
  7,660127878189e-01;  1,919475173950e+01
  7,829818725586e-01;  2,199531364441e+01
  7,983627319336e-01;  2,476019096375e+01
  8,116468191147e-01;  2,732304191589e+01
  8,240671753883e-01;  2,963943290710e+01
  8,349897861481e-01;  3,173050498962e+01
  8,495347499847e-01;  3,452611160278e+01
  8,618505597115e-01;  3,693113708496e+01
  8,720905184746e-01;  3,899570465088e+01
  8,833266496658e-01;  4,128191375732e+01
  8,941239118576e-01;  4,350141143799e+01
  9,042315483093e-01;  4,565391540527e+01
  9,137052297592e-01;  4,760518264771e+01
  9,188809394836e-01;  4,863518524170e+01
  9,218415021896e-01;  4,915184020996e+01
  9,236526489258e-01;  4,919827270508e+01
  9,078608155251e-01;  4,308230209351e+01
  8,940751552582e-01;  3,974940872192e+01
  8,786315917969e-01;  3,625191497803e+01
  8,642050623894e-01;  3,305120468140e+01
  8,517986536026e-01;  3,031797027588e+01
  8,409178256989e-01;  2,806093788147e+01
  8,266515135765e-01;  2,536540412903e+01
  8,148581385612e-01;  2,323862838745e+01
  8,044788241386e-01;  2,152723503113e+01
  7,931033968925e-01;  1,967974662781e+01
  7,812612652779e-01;  1,787590980530e+01
  7,696071863174e-01;  1,623259544373e+01
  7,595901489258e-01;  1,482958221436e+01
  7,492944598198e-01;  1,348748683929e+01
  7,412139177322e-01;  1,249478912354e+01
  7,356968522072e-01;  1,184132003784e+01
  7,316008806229e-01;  1,135977363586e+01
  7,285219430923e-01;  1,101461410522e+01
  7,261674404144e-01;  1,077530288696e+01
  7,242866158485e-01;  1,078536415100e+01
  7,354600429535e-01;  1,399015522003e+01
  7,478942871094e-01;  1,624550819397e+01
  7,642364501953e-01;  1,892314529419e+01
  7,814284563065e-01;  2,172016716003e+01
  7,970043420792e-01;  2,449653434753e+01
  8,104835152626e-01;  2,708298873901e+01
  8,229734897614e-01;  2,941828727722e+01
  8,340354561806e-01;  3,152856254578e+01
  8,486779332161e-01;  3,434798431396e+01
  8,611679077148e-01;  3,678079605103e+01
  8,715193271637e-01;  3,886564254761e+01
  8,828459978104e-01;  4,117743682861e+01
  8,938522338867e-01;  4,342116546631e+01
  9,040713310242e-01;  4,560152053833e+01
  9,136007428169e-01;  4,758115768433e+01
  9,188600778580e-01;  4,862142181396e+01
  9,218415021896e-01;  4,914830780029e+01
  9,236526489258e-01;  4,928225708008e+01
  9,238128662109e-01;  4,909251403809e+01
  9,109954833984e-01;  4,384195709229e+01
  8,977671265602e-01;  4,062297821045e+01
  8,826718330383e-01;  3,711440277100e+01
  8,676532506943e-01;  3,381386947632e+01
  8,548497557640e-01;  3,096108055115e+01
  8,435997366905e-01;  2,858912467957e+01
  8,334572911263e-01;  2,663595199585e+01
  8,206050992012e-01;  2,424863052368e+01
  8,095779418945e-01;  2,233841896057e+01
  7,970392107964e-01;  2,031803894043e+01
  7,870082259178e-01;  1,871588325500e+01
  7,761343121529e-01;  1,711676979065e+01
  7,658804059029e-01;  1,567859268188e+01
  7,552155256271e-01;  1,424367141724e+01
  7,452960014343e-01;  1,298344898224e+01
  7,386016845703e-01;  1,216779518127e+01
  7,338299751282e-01;  1,160811805725e+01
  7,301868200302e-01;  1,119511413574e+01
  7,274561524391e-01;  1,089697265625e+01
  7,253663539886e-01;  1,067996215820e+01
  7,242866158485e-01;  1,085249042511e+01
  7,377448678017e-01;  1,439387798309e+01
  7,509732246399e-01;  1,675493049622e+01
  7,679702043533e-01;  1,947943687439e+01
  7,847930192947e-01;  2,228247642517e+01
  7,999300956726e-01;  2,503821563721e+01
  8,131305575371e-01;  2,757564735413e+01
  8,253558874130e-01;  2,986985588074e+01
  8,361740112305e-01;  3,194340705872e+01
  8,505448102951e-01;  3,470949172974e+01
  8,627352714539e-01;  3,708865737915e+01
  8,728219866753e-01;  3,912862014771e+01
  8,839396834373e-01;  4,138987731934e+01
  8,945975899696e-01;  4,357596206665e+01
  9,058197736740e-01;  4,594546127319e+01
  9,145620465279e-01;  4,777040100098e+01
  9,194034337997e-01;  4,871836471558e+01
  9,221549630165e-01;  4,919360351563e+01
  9,238616228104e-01;  4,900590133667e+01
  9,092540144920e-01;  4,340105438232e+01
  8,956773281097e-01;  4,010660171509e+01
  8,803034424782e-01;  3,659618377686e+01
  8,656539916992e-01;  3,335160064697e+01
  8,530943393707e-01;  3,056704711914e+01
  8,420532941818e-01;  2,826496315002e+01
  8,276058435440e-01;  2,552324104309e+01
  8,156522512436e-01;  2,336131477356e+01
  8,051754236221e-01;  2,162137031555e+01
  7,936955094337e-01;  1,975021362305e+01
  7,818325161934e-01;  1,793046188354e+01
  7,717666625977e-01;  1,651486968994e+01
  7,613177299500e-01;  1,503979587555e+01
  7,506389021873e-01;  1,363603687286e+01
  7,421404123306e-01;  1,257448005676e+01
  7,365188598633e-01;  1,190126705170e+01
  7,322835326195e-01;  1,140860366821e+01
  7,290443778038e-01;  1,105082511902e+01
  7,266201972961e-01;  1,079206943512e+01
  7,247045636177e-01;  1,067531394958e+01
  7,245513200760e-01;  1,078377151489e+01
  7,357247471809e-01;  1,399106693268e+01
  7,481520175934e-01;  1,624847984314e+01
  7,645359635353e-01;  1,893032836914e+01
  7,817419171333e-01;  2,173135757446e+01
  7,972621321678e-01;  2,451211357117e+01
  8,107482194901e-01;  2,710240554810e+01
  8,232521414757e-01;  2,944009971619e+01
  8,342723250389e-01;  3,155198097229e+01
  8,489426374435e-01;  3,437349319458e+01
  8,614186644554e-01;  3,680332946777e+01
  8,717422485352e-01;  3,889058685303e+01
  8,830689191818e-01;  4,119811630249e+01
  8,940194249153e-01;  4,343594360352e+01
  9,042524099350e-01;  4,561220550537e+01
  9,137958288193e-01;  4,758481979370e+01
  9,190202951431e-01;  4,863031005859e+01
  9,219599366188e-01;  4,914628601074e+01
  9,237571358681e-01;  4,931104278564e+01
  9,238616228104e-01;  4,916541290283e+01
  9,129320383072e-01;  4,428731918335e+01
  9,000797867775e-01;  4,114883041382e+01
  8,851795792580e-01;  3,764620590210e+01
  8,698335886002e-01;  3,428169631958e+01
  8,567723631859e-01;  3,135155296326e+01
  8,452715873718e-01;  2,890452194214e+01
  8,350107073784e-01;  2,689568519592e+01
  8,218589425087e-01;  2,445225524902e+01
  8,107134103775e-01;  2,250086975098e+01
  7,979308366776e-01;  2,044179916382e+01
  7,878232002258e-01;  1,881399154663e+01
  7,768378853798e-01;  1,719680213928e+01
  7,664377093315e-01;  1,573468303680e+01
  7,557101249695e-01;  1,428544807434e+01
  7,456721663475e-01;  1,300323772430e+01
  7,388663887978e-01;  1,217516613007e+01
  7,341086268425e-01;  1,160982799530e+01
  7,304375767708e-01;  1,119600582123e+01
  7,277696132660e-01;  1,090038013458e+01
  7,256450057030e-01;  1,068496417999e+01
  7,245652675629e-01;  1,079743766785e+01
  7,362819910049e-01;  1,408912086487e+01
  7,489182949066e-01;  1,637512779236e+01
  7,654903531075e-01;  1,906883621216e+01
  7,826126813889e-01;  2,186983871460e+01
  7,980701327324e-01;  2,464421272278e+01
  8,114238977432e-01;  2,722216796875e+01
  8,238790631294e-01;  2,955150413513e+01
  8,349201083183e-01;  3,165514945984e+01
  8,494998812675e-01;  3,446780776978e+01
  8,618993163109e-01;  3,688687896729e+01
  8,721601963043e-01;  3,896059036255e+01
  8,834659457207e-01;  4,125656127930e+01
  8,943189382553e-01;  4,348260116577e+01
  9,044544100761e-01;  4,564034271240e+01
  9,139281511307e-01;  4,760563659668e+01
  9,191387295723e-01;  4,863430023193e+01
  9,220644235611e-01;  4,914764022827e+01
  9,238616228104e-01;  4,930374526978e+01
  9,240357875824e-01;  4,914359283447e+01
  9,124096035957e-01;  4,413892364502e+01
  8,994598388672e-01;  4,097241973877e+01
  8,844969272614e-01;  3,746429824829e+01
  8,692414760590e-01;  3,411739349365e+01
  8,562638759613e-01;  3,121088409424e+01
  8,448327183723e-01;  2,878707885742e+01
  8,346275687218e-01;  2,679656600952e+01
  8,215664029121e-01;  2,437355232239e+01
  8,104835152626e-01;  2,243809700012e+01
  7,977706193924e-01;  2,039464759827e+01
  7,876839041710e-01;  1,877382659912e+01
  7,767333984375e-01;  1,715647506714e+01
  7,663819789886e-01;  1,570216083527e+01
  7,557101249695e-01;  1,427172565460e+01
  7,457278966904e-01;  1,299530696869e+01
  7,389360666275e-01;  1,217162322998e+01
  7,341991662979e-01;  1,161123180389e+01
  7,305350899696e-01;  1,119217967987e+01
  7,278044223785e-01;  1,089905738831e+01
  7,257007360458e-01;  1,068585968018e+01
  7,246349453926e-01;  1,078148269653e+01
  7,358292341232e-01;  1,399323272705e+01
  7,482565045357e-01;  1,625213241577e+01
  7,646892666817e-01;  1,893561935425e+01
  7,818673253059e-01;  2,173695945740e+01
  7,974014282227e-01;  2,451752471924e+01
  8,109014630318e-01;  2,710866928101e+01
  8,234053850174e-01;  2,944919776917e+01
  8,344673514366e-01;  3,156227493286e+01
  8,491168022156e-01;  3,438079452515e+01
  8,615858554840e-01;  3,680905914307e+01
  8,719024658203e-01;  3,889171981812e+01
  8,832221627235e-01;  4,120066833496e+01
  8,941796422005e-01;  4,344325637817e+01
  9,044056534767e-01;  4,561665725708e+01
  9,139142036438e-01;  4,758767318726e+01
  9,191387295723e-01;  4,863374328613e+01
  9,221201539040e-01;  4,914998626709e+01
  9,238964319229e-01;  4,921652984619e+01
  9,087663888931e-01;  4,323163986206e+01
  8,950712680817e-01;  3,991717147827e+01
  8,796207308769e-01;  3,641115570068e+01
  8,650966882706e-01;  3,318827438354e+01
  8,526415824890e-01;  3,042934036255e+01
  8,416631817818e-01;  2,814968109131e+01
  8,272784948349e-01;  2,543319320679e+01
  8,154154419899e-01;  2,328984260559e+01
  8,050013184547e-01;  2,156253242493e+01
  7,935562133789e-01;  1,970257186890e+01
  7,817140817642e-01;  1,788714218140e+01
  7,716830968857e-01;  1,647732925415e+01
  7,613177299500e-01;  1,501077747345e+01
  7,507085204124e-01;  1,361418342590e+01
  7,422239780426e-01;  1,256629943848e+01
  7,365815639496e-01;  1,188876628876e+01
  7,323671579361e-01;  1,140355968475e+01
  7,291279435158e-01;  1,104227828979e+01
  7,267595529556e-01;  1,078756141663e+01
  7,249135375023e-01;  1,066591739655e+01
  7,247045636177e-01;  1,076678562164e+01
  7,353555560112e-01;  1,389243793488e+01
  7,476156353951e-01;  1,612052917480e+01
  7,638324499130e-01;  1,878716278076e+01
  7,810801863670e-01;  2,158801651001e+01
  7,967396378517e-01;  2,437388420105e+01
  8,103232979774e-01;  2,697740554810e+01
  8,228829503059e-01;  2,933009147644e+01
  8,340006470680e-01;  3,145383644104e+01
  8,440107107162e-01;  3,339000701904e+01
  8,572739362717e-01;  3,595837783813e+01
  8,684194684029e-01;  3,816836929321e+01
  8,804218173027e-01;  4,061821746826e+01
  8,921246528625e-01;  4,300692749023e+01
  9,030821323395e-01;  4,533072662354e+01
  9,131827950478e-01;  4,742713165283e+01
  9,187555909157e-01;  4,854521942139e+01
  9,218763113022e-01;  4,911119079590e+01
  9,237571358681e-01;  4,935364151001e+01
  9,240566492081e-01;  4,911614608765e+01
  9,118801355362e-01;  4,398736572266e+01
  8,987771868706e-01;  4,079520034790e+01
  8,837167620659e-01;  3,728912353516e+01
  8,685796856880e-01;  3,396543502808e+01
  8,557205200195e-01;  3,108639907837e+01
  8,443520665169e-01;  2,868875122070e+01
  8,341747522354e-01;  2,671447372437e+01
  8,212110996246e-01;  2,430573081970e+01
  8,101561069489e-01;  2,238042640686e+01
  7,975476980209e-01;  2,034737205505e+01
  7,874957919121e-01;  1,873728370667e+01
  7,766079902649e-01;  1,713601493835e+01
  7,663332223892e-01;  1,569072723389e+01
  7,556543946266e-01;  1,425301456451e+01
  7,457139492035e-01;  1,298838329315e+01
  7,389708757401e-01;  1,216807174683e+01
  7,341852784157e-01;  1,160768413544e+01
  7,305560112000e-01;  1,118680763245e+01
  7,278392910957e-01;  1,089046001434e+01
  7,257494926453e-01;  1,068047332764e+01
  7,247045636177e-01;  1,085262489319e+01
  7,381628155708e-01;  1,439716243744e+01
  7,513563632965e-01;  1,676053619385e+01
  7,684299349785e-01;  1,948729133606e+01
  7,852458357811e-01;  2,229533767700e+01
  8,003410696983e-01;  2,505210876465e+01
  8,136181831360e-01;  2,759209060669e+01
  8,258086442947e-01;  2,988655853271e+01
  8,366476893425e-01;  3,196093559265e+01
  8,509975671768e-01;  3,472781372070e+01
  8,632089495659e-01;  3,711008834839e+01
  8,732608556747e-01;  3,915356063843e+01
  8,843924403191e-01;  4,140806579590e+01
  8,950155377388e-01;  4,358967590332e+01
  9,050326347351e-01;  4,571580886841e+01
  9,143112897873e-01;  4,764366531372e+01
  9,194382429123e-01;  4,866221237183e+01
  9,222942590714e-01;  4,915533828735e+01
  9,240915179253e-01;  4,920422363281e+01
  9,083344936371e-01;  4,309170532227e+01
  8,944931030273e-01;  3,975352096558e+01
  8,790147304535e-01;  3,625127029419e+01
  8,645882010460e-01;  3,304460906982e+01
  8,522027134895e-01;  3,030945968628e+01
  8,413009643555e-01;  2,804954147339e+01
  8,269998431206e-01;  2,535313796997e+01
  8,151715993881e-01;  2,322040176392e+01
  8,048271536827e-01;  2,150334548950e+01
  7,934656739235e-01;  1,965786361694e+01
  7,816374301910e-01;  1,785777664185e+01
  7,699694633484e-01;  1,621109199524e+01
  7,587403059006e-01;  1,464239883423e+01
  7,478873133659e-01;  1,324407386780e+01
  7,403780221939e-01;  1,232952594757e+01
  7,352789044380e-01;  1,172147941589e+01
  7,314267158508e-01;  1,127498340607e+01
  7,284801602364e-01;  1,095433807373e+01
  7,263206839561e-01;  1,072221755981e+01
  7,248439192772e-01;  1,083633232117e+01
  7,377239465714e-01;  1,430154514313e+01
  7,507503628731e-01;  1,663954734802e+01
  7,676358222961e-01;  1,935560607910e+01
  7,845143675804e-01;  2,215894508362e+01
  7,997559309006e-01;  2,492409706116e+01
  8,130609393120e-01;  2,747625923157e+01
  8,253419399261e-01;  2,978313636780e+01
  8,362297415733e-01;  3,186678314209e+01
  8,506702184677e-01;  3,464954757690e+01
  8,629512190819e-01;  3,704306030273e+01
  8,730309605598e-01;  3,909734725952e+01
  8,841974139214e-01;  4,136895370483e+01
  8,949319720268e-01;  4,356416702271e+01
  9,049490094185e-01;  4,569620513916e+01
  9,142833948135e-01;  4,763814163208e+01
  9,194034337997e-01;  4,864994812012e+01
  9,222942590714e-01;  4,915574645996e+01
  9,241054654121e-01;  4,923580932617e+01
  9,241750836372e-01;  4,900109100342e+01
  9,096232056618e-01;  4,339540863037e+01
  8,960255980492e-01;  4,010479736328e+01
  8,806517124176e-01;  3,659480285645e+01
  8,659674525261e-01;  3,334702682495e+01
  8,534217476845e-01;  3,056087493896e+01
  8,423458337784e-01;  2,825488853455e+01
  8,279054164886e-01;  2,550992774963e+01
  8,159587979317e-01;  2,334472465515e+01
  8,054889440536e-01;  2,160663414001e+01
  7,939741611481e-01;  1,974107742310e+01
  7,820972204208e-01;  1,792377281189e+01
  7,720592617989e-01;  1,650384712219e+01
  7,616311907768e-01;  1,503406047821e+01
  7,509523630142e-01;  1,363052749634e+01
  7,424538731575e-01;  1,257086181641e+01
  7,367765903473e-01;  1,189852905273e+01
  7,325412631035e-01;  1,140673160553e+01
  7,293369174004e-01;  1,104213237762e+01
  7,269685268402e-01;  1,078260898590e+01
  7,250877022743e-01;  1,069704532623e+01
  7,249135375023e-01;  1,083475208282e+01
  7,377936244011e-01;  1,430488395691e+01
  7,508339285851e-01;  1,664424133301e+01
  7,677194476128e-01;  1,936187744141e+01
  7,845979928970e-01;  2,216586875916e+01
  7,998394966125e-01;  2,492726898193e+01
  8,131096959114e-01;  2,747835922241e+01
  8,254116177559e-01;  2,978455924988e+01
  8,362994194031e-01;  3,186567306519e+01
  8,507189750671e-01;  3,464757919312e+01
  8,629999756813e-01;  3,704059982300e+01
  8,731006383896e-01;  3,909337997437e+01
  8,842670321465e-01;  4,136707687378e+01
  8,949946761131e-01;  4,356441116333e+01
  9,050465226173e-01;  4,569993591309e+01
  9,143530726433e-01;  4,763157272339e+01
  9,194521903992e-01;  4,865474319458e+01
  9,223291277885e-01;  4,915498352051e+01
  9,241263270378e-01;  4,927104568481e+01
  9,242795705795e-01;  4,906853485107e+01
  9,109119176865e-01;  4,370663070679e+01
  8,975442051888e-01;  4,045864868164e+01
  8,823375105858e-01;  3,694224166870e+01
  8,673954606056e-01;  3,365377044678e+01
  8,546965122223e-01;  3,082020568848e+01
  8,434952497482e-01;  2,846860885620e+01
  8,334293961525e-01;  2,652956199646e+01
  8,206189870834e-01;  2,416068649292e+01
  8,096684813499e-01;  2,226577758789e+01
  7,971785068512e-01;  2,025918579102e+01
  7,848626971245e-01;  1,831851768494e+01
  7,744137048721e-01;  1,680701828003e+01
  7,633517980576e-01;  1,524922466278e+01
  7,523106932640e-01;  1,378597068787e+01
  7,433942556381e-01;  1,267675685883e+01
  7,374731898308e-01;  1,196437931061e+01
  7,331055402756e-01;  1,145225143433e+01
  7,297897338867e-01;  1,108292675018e+01
  7,273377180099e-01;  1,081966209412e+01
  7,254011631012e-01;  1,063562393188e+01
  7,248717546463e-01;  1,083365154266e+01
  7,377448678017e-01;  1,429027843475e+01
  7,507642507553e-01;  1,662740516663e+01
  7,676637172699e-01;  1,934613227844e+01
  7,845979928970e-01;  2,215504074097e+01
  7,998394966125e-01;  2,492203330994e+01
  8,131305575371e-01;  2,747439002991e+01
  8,254672884941e-01;  2,978273200989e+01
  8,362994194031e-01;  3,186889457703e+01
  8,507398366928e-01;  3,464970397949e+01
  8,629999756813e-01;  3,704383468628e+01
  8,731354475021e-01;  3,909650802612e+01
  8,843019008636e-01;  4,136943054199e+01
  8,950155377388e-01;  4,356746292114e+01
  9,050534963608e-01;  4,570493316650e+01
  9,143670201302e-01;  4,763470458984e+01
  9,195079207420e-01;  4,865600967407e+01
  9,223778843880e-01;  4,916405868530e+01
  9,241402745247e-01;  4,925283813477e+01
  9,242795705795e-01;  4,903308105469e+01
  9,103198051453e-01;  4,354730606079e+01
  8,968058228493e-01;  4,027462768555e+01
  8,815015554428e-01;  3,676021575928e+01
  8,666919469833e-01;  3,349230957031e+01
  8,540626168251e-01;  3,068250656128e+01
  8,429379463196e-01;  2,835361862183e+01
  8,329209089279e-01;  2,643121719360e+01
  8,201662302017e-01;  2,407983779907e+01
  8,092853426933e-01;  2,219276046753e+01
  7,968650460243e-01;  2,019974327087e+01
  7,846049666405e-01;  1,827171134949e+01
  7,741699218750e-01;  1,677069091797e+01
  7,631984949112e-01;  1,522839927673e+01
  7,521853446960e-01;  1,377097606659e+01
  7,433246374130e-01;  1,266600036621e+01
  7,374383807182e-01;  1,195583534241e+01
  7,330637574196e-01;  1,144605159760e+01
  7,297897338867e-01;  1,107956123352e+01
  7,273167967796e-01;  1,080925655365e+01
  7,254011631012e-01;  1,063637924194e+01
  7,250180244446e-01;  1,078372573853e+01
  7,362681031227e-01;  1,399929332733e+01
  7,486883997917e-01;  1,625926780701e+01
  7,651280760765e-01;  1,894077682495e+01
  7,823340296745e-01;  2,174498939514e+01
  7,978542447090e-01;  2,452718544006e+01
  8,113333582878e-01;  2,712047576904e+01
  8,238442540169e-01;  2,946139335632e+01
  8,349062204361e-01;  3,157670593262e+01
  8,495695590973e-01;  3,440184020996e+01
  8,620386719704e-01;  3,683071517944e+01
  8,723204135895e-01;  3,891852188110e+01
  8,836749792099e-01;  4,122562408447e+01
  8,945975899696e-01;  4,345949172974e+01
  9,048027396202e-01;  4,562859725952e+01
  9,142833948135e-01;  4,760069656372e+01
  9,195079207420e-01;  4,863913726807e+01
  9,223987460136e-01;  4,915134429932e+01
  9,241960048676e-01;  4,927944183350e+01
  9,243144392967e-01;  4,909052658081e+01
  9,115527868271e-01;  4,383782958984e+01
  8,982895612717e-01;  4,061548995972e+01
  8,831943273544e-01;  3,710206604004e+01
  8,681060075760e-01;  3,379430770874e+01
  8,553234338760e-01;  3,093866157532e+01
  8,440316319466e-01;  2,856524276733e+01
  8,339657783508e-01;  2,660890769958e+01
  8,210578560829e-01;  2,422456550598e+01
  8,100655674934e-01;  2,231395530701e+01
  7,974919676781e-01;  2,029232025146e+01
  7,851552367210e-01;  1,834259796143e+01
  7,746714949608e-01;  1,682701683044e+01
  7,635816335678e-01;  1,526634025574e+01
  7,535297274590e-01;  1,393227100372e+01
  7,442789673805e-01;  1,277468013763e+01
  7,381349802017e-01;  1,202863597870e+01
  7,336419224739e-01;  1,150573921204e+01
  7,302425503731e-01;  1,111532402039e+01
  7,276302576065e-01;  1,084095001221e+01
  7,256867885590e-01;  1,064096069336e+01
  7,250041365623e-01;  1,087532997131e+01
  7,390335798264e-01;  1,450420570374e+01
  7,524709105492e-01;  1,689367294312e+01
  7,696350812912e-01;  1,963155746460e+01
  7,863742709160e-01;  2,244098854065e+01
  8,013720512390e-01;  2,519321060181e+01
  8,145794868469e-01;  2,772368049622e+01
  8,267351388931e-01;  3,000931167603e+01
  8,374487757683e-01;  3,207543945313e+01
  8,517638444901e-01;  3,483173751831e+01
  8,638706803322e-01;  3,720185089111e+01
  8,738877773285e-01;  3,923299026489e+01
  8,848940134048e-01;  4,147924423218e+01
  8,954892158508e-01;  4,364446258545e+01
  9,065790772438e-01;  4,599542999268e+01
  9,152586460114e-01;  4,780062866211e+01
  9,200233817101e-01;  4,874408340454e+01
  9,227470755577e-01;  4,919639968872e+01
  9,242377877235e-01;  4,910906219482e+01
  9,120891690254e-01;  4,397515487671e+01
  8,989861607552e-01;  4,078199005127e+01
  8,839605450630e-01;  3,727329635620e+01
  8,687886595726e-01;  3,394977188110e+01
  8,559155464172e-01;  3,107242202759e+01
  8,445540666580e-01;  2,867446517944e+01
  8,344394564629e-01;  2,670243072510e+01
  8,214061856270e-01;  2,429715919495e+01
  8,103999495506e-01;  2,237292480469e+01
  7,977706193924e-01;  2,034075355530e+01
  7,853851318359e-01;  1,838567161560e+01
  7,748665213585e-01;  1,686079025269e+01
  7,637209892273e-01;  1,529042339325e+01
  7,535994052887e-01;  1,395096683502e+01
  7,443485856056e-01;  1,278234767914e+01
  7,381488680840e-01;  1,203129959106e+01
  7,336697578430e-01;  1,150830650330e+01
  7,302425503731e-01;  1,111355113983e+01
  7,276999354362e-01;  1,084281349182e+01
  7,257146239281e-01;  1,064352130890e+01
  7,250041365623e-01;  1,082850456238e+01
  7,378841638565e-01;  1,428773212433e+01
  7,509384155273e-01;  1,662704467773e+01
  7,678239345551e-01;  1,934561347961e+01
  7,847233414650e-01;  2,215599250793e+01
  7,999649047852e-01;  2,492345046997e+01
  8,132699131966e-01;  2,747922325134e+01
  8,255509138107e-01;  2,978870582581e+01
  8,364387154579e-01;  3,187525939941e+01
  8,508791923523e-01;  3,465520477295e+01
  8,631253242493e-01;  3,704794311523e+01
  8,732399344444e-01;  3,909958267212e+01
  8,844063878059e-01;  4,137101745605e+01
  8,950852155685e-01;  4,356059646606e+01
  9,051719307899e-01;  4,569921875000e+01
  9,144854545593e-01;  4,763292312622e+01
  9,196124076843e-01;  4,865583419800e+01
  9,224684238434e-01;  4,915817642212e+01
  9,242795705795e-01;  4,924150466919e+01
  9,243492484093e-01;  4,900729370117e+01
  9,097973108292e-01;  4,339841079712e+01
  8,961788415909e-01;  4,010334777832e+01
  8,808258771896e-01;  3,659165954590e+01
  8,661555647850e-01;  3,334680175781e+01
  8,535959124565e-01;  3,055944252014e+01
  8,425548672676e-01;  2,825488281250e+01
  8,281143903732e-01;  2,551150894165e+01
  8,161816596985e-01;  2,334536743164e+01
  8,057118058205e-01;  2,160769653320e+01
  7,941831350327e-01;  1,973867225647e+01
  7,823410034180e-01;  1,791846275330e+01
  7,722890973091e-01;  1,649872970581e+01
  7,618889212608e-01;  1,502460289001e+01
  7,512170672417e-01;  1,362637519836e+01
  7,426976561546e-01;  1,256834316254e+01
  7,370343208313e-01;  1,189465999603e+01
  7,328408360481e-01;  1,140583133698e+01
  7,296504378319e-01;  1,104552555084e+01
  7,272332310677e-01;  1,079640197754e+01
  7,253663539886e-01;  1,068204402924e+01
  7,251782417297e-01;  1,079959201813e+01
  7,368880510330e-01;  1,409058094025e+01
  7,495104074478e-01;  1,637634277344e+01
  7,661172747612e-01;  1,907428550720e+01
  7,832047939301e-01;  2,187938308716e+01
  7,986344099045e-01;  2,465620994568e+01
  8,120508790016e-01;  2,723367881775e+01
  8,244851231575e-01;  2,956440734863e+01
  8,354983329773e-01;  3,166785621643e+01
  8,500571846962e-01;  3,447647857666e+01
  8,624774813652e-01;  3,689601898193e+01
  8,727035522461e-01;  3,897069549561e+01
  8,839884400368e-01;  4,126777267456e+01
  8,948413729668e-01;  4,348807907104e+01
  9,049977660179e-01;  4,564854431152e+01
  9,144366979599e-01;  4,761124420166e+01
  9,196124076843e-01;  4,864550399780e+01
  9,225032925606e-01;  4,915318298340e+01
  9,242795705795e-01;  4,926647949219e+01
  9,244537353516e-01;  4,906387710571e+01
  9,110512137413e-01;  4,369613647461e+01
  8,977183699608e-01;  4,044946670532e+01
  8,824977278709e-01;  3,693492889404e+01
  8,675696253777e-01;  3,364626693726e+01
  8,548846244812e-01;  3,081237411499e+01
  8,436484932899e-01;  2,845879745483e+01
  8,335965871811e-01;  2,651938819885e+01
  8,208279609680e-01;  2,414982986450e+01
  8,098565936089e-01;  2,225308609009e+01
  7,973874807358e-01;  2,024829483032e+01
  7,851064801216e-01;  1,831186866760e+01
  7,746575474739e-01;  1,680090141296e+01
  7,635955810547e-01;  1,524778938293e+01
  7,525545358658e-01;  1,378127574921e+01
  7,436868548393e-01;  1,267216110229e+01
  7,377866506577e-01;  1,196583843231e+01
  7,333980798721e-01;  1,145910739899e+01
  7,300892472267e-01;  1,108353996277e+01
  7,276024222374e-01;  1,081579494476e+01
  7,256658673286e-01;  1,063649368286e+01
  7,252966761589e-01;  1,075606346130e+01
  7,354182600975e-01;  1,380777549744e+01
  7,474206089973e-01;  1,600944137573e+01
  7,635259032249e-01;  1,866479110718e+01
  7,808363437653e-01;  2,146208381653e+01
  7,965446114540e-01;  2,425203323364e+01
  8,101352453232e-01;  2,686688804626e+01
  8,227993249893e-01;  2,922978782654e+01
  8,339797258377e-01;  3,136655616760e+01
  8,440455794334e-01;  3,331427764893e+01
  8,574062585831e-01;  3,589528274536e+01
  8,685588240623e-01;  3,811459732056e+01
  8,806308507919e-01;  4,057757186890e+01
  8,923684954643e-01;  4,297291946411e+01
  9,033747315407e-01;  4,530630493164e+01
  9,135311245918e-01;  4,741887283325e+01
  9,191247820854e-01;  4,854620742798e+01
  9,222246408463e-01;  4,909285736084e+01
  9,241402745247e-01;  4,934883117676e+01
  9,244537353516e-01;  4,908930969238e+01
  9,117130041122e-01;  4,383938980103e+01
  8,984776139259e-01;  4,061677551270e+01
  8,833475708961e-01;  3,710484313965e+01
  8,683149814606e-01;  3,379982757568e+01
  8,555463552475e-01;  3,094463920593e+01
  8,442266583443e-01;  2,857184600830e+01
  8,341956734657e-01;  2,661716079712e+01
  8,212668299675e-01;  2,422872924805e+01
  8,102745413780e-01;  2,231575393677e+01
  7,977218627930e-01;  2,029787254333e+01
  7,854060530663e-01;  1,835312461853e+01
  7,749013304710e-01;  1,683654403687e+01
  7,637906074524e-01;  1,527438831329e+01
  7,526938319206e-01;  1,379805850983e+01
  7,438122034073e-01;  1,267943096161e+01
  7,378911375999e-01;  1,196962738037e+01
  7,335165143013e-01;  1,146202754974e+01
  7,301728725433e-01;  1,108561515808e+01
  7,276999354362e-01;  1,082004547119e+01
  7,257494926453e-01;  1,063736820221e+01
  7,253803014755e-01;  1,074443435669e+01
  7,404615879059e-01;  1,472022724152e+01
  7,543169260025e-01;  1,715724754333e+01
  7,716412544250e-01;  1,990876579285e+01
  7,881854772568e-01;  2,272068595886e+01
  8,029463291168e-01;  2,545838737488e+01
  8,160911202431e-01;  2,796154022217e+01
  8,280795812607e-01;  3,022247314453e+01
  8,386678099632e-01;  3,226981735229e+01
  8,528087735176e-01;  3,499492263794e+01
  8,647971749306e-01;  3,734070968628e+01
  8,776285052299e-01;  3,995346450806e+01
  8,879590034485e-01;  4,205783843994e+01
  8,991603255272e-01;  4,439860534668e+01
  9,101386666298e-01;  4,669961166382e+01
  9,172579050064e-01;  4,817542648315e+01
  9,212145805359e-01;  4,891889190674e+01
  9,234784841537e-01;  4,929043960571e+01
  9,244537353516e-01;  4,908981704712e+01
  9,117130041122e-01;  4,384896850586e+01
  8,984637260437e-01;  4,062557220459e+01
  8,833475708961e-01;  3,711258697510e+01
  8,682662248611e-01;  3,380065536499e+01
  8,554975986481e-01;  3,094121932983e+01
  8,442266583443e-01;  2,856479263306e+01
  8,341469168663e-01;  2,661065864563e+01
  8,212110996246e-01;  2,422637939453e+01
  8,102466464043e-01;  2,231372070313e+01
  7,976661324501e-01;  2,029183769226e+01
  7,853711843491e-01;  1,834715461731e+01
  7,748874425888e-01;  1,683387947083e+01
  7,637697458267e-01;  1,526352214813e+01
  7,537387609482e-01;  1,393399620056e+01
  7,445297241211e-01;  1,276831436157e+01
  7,383579015732e-01;  1,201939201355e+01
  7,338996529579e-01;  1,150219535828e+01
  7,304723858833e-01;  1,111494445801e+01
  7,279437780380e-01;  1,084104728699e+01
  7,259793281555e-01;  1,064200401306e+01
  7,254360318184e-01;  1,076991748810e+01
  7,254011631012e-01;  1,096783161163e+01
  7,360172867775e-01;  1,388745212555e+01
  7,482913732529e-01;  1,611797523499e+01
  7,645847201347e-01;  1,879024696350e+01
  7,818464040756e-01;  2,159817123413e+01
  7,974919676781e-01;  2,439222908020e+01
  8,110059499741e-01;  2,700209617615e+01
  8,235865235329e-01;  2,935666084290e+01
  8,347250819206e-01;  3,148541831970e+01
  8,447630405426e-01;  3,342540740967e+01
  8,580192923546e-01;  3,599382400513e+01
  8,691160678864e-01;  3,820249176025e+01
  8,810975551605e-01;  4,065375137329e+01
  8,927446603775e-01;  4,303593826294e+01
  9,036533236504e-01;  4,535008239746e+01
  9,137749075890e-01;  4,744445800781e+01
  9,193128347397e-01;  4,855396652222e+01
  9,223987460136e-01;  4,910153579712e+01
  9,242795705795e-01;  4,936113739014e+01
  9,245930314064e-01;  4,916835021973e+01
  9,135867953300e-01;  4,428543090820e+01
  9,007415771484e-01;  4,113951110840e+01
  8,858413696289e-01;  3,763139343262e+01
  8,704953193665e-01;  3,425917816162e+01
  8,573923707008e-01;  3,132523345947e+01
  8,458915352821e-01;  2,887584495544e+01
  8,356933593750e-01;  2,686729049683e+01
  8,224858641624e-01;  2,442805290222e+01
  8,113751411438e-01;  2,247756576538e+01
  7,986065149307e-01;  2,041991996765e+01
  7,885407209396e-01;  1,879257392883e+01
  7,775692939758e-01;  1,717839431763e+01
  7,671343088150e-01;  1,571753120422e+01
  7,564763426781e-01;  1,427257919312e+01
  7,464941143990e-01;  1,299329376221e+01
  7,396674752235e-01;  1,216342544556e+01
  7,348609566689e-01;  1,160330867767e+01
  7,312526106834e-01;  1,118735885620e+01
  7,285706996918e-01;  1,089391326904e+01
  7,265018224716e-01;  1,068242454529e+01
  7,254220843315e-01;  1,079320907593e+01
  7,254011631012e-01;  1,101317501068e+01
  7,371527552605e-01;  1,408145809174e+01
  7,498238682747e-01;  1,636956977844e+01
  7,664377093315e-01;  1,906826782227e+01
  7,835322022438e-01;  2,187871170044e+01
  7,989687919617e-01;  2,466113662720e+01
  8,123991489410e-01;  2,724438285828e+01
  8,248891234398e-01;  2,957719612122e+01
  8,358605504036e-01;  3,168506050110e+01
  8,504263758659e-01;  3,449599456787e+01
  8,628258109093e-01;  3,691302871704e+01
  8,730518221855e-01;  3,898977661133e+01
  8,843367099762e-01;  4,129028701782e+01
  8,951687812805e-01;  4,350804901123e+01
  9,053251743317e-01;  4,566492080688e+01
  9,147152900696e-01;  4,762524414063e+01
  9,198909997940e-01;  4,865505218506e+01
  9,226773977280e-01;  4,914875411987e+01
  9,244885444641e-01;  4,917772674561e+01
  9,141162633896e-01;  4,440924835205e+01
  9,014242291451e-01;  4,129834747314e+01
  8,866006731987e-01;  3,780096435547e+01
  8,711571097374e-01;  3,441798400879e+01
  8,580053448677e-01;  3,146440887451e+01
  8,464000821114e-01;  2,899266815186e+01
  8,361392021179e-01;  2,696268653870e+01
  8,228550553322e-01;  2,449884414673e+01
  8,116886019707e-01;  2,253170013428e+01
  7,988294363022e-01;  2,046018600464e+01
  7,887287735939e-01;  1,882076263428e+01
  7,777434587479e-01;  1,719633865356e+01
  7,672875523567e-01;  1,572773647308e+01
  7,566087245941e-01;  1,428119564056e+01
  7,465986013412e-01;  1,300630378723e+01
  7,397162318230e-01;  1,216712665558e+01
  7,349793910980e-01;  1,160364913940e+01
  7,313570976257e-01;  1,118506717682e+01
  7,286194562912e-01;  1,089635848999e+01
  7,266063094139e-01;  1,068636512756e+01
  7,255056500435e-01;  1,081542968750e+01
  7,258191108704e-01;  1,139704036713e+01
  7,378145456314e-01;  1,419217872620e+01
  7,506389021873e-01;  1,650325584412e+01
  7,674407958984e-01;  1,921435546875e+01
  7,844377756119e-01;  2,202435112000e+01
  7,997559309006e-01;  2,479930877686e+01
  8,131305575371e-01;  2,737037658691e+01
  8,255509138107e-01;  2,969530296326e+01
  8,364387154579e-01;  3,179310417175e+01
  8,509627580643e-01;  3,459251403809e+01
  8,632785677910e-01;  3,699960327148e+01
  8,734349608421e-01;  3,906568527222e+01
  8,846501708031e-01;  4,135059738159e+01
  8,953986763954e-01;  4,355325317383e+01
  9,054296612740e-01;  4,569356155396e+01
  9,148197770119e-01;  4,764319610596e+01
  9,199188947678e-01;  4,866094207764e+01
  9,227470755577e-01;  4,915041732788e+01
  9,245582222939e-01;  4,923973083496e+01
  9,246487617493e-01;  4,900700759888e+01
  9,101316928864e-01;  4,339832305908e+01
  8,964784145355e-01;  4,009820938110e+01
  8,810696601868e-01;  3,657943344116e+01
  8,663784265518e-01;  3,332674789429e+01
  8,538606166840e-01;  3,053830718994e+01
  8,428125977516e-01;  2,823038101196e+01
  8,283373117447e-01;  2,548828697205e+01
  8,163906335831e-01;  2,332524490356e+01
  8,059765100479e-01;  2,158398246765e+01
  7,944060564041e-01;  1,971655654907e+01
  7,825639247894e-01;  1,790299034119e+01
  7,708401679993e-01;  1,624503517151e+01
  7,595204710960e-01;  1,466193389893e+01
  7,486883997917e-01;  1,325773525238e+01
  7,410746216774e-01;  1,232938098907e+01
  7,359894514084e-01;  1,172594642639e+01
  7,321094274521e-01;  1,127438259125e+01
  7,291976213455e-01;  1,095785522461e+01
  7,269685268402e-01;  1,073019504547e+01
  7,255195975304e-01;  1,075202083588e+01
  7,356202602386e-01;  1,379524803162e+01
  7,476643919945e-01;  1,599674129486e+01
  7,637975811958e-01;  1,865814590454e+01
  7,811149954796e-01;  2,146176528931e+01
  7,968929409981e-01;  2,425798797607e+01
  8,105183243752e-01;  2,687831878662e+01
  8,231476545334e-01;  2,924912261963e+01
  8,343280553818e-01;  3,138911437988e+01
  8,444495797157e-01;  3,334107589722e+01
  8,577755093575e-01;  3,592126846313e+01
  8,689210414886e-01;  3,814260482788e+01
  8,810070157051e-01;  4,060540390015e+01
  8,927167654037e-01;  4,300152587891e+01
  9,037230014801e-01;  4,533158493042e+01
  9,138306379318e-01;  4,744029617310e+01
  9,194034337997e-01;  4,855641555786e+01
  9,224684238434e-01;  4,910095977783e+01
  9,243422746658e-01;  4,934246063232e+01
  9,245930314064e-01;  4,906085586548e+01
  9,113089442253e-01;  4,369150924683e+01
  8,978924751282e-01;  4,044061279297e+01
  8,826718330383e-01;  3,692367553711e+01
  8,677228689194e-01;  3,363317108154e+01
  8,550239205360e-01;  3,079751968384e+01
  8,438087105751e-01;  2,844192123413e+01
  8,337777256966e-01;  2,650357818604e+01
  8,209185600281e-01;  2,413699913025e+01
  8,099819421768e-01;  2,223988342285e+01
  7,974919676781e-01;  2,023483276367e+01
  7,852179408073e-01;  1,829324150085e+01
  7,747968435287e-01;  1,678224372864e+01
  7,637697458267e-01;  1,523466205597e+01
  7,527286410332e-01;  1,377698802948e+01
  7,438470721245e-01;  1,266605854034e+01
  7,379260063171e-01;  1,195265388489e+01
  7,336071133614e-01;  1,144563770294e+01
  7,303191423416e-01;  1,107700157166e+01
  7,278531789780e-01;  1,081095695496e+01
  7,259235978127e-01;  1,063663482666e+01
  7,255753278732e-01;  1,076844692230e+01
  7,282153964043e-01;  1,228599357605e+01
  7,419105172157e-01;  1,494311714172e+01
  7,561907768250e-01;  1,743188476563e+01
  7,736753225327e-01;  2,020244026184e+01
  7,901219725609e-01;  2,301695632935e+01
  8,046321272850e-01;  2,573805618286e+01
  8,177142143250e-01;  2,821788978577e+01
  8,295563459396e-01;  3,045789718628e+01
  8,400261998177e-01;  3,248663711548e+01
  8,540835380554e-01;  3,518820190430e+01
  8,658908605576e-01;  3,751412582397e+01
  8,785898089409e-01;  4,010346603394e+01
  8,887600898743e-01;  4,218244171143e+01
  8,997524380684e-01;  4,448326110840e+01
  9,106193184853e-01;  4,676168441772e+01
  9,176410436630e-01;  4,820851516724e+01
  9,214931726456e-01;  4,893659210205e+01
  9,236874580383e-01;  4,929378128052e+01
  9,246627092361e-01;  4,906473541260e+01
  9,113437533379e-01;  4,369486999512e+01
  8,979064226151e-01;  4,044425964355e+01
  8,827205896378e-01;  3,692578506470e+01
  8,677368164063e-01;  3,363181686401e+01
  8,550796508789e-01;  3,079453086853e+01
  8,438296318054e-01;  2,843926620483e+01
  8,337916731834e-01;  2,650263977051e+01
  8,209742903709e-01;  2,413811683655e+01
  8,100376725197e-01;  2,224223709106e+01
  7,975268363953e-01;  2,023515701294e+01
  7,852527499199e-01;  1,829086494446e+01
  7,748107910156e-01;  1,678293800354e+01
  7,637836337090e-01;  1,523131561279e+01
  7,527286410332e-01;  1,377125835419e+01
  7,438470721245e-01;  1,266498661041e+01
  7,379747629166e-01;  1,195243453979e+01
  7,336210012436e-01;  1,144530677795e+01
  7,303678989410e-01;  1,107017898560e+01
  7,279089093208e-01;  1,081345462799e+01
  7,259584665298e-01;  1,063800621033e+01
  7,256310582161e-01;  1,078188991547e+01
  7,319700717926e-01;  1,308561420441e+01
  7,425861954689e-01;  1,504987716675e+01
  7,571033239365e-01;  1,756291770935e+01
  7,746366262436e-01;  2,033896827698e+01
  7,910066843033e-01;  2,315738868713e+01
  8,053983449936e-01;  2,587270164490e+01
  8,184595704079e-01;  2,834455680847e+01
  8,301972150803e-01;  3,057290267944e+01
  8,406183123589e-01;  3,259536361694e+01
  8,545850515366e-01;  3,528063964844e+01
  8,663226962090e-01;  3,759337234497e+01
  8,789032697678e-01;  4,016686630249e+01
  8,890735507011e-01;  4,223308944702e+01
  8,999474644661e-01;  4,452272796631e+01
  9,107586145401e-01;  4,678523635864e+01
  9,177106618881e-01;  4,821611022949e+01
  9,215280413628e-01;  4,894527435303e+01
  9,237571358681e-01;  4,930164337158e+01
  9,245930314064e-01;  4,921806335449e+01
  9,095187187195e-01;  4,323487854004e+01
  8,957470059395e-01;  3,991368484497e+01
  8,803034424782e-01;  3,640185928345e+01
  8,657236695290e-01;  3,317136001587e+01
  8,532894253731e-01;  3,040761947632e+01
  8,422762155533e-01;  2,812566757202e+01
  8,279193639755e-01;  2,540348815918e+01
  8,160284161568e-01;  2,325433540344e+01
  8,056421875954e-01;  2,152047348022e+01
  7,941831350327e-01;  1,966266059875e+01
  7,824245691299e-01;  1,785951614380e+01
  7,707566022873e-01;  1,621721267700e+01
  7,594717144966e-01;  1,464197254181e+01
  7,486675381660e-01;  1,325134086609e+01
  7,410606741905e-01;  1,231752490997e+01
  7,359894514084e-01;  1,172042369843e+01
  7,321233153343e-01;  1,126368045807e+01
  7,292672991753e-01;  1,094973087311e+01
  7,270382046700e-01;  1,071813583374e+01
  7,256310582161e-01;  1,078151035309e+01
  7,368044853210e-01;  1,398934745789e+01
  7,492317557335e-01;  1,624904251099e+01
  7,657132148743e-01;  1,893434715271e+01
  7,829470634460e-01;  2,174384117126e+01
  7,984672188759e-01;  2,453482818604e+01
  8,119602799416e-01;  2,713231849670e+01
  8,244711756706e-01;  2,947985267639e+01
  8,355331420898e-01;  3,159822463989e+01
  8,501825928688e-01;  3,442362213135e+01
  8,626376986504e-01;  3,685207366943e+01
  8,729125261307e-01;  3,893760681152e+01
  8,842531442642e-01;  4,124984741211e+01
  8,951409459114e-01;  4,348028182983e+01
  9,053251743317e-01;  4,564677047729e+01
  9,147849678993e-01;  4,761581802368e+01
  9,199606776237e-01;  4,864700698853e+01
  9,228376150131e-01;  4,914676284790e+01
  9,245930314064e-01;  4,930490875244e+01
  9,247671961784e-01;  4,914566802979e+01
  9,132385253906e-01;  4,413979721069e+01
  9,002051949501e-01;  4,096421432495e+01
  8,852144479752e-01;  3,745317077637e+01
  8,699380755424e-01;  3,410029220581e+01
  8,569256067276e-01;  3,119492149353e+01
  8,455014228821e-01;  2,876975250244e+01
  8,353589773178e-01;  2,677822494507e+01
  8,221933245659e-01;  2,435410308838e+01
  8,111453056335e-01;  2,241153526306e+01
  7,984324097633e-01;  2,036429977417e+01
  7,884153127670e-01;  1,874620056152e+01
  7,775135636330e-01;  1,714163017273e+01
  7,671343088150e-01;  1,568643379211e+01
  7,565460205078e-01;  1,425314712524e+01
  7,465986013412e-01;  1,298477077484e+01
  7,397510409355e-01;  1,214768409729e+01
  7,350351214409e-01;  1,159531211853e+01
  7,314476370811e-01;  1,118087482452e+01
  7,287657260895e-01;  1,088858222961e+01
  7,266898751259e-01;  1,068000030518e+01
  7,256450057030e-01;  1,087385940552e+01
  7,396744489670e-01;  1,450369834900e+01
  7,531675100327e-01;  1,689387512207e+01
  7,702620029449e-01;  1,963211250305e+01
  7,870221138000e-01;  2,244722747803e+01
  8,020198941231e-01;  2,520421791077e+01
  8,152760863304e-01;  2,773834228516e+01
  8,274108171463e-01;  3,003152656555e+01
  8,381593227386e-01;  3,210329055786e+01
  8,524604439735e-01;  3,485825729370e+01
  8,645533919334e-01;  3,722664260864e+01
  8,775100708008e-01;  3,986596298218e+01
  8,879451155663e-01;  4,199229812622e+01
  8,992369174957e-01;  4,435336685181e+01
  9,093166589737e-01;  4,646855545044e+01
  9,169932007790e-01;  4,806227111816e+01
  9,212145805359e-01;  4,886573028564e+01
  9,235621094704e-01;  4,924928665161e+01
  9,248368740082e-01;  4,901131820679e+01
  9,103198051453e-01;  4,340317153931e+01
  8,966525793076e-01;  4,009842681885e+01
  8,812717199326e-01;  3,657613372803e+01
  8,665595650673e-01;  3,331998062134e+01
  8,540278077126e-01;  3,053106880188e+01
  8,429518938065e-01;  2,822350120544e+01
  8,285114169121e-01;  2,548381996155e+01
  8,165647983551e-01;  2,332196426392e+01
  8,061298131943e-01;  2,157658576965e+01
  7,945802211761e-01;  1,970783042908e+01
  7,828077077866e-01;  1,789054679871e+01
  7,710352540016e-01;  1,623591423035e+01
  7,597643136978e-01;  1,466396999359e+01
  7,489322423935e-01;  1,325968551636e+01
  7,413044571877e-01;  1,232758617401e+01
  7,362332344055e-01;  1,172453689575e+01
  7,323392629623e-01;  1,127166843414e+01
  7,294205427170e-01;  1,095311927795e+01
  7,272471785545e-01;  1,073416519165e+01
  7,257494926453e-01;  1,076639556885e+01
  7,363864779472e-01;  1,389054584503e+01
  7,486396431923e-01;  1,612238883972e+01
  7,649330496788e-01;  1,879768180847e+01
  7,822086215019e-01;  2,160710525513e+01
  7,978751063347e-01;  2,440090751648e+01
  8,114238977432e-01;  2,701008415222e+01
  8,239765763283e-01;  2,936884307861e+01
  8,351291418076e-01;  3,149514961243e+01
  8,451809883118e-01;  3,343430328369e+01
  8,584163784981e-01;  3,600063323975e+01
  8,694782853127e-01;  3,821228027344e+01
  8,814945816994e-01;  4,067047119141e+01
  8,931347131729e-01;  4,305409240723e+01
  9,040016531944e-01;  4,536221313477e+01
  9,140883684158e-01;  4,745335006714e+01
  9,196124076843e-01;  4,856188964844e+01
  9,226773977280e-01;  4,910403823853e+01
  9,245582222939e-01;  4,935205078125e+01
  9,248368740082e-01;  4,909358978271e+01
  9,121309518814e-01;  4,385069274902e+01
  8,988468050957e-01;  4,062524414063e+01
  8,837028145790e-01;  3,710854721069e+01
  8,686145544052e-01;  3,379233932495e+01
  8,558250069618e-01;  3,092903327942e+01
  8,445331454277e-01;  2,854843521118e+01
  8,344534039497e-01;  2,658905982971e+01
  8,215315341949e-01;  2,420355415344e+01
  8,105392456055e-01;  2,228960990906e+01
  7,979447841644e-01;  2,027476882935e+01
  7,856637835503e-01;  1,832835960388e+01
  7,752357125282e-01;  1,681212806702e+01
  7,641180157661e-01;  1,525456333160e+01
  7,530630230904e-01;  1,379616451263e+01
  7,441048026085e-01;  1,267529296875e+01
  7,381488680840e-01;  1,195440864563e+01
  7,338299751282e-01;  1,144975852966e+01
  7,305211424828e-01;  1,107358074188e+01
  7,280830740929e-01;  1,081237506866e+01
  7,261674404144e-01;  1,063452339172e+01
  7,258191108704e-01;  1,074140071869e+01
  7,408795356750e-01;  1,472110271454e+01
  7,547836303711e-01;  1,716136741638e+01
  7,721428275108e-01;  1,991649818420e+01
  7,887079119682e-01;  2,273375511169e+01
  8,034618496895e-01;  2,547492218018e+01
  8,166135549545e-01;  2,798065757751e+01
  8,286159634590e-01;  3,024703598022e+01
  8,392390608788e-01;  3,229920196533e+01
  8,534008264542e-01;  3,502808380127e+01
  8,653683662415e-01;  3,737504196167e+01
  8,782066702843e-01;  3,999111557007e+01
  8,885023593903e-01;  4,209659957886e+01
  8,996340036392e-01;  4,443037414551e+01
  9,105914831161e-01;  4,672437667847e+01
  9,176967740059e-01;  4,818575668335e+01
  9,215976595879e-01;  4,892733764648e+01
  9,238268136978e-01;  4,928855133057e+01
  9,247881174088e-01;  4,916571426392e+01
  9,138515591621e-01;  4,428085708618e+01
  9,009714722633e-01;  4,113549041748e+01
  8,860642910004e-01;  3,762447738647e+01
  8,706834316254e-01;  3,425347137451e+01
  8,576222062111e-01;  3,131981849670e+01
  8,461214303970e-01;  2,886855888367e+01
  8,359510898590e-01;  2,685813331604e+01
  8,226809501648e-01;  2,441650390625e+01
  8,115841150284e-01;  2,246088409424e+01
  7,987806797028e-01;  2,040446472168e+01
  7,887287735939e-01;  1,877491378784e+01
  7,777922153473e-01;  1,715959167480e+01
  7,673363089561e-01;  1,569941997528e+01
  7,568246722221e-01;  1,426591968536e+01
  7,468424439430e-01;  1,299329757690e+01
  7,399600744247e-01;  1,215324115753e+01
  7,352092862129e-01;  1,160219573975e+01
  7,316008806229e-01;  1,117853069305e+01
  7,288841605186e-01;  1,088367843628e+01
  7,268849015236e-01;  1,067946910858e+01
  7,258539795876e-01;  1,089509201050e+01
  7,404058575630e-01;  1,461469078064e+01
  7,541567087173e-01;  1,703427314758e+01
  7,714114189148e-01;  1,978643608093e+01
  7,880809903145e-01;  2,260584259033e+01
  8,029463291168e-01;  2,535610198975e+01
  8,161956071854e-01;  2,787538146973e+01
  8,282676339149e-01;  3,015365219116e+01
  8,388767838478e-01;  3,221562957764e+01
  8,531222343445e-01;  3,495734024048e+01
  8,651455044746e-01;  3,731670761108e+01
  8,780116438866e-01;  3,994647598267e+01
  8,884118199348e-01;  4,205612564087e+01
  8,995643258095e-01;  4,439736938477e+01
  9,096092581749e-01;  4,650599670410e+01
  9,172021746635e-01;  4,808050155640e+01
  9,213469028473e-01;  4,887263488770e+01
  9,236665964127e-01;  4,925603103638e+01
  9,248368740082e-01;  4,919036483765e+01
  9,144784808159e-01;  4,442298507690e+01
  9,017725586891e-01;  4,130334854126e+01
  8,868862390518e-01;  3,779770278931e+01
  8,714705705643e-01;  3,440699005127e+01
  8,582491874695e-01;  3,144804954529e+01
  8,467344045639e-01;  2,897317695618e+01
  8,364735245705e-01;  2,694247436523e+01
  8,231267333031e-01;  2,448048019409e+01
  8,120021224022e-01;  2,251102066040e+01
  7,991150617599e-01;  2,044390869141e+01
  7,890422940254e-01;  1,880713272095e+01
  7,780708670616e-01;  1,718629074097e+01
  7,675522565842e-01;  1,571738529205e+01
  7,570127248764e-01;  1,428056049347e+01
  7,469817399979e-01;  1,299890995026e+01
  7,400784492493e-01;  1,216091728210e+01
  7,353625297546e-01;  1,160112285614e+01
  7,317401766777e-01;  1,117862415314e+01
  7,290443778038e-01;  1,088963985443e+01
  7,270033359528e-01;  1,068415069580e+01
  7,259097099304e-01;  1,079437637329e+01
  7,376751899719e-01;  1,408801364899e+01
  7,503323554993e-01;  1,637783432007e+01
  7,669740915298e-01;  1,908158111572e+01
  7,840755581856e-01;  2,189818382263e+01
  7,995260357857e-01;  2,468367958069e+01
  8,129703402519e-01;  2,726893234253e+01
  8,254255056381e-01;  2,960569381714e+01
  8,363829851151e-01;  3,171508216858e+01
  8,509627580643e-01;  3,452500915527e+01
  8,633482456207e-01;  3,694350051880e+01
  8,735046386719e-01;  3,902096176147e+01
  8,848382830620e-01;  4,132037734985e+01
  8,956076502800e-01;  4,353259277344e+01
  9,057292342186e-01;  4,568189239502e+01
  9,150844812393e-01;  4,764169692993e+01
  9,201835989952e-01;  4,865395736694e+01
  9,230605363846e-01;  4,914945983887e+01
  9,248368740082e-01;  4,920469284058e+01
  9,091564416885e-01;  4,308611297607e+01
  8,952384591103e-01;  3,973728561401e+01
  8,797252774239e-01;  3,622642135620e+01
  8,652987480164e-01;  3,301579666138e+01
  8,528993129730e-01;  3,027582550049e+01
  8,420115113258e-01;  2,801450729370e+01
  8,277103304863e-01;  2,531824874878e+01
  8,159030675888e-01;  2,318409347534e+01
  8,055934309959e-01;  2,146211624146e+01
  7,941483259201e-01;  1,961524963379e+01
  7,824454903603e-01;  1,782174301147e+01
  7,708053588867e-01;  1,618092727661e+01
  7,596040964127e-01;  1,461765098572e+01
  7,488765120506e-01;  1,321988201141e+01
  7,413601875305e-01;  1,229993152618e+01
  7,363098859787e-01;  1,170461368561e+01
  7,324716448784e-01;  1,126088714600e+01
  7,295807600021e-01;  1,094379711151e+01
  7,274561524391e-01;  1,071954631805e+01
  7,260280847549e-01;  1,081571006775e+01
  7,383021712303e-01;  1,419827270508e+01
  7,511821985245e-01;  1,651473426819e+01
  7,679284214973e-01;  1,922922897339e+01
  7,849811315536e-01;  2,204329109192e+01
  8,002575039864e-01;  2,482018470764e+01
  8,136739134789e-01;  2,739072227478e+01
  8,260385394096e-01;  2,971572303772e+01
  8,369263410568e-01;  3,181367301941e+01
  8,514503836632e-01;  3,460662078857e+01
  8,637523055077e-01;  3,701512145996e+01
  8,738877773285e-01;  3,907994461060e+01
  8,851029872894e-01;  4,136800384521e+01
  8,957957625389e-01;  4,357261276245e+01
  9,058545827866e-01;  4,571057510376e+01
  9,151889681816e-01;  4,765582656860e+01
  9,203090071678e-01;  4,866115570068e+01
  9,230605363846e-01;  4,915092086792e+01
  9,248716831207e-01;  4,925369262695e+01
  9,249761700630e-01;  4,903427886963e+01
  9,110999703407e-01;  4,354578399658e+01
  8,975442051888e-01;  4,026890182495e+01
  8,822330236435e-01;  3,674726104736e+01
  8,673954606056e-01;  3,347261428833e+01
  8,547801375389e-01;  3,065841293335e+01
  8,436345458031e-01;  2,832432746887e+01
  8,291383981705e-01;  2,555845069885e+01
  8,171221017838e-01;  2,338247108459e+01
  8,066731095314e-01;  2,162381553650e+01
  7,949842214584e-01;  1,974149513245e+01
  7,832117676735e-01;  1,792210769653e+01
  7,731946706772e-01;  1,650216865540e+01
  7,627109289169e-01;  1,502546691895e+01
  7,520808577538e-01;  1,362426376343e+01
  7,435474991798e-01;  1,256107234955e+01
  7,378911375999e-01;  1,187938117981e+01
  7,337046265602e-01;  1,139717006683e+01
  7,305211424828e-01;  1,103281211853e+01
  7,281527519226e-01;  1,078493499756e+01
  7,263276576996e-01;  1,067282485962e+01
  7,261325716972e-01;  1,078171348572e+01
  7,373059988022e-01;  1,399713325500e+01
  7,497751116753e-01;  1,625922012329e+01
  7,662357091904e-01;  1,894509887695e+01
  7,834346890450e-01;  2,175467681885e+01
  7,989339232445e-01;  2,454423332214e+01
  8,123991489410e-01;  2,713893890381e+01
  8,249448537827e-01;  2,948558998108e+01
  8,359650373459e-01;  3,160604858398e+01
  8,459820747375e-01;  3,354021453857e+01
  8,591895699501e-01;  3,609621810913e+01
  8,701261281967e-01;  3,829685211182e+01
  8,820379376411e-01;  4,073440551758e+01
  8,936084508896e-01;  4,310029983521e+01
  9,043708443642e-01;  4,539933013916e+01
  9,144018292427e-01;  4,748575973511e+01
  9,198352694511e-01;  4,857686614990e+01
  9,228306412697e-01;  4,910911941528e+01
  9,246766567230e-01;  4,934608459473e+01
  9,249413609505e-01;  4,906413650513e+01
  9,116920828819e-01;  4,369869613647e+01
  8,982686400414e-01;  4,044615173340e+01
  8,830341100693e-01;  3,692722702026e+01
  8,681060075760e-01;  3,363165283203e+01
  8,553931117058e-01;  3,079538345337e+01
  8,441709280014e-01;  2,843910980225e+01
  8,341608643532e-01;  2,650086975098e+01
  8,213225603104e-01;  2,413374137878e+01
  8,103999495506e-01;  2,223441886902e+01
  7,978751063347e-01;  2,022838592529e+01
  7,856428623199e-01;  1,828771972656e+01
  7,752357125282e-01;  1,678147888184e+01
  7,641876935959e-01;  1,523214244843e+01
  7,531954050064e-01;  1,377014636993e+01
  7,442789673805e-01;  1,265615177155e+01
  7,383927106857e-01;  1,194405460358e+01
  7,341295480728e-01;  1,144196796417e+01
  7,308346033096e-01;  1,107150077820e+01
  7,283617258072e-01;  1,081112003326e+01
  7,264599800110e-01;  1,063990974426e+01
  7,260977625847e-01;  1,078387832642e+01
  7,372781634331e-01;  1,399507522583e+01
  7,497541904449e-01;  1,625845527649e+01
  7,662078142166e-01;  1,894739913940e+01
  7,834137678146e-01;  2,175647544861e+01
  7,989200353622e-01;  2,454799461365e+01
  8,123991489410e-01;  2,714569854736e+01
  8,249378800392e-01;  2,949193572998e+01
  8,359650373459e-01;  3,161311912537e+01
  8,460169434547e-01;  3,354679870605e+01
  8,591686487198e-01;  3,609811401367e+01
  8,701261281967e-01;  3,829663467407e+01
  8,820518851280e-01;  4,073429489136e+01
  8,936223387718e-01;  4,310171508789e+01
  9,044196009636e-01;  4,539700698853e+01
  9,144227504730e-01;  4,748280334473e+01
  9,198701381683e-01;  4,857329177856e+01
  9,229072928429e-01;  4,910697937012e+01
  9,247671961784e-01;  4,934162902832e+01
  9,250458478928e-01;  4,903644561768e+01
  9,111696481705e-01;  4,354846191406e+01
  8,975720405579e-01;  4,026913070679e+01
  8,822538852692e-01;  3,674887847900e+01
  8,674094080925e-01;  3,347326278687e+01
  8,548358678818e-01;  3,066025924683e+01
  8,437042236328e-01;  2,832749557495e+01
  8,291592597961e-01;  2,556241035461e+01
  8,171429634094e-01;  2,338187599182e+01
  8,066731095314e-01;  2,162523841858e+01
  7,950190901756e-01;  1,974428749084e+01
  7,832256555557e-01;  1,791802024841e+01
  7,731946706772e-01;  1,649359703064e+01
  7,627457380295e-01;  1,502684497833e+01
  7,521226406097e-01;  1,362416744232e+01
  7,435544729233e-01;  1,255987548828e+01
  7,378702759743e-01;  1,187835025787e+01
  7,337464094162e-01;  1,138953971863e+01
  7,305908203125e-01;  1,103064441681e+01
  7,281875610352e-01;  1,078373908997e+01
  7,263485193253e-01;  1,070150756836e+01
  7,261674404144e-01;  1,083703994751e+01
  7,390475273132e-01;  1,430395698547e+01
  7,521365880966e-01;  1,665033340454e+01
  7,690081596375e-01;  1,937284278870e+01
  7,859772443771e-01;  2,219036865234e+01
  8,011282086372e-01;  2,496208190918e+01
  8,144680261612e-01;  2,752070999146e+01
  8,267699480057e-01;  2,983169174194e+01
  8,376020193100e-01;  3,192372131348e+01
  8,520773053169e-01;  3,470629501343e+01
  8,643025755882e-01;  3,710175704956e+01
  8,743405342102e-01;  3,915632247925e+01
  8,855209350586e-01;  4,142916107178e+01
  8,961300849915e-01;  4,361289596558e+01
  9,073104858398e-01;  4,598391723633e+01
  9,160597324371e-01;  4,779819107056e+01
  9,207965731621e-01;  4,872967147827e+01
  9,234576225281e-01;  4,918838882446e+01
  9,250249266624e-01;  4,922821807861e+01
  9,100063443184e-01;  4,325462722778e+01
  8,961997628212e-01;  3,992996597290e+01
  8,807561993599e-01;  3,641296768188e+01
  8,661555647850e-01;  3,317480087280e+01
  8,537003993988e-01;  3,040630912781e+01
  8,427081108093e-01;  2,812049865723e+01
  8,283233642578e-01;  2,540165138245e+01
  8,164603114128e-01;  2,325424575806e+01
  8,060601353645e-01;  2,152182960510e+01
  7,945453524590e-01;  1,965861701965e+01
  7,828077077866e-01;  1,784646797180e+01
  7,711397409439e-01;  1,620506477356e+01
  7,599384188652e-01;  1,463916397095e+01
  7,491412162781e-01;  1,322499084473e+01
  7,415831089020e-01;  1,229996776581e+01
  7,365466952324e-01;  1,171048164368e+01
  7,327014803886e-01;  1,126478767395e+01
  7,298594117165e-01;  1,094685554504e+01
  7,276302576065e-01;  1,072084617615e+01
  7,261674404144e-01;  1,081267642975e+01
  7,384971976280e-01;  1,419572353363e+01
  7,514051198959e-01;  1,651448249817e+01
  7,681722044945e-01;  1,923025894165e+01
  7,851901054382e-01;  2,205061721802e+01
  8,004664778709e-01;  2,483053779602e+01
  8,138759732246e-01;  2,740382194519e+01
  8,262614607811e-01;  2,973043060303e+01
  8,371840715408e-01;  3,183196640015e+01
  8,517150878906e-01;  3,462644958496e+01
  8,640100359917e-01;  3,703002548218e+01
  8,741106987000e-01;  3,909025955200e+01
  8,853259086609e-01;  4,137427520752e+01
  8,960255980492e-01;  4,357420730591e+01
  9,060984253883e-01;  4,571879577637e+01
  9,154118895531e-01;  4,766609954834e+01
  9,204831123352e-01;  4,866551971436e+01
  9,232347011566e-01;  4,915340042114e+01
  9,250458478928e-01;  4,926744461060e+01
  9,251851439476e-01;  4,906424713135e+01
  9,118662476540e-01;  4,369578170776e+01
  8,984428048134e-01;  4,044124984741e+01
  8,831873536110e-01;  3,692103958130e+01
  8,682104945183e-01;  3,362323760986e+01
  8,555324673653e-01;  3,078292465210e+01
  8,443311452866e-01;  2,842798233032e+01
  8,342792391777e-01;  2,649006843567e+01
  8,214409947395e-01;  2,412153625488e+01
  8,105044364929e-01;  2,222117042542e+01
  7,979795932770e-01;  2,021167182922e+01
  7,857543230057e-01;  1,827173995972e+01
  7,753750085831e-01;  1,676521301270e+01
  7,643479108810e-01;  1,522058105469e+01
  7,533695101738e-01;  1,376917934418e+01
  7,444600462914e-01;  1,265133285522e+01
  7,385181188583e-01;  1,194055461884e+01
  7,342827916145e-01;  1,144103050232e+01
  7,310087680817e-01;  1,107497501373e+01
  7,285706996918e-01;  1,080987071991e+01
  7,266201972961e-01;  1,063630390167e+01
  7,262719273567e-01;  1,076821708679e+01
  7,368741035461e-01;  1,389885997772e+01
  7,491620779037e-01;  1,613187408447e+01
  7,654903531075e-01;  1,880781555176e+01
  7,827311158180e-01;  2,161885070801e+01
  7,983766794205e-01;  2,441450691223e+01
  8,119463920593e-01;  2,702308845520e+01
  8,245199322701e-01;  2,938827323914e+01
  8,356724381447e-01;  3,152110099792e+01
  8,457382917404e-01;  3,346365356445e+01
  8,589596748352e-01;  3,603256988525e+01
  8,699868321419e-01;  3,824213409424e+01
  8,820031285286e-01;  4,069329833984e+01
  8,936084508896e-01;  4,306990432739e+01
  9,044753313065e-01;  4,537493133545e+01
  9,145411849022e-01;  4,747421646118e+01
  9,199954867363e-01;  4,857526397705e+01
  9,230257272720e-01;  4,910814666748e+01
  9,249065518379e-01;  4,934751129150e+01
  9,251712560654e-01;  4,906399154663e+01
  9,118662476540e-01;  4,369310760498e+01
  8,984428048134e-01;  4,044032669067e+01
  8,831734061241e-01;  3,691943359375e+01
  8,682453036308e-01;  3,362345504761e+01
  8,555324673653e-01;  3,078422737122e+01
  8,443102836609e-01;  2,842502975464e+01
  8,342653512955e-01;  2,648203277588e+01
  8,214409947395e-01;  2,411400222778e+01
  8,105183243752e-01;  2,221323204041e+01
  7,979795932770e-01;  2,021014213562e+01
  7,857822179794e-01;  1,827056694031e+01
  7,754238247871e-01;  1,676136398315e+01
  7,643618583679e-01;  1,521865558624e+01
  7,534113526344e-01;  1,376808547974e+01
  7,445088028908e-01;  1,264680194855e+01
  7,385877370834e-01;  1,193174743652e+01
  7,343176007271e-01;  1,143987083435e+01
  7,310784459114e-01;  1,106799030304e+01
  7,286264300346e-01;  1,081208896637e+01
  7,267038226128e-01;  1,064138984680e+01
  7,263764142990e-01;  1,079758548737e+01
  7,380931973457e-01;  1,409739398956e+01
  7,507642507553e-01;  1,639001464844e+01
  7,674407958984e-01;  1,909621810913e+01
  7,845143675804e-01;  2,191104316711e+01
  7,999091744423e-01;  2,469745445251e+01
  8,133744001389e-01;  2,728191566467e+01
  8,258295655251e-01;  2,961961746216e+01
  8,367661237717e-01;  3,173138999939e+01
  8,467692732811e-01;  3,365417098999e+01
  8,598791956902e-01;  3,619689559937e+01
  8,707182407379e-01;  3,838259506226e+01
  8,825812935829e-01;  4,080572509766e+01
  8,940542340279e-01;  4,315475082397e+01
  9,048027396202e-01;  4,543852233887e+01
  9,147152900696e-01;  4,750341796875e+01
  9,201348423958e-01;  4,859342575073e+01
  9,230605363846e-01;  4,911217498779e+01
  9,249413609505e-01;  4,933075332642e+01
  9,250946044922e-01;  4,922072982788e+01
  9,100759625435e-01;  4,324287414551e+01
  8,962554931641e-01;  3,991853713989e+01
  8,808258771896e-01;  3,640148544312e+01
  8,662251830101e-01;  3,316530990601e+01
  8,537561297417e-01;  3,039974784851e+01
  8,427986502647e-01;  2,811179924011e+01
  8,284278512001e-01;  2,539194679260e+01
  8,165439367294e-01;  2,324475288391e+01
  8,061855435371e-01;  2,150956153870e+01
  7,946568131447e-01;  1,964929580688e+01
  7,829121947289e-01;  1,784698104858e+01
  7,712302803993e-01;  1,620252990723e+01
  7,600429654121e-01;  1,463400268555e+01
  7,492595911026e-01;  1,322912120819e+01
  7,416667342186e-01;  1,229723644257e+01
  7,366163730621e-01;  1,169632053375e+01
  7,328547835350e-01;  1,126315593719e+01
  7,299429774284e-01;  1,094826221466e+01
  7,277696132660e-01;  1,071699810028e+01
  7,263624668121e-01;  1,085926914215e+01
  7,397789359093e-01;  1,441241931915e+01
  7,530978918076e-01;  1,678188323975e+01
  7,701087594032e-01;  1,951704406738e+01
  7,869873046875e-01;  2,233429527283e+01
  8,020198941231e-01;  2,509846687317e+01
  8,153597116470e-01;  2,764714241028e+01
  8,275710344315e-01;  2,995009803772e+01
  8,383334875107e-01;  3,203217697144e+01
  8,527251482010e-01;  3,480113220215e+01
  8,648459315300e-01;  3,718277359009e+01
  8,778792619705e-01;  3,983803176880e+01
  8,883421421051e-01;  4,197247314453e+01
  8,996130824089e-01;  4,434128952026e+01
  9,097903966904e-01;  4,647429656982e+01
  9,174877405167e-01;  4,806613922119e+01
  9,215976595879e-01;  4,886009597778e+01
  9,239661097527e-01;  4,925286483765e+01
  9,251642823219e-01;  4,918761444092e+01
  9,147919416428e-01;  4,442235565186e+01
  9,020860195160e-01;  4,130451202393e+01
  8,871788382530e-01;  3,779533386230e+01
  8,717492222786e-01;  3,440355300903e+01
  8,585626482964e-01;  3,144371223450e+01
  8,469782471657e-01;  2,896760559082e+01
  8,367730975151e-01;  2,693607902527e+01
  8,234263062477e-01;  2,447430610657e+01
  8,122807145119e-01;  2,250544166565e+01
  7,994076013565e-01;  2,043790817261e+01
  7,893069982529e-01;  1,880179595947e+01
  7,783703804016e-01;  1,718282318115e+01
  7,679144740105e-01;  1,571369457245e+01
  7,573471069336e-01;  1,427391719818e+01
  7,472952008247e-01;  1,298374748230e+01
  7,404337525368e-01;  1,214011001587e+01
  7,357107996941e-01;  1,158819580078e+01
  7,321720719337e-01;  1,118430614471e+01
  7,294623255730e-01;  1,088332462311e+01
  7,274212837219e-01;  1,067621517181e+01
  7,263764142990e-01;  1,085399246216e+01
  7,397859096527e-01;  1,440794086456e+01
  7,531187534332e-01;  1,677860641479e+01
  7,701575160027e-01;  1,951274299622e+01
  7,870012521744e-01;  2,233139801025e+01
  8,020686507225e-01;  2,509729576111e+01
  8,153597116470e-01;  2,764640808105e+01
  8,276058435440e-01;  2,994893836975e+01
  8,383752703667e-01;  3,203104019165e+01
  8,527390956879e-01;  3,480123901367e+01
  8,649156093597e-01;  3,718317031860e+01
  8,779280185699e-01;  3,984077835083e+01
  8,884118199348e-01;  4,197638320923e+01
  8,996688127518e-01;  4,434384536743e+01
  9,098182320595e-01;  4,646968078613e+01
  9,174877405167e-01;  4,806086730957e+01
  9,216673374176e-01;  4,886112976074e+01
  9,240148663521e-01;  4,925009918213e+01
  9,251851439476e-01;  4,922373580933e+01
  9,101943969727e-01;  4,325448608398e+01
  8,963739275932e-01;  3,992898559570e+01
  8,808885812759e-01;  3,640979003906e+01
  8,663296699524e-01;  3,317142868042e+01
  8,538396954536e-01;  3,040202713013e+01
  8,428543806076e-01;  2,811251831055e+01
  8,284835815430e-01;  2,539055061340e+01
  8,166344761848e-01;  2,323955535889e+01
  8,062203526497e-01;  2,150309562683e+01
  7,946847081184e-01;  1,964521598816e+01
  7,829958200455e-01;  1,783860397339e+01
  7,713487148285e-01;  1,619328117371e+01
  7,601543664932e-01;  1,463476467133e+01
  7,493640780449e-01;  1,322839355469e+01
  7,417851090431e-01;  1,229631996155e+01
  7,367069125175e-01;  1,169711589813e+01
  7,329592704773e-01;  1,125754928589e+01
  7,300683856010e-01;  1,093901824951e+01
  7,279089093208e-01;  1,071510028839e+01
  7,264948487282e-01;  1,085577106476e+01
  7,399182319641e-01;  1,441143798828e+01
  7,532371878624e-01;  1,678481483459e+01
  7,702829241753e-01;  1,952411842346e+01
  7,871614694595e-01;  2,234515571594e+01
  8,021939992905e-01;  2,511386680603e+01
  8,155338168144e-01;  2,766155052185e+01
  8,277451992035e-01;  2,996268081665e+01
  8,384937047958e-01;  3,204249572754e+01
  8,528923392296e-01;  3,481266403198e+01
  8,650409579277e-01;  3,719372940063e+01
  8,780673742294e-01;  3,985057067871e+01
  8,885511159897e-01;  4,198395919800e+01
  8,997872471809e-01;  4,435029602051e+01
  9,099436402321e-01;  4,648942184448e+01
  9,175713658333e-01;  4,807007980347e+01
  9,217022061348e-01;  4,886024856567e+01
  9,241054654121e-01;  4,925395202637e+01
  9,253593087196e-01;  4,900946044922e+01
  9,108770489693e-01;  4,340023803711e+01
  8,971401453018e-01;  4,009481430054e+01
  8,817453980446e-01;  3,656756210327e+01
  8,670262694359e-01;  3,330402374268e+01
  8,544666171074e-01;  3,051207160950e+01
  8,434255719185e-01;  2,820274162292e+01
  8,289642333984e-01;  2,546158599854e+01
  8,170384764671e-01;  2,329931831360e+01
  8,066173791885e-01;  2,155619621277e+01
  7,950190901756e-01;  1,968908691406e+01
  7,832953333855e-01;  1,787578964233e+01
  7,715576887131e-01;  1,621619987488e+01
  7,603285312653e-01;  1,465270614624e+01
  7,494686245918e-01;  1,323343563080e+01
  7,419105172157e-01;  1,230255603790e+01
  7,368114590645e-01;  1,170576858521e+01
  7,329940795898e-01;  1,126652622223e+01
  7,301031947136e-01;  1,094526958466e+01
  7,279785871506e-01;  1,072321701050e+01
  7,265157103539e-01;  1,083398056030e+01
  7,393470406532e-01;  1,430353927612e+01
  7,524500489235e-01;  1,665051460266e+01
  7,694261074066e-01;  1,937732124329e+01
  7,863742709160e-01;  2,219785499573e+01
  8,015461564064e-01;  2,497381019592e+01
  8,149417638779e-01;  2,753522682190e+01
  8,272088170052e-01;  2,984975624084e+01
  8,380199670792e-01;  3,194225502014e+01
  8,524952530861e-01;  3,472429275513e+01
  8,647066354752e-01;  3,711843109131e+01
  8,747376203537e-01;  3,917587661743e+01
  8,859388828278e-01;  4,144601821899e+01
  8,964784145355e-01;  4,362680435181e+01
  9,065303206444e-01;  4,575563049316e+01
  9,157392978668e-01;  4,768948364258e+01
  9,207617640495e-01;  4,867632675171e+01
  9,235133528709e-01;  4,915442276001e+01
  9,252896308899e-01;  4,918659591675e+01
  9,149312376976e-01;  4,441282272339e+01
  9,022253155708e-01;  4,129098510742e+01
  8,873042464256e-01;  3,778305053711e+01
  8,718885183334e-01;  3,439254760742e+01
  8,586671352386e-01;  3,143374633789e+01
  8,471662998199e-01;  2,895840835571e+01
  8,369054198265e-01;  2,693093681335e+01
  8,235656023026e-01;  2,447230911255e+01
  8,124758005142e-01;  2,250333786011e+01
  7,995678186417e-01;  2,043281745911e+01
  7,894811034203e-01;  1,879412078857e+01
  7,785584926605e-01;  1,717880249023e+01
  7,680398821831e-01;  1,571106052399e+01
  7,575212717056e-01;  1,427893447876e+01
  7,475041747093e-01;  1,298369216919e+01
  7,405730485916e-01;  1,214225196838e+01
  7,358710169792e-01;  1,158947849274e+01
  7,322974801064e-01;  1,117719841003e+01
  7,296016812325e-01;  1,088807773590e+01
  7,276024222374e-01;  1,067692661285e+01
  7,265505790710e-01;  1,084995937347e+01
  7,399739623070e-01;  1,440425491333e+01
  7,532719969749e-01;  1,677478218079e+01
  7,703316807747e-01;  1,951144027710e+01
  7,871962785721e-01;  2,233178520203e+01
  8,022427558899e-01;  2,509853363037e+01
  8,156034946442e-01;  2,764822006226e+01
  8,278148770332e-01;  2,995408058167e+01
  8,385633230209e-01;  3,203870010376e+01
  8,529828786850e-01;  3,481079483032e+01
  8,651245832443e-01;  3,719338607788e+01
  8,781369924545e-01;  3,984772872925e+01
  8,886068463326e-01;  4,198343658447e+01
  8,998569250107e-01;  4,435293197632e+01
  9,100481271744e-01;  4,648267745972e+01
  9,176270961761e-01;  4,807139968872e+01
  9,217997193336e-01;  4,885857009888e+01
  9,241402745247e-01;  4,925224304199e+01
  9,253035783768e-01;  4,920436477661e+01
  9,096928238869e-01;  4,309125900269e+01
  8,957470059395e-01;  3,974155044556e+01
  8,802267909050e-01;  3,622483062744e+01
  8,657375574112e-01;  3,300805664063e+01
  8,533869385719e-01;  3,026729965210e+01
  8,424642682076e-01;  2,800439834595e+01
  8,281840682030e-01;  2,530925750732e+01
  8,163558244705e-01;  2,317833328247e+01
  8,060253262520e-01;  2,145818710327e+01
  7,945662736893e-01;  1,960786437988e+01
  7,828773856163e-01;  1,780763435364e+01
  7,712093591690e-01;  1,616977882385e+01
  7,600986361504e-01;  1,461477947235e+01
  7,494059205055e-01;  1,321480178833e+01
  7,418269515038e-01;  1,228701877594e+01
  7,367905378342e-01;  1,168900203705e+01
  7,330080270767e-01;  1,125483989716e+01
  7,301728725433e-01;  1,093676185608e+01
  7,280133962631e-01;  1,071411418915e+01
  7,266063094139e-01;  1,087142181396e+01
  7,406009435654e-01;  1,451698589325e+01
  7,541567087173e-01;  1,691650009155e+01
  7,713069319725e-01;  1,966398811340e+01
  7,880809903145e-01;  2,248632431030e+01
  8,030090332031e-01;  2,524448966980e+01
  8,163000941277e-01;  2,777853965759e+01
  8,284208774567e-01;  3,006951713562e+01
  8,391066789627e-01;  3,214227294922e+01
  8,534356951714e-01;  3,489501190186e+01
  8,654728531837e-01;  3,726576614380e+01
  8,784504532814e-01;  3,990708541870e+01
  8,888506889343e-01;  4,203126525879e+01
  9,000449776649e-01;  4,438397216797e+01
  9,101665616035e-01;  4,650182342529e+01
  9,177663922310e-01;  4,808442306519e+01
  9,218763113022e-01;  4,886508560181e+01
  9,242099523544e-01;  4,924839782715e+01
  9,253941178322e-01;  4,918647384644e+01
  9,150914549828e-01;  4,442271041870e+01
  9,023298025131e-01;  4,130299377441e+01
  8,874226212502e-01;  3,779529190063e+01
  8,720278739929e-01;  3,440239715576e+01
  8,588203787804e-01;  3,144183921814e+01
  8,472568392754e-01;  2,896701622009e+01
  8,370099067688e-01;  2,693465232849e+01
  8,236561417580e-01;  2,447260284424e+01
  8,125385046005e-01;  2,250194740295e+01
  7,996862530708e-01;  2,043351173401e+01
  7,895995378494e-01;  1,879685592651e+01
  7,786490321159e-01;  1,717595100403e+01
  7,681443691254e-01;  1,570686244965e+01
  7,576257586479e-01;  1,428133392334e+01
  7,475738525391e-01;  1,298167514801e+01
  7,406914830208e-01;  1,213131809235e+01
  7,360103726387e-01;  1,158853912354e+01
  7,324716448784e-01;  1,115209388733e+01
  7,298245429993e-01;  1,088642120361e+01
  7,277696132660e-01;  1,064739418030e+01
  7,272819876671e-01;  1,081897544861e+01
  7,389987707138e-01;  1,413026428223e+01
  7,516907453537e-01;  1,642037963867e+01
  7,683463692665e-01;  1,911864852905e+01
  7,854129672050e-01;  2,192975425720e+01
  8,007799386978e-01;  2,471332550049e+01
  8,142451643944e-01;  2,729566383362e+01
  8,267351388931e-01;  2,963055801392e+01
  8,376716971397e-01;  3,174407386780e+01
  8,477026820183e-01;  3,367436981201e+01
  8,607499599457e-01;  3,622440338135e+01
  8,716029524803e-01;  3,841475677490e+01
  8,834659457207e-01;  4,083650207520e+01
  8,948762416840e-01;  4,316044616699e+01
  9,056038260460e-01;  4,545501327515e+01
  9,155024886131e-01;  4,753106689453e+01
  9,208453893661e-01;  4,857211685181e+01
  9,237710833549e-01;  4,913578414917e+01
  9,255822300911e-01;  4,936163330078e+01
  9,260698556900e-01;  4,924548721313e+01
  9,110860228539e-01;  4,329553222656e+01
  8,971958756447e-01;  3,996083831787e+01
  8,816757202148e-01;  3,642513275146e+01
  8,670611381531e-01;  3,317325210571e+01
  8,545850515366e-01;  3,039732742310e+01
  8,435997366905e-01;  2,810372352600e+01
  8,292080163956e-01;  2,537726783752e+01
  8,172823190689e-01;  2,322859191895e+01
  8,069517612457e-01;  2,149965286255e+01
  7,953464388847e-01;  1,965060997009e+01
  7,836645245552e-01;  1,784024429321e+01
  7,719756364822e-01;  1,617593765259e+01
  7,608649134636e-01;  1,462670612335e+01
  7,500467896461e-01;  1,322520351410e+01
  7,424678206444e-01;  1,228252029419e+01
  7,374174594879e-01;  1,169722652435e+01
  7,336558699608e-01;  1,125242519379e+01
  7,307858467102e-01;  1,093957138062e+01
  7,286264300346e-01;  1,071533489227e+01
  7,273516654968e-01;  1,078931617737e+01
  7,385111451149e-01;  1,401490688324e+01
  7,510080933571e-01;  1,628146553040e+01
  7,675452828407e-01;  1,897685241699e+01
  7,847164273262e-01;  2,179362869263e+01
  8,001878261566e-01;  2,458979415894e+01
  8,137575387955e-01;  2,719138336182e+01
  8,262823224068e-01;  2,954272460938e+01
  8,373094797134e-01;  3,166769027710e+01
  8,473752737045e-01;  3,360183334351e+01
  8,605130910873e-01;  3,615420150757e+01
  8,713591098785e-01;  3,834927368164e+01
  8,833057284355e-01;  4,078340148926e+01
  8,948065638542e-01;  4,314318084717e+01
  9,055550694466e-01;  4,543915176392e+01
  9,155163764954e-01;  4,751631164551e+01
  9,208662509918e-01;  4,859384536743e+01
  9,238268136978e-01;  4,910432434082e+01
  9,256727695465e-01;  4,933983612061e+01
  9,259723424911e-01;  4,903886413574e+01
  9,121309518814e-01;  4,355469894409e+01
  8,984915614128e-01;  4,027273941040e+01
  8,831246495247e-01;  3,674290084839e+01
  8,682801723480e-01;  3,345438766479e+01
  8,556369543076e-01;  3,063616943359e+01
  8,445192575455e-01;  2,829903602600e+01
  8,299394845963e-01;  2,552641868591e+01
  8,179231882095e-01;  2,334348869324e+01
  8,075090646744e-01;  2,158323860168e+01
  7,958062291145e-01;  1,970824623108e+01
  7,840616106987e-01;  1,788883018494e+01
  7,740445137024e-01;  1,646475028992e+01
  7,635955810547e-01;  1,499696159363e+01
  7,530560493469e-01;  1,361498928070e+01
  7,445088028908e-01;  1,253398227692e+01
  7,388454675674e-01;  1,185430717468e+01
  7,347564697266e-01;  1,137309646606e+01
  7,316356897354e-01;  1,103073310852e+01
  7,292672991753e-01;  1,078477954865e+01
  7,274212837219e-01;  1,085845375061e+01
  7,408447265625e-01;  1,442111015320e+01
  7,542472481728e-01;  1,679895591736e+01
  7,712790369987e-01;  1,953799438477e+01
  7,881506085396e-01;  2,236503601074e+01
  8,031692504883e-01;  2,513402748108e+01
  8,165787458420e-01;  2,768608856201e+01
  8,287552595139e-01;  2,999108123779e+01
  8,395037651062e-01;  3,207411956787e+01
  8,538745641708e-01;  3,484374618530e+01
  8,659953474998e-01;  3,722718811035e+01
  8,760123848915e-01;  3,927329635620e+01
  8,870882987976e-01;  4,153589248657e+01
  8,974745273590e-01;  4,369385528564e+01
  9,086200594902e-01;  4,605789566040e+01
  9,171882271767e-01;  4,785486221313e+01
  9,217997193336e-01;  4,875294113159e+01
  9,243840575218e-01;  4,918262100220e+01
  9,259653687477e-01;  4,920733261108e+01
  9,103198051453e-01;  4,309656524658e+01
  8,963739275932e-01;  3,974357223511e+01
  8,808398246765e-01;  3,622161102295e+01
  8,663505911827e-01;  3,300068283081e+01
  8,539651036263e-01;  3,025275230408e+01
  8,430563807487e-01;  2,798411178589e+01
  8,287761807442e-01;  2,528726005554e+01
  8,169479370117e-01;  2,315640068054e+01
  8,066383004189e-01;  2,143893432617e+01
  7,951235771179e-01;  1,959663581848e+01
  7,835252285004e-01;  1,779941940308e+01
  7,718711495399e-01;  1,615616416931e+01
  7,607743740082e-01;  1,460654640198e+01
  7,500467896461e-01;  1,320710659027e+01
  7,424886822701e-01;  1,226908683777e+01
  7,374731898308e-01;  1,168627071381e+01
  7,336906790733e-01;  1,124559307098e+01
  7,308903336525e-01;  1,093430042267e+01
  7,287448644638e-01;  1,071268081665e+01
  7,274770140648e-01;  1,077358150482e+01
  7,274212837219e-01;  1,097516250610e+01
  7,381140589714e-01;  1,391664886475e+01
  7,504020333290e-01;  1,615544319153e+01
  7,667441964149e-01;  1,883583831787e+01
  7,840267419815e-01;  2,164950180054e+01
  7,995957136154e-01;  2,445189857483e+01
  8,132002353668e-01;  2,706528472900e+01
  8,258086442947e-01;  2,943092918396e+01
  8,368706107140e-01;  3,156332206726e+01
  8,470130562782e-01;  3,350769805908e+01
  8,602135777473e-01;  3,607554244995e+01
  8,711710572243e-01;  3,828381729126e+01
  8,831873536110e-01;  4,073613739014e+01
  8,947229981422e-01;  4,310352325439e+01
  9,055411219597e-01;  4,541037368774e+01
  9,155372977257e-01;  4,751404190063e+01
  9,209359288216e-01;  4,858488845825e+01
  9,238616228104e-01;  4,910456085205e+01
  9,256867170334e-01;  4,935624313354e+01
  9,260210990906e-01;  4,912134933472e+01
  9,139769077301e-01;  4,399593353271e+01
  9,007624983788e-01;  4,079067230225e+01
  8,855975866318e-01;  3,726554870605e+01
  8,704465627670e-01;  3,391753387451e+01
  8,575525879860e-01;  3,102670669556e+01
  8,461771607399e-01;  2,862259864807e+01
  8,360904455185e-01;  2,664222908020e+01
  8,229944109917e-01;  2,423450660706e+01
  8,120160102844e-01;  2,230490875244e+01
  7,993379831314e-01;  2,027537536621e+01
  7,870778441429e-01;  1,832127952576e+01
  7,766567468643e-01;  1,679654312134e+01
  7,654276490211e-01;  1,523438739777e+01
  7,545049786568e-01;  1,378408718109e+01
  7,455885410309e-01;  1,264907646179e+01
  7,395769357681e-01;  1,192461967468e+01
  7,353625297546e-01;  1,143207073212e+01
  7,321233153343e-01;  1,106737518311e+01
  7,297061681747e-01;  1,080954456329e+01
  7,278044223785e-01;  1,063440895081e+01
  7,274352312088e-01;  1,075283145905e+01
  7,275606393814e-01;  1,124352264404e+01
  7,430877685547e-01;  1,484071540833e+01
  7,573053240776e-01;  1,731596755981e+01
  7,747063040733e-01;  2,008835029602e+01
  7,912853360176e-01;  2,291845130920e+01
  8,058162927628e-01;  2,565890502930e+01
  8,190864920616e-01;  2,816176414490e+01
  8,309146761894e-01;  3,041865730286e+01
  8,415029644966e-01;  3,246458816528e+01
  8,555812239647e-01;  3,517995834351e+01
  8,674094080925e-01;  3,751366043091e+01
  8,801362514496e-01;  4,011606979370e+01
  8,903483748436e-01;  4,219873046875e+01
  9,012013077736e-01;  4,450302124023e+01
  9,121727347374e-01;  4,679851531982e+01
  9,191038608551e-01;  4,823282623291e+01
  9,229003190994e-01;  4,893598937988e+01
  9,250458478928e-01;  4,929497909546e+01
  9,260210990906e-01;  4,906190490723e+01
  9,127578735352e-01;  4,369405364990e+01
  8,992856740952e-01;  4,043461990356e+01
  8,839744925499e-01;  3,691110610962e+01
  8,690463900566e-01;  3,360306930542e+01
  8,563126325607e-01;  3,075970840454e+01
  8,450974225998e-01;  2,840036964417e+01
  8,350803256035e-01;  2,645946311951e+01
  8,221584558487e-01;  2,409051895142e+01
  8,113194108009e-01;  2,218899726868e+01
  7,987667322159e-01;  2,018109321594e+01
  7,865833044052e-01;  1,824610900879e+01
  7,762387990952e-01;  1,674051475525e+01
  7,651489973068e-01;  1,519239330292e+01
  7,542960047722e-01;  1,375169563293e+01
  7,454283237457e-01;  1,263114070892e+01
  7,394724488258e-01;  1,191511726379e+01
  7,352719306946e-01;  1,142242813110e+01
  7,320327758789e-01;  1,105473232269e+01
  7,296504378319e-01;  1,079887866974e+01
  7,277696132660e-01;  1,063768005371e+01
  7,274561524391e-01;  1,081287956238e+01
  7,287239432335e-01;  1,186844158173e+01
  7,397510409355e-01;  1,420494461060e+01
  7,526798844337e-01;  1,653170585632e+01
  7,694469690323e-01;  1,925320243835e+01
  7,865275740623e-01;  2,207761764526e+01
  8,017760515213e-01;  2,486464118958e+01
  8,152552247047e-01;  2,744128036499e+01
  8,276058435440e-01;  2,977023124695e+01
  8,384867310524e-01;  3,187539291382e+01
  8,530734777451e-01;  3,467605590820e+01
  8,652987480164e-01;  3,708474731445e+01
  8,753645420074e-01;  3,914997482300e+01
  8,865658044815e-01;  4,142566299438e+01
  8,971540927887e-01;  4,360954284668e+01
  9,072617292404e-01;  4,575952529907e+01
  9,165125489235e-01;  4,769440841675e+01
  9,214513897896e-01;  4,867649078369e+01
  9,242099523544e-01;  4,915628051758e+01
  9,259862303734e-01;  4,925531768799e+01
  9,260907173157e-01;  4,903870010376e+01
  9,122493863106e-01;  4,354934692383e+01
  8,986378312111e-01;  4,026665496826e+01
  8,832639455795e-01;  3,673751068115e+01
  8,684403896332e-01;  3,344897842407e+01
  8,557762503624e-01;  3,062760353088e+01
  8,446585536003e-01;  2,828768539429e+01
  8,301205635071e-01;  2,551485252380e+01
  8,180972933769e-01;  2,333306503296e+01
  8,077180385590e-01;  2,157760429382e+01
  7,959594726563e-01;  1,970631217957e+01
  7,842496633530e-01;  1,788925552368e+01
  7,724632620811e-01;  1,622051239014e+01
  7,612271308899e-01;  1,465452861786e+01
  7,503811120987e-01;  1,324023723602e+01
  7,427673339844e-01;  1,229510116577e+01
  7,376613020897e-01;  1,169745159149e+01
  7,338996529579e-01;  1,126078128815e+01
  7,310296893120e-01;  1,094389438629e+01
  7,288841605186e-01;  1,072061824799e+01
  7,274909615517e-01;  1,088084411621e+01
  7,319561243057e-01;  1,271292591095e+01
  7,476643919945e-01;  1,566275596619e+01
  7,633029818535e-01;  1,828107261658e+01
  7,807458043098e-01;  2,108609199524e+01
  7,967396378517e-01;  2,390559387207e+01
  8,106228113174e-01;  2,656932258606e+01
  8,234959244728e-01;  2,898253631592e+01
  8,348713517189e-01;  3,116181373596e+01
  8,451461791992e-01;  3,314363861084e+01
  8,586462140083e-01;  3,576341247559e+01
  8,698962926865e-01;  3,802005004883e+01
  8,821424245834e-01;  4,051971054077e+01
  8,940054774284e-01;  4,294226455688e+01
  9,050813913345e-01;  4,530228042603e+01
  9,153074026108e-01;  4,745325851440e+01
  9,208105206490e-01;  4,855398178101e+01
  9,238616228104e-01;  4,908885955811e+01
  9,257424473763e-01;  4,934703445435e+01
  9,260698556900e-01;  4,913553237915e+01
  9,146177768707e-01;  4,412776184082e+01
  9,014939069748e-01;  4,095092010498e+01
  8,864682912827e-01;  3,743044281006e+01
  8,711710572243e-01;  3,406509399414e+01
  8,581795096397e-01;  3,115146446228e+01
  8,467344045639e-01;  2,871937942505e+01
  8,366128802299e-01;  2,672018051147e+01
  8,234263062477e-01;  2,429396057129e+01
  8,124200701714e-01;  2,235229873657e+01
  7,996514439583e-01;  2,030843925476e+01
  7,873704433441e-01;  1,834148597717e+01
  7,768866419792e-01;  1,681661033630e+01
  7,656505703926e-01;  1,524814414978e+01
  7,547348737717e-01;  1,379140663147e+01
  7,457627058029e-01;  1,265146636963e+01
  7,397510409355e-01;  1,192782783508e+01
  7,354878783226e-01;  1,143481159210e+01
  7,322487235069e-01;  1,106798267365e+01
  7,298106551170e-01;  1,080794334412e+01
  7,279089093208e-01;  1,062857818604e+01
  7,274212837219e-01;  1,088937759399e+01
  7,366163730621e-01;  1,361388587952e+01
  7,483471035957e-01;  1,577351951599e+01
  7,641876935959e-01;  1,841360473633e+01
  7,816026210785e-01;  2,122310256958e+01
  7,975407242775e-01;  2,403890419006e+01
  8,113194108009e-01;  2,669179916382e+01
  8,241229057312e-01;  2,909464645386e+01
  8,354286551476e-01;  3,126182174683e+01
  8,456477522850e-01;  3,323371505737e+01
  8,590990304947e-01;  3,584183120728e+01
  8,702654838562e-01;  3,808470153809e+01
  8,824558854103e-01;  4,057361221313e+01
  8,942493200302e-01;  4,298922348022e+01
  9,052554965019e-01;  4,533324813843e+01
  9,154118895531e-01;  4,745970535278e+01
  9,209359288216e-01;  4,855301666260e+01
  9,239313006401e-01;  4,908734130859e+01
  9,258121252060e-01;  4,934548568726e+01
  9,260907173157e-01;  4,906711196899e+01
  9,128832817078e-01;  4,369395065308e+01
  8,993623256683e-01;  4,043692398071e+01
  8,840999007225e-01;  3,690942764282e+01
  8,691509366035e-01;  3,360188293457e+01
  8,564171195030e-01;  3,076280021667e+01
  8,452019095421e-01;  2,840468215942e+01
  8,306012153625e-01;  2,561166954041e+01
  8,185153007507e-01;  2,341508293152e+01
  8,080314993858e-01;  2,164179801941e+01
  7,962032556534e-01;  1,974617576599e+01
  7,844656109810e-01;  1,791565704346e+01
  7,744485735893e-01;  1,648620986938e+01
  7,639090418816e-01;  1,501492023468e+01
  7,533416748047e-01;  1,361035156250e+01
  7,448571324348e-01;  1,254146766663e+01
  7,391450405121e-01;  1,185029315948e+01
  7,350699305534e-01;  1,137396526337e+01
  7,319143414497e-01;  1,102956676483e+01
  7,295807600021e-01;  1,078299999237e+01
  7,277347445488e-01;  1,068808841705e+01
  7,275606393814e-01;  1,081493759155e+01
  7,398694753647e-01;  1,420283508301e+01
  7,528192400932e-01;  1,652629089355e+01
  7,695863246918e-01;  1,924468994141e+01
  7,866390347481e-01;  2,206820106506e+01
  8,018596768379e-01;  2,484949302673e+01
  8,153387904167e-01;  2,742391777039e+01
  8,276964426041e-01;  2,975378417969e+01
  8,385633230209e-01;  3,185783958435e+01
  8,485734462738e-01;  3,377173233032e+01
  8,615649938583e-01;  3,630540084839e+01
  8,723204135895e-01;  3,848437500000e+01
  8,841486573219e-01;  4,089700317383e+01
  8,954683542252e-01;  4,322199249268e+01
  9,061262607574e-01;  4,548568725586e+01
  9,159343838692e-01;  4,754718017578e+01
  9,212284684181e-01;  4,859643173218e+01
  9,241402745247e-01;  4,911872863770e+01
  9,259862303734e-01;  4,936805343628e+01
  9,262648820877e-01;  4,919641876221e+01
  9,159970283508e-01;  4,444375991821e+01
  9,032493233681e-01;  4,132153701782e+01
  8,882585763931e-01;  3,780863189697e+01
  8,728428483009e-01;  3,440433883667e+01
  8,596423864365e-01;  3,143726539612e+01
  8,480370640755e-01;  2,895492935181e+01
  8,378528356552e-01;  2,691925048828e+01
  8,244711756706e-01;  2,445417404175e+01
  8,133256435394e-01;  2,248229217529e+01
  8,004525303841e-01;  2,041255569458e+01
  7,903866767883e-01;  1,878023147583e+01
  7,794780135155e-01;  1,716266632080e+01
  7,689315080643e-01;  1,569162654877e+01
  7,585452795029e-01;  1,426970672607e+01
  7,485491037369e-01;  1,297869777679e+01
  7,415831089020e-01;  1,212919425964e+01
  7,368602156639e-01;  1,158167552948e+01
  7,333493232727e-01;  1,117905044556e+01
  7,306953072548e-01;  1,088159084320e+01
  7,286264300346e-01;  1,067782974243e+01
  7,276302576065e-01;  1,089329242706e+01
  7,421543002129e-01;  1,461823654175e+01
  7,559887170792e-01;  1,704722785950e+01
  7,732225656509e-01;  1,980568885803e+01
  7,899826765060e-01;  2,263689422607e+01
  8,047366142273e-01;  2,539503479004e+01
  8,181112408638e-01;  2,792176437378e+01
  8,300787806511e-01;  3,020405197144e+01
  8,407367467880e-01;  3,227136611938e+01
  8,549891114235e-01;  3,501525878906e+01
  8,669357299805e-01;  3,737777328491e+01
  8,798436522484e-01;  4,000667953491e+01
  8,901532888412e-01;  4,211359405518e+01
  9,011316895485e-01;  4,444323348999e+01
  9,112462401390e-01;  4,655899810791e+01
  9,187068343163e-01;  4,810837936401e+01
  9,227470755577e-01;  4,887388229370e+01
  9,250458478928e-01;  4,925571060181e+01
  9,262996912003e-01;  4,904668426514e+01
  9,125071167946e-01;  4,355894851685e+01
  8,988816738129e-01;  4,027135848999e+01
  8,835077881813e-01;  3,674140930176e+01
  8,686841726303e-01;  3,345388031006e+01
  8,560339808464e-01;  3,063822364807e+01
  8,448884487152e-01;  2,830106544495e+01
  8,303783535957e-01;  2,552621650696e+01
  8,183271884918e-01;  2,334243583679e+01
  8,079270124435e-01;  2,157956695557e+01
  7,961684465408e-01;  1,970715713501e+01
  7,845004796982e-01;  1,788788795471e+01
  7,744833827019e-01;  1,645769882202e+01
  7,640135288239e-01;  1,499569129944e+01
  7,534740567207e-01;  1,361058044434e+01
  7,449616193771e-01;  1,253348350525e+01
  7,392495274544e-01;  1,184939289093e+01
  7,351744174957e-01;  1,137797641754e+01
  7,320536971092e-01;  1,103475379944e+01
  7,297200560570e-01;  1,078310298920e+01
  7,278601527214e-01;  1,070284366608e+01
  7,276999354362e-01;  1,083950901031e+01
  7,405103445053e-01;  1,430484008789e+01
  7,536899447441e-01;  1,665347290039e+01
  7,706103324890e-01;  1,938294792175e+01
  7,876072525978e-01;  2,221007728577e+01
  8,027303814888e-01;  2,498812294006e+01
  8,162165284157e-01;  2,755628585815e+01
  8,284557461739e-01;  2,987874603271e+01
  8,392251133919e-01;  3,197602081299e+01
  8,492421507835e-01;  3,388333892822e+01
  8,621152639389e-01;  3,640348434448e+01
  8,727871179581e-01;  3,856599807739e+01
  8,845666050911e-01;  4,095940017700e+01
  8,957818150520e-01;  4,326770019531e+01
  9,063561558723e-01;  4,552737426758e+01
  9,160946011543e-01;  4,757627868652e+01
  9,213538765907e-01;  4,860665893555e+01
  9,242099523544e-01;  4,911658477783e+01
  9,260768294334e-01;  4,936146545410e+01
  9,263693690300e-01;  4,912973403931e+01
  9,143391251564e-01;  4,400817871094e+01
  9,011107683182e-01;  4,079699325562e+01
  8,859110474586e-01;  3,726735305786e+01
  8,707531094551e-01;  3,391556167603e+01
  8,578660488129e-01;  3,102183914185e+01
  8,464906215668e-01;  2,861215019226e+01
  8,364247679710e-01;  2,663298606873e+01
  8,232730627060e-01;  2,422476005554e+01
  8,123294711113e-01;  2,229231071472e+01
  7,996514439583e-01;  2,025912857056e+01
  7,874052524567e-01;  1,830585098267e+01
  7,769911289215e-01;  1,678465461731e+01
  7,658107876778e-01;  1,522110366821e+01
  7,549090385437e-01;  1,377442169189e+01
  7,460204362869e-01;  1,264493751526e+01
  7,399809360504e-01;  1,191354560852e+01
  7,358013391495e-01;  1,142245292664e+01
  7,326109409332e-01;  1,105249309540e+01
  7,301728725433e-01;  1,080386161804e+01
  7,283268570900e-01;  1,075842571259e+01
  7,432619333267e-01;  1,475967502594e+01
  7,573471069336e-01;  1,721270942688e+01
  7,745948433876e-01;  1,997940444946e+01
  7,913061976433e-01;  2,281894111633e+01
  8,058999180794e-01;  2,557098007202e+01
  8,192257881165e-01;  2,808951377869e+01
  8,310888409615e-01;  3,035674285889e+01
  8,416980504990e-01;  3,241379165649e+01
  8,558389544487e-01;  3,514343261719e+01
  8,676880598068e-01;  3,749443817139e+01
  8,804357647896e-01;  4,011621093750e+01
  8,906757235527e-01;  4,221482849121e+01
  9,014590978622e-01;  4,451921463013e+01
  9,114761352539e-01;  4,662089920044e+01
  9,187764525414e-01;  4,814780807495e+01
  9,227261543274e-01;  4,888367080688e+01
  9,250110387802e-01;  4,928053283691e+01
  9,260210990906e-01;  4,917871093750e+01
  9,157184362411e-01;  4,440833282471e+01
  9,029358625412e-01;  4,128675460815e+01
  8,880286812782e-01;  3,778525543213e+01
  8,726199865341e-01;  3,439128494263e+01
  8,594333529472e-01;  3,142758560181e+01
  8,478489518166e-01;  2,894520378113e+01
  8,376229405403e-01;  2,690864372253e+01
  8,242482542992e-01;  2,444162178040e+01
  8,131514787674e-01;  2,246490859985e+01
  8,002435564995e-01;  2,039631080627e+01
  7,902125716209e-01;  1,876637268066e+01
  7,793247103691e-01;  1,715485382080e+01
  7,687712907791e-01;  1,568064308167e+01
  7,584059238434e-01;  1,425511455536e+01
  7,484654784203e-01;  1,297177028656e+01
  7,414925694466e-01;  1,211731338501e+01
  7,368462681770e-01;  1,158160877228e+01
  7,333075404167e-01;  1,117147541046e+01
  7,306813597679e-01;  1,088646602631e+01
  7,286264300346e-01;  1,066633415222e+01
  7,277696132660e-01;  1,082105064392e+01
  7,399739623070e-01;  1,421319770813e+01
  7,529585361481e-01;  1,653763389587e+01
  7,697047591209e-01;  1,925685882568e+01
  7,867713570595e-01;  2,208230209351e+01
  8,019850254059e-01;  2,486931991577e+01
  8,154641985893e-01;  2,744821739197e+01
  8,278148770332e-01;  2,977782821655e+01
  8,386678099632e-01;  3,188675117493e+01
  8,532267212868e-01;  3,468515014648e+01
  8,654589653015e-01;  3,709359741211e+01
  8,755596280098e-01;  3,915811920166e+01
  8,867608904839e-01;  4,143528366089e+01
  8,973003625870e-01;  4,360925674438e+01
  9,073801636696e-01;  4,575907516479e+01
  9,165961146355e-01;  4,770524978638e+01
  9,215280413628e-01;  4,866719818115e+01
  9,242795705795e-01;  4,915147018433e+01
  9,260907173157e-01;  4,930055236816e+01
  9,261952042580e-01;  4,912843704224e+01
  9,141998291016e-01;  4,400739288330e+01
  9,009575247765e-01;  4,079764175415e+01
  8,858065605164e-01;  3,726895904541e+01
  8,706485629082e-01;  3,391906356812e+01
  8,577406406403e-01;  3,102511215210e+01
  8,463861346245e-01;  2,861652565002e+01
  8,362994194031e-01;  2,663703536987e+01
  8,232033848763e-01;  2,423050498962e+01
  8,122459053993e-01;  2,229784584045e+01
  7,995120882988e-01;  2,026744461060e+01
  7,873216867447e-01;  1,831540298462e+01
  7,768518328667e-01;  1,679729270935e+01
  7,656505703926e-01;  1,523347949982e+01
  7,547488212585e-01;  1,378614711761e+01
  7,458881139755e-01;  1,265430545807e+01
  7,398416399956e-01;  1,192417621613e+01
  7,355923652649e-01;  1,142621421814e+01
  7,324019670486e-01;  1,107210445404e+01
  7,299638986588e-01;  1,080680561066e+01
  7,280830740929e-01;  1,062997817993e+01
  7,275606393814e-01;  1,086803531647e+01
  7,415065169334e-01;  1,450437355042e+01
  7,551528215408e-01;  1,690842628479e+01
  7,722473144531e-01;  1,965817070007e+01
  7,890771031380e-01;  2,248483848572e+01
  8,039494156837e-01;  2,524807167053e+01
  8,173450231552e-01;  2,779054069519e+01
  8,294170498848e-01;  3,008582115173e+01
  8,401306867599e-01;  3,216233825684e+01
  8,544597029686e-01;  3,492330932617e+01
  8,664829134941e-01;  3,729557418823e+01
  8,794396519661e-01;  3,993690872192e+01
  8,898258805275e-01;  4,205799865723e+01
  9,009227156639e-01;  4,440235137939e+01
  9,110721349716e-01;  4,653675842285e+01
  9,185814261436e-01;  4,810012817383e+01
  9,226077795029e-01;  4,886716842651e+01
  9,249691963196e-01;  4,925667953491e+01
  9,261255860329e-01;  4,920935821533e+01
  9,105148315430e-01;  4,309280776978e+01
  8,965480923653e-01;  3,973813247681e+01
  8,810000419617e-01;  3,621945953369e+01
  8,665595650673e-01;  3,299986648560e+01
  8,541880249977e-01;  3,025445175171e+01
  8,432862758636e-01;  2,798666000366e+01
  8,289851546288e-01;  2,528555679321e+01
  8,171569108963e-01;  2,314906501770e+01
  8,068681955338e-01;  2,142415618896e+01
  7,953325510025e-01;  1,958020591736e+01
  7,837829589844e-01;  1,779121780396e+01
  7,721846103668e-01;  1,615058517456e+01
  7,610878348351e-01;  1,459698963165e+01
  7,503741979599e-01;  1,320872211456e+01
  7,428021430969e-01;  1,227052688599e+01
  7,377866506577e-01;  1,167642021179e+01
  7,340738177299e-01;  1,125176620483e+01
  7,312316894531e-01;  1,094090175629e+01
  7,291001081467e-01;  1,071536540985e+01
  7,278183698654e-01;  1,076677322388e+01
  7,384136319160e-01;  1,390212726593e+01
  7,507154941559e-01;  1,614408683777e+01
  7,670925259590e-01;  1,882870292664e+01
  7,843193411827e-01;  2,164855766296e+01
  7,998743653297e-01;  2,445494842529e+01
  8,135136961937e-01;  2,707089042664e+01
  8,260733485222e-01;  2,943705368042e+01
  8,371283411980e-01;  3,157118225098e+01
  8,472707867622e-01;  3,351535415649e+01
  8,604573607445e-01;  3,608107757568e+01
  8,714078664780e-01;  3,829317855835e+01
  8,833823800087e-01;  4,074099731445e+01
  8,949110507965e-01;  4,310629272461e+01
  9,057083129883e-01;  4,540993499756e+01
  9,157114624977e-01;  4,750707626343e+01
  9,210752248764e-01;  4,858777999878e+01
  9,240357875824e-01;  4,910227203369e+01
  9,259166121483e-01;  4,934030532837e+01
  9,261743426323e-01;  4,903482055664e+01
  9,123538732529e-01;  4,354633712769e+01
  8,987771868706e-01;  4,026432800293e+01
  8,834033012390e-01;  3,673683166504e+01
  8,685796856880e-01;  3,345162200928e+01
  8,559643030167e-01;  3,063544273376e+01
  8,448327183723e-01;  2,829690933228e+01
  8,303086757660e-01;  2,552480125427e+01
  8,182714581490e-01;  2,334080505371e+01
  8,078712821007e-01;  2,157518577576e+01
  7,960987687111e-01;  1,970224761963e+01
  7,844656109810e-01;  1,788808250427e+01
  7,727209925652e-01;  1,621711158752e+01
  7,626900076866e-01;  1,481465721130e+01
  7,525057792664e-01;  1,347125911713e+01
  7,443346977234e-01;  1,244935226440e+01
  7,388663887978e-01;  1,179289436340e+01
  7,349097132683e-01;  1,133878517151e+01
  7,318795323372e-01;  1,100118350983e+01
  7,296364903450e-01;  1,076355934143e+01
  7,278044223785e-01;  1,079440784454e+01
  7,394654750824e-01;  1,408930873871e+01
  7,521923184395e-01;  1,638780784607e+01
  7,688549160957e-01;  1,909617424011e+01
  7,860120534897e-01;  2,192393493652e+01
  8,013371825218e-01;  2,471970176697e+01
  8,148860335350e-01;  2,731523132324e+01
  8,272715210915e-01;  2,965785980225e+01
  8,382290005684e-01;  3,177533149719e+01
  8,482460379601e-01;  3,369727325439e+01
  8,612863421440e-01;  3,623849105835e+01
  8,720905184746e-01;  3,842408752441e+01
  8,839675188065e-01;  4,084958648682e+01
  8,953638672829e-01;  4,318808364868e+01
  9,060565829277e-01;  4,546392059326e+01
  9,159552454948e-01;  4,754498291016e+01
  9,212145805359e-01;  4,859201431274e+01
  9,241402745247e-01;  4,911121368408e+01
  9,260001778603e-01;  4,933686828613e+01
  9,261255860329e-01;  4,922742843628e+01
  9,111905097961e-01;  4,324401092529e+01
  8,973003625870e-01;  3,991256713867e+01
  8,818498849869e-01;  3,638947296143e+01
  8,672909736633e-01;  3,314612197876e+01
  8,548497557640e-01;  3,037941360474e+01
  8,438435196877e-01;  2,809001731873e+01
  8,294866681099e-01;  2,536695098877e+01
  8,175748586655e-01;  2,321652221680e+01
  8,072652220726e-01;  2,147844314575e+01
  7,956460118294e-01;  1,961852455139e+01
  7,840616106987e-01;  1,781795883179e+01
  7,724075317383e-01;  1,616937828064e+01
  7,612480521202e-01;  1,461707687378e+01
  7,505204677582e-01;  1,321022891998e+01
  7,429553866386e-01;  1,227792263031e+01
  7,379050850868e-01;  1,167422008514e+01
  7,342340350151e-01;  1,126273345947e+01
  7,313570976257e-01;  1,094450378418e+01
  7,291976213455e-01;  1,071726703644e+01
  7,277904748917e-01;  1,084822273254e+01
  7,411581873894e-01;  1,440030193329e+01
  7,545607089996e-01;  1,677843666077e+01
  7,715716362000e-01;  1,951794433594e+01
  7,884640693665e-01;  2,234742546082e+01
  8,034479022026e-01;  2,511969184875e+01
  8,168712854385e-01;  2,767418479919e+01
  8,290339112282e-01;  2,998112678528e+01
  8,397475481033e-01;  3,207024765015e+01
  8,541531562805e-01;  3,484081649780e+01
  8,662391304970e-01;  3,722573471069e+01
  8,792515397072e-01;  3,987501144409e+01
  8,896656632423e-01;  4,200545501709e+01
  9,008321166039e-01;  4,435955047607e+01
  9,110581874847e-01;  4,650029373169e+01
  9,186162352562e-01;  4,808155441284e+01
  9,226773977280e-01;  4,885913467407e+01
  9,250458478928e-01;  4,925078201294e+01
  9,262996912003e-01;  4,900957489014e+01
  9,119567871094e-01;  4,340807342529e+01
  8,982198834419e-01;  4,010194396973e+01
  8,827554583549e-01;  3,657426452637e+01
  8,680920600891e-01;  3,330632400513e+01
  8,555463552475e-01;  3,051255416870e+01
  8,444495797157e-01;  2,819731140137e+01
  8,300300240517e-01;  2,544616889954e+01
  8,180624842644e-01;  2,327827262878e+01
  8,076971173286e-01;  2,152117347717e+01
  7,960430383682e-01;  1,965532302856e+01
  7,844238281250e-01;  1,784816360474e+01
  7,727209925652e-01;  1,618689155579e+01
  7,615754604340e-01;  1,463205528259e+01
  7,507712244987e-01;  1,322967720032e+01
  7,431852817535e-01;  1,228786277771e+01
  7,380792498589e-01;  1,167990684509e+01
  7,344012260437e-01;  1,125951290131e+01
  7,315312027931e-01;  1,095023536682e+01
  7,294065952301e-01;  1,071634292603e+01
  7,279437780380e-01;  1,082529067993e+01
  7,401272058487e-01;  1,419935035706e+01
  7,531187534332e-01;  1,652302932739e+01
  7,698997855186e-01;  1,924337196350e+01
  7,870012521744e-01;  2,207257461548e+01
  8,021731376648e-01;  2,486151313782e+01
  8,156940340996e-01;  2,744384956360e+01
  8,280099034309e-01;  2,977482414246e+01
  8,389255404472e-01;  3,188518333435e+01
  8,534705042839e-01;  3,468963623047e+01
  8,656679391861e-01;  3,709925842285e+01
  8,757686018944e-01;  3,916103363037e+01
  8,869628906250e-01;  4,143597793579e+01
  8,974745273590e-01;  4,360606002808e+01
  9,075961112976e-01;  4,576011657715e+01
  9,168050885201e-01;  4,770549774170e+01
  9,217022061348e-01;  4,867315292358e+01
  9,244885444641e-01;  4,916329574585e+01
  9,262230992317e-01;  4,919877243042e+01
  9,106472134590e-01;  4,308244705200e+01
  8,966873884201e-01;  3,973162078857e+01
  8,811393380165e-01;  3,621445846558e+01
  8,667128086090e-01;  3,299365615845e+01
  8,543273210526e-01;  3,024914932251e+01
  8,434116244316e-01;  2,798151779175e+01
  8,291592597961e-01;  2,527797317505e+01
  8,172962069511e-01;  2,314148521423e+01
  8,070353865623e-01;  2,141267204285e+01
  7,955066561699e-01;  1,956966018677e+01
  7,839571237564e-01;  1,777762031555e+01
  7,723587751389e-01;  1,613702201843e+01
  7,612619996071e-01;  1,459229660034e+01
  7,505901455879e-01;  1,319808959961e+01
  7,430529594421e-01;  1,226367950439e+01
  7,379956245422e-01;  1,167095851898e+01
  7,343385219574e-01;  1,125281524658e+01
  7,314963936806e-01;  1,093416309357e+01
  7,293857336044e-01;  1,071301555634e+01
  7,279437780380e-01;  1,084894275665e+01
  7,412975430489e-01;  1,440321731567e+01
  7,547348737717e-01;  1,678245925903e+01
  7,717457413673e-01;  1,952557373047e+01
  7,886730432510e-01;  2,235643959045e+01
  8,036011457443e-01;  2,513279151917e+01
  8,171011805534e-01;  2,768850708008e+01
  8,292289376259e-01;  2,999596023560e+01
  8,399704694748e-01;  3,208391189575e+01
  8,543552160263e-01;  3,485635757446e+01
  8,664690256119e-01;  3,723984909058e+01
  8,794605135918e-01;  3,988930892944e+01
  8,898955583572e-01;  4,201943969727e+01
  9,010062813759e-01;  4,437863922119e+01
  9,112462401390e-01;  4,651891326904e+01
  9,187346696854e-01;  4,808598709106e+01
  9,227818846703e-01;  4,886888122559e+01
  9,251851439476e-01;  4,924612808228e+01
  9,262996912003e-01;  4,922671890259e+01
  9,113994836807e-01;  4,325843811035e+01
  8,975442051888e-01;  3,992588043213e+01
  8,820449113846e-01;  3,639763259888e+01
  8,674651384354e-01;  3,314709091187e+01
  8,550099730492e-01;  3,037260818481e+01
  8,439968228340e-01;  2,807756996155e+01
  8,296468853951e-01;  2,534680366516e+01
  8,177142143250e-01;  2,319501495361e+01
  8,074533343315e-01;  2,145546913147e+01
  7,958201766014e-01;  1,960176086426e+01
  7,843053936958e-01;  1,780560874939e+01
  7,726025581360e-01;  1,615802764893e+01
  7,615197300911e-01;  1,461530685425e+01
  7,507781982422e-01;  1,320909309387e+01
  7,432410120964e-01;  1,227259635925e+01
  7,381628155708e-01;  1,167492294312e+01
  7,344569563866e-01;  1,125303745270e+01
  7,316356897354e-01;  1,094256496429e+01
  7,294971346855e-01;  1,072176074982e+01
  7,280482649803e-01;  1,079663181305e+01
  7,396953701973e-01;  1,409657382965e+01
  7,525057792664e-01;  1,639451599121e+01
  7,691335082054e-01;  1,910329818726e+01
  7,862489223480e-01;  2,193055725098e+01
  8,015810251236e-01;  2,472736930847e+01
  8,151577115059e-01;  2,732115936279e+01
  8,275710344315e-01;  2,966507530212e+01
  8,384867310524e-01;  3,178533172607e+01
  8,485037684441e-01;  3,371319961548e+01
  8,615858554840e-01;  3,625719070435e+01
  8,723761439323e-01;  3,844262313843e+01
  8,842322230339e-01;  4,086048126221e+01
  8,956076502800e-01;  4,319299697876e+01
  9,063004255295e-01;  4,547541046143e+01
  9,161084890366e-01;  4,755288314819e+01
  9,214026331902e-01;  4,860306167603e+01
  9,243144392967e-01;  4,911338424683e+01
  9,261255860329e-01;  4,932602310181e+01
  9,262996912003e-01;  4,920402526855e+01
  9,107028841972e-01;  4,308770370483e+01
  8,967221975327e-01;  3,973475646973e+01
  8,811532855034e-01;  3,621311187744e+01
  8,667267560959e-01;  3,299085235596e+01
  8,543482422829e-01;  3,024589729309e+01
  8,434395194054e-01;  2,797796058655e+01
  8,291732072830e-01;  2,527774429321e+01
  8,173310756683e-01;  2,314115905762e+01
  8,070562481880e-01;  2,140798187256e+01
  7,955206036568e-01;  1,956040573120e+01
  7,840128540993e-01;  1,777258110046e+01
  7,724075317383e-01;  1,613461112976e+01
  7,613177299500e-01;  1,459528827667e+01
  7,506179809570e-01;  1,319942092896e+01
  7,430947422981e-01;  1,226495361328e+01
  7,380443811417e-01;  1,166830539703e+01
  7,343524694443e-01;  1,124355125427e+01
  7,315451502800e-01;  1,094496440887e+01
  7,293926477432e-01;  1,071091270447e+01
  7,281527519226e-01;  1,077196502686e+01
  7,387061715126e-01;  1,391049671173e+01
  7,510429024696e-01;  1,615075683594e+01
  7,673920392990e-01;  1,883415031433e+01
  7,846676111221e-01;  2,165489196777e+01
  8,002226352692e-01;  2,446220779419e+01
  8,138968348503e-01;  2,708225822449e+01
  8,264704346657e-01;  2,945141601563e+01
  8,375324010849e-01;  3,159239959717e+01
  8,476539254189e-01;  3,354042053223e+01
  8,608404994011e-01;  3,610691452026e+01
  8,717770576477e-01;  3,831418609619e+01
  8,837237358093e-01;  4,075841522217e+01
  8,952732682228e-01;  4,312040710449e+01
  9,060565829277e-01;  4,543006896973e+01
  9,160179495811e-01;  4,752789306641e+01
  9,213886857033e-01;  4,859119796753e+01
  9,242795705795e-01;  4,910921096802e+01
  9,261255860329e-01;  4,930195617676e+01
  9,262648820877e-01;  4,915602111816e+01
  9,154188632965e-01;  4,426531219482e+01
  9,025039672852e-01;  4,111494827271e+01
  8,874922990799e-01;  3,759830856323e+01
  8,721532225609e-01;  3,421608734131e+01
  8,590502738953e-01;  3,127713584900e+01
  8,475703597069e-01;  2,882125473022e+01
  8,374139666557e-01;  2,680329704285e+01
  8,241089582443e-01;  2,435627555847e+01
  8,130609393120e-01;  2,239363479614e+01
  8,002644181252e-01;  2,033403587341e+01
  7,902613282204e-01;  1,871275329590e+01
  7,794292569160e-01;  1,711020088196e+01
  7,689454555511e-01;  1,564577102661e+01
  7,586288452148e-01;  1,423067188263e+01
  7,487232089043e-01;  1,295922374725e+01
  7,418060302734e-01;  1,210875320435e+01
  7,371249198914e-01;  1,156450271606e+01
  7,336767315865e-01;  1,117512798309e+01
  7,310087680817e-01;  1,087768554688e+01
  7,289746999741e-01;  1,067462348938e+01
  7,281178832054e-01;  1,076660346985e+01
  7,386643886566e-01;  1,389724159241e+01
  7,510289549828e-01;  1,613850021362e+01
  7,673920392990e-01;  1,882355880737e+01
  7,846537232399e-01;  2,164718437195e+01
  8,001878261566e-01;  2,445419692993e+01
  8,138759732246e-01;  2,707382774353e+01
  8,264564871788e-01;  2,944453620911e+01
  8,374835848808e-01;  3,158494949341e+01
  8,476399779320e-01;  3,353059387207e+01
  8,608404994011e-01;  3,609997558594e+01
  8,717770576477e-01;  3,830754089355e+01
  8,837794661522e-01;  4,075575637817e+01
  8,953151106834e-01;  4,311904907227e+01
  9,060775041580e-01;  4,542287445068e+01
  9,160597324371e-01;  4,752165603638e+01
  9,213886857033e-01;  4,859004974365e+01
  9,243144392967e-01;  4,910764694214e+01
  9,261952042580e-01;  4,935440063477e+01
  9,264738559723e-01;  4,909819030762e+01
  9,138515591621e-01;  4,384667587280e+01
  9,004838466644e-01;  4,061272430420e+01
  8,852632045746e-01;  3,708541870117e+01
  8,702306151390e-01;  3,375668716431e+01
  8,574062585831e-01;  3,089118957520e+01
  8,461214303970e-01;  2,850531578064e+01
  8,361043334007e-01;  2,654129219055e+01
  8,230640292168e-01;  2,414634323120e+01
  8,121553659439e-01;  2,222699165344e+01
  7,995469570160e-01;  2,020737648010e+01
  7,873913049698e-01;  1,827192687988e+01
  7,770050764084e-01;  1,676230430603e+01
  7,658804059029e-01;  1,519723796844e+01
  7,550274133682e-01;  1,375625228882e+01
  7,462154626846e-01;  1,263835811615e+01
  7,401899099350e-01;  1,190475559235e+01
  7,359894514084e-01;  1,142042064667e+01
  7,328547835350e-01;  1,106865501404e+01
  7,304027676582e-01;  1,080781936646e+01
  7,284662127495e-01;  1,064177131653e+01
  7,281527519226e-01;  1,081583499908e+01
  7,403571009636e-01;  1,419961071014e+01
  7,533764839172e-01;  1,652300643921e+01
  7,701575160027e-01;  1,924552917480e+01
  7,872450351715e-01;  2,207638740540e+01
  8,024378418922e-01;  2,486807250977e+01
  8,159866333008e-01;  2,745077705383e+01
  8,283163905144e-01;  2,978662872314e+01
  8,391903042793e-01;  3,189901733398e+01
  8,492003679276e-01;  3,381738281250e+01
  8,621431589127e-01;  3,634838485718e+01
  8,728777170181e-01;  3,852265930176e+01
  8,846501708031e-01;  4,092821884155e+01
  8,959559798241e-01;  4,324282073975e+01
  9,065790772438e-01;  4,550600051880e+01
  9,163662195206e-01;  4,756454086304e+01
  9,215976595879e-01;  4,860478591919e+01
  9,244676828384e-01;  4,911947250366e+01
  9,262996912003e-01;  4,933142852783e+01
  9,264738559723e-01;  4,921153259277e+01
  9,108770489693e-01;  4,308914184570e+01
  8,968754410744e-01;  3,973149871826e+01
  8,813135027885e-01;  3,620649719238e+01
  8,668869733810e-01;  3,298292922974e+01
  8,545014858246e-01;  3,023957633972e+01
  8,435649275780e-01;  2,797317886353e+01
  8,293334245682e-01;  2,526739311218e+01
  8,174495100975e-01;  2,313007354736e+01
  8,071956038475e-01;  2,139774513245e+01
  7,956460118294e-01;  1,955621337891e+01
  7,841521501541e-01;  1,777302169800e+01
  7,724980711937e-01;  1,613041687012e+01
  7,614918351173e-01;  1,458832454681e+01
  7,507921457291e-01;  1,319079494476e+01
  7,432549595833e-01;  1,226378154755e+01
  7,382394671440e-01;  1,166738891602e+01
  7,345474958420e-01;  1,124975967407e+01
  7,317610979080e-01;  1,093502521515e+01
  7,295807600021e-01;  1,071392059326e+01
  7,282223701477e-01;  1,089140415192e+01
  7,427046298981e-01;  1,461616992950e+01
  7,565808296204e-01;  1,704575538635e+01
  7,737798094749e-01;  1,980511283875e+01
  7,905330061913e-01;  2,264018630981e+01
  8,052729964256e-01;  2,539929008484e+01
  8,186824917793e-01;  2,793424797058e+01
  8,306360840797e-01;  3,022060012817e+01
  8,412939906120e-01;  3,229150390625e+01
  8,555254936218e-01;  3,503629684448e+01
  8,674442172050e-01;  3,739318466187e+01
  8,802964687347e-01;  4,002123260498e+01
  8,906061053276e-01;  4,212884521484e+01
  9,015635848045e-01;  4,445030212402e+01
  9,116990566254e-01;  4,656952667236e+01
  9,190551042557e-01;  4,811172866821e+01
  9,230605363846e-01;  4,886841201782e+01
  9,254220128059e-01;  4,926533889771e+01
  9,265435338020e-01;  4,909415054321e+01
  9,139420986176e-01;  4,384446334839e+01
  9,006231427193e-01;  4,060840988159e+01
  8,853537440300e-01;  3,708107757568e+01
  8,703351020813e-01;  3,375589370728e+01
  8,575107455254e-01;  3,089009857178e+01
  8,462467789650e-01;  2,850821495056e+01
  8,362297415733e-01;  2,654676628113e+01
  8,231824636459e-01;  2,415581321716e+01
  8,122946619987e-01;  2,223203468323e+01
  7,996374964714e-01;  2,020653343201e+01
  7,875097393990e-01;  1,826441764832e+01
  7,771652936935e-01;  1,675534439087e+01
  7,659848928452e-01;  1,519258213043e+01
  7,552015781403e-01;  1,375271987915e+01
  7,463896274567e-01;  1,263318157196e+01
  7,403780221939e-01;  1,189719009399e+01
  7,362053990364e-01;  1,141921710968e+01
  7,330498099327e-01;  1,106880187988e+01
  7,306256294250e-01;  1,080683708191e+01
  7,287448644638e-01;  1,063500785828e+01
  7,283756136894e-01;  1,077861022949e+01
  7,394654750824e-01;  1,399429225922e+01
  7,520181536674e-01;  1,626546478271e+01
  7,685553431511e-01;  1,896488189697e+01
  7,857473492622e-01;  2,179286766052e+01
  8,011630773544e-01;  2,459727859497e+01
  8,148024082184e-01;  2,720870399475e+01
  8,272575736046e-01;  2,956882667542e+01
  8,382498621941e-01;  3,170006561279e+01
  8,483505249023e-01;  3,363593292236e+01
  8,614326119423e-01;  3,618926620483e+01
  8,722995519638e-01;  3,838000869751e+01
  8,841974139214e-01;  4,080885696411e+01
  8,956633806229e-01;  4,315774917603e+01
  9,064049124718e-01;  4,545513534546e+01
  9,162687063217e-01;  4,753695297241e+01
  9,215767979622e-01;  4,858828353882e+01
  9,244885444641e-01;  4,911029815674e+01
  9,263554215431e-01;  4,934600448608e+01
  9,265783429146e-01;  4,901462173462e+01
  9,121797084808e-01;  4,340152740479e+01
  8,984428048134e-01;  4,009161758423e+01
  8,830410242081e-01;  3,656330490112e+01
  8,683149814606e-01;  3,329942703247e+01
  8,557692766190e-01;  3,050693702698e+01
  8,447490930557e-01;  2,819183158875e+01
  8,303086757660e-01;  2,544221878052e+01
  8,183063268661e-01;  2,327287101746e+01
  8,079757690430e-01;  2,151809310913e+01
  7,962729334831e-01;  1,964979934692e+01
  7,846745848656e-01;  1,784340858459e+01
  7,729856967926e-01;  1,618744850159e+01
  7,618401646614e-01;  1,462899780273e+01
  7,510568499565e-01;  1,322032737732e+01
  7,434430122375e-01;  1,227056026459e+01
  7,384275197983e-01;  1,167832469940e+01
  7,347007393837e-01;  1,125184249878e+01
  7,319143414497e-01;  1,095048141479e+01
  7,297200560570e-01;  1,072222232819e+01
  7,282920479774e-01;  1,083097171783e+01
  7,410537004471e-01;  1,429367828369e+01
  7,542611956596e-01;  1,664636421204e+01
  7,711675763130e-01;  1,937845611572e+01
  7,881715297699e-01;  2,221239280701e+01
  8,032528162003e-01;  2,499789237976e+01
  8,167737722397e-01;  2,757179260254e+01
  8,289642333984e-01;  2,989396858215e+01
  8,397963047028e-01;  3,199683570862e+01
  8,542715907097e-01;  3,478016281128e+01
  8,663784265518e-01;  3,717299652100e+01
  8,764303326607e-01;  3,922409820557e+01
  8,875759243965e-01;  4,149285888672e+01
  8,979412317276e-01;  4,365777587891e+01
  9,079931378365e-01;  4,579613494873e+01
  9,171742796898e-01;  4,771939849854e+01
  9,220504760742e-01;  4,867555236816e+01
  9,247671961784e-01;  4,916034698486e+01
  9,265295863152e-01;  4,918817901611e+01
  9,162408709526e-01;  4,442315673828e+01
  9,034931063652e-01;  4,130006027222e+01
  8,885580897331e-01;  3,778775405884e+01
  8,731563687325e-01;  3,438647460938e+01
  8,599697351456e-01;  3,142245101929e+01
  8,484062552452e-01;  2,894116401672e+01
  8,381801843643e-01;  2,690426063538e+01
  8,248055577278e-01;  2,443449592590e+01
  8,137087821960e-01;  2,245802688599e+01
  8,008356690407e-01;  2,038750839233e+01
  7,907837629318e-01;  1,876030349731e+01
  7,799168229103e-01;  1,715437126160e+01
  7,693424820900e-01;  1,567707633972e+01
  7,590677142143e-01;  1,426081562042e+01
  7,490715384483e-01;  1,297113227844e+01
  7,421264648438e-01;  1,211247634888e+01
  7,374383807182e-01;  1,156354045868e+01
  7,339901924133e-01;  1,117293643951e+01
  7,313570976257e-01;  1,089046859741e+01
  7,292881608009e-01;  1,067328739166e+01
  7,283965349197e-01;  1,075505065918e+01
  7,285149693489e-01;  1,123952007294e+01
  7,439306378365e-01;  1,483566570282e+01
  7,582317590714e-01;  1,731185340881e+01
  7,755770683289e-01;  2,008688354492e+01
  7,922257184982e-01;  2,292677879333e+01
  8,066661953926e-01;  2,566903877258e+01
  8,200060129166e-01;  2,817514610291e+01
  8,318203091621e-01;  3,043727684021e+01
  8,423807024956e-01;  3,248851776123e+01
  8,564310669899e-01;  3,520410537720e+01
  8,682244420052e-01;  3,753913497925e+01
  8,809233903885e-01;  4,013439559937e+01
  8,911145925522e-01;  4,221659851074e+01
  9,019327759743e-01;  4,451767730713e+01
  9,119498133659e-01;  4,661743545532e+01
  9,192640781403e-01;  4,814351272583e+01
  9,231998324394e-01;  4,888828659058e+01
  9,254777431488e-01;  4,926609802246e+01
  9,265922904015e-01;  4,909921646118e+01
  9,140117764473e-01;  4,384829330444e+01
  9,006370902061e-01;  4,061064529419e+01
  8,854234218597e-01;  3,708078765869e+01
  8,703699707985e-01;  3,375115203857e+01
  8,575873970985e-01;  3,088699150085e+01
  8,462955355644e-01;  2,850474166870e+01
  8,362645506859e-01;  2,654636764526e+01
  8,232173323631e-01;  2,415457916260e+01
  8,123155832291e-01;  2,222766494751e+01
  7,996723055840e-01;  2,020181083679e+01
  7,875446081161e-01;  1,826987648010e+01
  7,771652936935e-01;  1,676242828369e+01
  7,659988403320e-01;  1,519705200195e+01
  7,552015781403e-01;  1,375830745697e+01
  7,463896274567e-01;  1,263268470764e+01
  7,403501272202e-01;  1,189553737640e+01
  7,361844778061e-01;  1,141457653046e+01
  7,330846190453e-01;  1,106632328033e+01
  7,306256294250e-01;  1,080769157410e+01
  7,287448644638e-01;  1,063686847687e+01
  7,284174561501e-01;  1,074926280975e+01
  7,290722131729e-01;  1,165123176575e+01
  7,439376115799e-01;  1,482762718201e+01
  7,582526803017e-01;  1,730640602112e+01
  7,755770683289e-01;  2,008399391174e+01
  7,922257184982e-01;  2,292389106750e+01
  8,066661953926e-01;  2,566699981689e+01
  8,200268745422e-01;  2,817539978027e+01
  8,318203091621e-01;  3,043828582764e+01
  8,423807024956e-01;  3,249042892456e+01
  8,564310669899e-01;  3,520593261719e+01
  8,682244420052e-01;  3,753895187378e+01
  8,809581995010e-01;  4,013116455078e+01
  8,910937309265e-01;  4,220969772339e+01
  9,019327759743e-01;  4,451021575928e+01
  9,119707345963e-01;  4,661381530762e+01
  9,192780256271e-01;  4,813662338257e+01
  9,232347011566e-01;  4,888135910034e+01
  9,255125522614e-01;  4,926261520386e+01
  9,266480207443e-01;  4,914768218994e+01
  9,152586460114e-01;  4,414451599121e+01
  9,022253155708e-01;  4,096500015259e+01
  8,871161341667e-01;  3,744298171997e+01
  8,718327879906e-01;  3,407697296143e+01
  8,588551878929e-01;  3,116110229492e+01
  8,474310040474e-01;  2,873028945923e+01
  8,373303413391e-01;  2,673101425171e+01
  8,240741491318e-01;  2,429799079895e+01
  8,130957484245e-01;  2,234740257263e+01
  8,003480434418e-01;  2,029751777649e+01
  7,880530953407e-01;  1,833629417419e+01
  7,776529192924e-01;  1,681131744385e+01
  7,663680315018e-01;  1,523256683350e+01
  7,555011510849e-01;  1,377915000916e+01
  7,466473579407e-01;  1,265412712097e+01
  7,405382394791e-01;  1,190991878510e+01
  7,363586425781e-01;  1,142399883270e+01
  7,332030534744e-01;  1,107032203674e+01
  7,307649850845e-01;  1,081254673004e+01
  7,288493514061e-01;  1,062887763977e+01
  7,283965349197e-01;  1,088852500916e+01
  7,303539514542e-01;  1,208665370941e+01
  7,428439855576e-01;  1,461419582367e+01
  7,567689418793e-01;  1,704548835754e+01
  7,739400267601e-01;  1,980611610413e+01
  7,907489538193e-01;  2,264357376099e+01
  8,054122924805e-01;  2,540290069580e+01
  8,188427090645e-01;  2,793834877014e+01
  8,307753801346e-01;  3,022598838806e+01
  8,414542078972e-01;  3,229815673828e+01
  8,557065725327e-01;  3,504446029663e+01
  8,675626516342e-01;  3,739921951294e+01
  8,804009556770e-01;  4,001986312866e+01
  8,907105922699e-01;  4,212207794189e+01
  9,016819596291e-01;  4,445587539673e+01
  9,118244051933e-01;  4,657710647583e+01
  9,191874861717e-01;  4,812163162231e+01
  9,231789708138e-01;  4,886705398560e+01
  9,255334734917e-01;  4,926453399658e+01
  9,266132116318e-01;  4,909361267090e+01
  9,140605330467e-01;  4,384609603882e+01
  9,007276296616e-01;  4,061118698120e+01
  8,854721784592e-01;  3,708171463013e+01
  8,704047799110e-01;  3,375383377075e+01
  8,576083183289e-01;  3,088633155823e+01
  8,463304042816e-01;  2,850160789490e+01
  8,362994194031e-01;  2,653892517090e+01
  8,232869505882e-01;  2,414939308167e+01
  8,123643398285e-01;  2,222618103027e+01
  7,997350096703e-01;  2,020410156250e+01
  7,876142263412e-01;  1,826463699341e+01
  7,772558331490e-01;  1,675901603699e+01
  7,661033272743e-01;  1,520191192627e+01
  7,552573084831e-01;  1,375815391541e+01
  7,464801669121e-01;  1,263027572632e+01
  7,404337525368e-01;  1,189706134796e+01
  7,362681031227e-01;  1,141914653778e+01
  7,331333756447e-01;  1,106570243835e+01
  7,306953072548e-01;  1,081191825867e+01
  7,288144826889e-01;  1,063024520874e+01
  7,284313440323e-01;  1,075982284546e+01
  7,343176007271e-01;  1,299866199493e+01
  7,445994019508e-01;  1,494224262238e+01
  7,591373324394e-01;  1,744482994080e+01
  7,765174508095e-01;  2,022982788086e+01
  7,930825352669e-01;  2,307025146484e+01
  8,074533343315e-01;  2,580235481262e+01
  8,207374215126e-01;  2,829659843445e+01
  8,324472308159e-01;  3,054748344421e+01
  8,429658412933e-01;  3,258999633789e+01
  8,569395542145e-01;  3,529217910767e+01
  8,686563372612e-01;  3,761764144897e+01
  8,812717199326e-01;  4,019813537598e+01
  8,913862705231e-01;  4,226926803589e+01
  9,021556973457e-01;  4,455672073364e+01
  9,130295515060e-01;  4,683526229858e+01
  9,198909997940e-01;  4,824661254883e+01
  9,235621094704e-01;  4,893761062622e+01
  9,258121252060e-01;  4,930041122437e+01
  9,266480207443e-01;  4,900780868530e+01
  9,122911691666e-01;  4,339623641968e+01
  8,985124826431e-01;  4,008394241333e+01
  8,830689191818e-01;  3,655440902710e+01
  8,683846592903e-01;  3,328674697876e+01
  8,558250069618e-01;  3,049100875854e+01
  8,447700142860e-01;  2,817687416077e+01
  8,303295373917e-01;  2,542814636230e+01
  8,183759450912e-01;  2,326052665710e+01
  8,080454468727e-01;  2,150928878784e+01
  7,963286638260e-01;  1,964493942261e+01
  7,847372889519e-01;  1,783834648132e+01
  7,730344533920e-01;  1,617438888550e+01
  7,618749737740e-01;  1,461741542816e+01
  7,511613368988e-01;  1,321723556519e+01
  7,435684204102e-01;  1,226891231537e+01
  7,384832501411e-01;  1,166800785065e+01
  7,348400354385e-01;  1,125316810608e+01
  7,320327758789e-01;  1,094521427155e+01
  7,298594117165e-01;  1,071451473236e+01
  7,284662127495e-01;  1,087208461761e+01
  7,423772215843e-01;  1,450658988953e+01
  7,560514211655e-01;  1,691441535950e+01
  7,731528878212e-01;  1,966594696045e+01
  7,900523543358e-01;  2,250351333618e+01
  8,048549890518e-01;  2,527364349365e+01
  8,183341622353e-01;  2,782269287109e+01
  8,303783535957e-01;  3,012207603455e+01
  8,410850167274e-01;  3,220387649536e+01
  8,553861379623e-01;  3,496476745605e+01
  8,673536777496e-01;  3,733486557007e+01
  8,802755475044e-01;  3,996915435791e+01
  8,906409144402e-01;  4,208477783203e+01
  9,016332030296e-01;  4,442444992065e+01
  9,118244051933e-01;  4,656317138672e+01
  9,192640781403e-01;  4,811382293701e+01
  9,232347011566e-01;  4,886529159546e+01
  9,255822300911e-01;  4,926595306396e+01
  9,267176985741e-01;  4,918984985352e+01
  9,164637923241e-01;  4,442601394653e+01
  9,037021398544e-01;  4,130043792725e+01
  8,887322545052e-01;  3,778482437134e+01
  8,732817173004e-01;  3,438174438477e+01
  8,601090908051e-01;  3,141372680664e+01
  8,485246896744e-01;  2,893290710449e+01
  8,383195400238e-01;  2,689312362671e+01
  8,249448537827e-01;  2,442462158203e+01
  8,138271570206e-01;  2,244878768921e+01
  8,009749650955e-01;  2,037874794006e+01
  7,909300327301e-01;  1,874501609802e+01
  7,800561785698e-01;  1,713859558105e+01
  7,695166468620e-01;  1,566354274750e+01
  7,592418789864e-01;  1,424544143677e+01
  7,492805123329e-01;  1,296325302124e+01
  7,423145174980e-01;  1,209941768646e+01
  7,376613020897e-01;  1,156115150452e+01
  7,342340350151e-01;  1,117486667633e+01
  7,315521240234e-01;  1,088718700409e+01
  7,295320034027e-01;  1,067764282227e+01
  7,286055088043e-01;  1,073904037476e+01
  7,435753941536e-01;  1,472837829590e+01
  7,576953768730e-01;  1,718616867065e+01
  7,749849557877e-01;  1,995921707153e+01
  7,917241454124e-01;  2,280304336548e+01
  8,062830567360e-01;  2,555707550049e+01
  8,196786046028e-01;  2,808053398132e+01
  8,315625190735e-01;  3,035667228699e+01
  8,421856164932e-01;  3,241698837280e+01
  8,563265800476e-01;  3,514686203003e+01
  8,681547641754e-01;  3,749267959595e+01
  8,809094429016e-01;  4,009848403931e+01
  8,911494612694e-01;  4,218633270264e+01
  9,020372629166e-01;  4,449584960938e+01
  9,120682477951e-01;  4,660441207886e+01
  9,194382429123e-01;  4,814025497437e+01
  9,233739972115e-01;  4,888338088989e+01
  9,256727695465e-01;  4,927363967896e+01
  9,267525076866e-01;  4,904280853271e+01
  9,129320383072e-01;  4,354430770874e+01
  8,992996215820e-01;  4,025453567505e+01
  8,839048147202e-01;  3,672021102905e+01
  8,690812587738e-01;  3,343211364746e+01
  8,564658761024e-01;  3,061415863037e+01
  8,453551530838e-01;  2,827395439148e+01
  8,308171629906e-01;  2,549931907654e+01
  8,187938928604e-01;  2,331554603577e+01
  8,084146380424e-01;  2,155200386047e+01
  7,966351509094e-01;  1,968068313599e+01
  7,850368618965e-01;  1,786197471619e+01
  7,733131051064e-01;  1,619264411926e+01
  7,621188163757e-01;  1,463749027252e+01
  7,513355016708e-01;  1,322270298004e+01
  7,437286376953e-01;  1,227301979065e+01
  7,386504411697e-01;  1,167197895050e+01
  7,349584698677e-01;  1,125121402740e+01
  7,321442365646e-01;  1,094229984283e+01
  7,300335168839e-01;  1,072120857239e+01
  7,286055088043e-01;  1,089573955536e+01
  7,430529594421e-01;  1,462289619446e+01
  7,569639682770e-01;  1,705665969849e+01
  7,741490006447e-01;  1,981789588928e+01
  7,909579277039e-01;  2,265886688232e+01
  8,056073188782e-01;  2,541840171814e+01
  8,190516829491e-01;  2,795190620422e+01
  8,309843540192e-01;  3,023674774170e+01
  8,416423201561e-01;  3,231004333496e+01
  8,558946847916e-01;  3,505294036865e+01
  8,677716255188e-01;  3,741097259521e+01
  8,805959820747e-01;  4,003142929077e+01
  8,909195661545e-01;  4,213344192505e+01
  9,018770456314e-01;  4,445936965942e+01
  9,119498133659e-01;  4,658168029785e+01
  9,193337559700e-01;  4,812248611450e+01
  9,233043789864e-01;  4,886756515503e+01
  9,256727695465e-01;  4,926350784302e+01
  9,268012642860e-01;  4,911858367920e+01
  9,147919416428e-01;  4,398531723022e+01
  9,015983939171e-01;  4,077770996094e+01
  8,864125609398e-01;  3,725243759155e+01
  8,712755441666e-01;  3,390499496460e+01
  8,583675622940e-01;  3,101534843445e+01
  8,470478653908e-01;  2,860692787170e+01
  8,369820713997e-01;  2,662533950806e+01
  8,238651156425e-01;  2,421300315857e+01
  8,129215836525e-01;  2,227726745605e+01
  8,002435564995e-01;  2,024482917786e+01
  7,880530953407e-01;  1,829765319824e+01
  7,776668667793e-01;  1,678577423096e+01
  7,664377093315e-01;  1,521768569946e+01
  7,556543946266e-01;  1,377165317535e+01
  7,467936873436e-01;  1,263365173340e+01
  7,407332658768e-01;  1,189532947540e+01
  7,365466952324e-01;  1,141777229309e+01
  7,333980798721e-01;  1,106857395172e+01
  7,309809327126e-01;  1,080956554413e+01
  7,291140556335e-01;  1,063656806946e+01
  7,287657260895e-01;  1,076834869385e+01
  7,392565011978e-01;  1,389920139313e+01
  7,516002058983e-01;  1,613974189758e+01
  7,679980993271e-01;  1,882513809204e+01
  7,852597236633e-01;  2,165397834778e+01
  8,008008003235e-01;  2,446548271179e+01
  8,144889473915e-01;  2,708724594116e+01
  8,270068168640e-01;  2,946089363098e+01
  8,380966186523e-01;  3,160253906250e+01
  8,482320904732e-01;  3,354884719849e+01
  8,613978028297e-01;  3,611430740356e+01
  8,722995519638e-01;  3,831999969482e+01
  8,842809796333e-01;  4,076509475708e+01
  8,957818150520e-01;  4,312766265869e+01
  9,065651297569e-01;  4,543725585938e+01
  9,165125489235e-01;  4,752304840088e+01
  9,218415021896e-01;  4,858693695068e+01
  9,247671961784e-01;  4,911657714844e+01
  9,265922904015e-01;  4,930852127075e+01
  9,267525076866e-01;  4,916199874878e+01
  9,158716797829e-01;  4,426914215088e+01
  9,029776453972e-01;  4,111529159546e+01
  8,879659771919e-01;  3,759810256958e+01
  8,726338744164e-01;  3,421504974365e+01
  8,595378994942e-01;  3,127705383301e+01
  8,480510115623e-01;  2,882135581970e+01
  8,379364013672e-01;  2,680491256714e+01
  8,245965838432e-01;  2,435733985901e+01
  8,135624527931e-01;  2,239197349548e+01
  8,007520437241e-01;  2,033131217957e+01
  7,884501814842e-01;  1,836226463318e+01
  7,780011892319e-01;  1,682980537415e+01
  7,666814923286e-01;  1,524412536621e+01
  7,558842301369e-01;  1,379991722107e+01
  7,469260096550e-01;  1,265811252594e+01
  7,407820224762e-01;  1,191778469086e+01
  7,365815639496e-01;  1,142548274994e+01
  7,333911657333e-01;  1,107106876373e+01
  7,310087680817e-01;  1,080775070190e+01
  7,291279435158e-01;  1,064265155792e+01
  7,287448644638e-01;  1,079878330231e+01
  7,403919100761e-01;  1,409827709198e+01
  7,531675100327e-01;  1,639616012573e+01
  7,698092460632e-01;  1,910718345642e+01
  7,869873046875e-01;  2,193994140625e+01
  8,022427558899e-01;  2,473862838745e+01
  8,158821463585e-01;  2,733589553833e+01
  8,282676339149e-01;  2,968522262573e+01
  8,391903042793e-01;  3,180897521973e+01
  8,492560982704e-01;  3,373724365234e+01
  8,622336983681e-01;  3,628059768677e+01
  8,729961514473e-01;  3,846261978149e+01
  8,848243355751e-01;  4,087537765503e+01
  8,961997628212e-01;  4,320133590698e+01
  9,068785905838e-01;  4,548886108398e+01
  9,167215228081e-01;  4,756351470947e+01
  9,219459891319e-01;  4,860609054565e+01
  9,248159527779e-01;  4,912036132813e+01
  9,266480207443e-01;  4,927711105347e+01
  9,267525076866e-01;  4,909040069580e+01
  9,141650199890e-01;  4,383115768433e+01
  9,008321166039e-01;  4,059457778931e+01
  8,855975866318e-01;  3,706399536133e+01
  8,705649971962e-01;  3,373557281494e+01
  8,577615618706e-01;  3,087279319763e+01
  8,464906215668e-01;  2,848666954041e+01
  8,318272233009e-01;  2,566286087036e+01
  8,196507096291e-01;  2,344725990295e+01
  8,092296719551e-01;  2,165510940552e+01
  7,972969412804e-01;  1,976362037659e+01
  7,856080532074e-01;  1,793105316162e+01
  7,738216519356e-01;  1,624200820923e+01
  7,637488245964e-01;  1,483370399475e+01
  7,535645961761e-01;  1,349110031128e+01
  7,453447580338e-01;  1,245321083069e+01
  7,397859096527e-01;  1,178517246246e+01
  7,358501553535e-01;  1,134293270111e+01
  7,328547835350e-01;  1,100605869293e+01
  7,305560112000e-01;  1,076320362091e+01
  7,287448644638e-01;  1,078037834167e+01
  7,398137450218e-01;  1,399318313599e+01
  7,524012923241e-01;  1,626522636414e+01
  7,689245343208e-01;  1,896504783630e+01
  7,861304879189e-01;  2,179731750488e+01
  8,015322685242e-01;  2,460294342041e+01
  8,151646256447e-01;  2,721276855469e+01
  8,276755213737e-01;  2,957541275024e+01
  8,386120796204e-01;  3,170833778381e+01
  8,487336635590e-01;  3,364440917969e+01
  8,617948293686e-01;  3,619973373413e+01
  8,726478219032e-01;  3,839296340942e+01
  8,845666050911e-01;  4,082125473022e+01
  8,960117101669e-01;  4,316096878052e+01
  9,066835641861e-01;  4,545076370239e+01
  9,166309237480e-01;  4,754684829712e+01
  9,218763113022e-01;  4,859719085693e+01
  9,247671961784e-01;  4,911327743530e+01
  9,266480207443e-01;  4,932919311523e+01
  9,267873167992e-01;  4,920929336548e+01
  9,112253785133e-01;  4,308273315430e+01
  8,972307443619e-01;  3,972574234009e+01
  8,816896677017e-01;  3,620378875732e+01
  8,672701120377e-01;  3,298056793213e+01
  8,549054861069e-01;  3,023727989197e+01
  8,439968228340e-01;  2,796552467346e+01
  8,297374844551e-01;  2,526387977600e+01
  8,178883194923e-01;  2,312629508972e+01
  8,076623082161e-01;  2,139723396301e+01
  7,960987687111e-01;  1,955644035339e+01
  7,846397757530e-01;  1,777742195129e+01
  7,730344533920e-01;  1,613270950317e+01
  7,619585990906e-01;  1,458883285522e+01
  7,513145804405e-01;  1,319514083862e+01
  7,437564730644e-01;  1,225730419159e+01
  7,387061715126e-01;  1,166076946259e+01
  7,350838780403e-01;  1,124337768555e+01
  7,322487235069e-01;  1,094402790070e+01
  7,301031947136e-01;  1,071626186371e+01
  7,287239432335e-01;  1,087372303009e+01
  7,425861954689e-01;  1,451028823853e+01
  7,562673687935e-01;  1,691473197937e+01
  7,733270525932e-01;  1,966764640808e+01
  7,902264595032e-01;  2,250793838501e+01
  8,050291538239e-01;  2,527394676208e+01
  8,185153007507e-01;  2,782016754150e+01
  8,305315971375e-01;  3,011880874634e+01
  8,412104249001e-01;  3,220097732544e+01
  8,554906249046e-01;  3,495900344849e+01
  8,674930334091e-01;  3,733200073242e+01
  8,804009556770e-01;  3,996580886841e+01
  8,907663226128e-01;  4,207883834839e+01
  9,018282890320e-01;  4,441975784302e+01
  9,119289517403e-01;  4,655195617676e+01
  9,194173216820e-01;  4,811163711548e+01
  9,233739972115e-01;  4,887502670288e+01
  9,257006645203e-01;  4,926471710205e+01
  9,268430471420e-01;  4,907019805908e+01
  9,136773943901e-01;  4,369485855103e+01
  9,001842737198e-01;  4,043165588379e+01
  8,848800659180e-01;  3,689987182617e+01
  8,699520230293e-01;  3,359164047241e+01
  8,572182059288e-01;  3,075278472900e+01
  8,460517525673e-01;  2,839062881470e+01
  8,314580321312e-01;  2,559277343750e+01
  8,193511962891e-01;  2,339273452759e+01
  8,089510202408e-01;  2,161057281494e+01
  7,970879673958e-01;  1,972159004211e+01
  7,854548096657e-01;  1,789736175537e+01
  7,737171053886e-01;  1,622393226624e+01
  7,636513113976e-01;  1,482033252716e+01
  7,535158395767e-01;  1,348465919495e+01
  7,453238368034e-01;  1,244119453430e+01
  7,397928833961e-01;  1,177625751495e+01
  7,359197735786e-01;  1,133067131042e+01
  7,329313755035e-01;  1,100395679474e+01
  7,306465506554e-01;  1,076189327240e+01
  7,288284301758e-01;  1,083460044861e+01
  7,415204048157e-01;  1,430035781860e+01
  7,547836303711e-01;  1,665358543396e+01
  7,716761231422e-01;  1,938562393188e+01
  7,886939644814e-01;  2,222410583496e+01
  8,037056326866e-01;  2,500847816467e+01
  8,172405362129e-01;  2,758062171936e+01
  8,294309377670e-01;  2,990337562561e+01
  8,402351737022e-01;  3,200484085083e+01
  8,547104597092e-01;  3,478832244873e+01
  8,668172955513e-01;  3,718490982056e+01
  8,768482804298e-01;  3,923691558838e+01
  8,879938721657e-01;  4,150351333618e+01
  8,983452916145e-01;  4,366333770752e+01
  9,084598422050e-01;  4,580005264282e+01
  9,175713658333e-01;  4,772955322266e+01
  9,223987460136e-01;  4,868512344360e+01
  9,251155257225e-01;  4,916067886353e+01
  9,268918037415e-01;  4,912117767334e+01
  9,148824810982e-01;  4,399014663696e+01
  9,016819596291e-01;  4,078216934204e+01
  8,865031599998e-01;  3,725510787964e+01
  8,713660836220e-01;  3,390908050537e+01
  8,584929704666e-01;  3,101857185364e+01
  8,471662998199e-01;  2,860743331909e+01
  8,370656371117e-01;  2,662537574768e+01
  8,239347934723e-01;  2,421222686768e+01
  8,130260705948e-01;  2,227700424194e+01
  8,003340959549e-01;  2,024168968201e+01
  7,881366610527e-01;  1,829138755798e+01
  7,777713537216e-01;  1,677755165100e+01
  7,665770053864e-01;  1,520682334900e+01
  7,557936906815e-01;  1,377228927612e+01
  7,469260096550e-01;  1,263398075104e+01
  7,408656477928e-01;  1,189404487610e+01
  7,367348074913e-01;  1,141331100464e+01
  7,335861921310e-01;  1,106662082672e+01
  7,311481237411e-01;  1,080905437469e+01
  7,292672991753e-01;  1,063262367249e+01
  7,289538383484e-01;  1,074923419952e+01
  7,444112896919e-01;  1,483473968506e+01
  7,587890625000e-01;  1,731339454651e+01
  7,760785818100e-01;  2,008947181702e+01
  7,927342057228e-01;  2,293121528625e+01
  8,071746826172e-01;  2,567409896851e+01
  8,205493688583e-01;  2,818321609497e+01
  8,323078751564e-01;  3,044823265076e+01
  8,428822159767e-01;  3,250336837769e+01
  8,569395542145e-01;  3,521790313721e+01
  8,686771988869e-01;  3,755429458618e+01
  8,813762068748e-01;  4,015056610107e+01
  8,915464878082e-01;  4,222591400146e+01
  9,023298025131e-01;  4,451944732666e+01
  9,133220911026e-01;  4,682230377197e+01
  9,201696515083e-01;  4,824469375610e+01
  9,238268136978e-01;  4,893801879883e+01
  9,260210990906e-01;  4,930860900879e+01
  9,268221855164e-01;  4,911041641235e+01
  9,148406982422e-01;  4,396636962891e+01
  9,016541242599e-01;  4,075917816162e+01
  8,865031599998e-01;  3,723571014404e+01
  8,713451623917e-01;  3,389648437500e+01
  8,585069179535e-01;  3,101243400574e+01
  8,471523523331e-01;  2,860503578186e+01
  8,371213674545e-01;  2,662174034119e+01
  8,239696621895e-01;  2,420941734314e+01
  8,130609393120e-01;  2,227095985413e+01
  8,003828525543e-01;  2,023959732056e+01
  7,881923913956e-01;  1,829367065430e+01
  7,778270840645e-01;  1,678454399109e+01
  7,665700316429e-01;  1,521500873566e+01
  7,558284997940e-01;  1,377185058594e+01
  7,469956874847e-01;  1,263469886780e+01
  7,409352660179e-01;  1,189916610718e+01
  7,367417812347e-01;  1,141746616364e+01
  7,335861921310e-01;  1,106546020508e+01
  7,311829328537e-01;  1,081040096283e+01
  7,293021082878e-01;  1,063647651672e+01
  7,289538383484e-01;  1,076527118683e+01
  7,394515275955e-01;  1,389505672455e+01
  7,518649101257e-01;  1,613841056824e+01
  7,681722044945e-01;  1,882218933105e+01
  7,854129672050e-01;  2,164812088013e+01
  8,009540438652e-01;  2,445858955383e+01
  8,146282434464e-01;  2,708174705505e+01
  8,271530866623e-01;  2,945398521423e+01
  8,381941318512e-01;  3,159343147278e+01
  8,483505249023e-01;  3,353839492798e+01
  8,615022897720e-01;  3,610322189331e+01
  8,723900914192e-01;  3,830759429932e+01
  8,843715786934e-01;  4,075459289551e+01
  8,958863019943e-01;  4,311038589478e+01
  9,067044258118e-01;  4,541973495483e+01
  9,166448712349e-01;  4,752492523193e+01
  9,219459891319e-01;  4,858576583862e+01
  9,248856306076e-01;  4,911289215088e+01
  9,267176985741e-01;  4,933966064453e+01
  9,269614815712e-01;  4,900577545166e+01
  9,125837087631e-01;  4,339243698120e+01
  8,988816738129e-01;  4,008393478394e+01
  8,834171891212e-01;  3,655753707886e+01
  8,687677979469e-01;  3,329302597046e+01
  8,562429547310e-01;  3,050392913818e+01
  8,452367186546e-01;  2,818808364868e+01
  8,307614326477e-01;  2,543811225891e+01
  8,187938928604e-01;  2,326781272888e+01
  8,084982037544e-01;  2,151108169556e+01
  7,967605590820e-01;  1,964606857300e+01
  7,851901054382e-01;  1,784414672852e+01
  7,735430002213e-01;  1,618301582336e+01
  7,623625993729e-01;  1,462242698669e+01
  7,516489624977e-01;  1,322217464447e+01
  7,440351247787e-01;  1,226835823059e+01
  7,389848232269e-01;  1,166935920715e+01
  7,353137731552e-01;  1,124934196472e+01
  7,325412631035e-01;  1,094157791138e+01
  7,303818464279e-01;  1,072403049469e+01
  7,289538383484e-01;  1,081145858765e+01
  7,411094307899e-01;  1,418965530396e+01
  7,541288137436e-01;  1,651597023010e+01
  7,708541154861e-01;  1,923844909668e+01
  7,879416346550e-01;  2,207583045959e+01
  8,030995726585e-01;  2,486707496643e+01
  8,166832327843e-01;  2,745269775391e+01
  8,289433121681e-01;  2,978894042969e+01
  8,397963047028e-01;  3,189915657043e+01
  8,498134016991e-01;  3,381288909912e+01
  8,627213239670e-01;  3,634244537354e+01
  8,734140992165e-01;  3,851315307617e+01
  8,852422833443e-01;  4,092087936401e+01
  8,964923620224e-01;  4,323688507080e+01
  9,071432948112e-01;  4,551337432861e+01
  9,168747663498e-01;  4,756795501709e+01
  9,220644235611e-01;  4,860665512085e+01
  9,249413609505e-01;  4,911207580566e+01
  9,268012642860e-01;  4,930996322632e+01
  9,269266724586e-01;  4,916639709473e+01
  9,161154627800e-01;  4,428316116333e+01
  9,032493233681e-01;  4,113183975220e+01
  8,882098197937e-01;  3,761200714111e+01
  8,728777170181e-01;  3,422931671143e+01
  8,598164916039e-01;  3,129062461853e+01
  8,483365774155e-01;  2,883282089233e+01
  8,382150530815e-01;  2,681266212463e+01
  8,249100446701e-01;  2,436303138733e+01
  8,138689994812e-01;  2,239622306824e+01
  8,010585904121e-01;  2,033347320557e+01
  7,910484671593e-01;  1,871329689026e+01
  7,802790999413e-01;  1,712087440491e+01
  7,697465419769e-01;  1,564962673187e+01
  7,595204710960e-01;  1,423812484741e+01
  7,496288418770e-01;  1,295375156403e+01
  7,427325248718e-01;  1,209652900696e+01
  7,380443811417e-01;  1,155092430115e+01
  7,346659302711e-01;  1,116826057434e+01
  7,320397496223e-01;  1,088036155701e+01
  7,299638986588e-01;  1,067513179779e+01
  7,291279435158e-01;  1,078540992737e+01
  7,401272058487e-01;  1,399747467041e+01
  7,527356147766e-01;  1,626703643799e+01
  7,691822648048e-01;  1,896593284607e+01
  7,864091396332e-01;  2,179800415039e+01
  8,018108606339e-01;  2,460213851929e+01
  8,154641985893e-01;  2,721257972717e+01
  8,279193639755e-01;  2,957305717468e+01
  8,388767838478e-01;  3,170536994934e+01
  8,489983677864e-01;  3,364123535156e+01
  8,620804548264e-01;  3,619761276245e+01
  8,728567957878e-01;  3,838911437988e+01
  8,848243355751e-01;  4,081833648682e+01
  8,961997628212e-01;  4,316135787964e+01
  9,069830775261e-01;  4,546903610229e+01
  9,168190360069e-01;  4,754179763794e+01
  9,220504760742e-01;  4,859802246094e+01
  9,249901175499e-01;  4,911352539063e+01
  9,268082380295e-01;  4,933415985107e+01
  9,269405603409e-01;  4,922279739380e+01
  9,120752215385e-01;  4,323970031738e+01
  8,981850743294e-01;  3,990976333618e+01
  8,827205896378e-01;  3,638666915894e+01
  8,681617379189e-01;  3,314194107056e+01
  8,557205200195e-01;  3,037320327759e+01
  8,447490930557e-01;  2,808284187317e+01
  8,303574323654e-01;  2,535319519043e+01
  8,184943795204e-01;  2,319447708130e+01
  8,082056641579e-01;  2,144960403442e+01
  7,965515851974e-01;  1,959263420105e+01
  7,850368618965e-01;  1,780306434631e+01
  7,734175920486e-01;  1,615293693542e+01
  7,623416781425e-01;  1,460057926178e+01
  7,516350150108e-01;  1,320385646820e+01
  7,441257238388e-01;  1,225693416595e+01
  7,390753626823e-01;  1,166063022614e+01
  7,353973388672e-01;  1,124741554260e+01
  7,326109409332e-01;  1,095069694519e+01
  7,304375767708e-01;  1,071875572205e+01
  7,290583252907e-01;  1,089033317566e+01
  7,434778809547e-01;  1,461708736420e+01
  7,573958635330e-01;  1,704996490479e+01
  7,745670080185e-01;  1,981026268005e+01
  7,913549542427e-01;  2,265135574341e+01
  8,059904575348e-01;  2,541290664673e+01
  8,194208741188e-01;  2,794837951660e+01
  8,313326835632e-01;  3,023627281189e+01
  8,419905900955e-01;  3,231042480469e+01
  8,562220931053e-01;  3,505055618286e+01
  8,680711984634e-01;  3,740431976318e+01
  8,809443116188e-01;  4,002247619629e+01
  8,912121057510e-01;  4,212588882446e+01
  9,021556973457e-01;  4,445382690430e+01
  9,122772216797e-01;  4,657902908325e+01
  9,196402430534e-01;  4,812667465210e+01
  9,235829710960e-01;  4,887142944336e+01
  9,259305000305e-01;  4,927116012573e+01
  9,269266724586e-01;  4,920170593262e+01
  9,113507270813e-01;  4,307857894897e+01
  8,973839879036e-01;  3,972626495361e+01
  8,818498849869e-01;  3,620811843872e+01
  8,674442172050e-01;  3,298766326904e+01
  8,550935983658e-01;  3,024575614929e+01
  8,442057967186e-01;  2,797906112671e+01
  8,299394845963e-01;  2,527463912964e+01
  8,180972933769e-01;  2,313360786438e+01
  8,078712821007e-01;  2,139932060242e+01
  7,963008284569e-01;  1,955560112000e+01
  7,848278284073e-01;  1,777186203003e+01
  7,732643485069e-01;  1,613289833069e+01
  7,622233033180e-01;  1,459015941620e+01
  7,515792846680e-01;  1,319496631622e+01
  7,440212368965e-01;  1,225256729126e+01
  7,390196323395e-01;  1,165132045746e+01
  7,353833913803e-01;  1,124121665955e+01
  7,325761318207e-01;  1,093640422821e+01
  7,304723858833e-01;  1,070771789551e+01
  7,292533516884e-01;  1,075097465515e+01
  7,447108626366e-01;  1,483473110199e+01
  7,590677142143e-01;  1,731561851501e+01
  7,763572335243e-01;  2,009384155273e+01
  7,929780483246e-01;  2,293656158447e+01
  8,073976039886e-01;  2,567866134644e+01
  8,207583427429e-01;  2,818823432922e+01
  8,325029611588e-01;  3,045108604431e+01
  8,430842757225e-01;  3,250671386719e+01
  8,571276664734e-01;  3,522118377686e+01
  8,688374161720e-01;  3,755358123779e+01
  8,815503120422e-01;  4,014539337158e+01
  8,917067050934e-01;  4,222050476074e+01
  9,024552106857e-01;  4,451910400391e+01
  9,124861955643e-01;  4,661988449097e+01
  9,198144078255e-01;  4,814416503906e+01
  9,236665964127e-01;  4,888058853149e+01
  9,260210990906e-01;  4,927622604370e+01
  9,269754290581e-01;  4,920325851440e+01
  9,114482998848e-01;  4,308308029175e+01
  8,974327445030e-01;  3,973137283325e+01
  8,819404244423e-01;  3,621349334717e+01
  8,675348162651e-01;  3,299367141724e+01
  8,551841378212e-01;  3,025273132324e+01
  8,443102836609e-01;  2,798321533203e+01
  8,299952149391e-01;  2,527907562256e+01
  8,181669712067e-01;  2,313883781433e+01
  8,079409599304e-01;  2,140620803833e+01
  7,963565587997e-01;  1,955997085571e+01
  7,849114537239e-01;  1,777089881897e+01
  7,733340263367e-01;  1,612964820862e+01
  7,622720599174e-01;  1,458984375000e+01
  7,516489624977e-01;  1,320125389099e+01
  7,440769076347e-01;  1,224765872955e+01
  7,390753626823e-01;  1,164761829376e+01
  7,354878783226e-01;  1,124334335327e+01
  7,326945662498e-01;  1,094313144684e+01
  7,305420637131e-01;  1,071544742584e+01
  7,291558384895e-01;  1,086937141418e+01
  7,292672991753e-01;  1,113123321533e+01
  7,429693341255e-01;  1,450325012207e+01
  7,566644549370e-01;  1,690633201599e+01
  7,736753225327e-01;  1,965817260742e+01
  7,905747890472e-01;  2,249790573120e+01
  8,053426146507e-01;  2,526297950745e+01
  8,188287615776e-01;  2,781197357178e+01
  8,307753801346e-01;  3,010735702515e+01
  8,414890170097e-01;  3,218821334839e+01
  8,558180332184e-01;  3,494778442383e+01
  8,677368164063e-01;  3,731888198853e+01
  8,806796073914e-01;  3,995944213867e+01
  8,910240530968e-01;  4,207117843628e+01
  9,020372629166e-01;  4,441131973267e+01
  9,122214913368e-01;  4,655608367920e+01
  9,196820259094e-01;  4,811056137085e+01
  9,236526489258e-01;  4,885772705078e+01
  9,259862303734e-01;  4,926393890381e+01
  9,269754290581e-01;  4,922314453125e+01
  9,120960831642e-01;  4,324679183960e+01
  8,982408046722e-01;  3,991375350952e+01
  8,827415108681e-01;  3,638733673096e+01
  8,682453036308e-01;  3,314057540894e+01
  8,557553291321e-01;  3,037398147583e+01
  8,447979092598e-01;  2,807808113098e+01
  8,304479718208e-01;  2,535120010376e+01
  8,185849189758e-01;  2,319676208496e+01
  8,083240389824e-01;  2,145526504517e+01
  7,966560721397e-01;  1,960181427002e+01
  7,851413488388e-01;  1,780230140686e+01
  7,735638618469e-01;  1,615363502502e+01
  7,624670863152e-01;  1,460844802856e+01
  7,518091797829e-01;  1,321040630341e+01
  7,442302107811e-01;  1,225761127472e+01
  7,391937971115e-01;  1,165567588806e+01
  7,355575561523e-01;  1,124210357666e+01
  7,327711582184e-01;  1,093821144104e+01
  7,306256294250e-01;  1,071528816223e+01
  7,292672991753e-01;  1,086908340454e+01
  7,310366630554e-01;  1,202475357056e+01
  7,430180907249e-01;  1,450337505341e+01
  7,567549943924e-01;  1,690971183777e+01
  7,738007307053e-01;  1,966017150879e+01
  7,906792759895e-01;  2,250172615051e+01
  8,054122924805e-01;  2,527070426941e+01
  8,189332485199e-01;  2,782003974915e+01
  8,309146761894e-01;  3,011881256104e+01
  8,416283726692e-01;  3,220211791992e+01
  8,559294939041e-01;  3,495734405518e+01
  8,678413033485e-01;  3,732485580444e+01
  8,807631731033e-01;  3,996387863159e+01
  8,911145925522e-01;  4,207612609863e+01
  9,021208286285e-01;  4,441604232788e+01
  9,123120307922e-01;  4,656482315063e+01
  9,197168946266e-01;  4,811947250366e+01
  9,236526489258e-01;  4,886493682861e+01
  9,260210990906e-01;  4,926308822632e+01
  9,271216988564e-01;  4,914682006836e+01
  9,157671928406e-01;  4,414170074463e+01
  9,027268886566e-01;  4,095957565308e+01
  8,875967860222e-01;  3,743515014648e+01
  8,723761439323e-01;  3,406695556641e+01
  8,594333529472e-01;  3,115170288086e+01
  8,480370640755e-01;  2,871948051453e+01
  8,379364013672e-01;  2,672070121765e+01
  8,246940970421e-01;  2,429009437561e+01
  8,137435913086e-01;  2,233821868896e+01
  8,009749650955e-01;  2,028791618347e+01
  7,887427210808e-01;  1,832502174377e+01
  7,783703804016e-01;  1,680350112915e+01
  7,670646309853e-01;  1,522428989410e+01
  7,563161253929e-01;  1,378872394562e+01
  7,474833130836e-01;  1,264913177490e+01
  7,413184046745e-01;  1,190327358246e+01
  7,371736764908e-01;  1,142398166656e+01
  7,339901924133e-01;  1,106834506989e+01
  7,315521240234e-01;  1,080652904510e+01
  7,297200560570e-01;  1,063492107391e+01
  7,293717861176e-01;  1,076652050018e+01
  7,351883649826e-01;  1,300561332703e+01
  7,454562187195e-01;  1,494729137421e+01
  7,600429654121e-01;  1,745030975342e+01
  7,773185372353e-01;  2,023331832886e+01
  7,938975691795e-01;  2,307431602478e+01
  8,081986904144e-01;  2,580680274963e+01
  8,215245604515e-01;  2,830735206604e+01
  8,331925868988e-01;  3,056041717529e+01
  8,437529802322e-01;  3,260557556152e+01
  8,577058315277e-01;  3,530762481689e+01
  8,693250417709e-01;  3,762924575806e+01
  8,819683194160e-01;  4,021092224121e+01
  8,920341134071e-01;  4,227200698853e+01
  9,027477502823e-01;  4,455349731445e+01
  9,136356115341e-01;  4,685136032104e+01
  9,204483032227e-01;  4,825782775879e+01
  9,240845441818e-01;  4,893922424316e+01
  9,262648820877e-01;  4,930948638916e+01
  9,270659685135e-01;  4,914155960083e+01
  9,156835675240e-01;  4,412828445435e+01
  9,026432633400e-01;  4,094752502441e+01
  8,875271081924e-01;  3,742367172241e+01
  8,723204135895e-01;  3,406417846680e+01
  8,593428134918e-01;  3,115403747559e+01
  8,479673862457e-01;  2,872347640991e+01
  8,379015922546e-01;  2,672425079346e+01
  8,246453404427e-01;  2,429403114319e+01
  8,136530518532e-01;  2,233849334717e+01
  8,009401559830e-01;  2,028556060791e+01
  7,887287735939e-01;  1,832397842407e+01
  7,783495187759e-01;  1,680863761902e+01
  7,670437097549e-01;  1,523164653778e+01
  7,563022375107e-01;  1,378483200073e+01
  7,474345564842e-01;  1,264714336395e+01
  7,412696480751e-01;  1,190094947815e+01
  7,371039986610e-01;  1,141674041748e+01
  7,339693307877e-01;  1,106669712067e+01
  7,315312027931e-01;  1,080988502502e+01
  7,296922206879e-01;  1,063443088531e+01
  7,293230295181e-01;  1,073590469360e+01
  7,441883683205e-01;  1,471486186981e+01
  7,583501935005e-01;  1,717255783081e+01
  7,755421996117e-01;  1,994320297241e+01
  7,922814488411e-01;  2,278678131104e+01
  8,067706823349e-01;  2,553942871094e+01
  8,202219605446e-01;  2,806483650208e+01
  8,320292830467e-01;  3,033849143982e+01
  8,426593542099e-01;  3,240192794800e+01
  8,567793369293e-01;  3,513260650635e+01
  8,685727119446e-01;  3,747756576538e+01
  8,813622593880e-01;  4,008691024780e+01
  8,915464878082e-01;  4,217079162598e+01
  9,023994803429e-01;  4,448378372192e+01
  9,124861955643e-01;  4,660170745850e+01
  9,198352694511e-01;  4,813393402100e+01
  9,237431883812e-01;  4,888260269165e+01
  9,260559082031e-01;  4,927581787109e+01
  9,270659685135e-01;  4,913520812988e+01
  9,156278371811e-01;  4,412362670898e+01
  9,025875329971e-01;  4,094775009155e+01
  8,875271081924e-01;  3,742947769165e+01
  8,723204135895e-01;  3,406632995605e+01
  8,593288660049e-01;  3,115653610229e+01
  8,479534387589e-01;  2,872508621216e+01
  8,378806710243e-01;  2,672340393066e+01
  8,246244192123e-01;  2,429384422302e+01
  8,136739134789e-01;  2,234499359131e+01
  8,009401559830e-01;  2,029495811462e+01
  7,887148857117e-01;  1,833013343811e+01
  7,782937884331e-01;  1,680888557434e+01
  7,670228481293e-01;  1,523781967163e+01
  7,562325596809e-01;  1,378962802887e+01
  7,473857998848e-01;  1,264560222626e+01
  7,412487268448e-01;  1,189650535583e+01
  7,370830774307e-01;  1,141898441315e+01
  7,339693307877e-01;  1,106892299652e+01
  7,315312027931e-01;  1,080606651306e+01
  7,296504378319e-01;  1,063721847534e+01
  7,293021082878e-01;  1,079623889923e+01
  7,408795356750e-01;  1,409616851807e+01
  7,536899447441e-01;  1,639448928833e+01
  7,703177332878e-01;  1,910561561584e+01
  7,874401211739e-01;  2,194072341919e+01
  8,026468157768e-01;  2,473479270935e+01
  8,163000941277e-01;  2,733347129822e+01
  8,286298513412e-01;  2,968048095703e+01
  8,395733833313e-01;  3,179943084717e+01
  8,496044278145e-01;  3,372370147705e+01
  8,626028895378e-01;  3,626615524292e+01
  8,733653426170e-01;  3,844731140137e+01
  8,852074742317e-01;  4,086819076538e+01
  8,965480923653e-01;  4,319460678101e+01
  9,072059988976e-01;  4,548738479614e+01
  9,170489311218e-01;  4,755850219727e+01
  9,222524762154e-01;  4,859841918945e+01
  9,251363873482e-01;  4,910974121094e+01
  9,269962906837e-01;  4,929663848877e+01
  9,271007776260e-01;  4,913858032227e+01
  9,157671928406e-01;  4,413408279419e+01
  9,027477502823e-01;  4,095761489868e+01
  8,876315951347e-01;  3,743394088745e+01
  8,724109530449e-01;  3,406604385376e+01
  8,594473004341e-01;  3,115246772766e+01
  8,480370640755e-01;  2,872113990784e+01
  8,379503488541e-01;  2,671793746948e+01
  8,246801495552e-01;  2,428650665283e+01
  8,137435913086e-01;  2,233489036560e+01
  8,010097742081e-01;  2,028740501404e+01
  7,887984514236e-01;  1,832920455933e+01
  7,783982753754e-01;  1,681286239624e+01
  7,670994400978e-01;  1,523671722412e+01
  7,563300728798e-01;  1,379223442078e+01
  7,474693655968e-01;  1,264320087433e+01
  7,413601875305e-01;  1,189554500580e+01
  7,371736764908e-01;  1,141505527496e+01
  7,340389490128e-01;  1,106896686554e+01
  7,316008806229e-01;  1,080627346039e+01
  7,297409772873e-01;  1,063263034821e+01
  7,294065952301e-01;  1,076259708405e+01
  7,398903965950e-01;  1,389657783508e+01
  7,522758841515e-01;  1,613818931580e+01
  7,685971260071e-01;  1,882321357727e+01
  7,858379483223e-01;  2,165138053894e+01
  8,013023734093e-01;  2,446099662781e+01
  8,150113821030e-01;  2,708191490173e+01
  8,275362253189e-01;  2,945621681213e+01
  8,385633230209e-01;  3,159925460815e+01
  8,486779332161e-01;  3,354280471802e+01
  8,618645071983e-01;  3,610855865479e+01
  8,727383613586e-01;  3,831227493286e+01
  8,847546577454e-01;  4,075909423828e+01
  8,961858153343e-01;  4,311522674561e+01
  9,070109724998e-01;  4,543447875977e+01
  9,169653058052e-01;  4,752917480469e+01
  9,222246408463e-01;  4,857900619507e+01
  9,251294136047e-01;  4,910282897949e+01
  9,270102381706e-01;  4,932087707520e+01
  9,271704554558e-01;  4,918716049194e+01
  9,169513583183e-01;  4,442418289185e+01
  9,042245745659e-01;  4,130113220215e+01
  8,892686367035e-01;  3,779038238525e+01
  8,738668560982e-01;  3,438905715942e+01
  8,607012033463e-01;  3,142696189880e+01
  8,491725325584e-01;  2,894717025757e+01
  8,390370011330e-01;  2,690898704529e+01
  8,255857229233e-01;  2,443672943115e+01
  8,144889473915e-01;  2,245624923706e+01
  8,016715645790e-01;  2,037805747986e+01
  7,916057705879e-01;  1,874895095825e+01
  7,808085083961e-01;  1,714363098145e+01
  7,701992988586e-01;  1,566396713257e+01
  7,600150704384e-01;  1,424723529816e+01
  7,501303553581e-01;  1,296330451965e+01
  7,431295514107e-01;  1,209928512573e+01
  7,385111451149e-01;  1,155687236786e+01
  7,350490689278e-01;  1,116838169098e+01
  7,324367761612e-01;  1,087953662872e+01
  7,304166555405e-01;  1,067134189606e+01
  7,294065952301e-01;  1,086796379089e+01
  7,432131767273e-01;  1,450392627716e+01
  7,569431066513e-01;  1,691152381897e+01
  7,739539742470e-01;  1,966370201111e+01
  7,908534407616e-01;  2,250428962708e+01
  8,056282401085e-01;  2,527393531799e+01
  8,191004395485e-01;  2,782552337646e+01
  8,310888409615e-01;  3,012656593323e+01
  8,418164253235e-01;  3,221149826050e+01
  8,560687899590e-01;  3,497411346436e+01
  8,680363297462e-01;  3,733866119385e+01
  8,809233903885e-01;  3,996908950806e+01
  8,912539482117e-01;  4,207964324951e+01
  9,022462368011e-01;  4,442261886597e+01
  9,124513864517e-01;  4,656519317627e+01
  9,198701381683e-01;  4,811219787598e+01
  9,237919449806e-01;  4,885983276367e+01
  9,261255860329e-01;  4,926298522949e+01
  9,272609949112e-01;  4,900585174561e+01
  9,129320383072e-01;  4,339678573608e+01
  8,991603255272e-01;  4,008973312378e+01
  8,837167620659e-01;  3,656130599976e+01
  8,690673112869e-01;  3,329309844971e+01
  8,565425276756e-01;  3,050049400330e+01
  8,455153703690e-01;  2,818647384644e+01
  8,310400843620e-01;  2,543111610413e+01
  8,191213011742e-01;  2,326002693176e+01
  8,088325858116e-01;  2,149845886230e+01
  7,970879673958e-01;  1,963223075867e+01
  7,855453491211e-01;  1,782937812805e+01
  7,738912701607e-01;  1,617362785339e+01
  7,627596855164e-01;  1,461895656586e+01
  7,520669102669e-01;  1,321365833282e+01
  7,444879412651e-01;  1,226195907593e+01
  7,394236922264e-01;  1,165366268158e+01
  7,358013391495e-01;  1,124317455292e+01
  7,329940795898e-01;  1,093761825562e+01
  7,308903336525e-01;  1,071271514893e+01
  7,295110821724e-01;  1,085232543945e+01
  7,427255511284e-01;  1,440546131134e+01
  7,562325596809e-01;  1,678772926331e+01
  7,731528878212e-01;  1,953237533569e+01
  7,901359200478e-01;  2,237538337708e+01
  8,049943447113e-01;  2,515369033813e+01
  8,185640573502e-01;  2,771570968628e+01
  8,306012153625e-01;  3,002863693237e+01
  8,413427472115e-01;  3,212207412720e+01
  8,557344675064e-01;  3,489155960083e+01
  8,677158951759e-01;  3,727051544189e+01
  8,777329921722e-01;  3,930744934082e+01
  8,887462019920e-01;  4,156024551392e+01
  8,989861607552e-01;  4,370985794067e+01
  9,090589284897e-01;  4,584267044067e+01
  9,180938005447e-01;  4,774965667725e+01
  9,228167533875e-01;  4,868613433838e+01
  9,255334734917e-01;  4,915938949585e+01
  9,272958636284e-01;  4,909299850464e+01
  9,147431850433e-01;  4,384812545776e+01
  9,014242291451e-01;  4,061239242554e+01
  8,862035870552e-01;  3,708322906494e+01
  8,711571097374e-01;  3,375359344482e+01
  8,583327531815e-01;  3,088617706299e+01
  8,470827341080e-01;  2,849816894531e+01
  8,324332833290e-01;  2,566991043091e+01
  8,202567696571e-01;  2,345211410522e+01
  8,098217248917e-01;  2,165669250488e+01
  7,978751063347e-01;  1,975839996338e+01
  7,862767577171e-01;  1,792288780212e+01
  7,744833827019e-01;  1,623851394653e+01
  7,643966674805e-01;  1,483633708954e+01
  7,542611956596e-01;  1,349587631226e+01
  7,460204362869e-01;  1,245338535309e+01
  7,405033707619e-01;  1,177840709686e+01
  7,365676164627e-01;  1,132690429688e+01
  7,336071133614e-01;  1,099889755249e+01
  7,313222289085e-01;  1,075620460510e+01
  7,295807600021e-01;  1,089293861389e+01
  7,439655065536e-01;  1,461536979675e+01
  7,579044103622e-01;  1,704770469666e+01
  7,750545740128e-01;  1,981094360352e+01
  7,918635010719e-01;  2,265794563293e+01
  8,064780831337e-01;  2,541936302185e+01
  8,199920654297e-01;  2,796059608459e+01
  8,318899273872e-01;  3,025110244751e+01
  8,425478935242e-01;  3,232683181763e+01
  8,567305803299e-01;  3,506764221191e+01
  8,685727119446e-01;  3,742283630371e+01
  8,814319372177e-01;  4,004107666016e+01
  8,916858434677e-01;  4,213698196411e+01
  9,025736451149e-01;  4,446565246582e+01
  9,127160906792e-01;  4,659808731079e+01
  9,200651645660e-01;  4,813171005249e+01
  9,239452481270e-01;  4,887746429443e+01
  9,262648820877e-01;  4,926348114014e+01
  9,273446202278e-01;  4,900617980957e+01
  9,130156040192e-01;  4,339850234985e+01
  8,992438912392e-01;  4,008832168579e+01
  8,838212490082e-01;  3,655916595459e+01
  8,691717982292e-01;  3,328913497925e+01
  8,566260933876e-01;  3,049378967285e+01
  8,455501794815e-01;  2,817578887939e+01
  8,311027884483e-01;  2,542214965820e+01
  8,191561698914e-01;  2,325085449219e+01
  8,088673949242e-01;  2,149556922913e+01
  7,971227765083e-01;  1,962872886658e+01
  7,855941057205e-01;  1,782294845581e+01
  7,739609479904e-01;  1,615853118896e+01
  7,628293037415e-01;  1,460907363892e+01
  7,521574497223e-01;  1,321327686310e+01
  7,445924282074e-01;  1,225829696655e+01
  7,395420670509e-01;  1,165799331665e+01
  7,358779907227e-01;  1,124679660797e+01
  7,330985665321e-01;  1,093576908112e+01
  7,309390902519e-01;  1,070968627930e+01
  7,295807600021e-01;  1,084873390198e+01
  7,428300380707e-01;  1,440731239319e+01
  7,563718557358e-01;  1,678959465027e+01
  7,732782959938e-01;  1,953532981873e+01
  7,902404069901e-01;  2,237630271912e+01
  8,051196932793e-01;  2,515263748169e+01
  8,186824917793e-01;  2,771464920044e+01
  8,307335972786e-01;  3,002893638611e+01
  8,415029644966e-01;  3,212473297119e+01
  8,559085726738e-01;  3,490272140503e+01
  8,678761124611e-01;  3,728437042236e+01
  8,778932094574e-01;  3,932334136963e+01
  8,888994455338e-01;  4,156793212891e+01
  8,990906476974e-01;  4,370898056030e+01
  9,091913104057e-01;  4,584791183472e+01
  9,182192087173e-01;  4,775225067139e+01
  9,229560494423e-01;  4,869025421143e+01
  9,256519079208e-01;  4,915856933594e+01
  9,273794293404e-01;  4,904178619385e+01
  9,136077165604e-01;  4,354499053955e+01
  8,999822735786e-01;  4,025609207153e+01
  8,846223354340e-01;  3,672056961060e+01
  8,698335886002e-01;  3,342922210693e+01
  8,571694493294e-01;  3,060965347290e+01
  8,460726737976e-01;  2,826872444153e+01
  8,315764665604e-01;  2,549084281921e+01
  8,195601701736e-01;  2,330597114563e+01
  8,092644810677e-01;  2,153907394409e+01
  7,974571585655e-01;  1,966492652893e+01
  7,859075665474e-01;  1,784836006165e+01
  7,742744088173e-01;  1,617936897278e+01
  7,630382776260e-01;  1,462754058838e+01
  7,523455619812e-01;  1,322651767731e+01
  7,446969151497e-01;  1,226933860779e+01
  7,396605014801e-01;  1,166309928894e+01
  7,360451817513e-01;  1,124721431732e+01
  7,332030534744e-01;  1,093999195099e+01
  7,310436367989e-01;  1,071181011200e+01
  7,298036813736e-01;  1,074191379547e+01
  7,446551322937e-01;  1,473749923706e+01
  7,588447928429e-01;  1,719400215149e+01
  7,760089635849e-01;  1,996214485168e+01
  7,927133440971e-01;  2,280541992188e+01
  8,072234392166e-01;  2,555551147461e+01
  8,206399083138e-01;  2,808049774170e+01
  8,325029611588e-01;  3,035692405701e+01
  8,431469202042e-01;  3,242286300659e+01
  8,572321534157e-01;  3,515140914917e+01
  8,689907193184e-01;  3,749256134033e+01
  8,817244768143e-01;  4,009788894653e+01
  8,919644355774e-01;  4,218565368652e+01
  9,027686715126e-01;  4,449660491943e+01
  9,128693342209e-01;  4,661364364624e+01
  9,201696515083e-01;  4,814521789551e+01
  9,240148663521e-01;  4,887673950195e+01
  9,262996912003e-01;  4,926775741577e+01
  9,274142980576e-01;  4,904294967651e+01
  9,137122035027e-01;  4,355947113037e+01
  9,000797867775e-01;  4,027472305298e+01
  8,846920132637e-01;  3,674373626709e+01
  8,699241280556e-01;  3,345139312744e+01
  8,572878837585e-01;  3,063088226318e+01
  8,461771607399e-01;  2,829036903381e+01
  8,316531181335e-01;  2,550889778137e+01
  8,196298480034e-01;  2,332116127014e+01
  8,092853426933e-01;  2,155273628235e+01
  7,974711060524e-01;  1,967684555054e+01
  7,859075665474e-01;  1,785888099670e+01
  7,742186784744e-01;  1,618308448792e+01
  7,629895210266e-01;  1,462135887146e+01
  7,523106932640e-01;  1,322301006317e+01
  7,447317242622e-01;  1,226820278168e+01
  7,396674752235e-01;  1,165753459930e+01
  7,360451817513e-01;  1,124715995789e+01
  7,332239747047e-01;  1,094104766846e+01
  7,310784459114e-01;  1,071626377106e+01
  7,297200560570e-01;  1,089870071411e+01
  7,440978288651e-01;  1,463138580322e+01
  7,580576539040e-01;  1,706381797791e+01
  7,751381993294e-01;  1,982494735718e+01
  7,919470667839e-01;  2,266750526428e+01
  8,065825700760e-01;  2,542501831055e+01
  8,200477957726e-01;  2,796205711365e+01
  8,318899273872e-01;  3,024780464172e+01
  8,425827026367e-01;  3,231866073608e+01
  8,568002581596e-01;  3,505923461914e+01
  8,686075806618e-01;  3,741576766968e+01
  8,814458250999e-01;  4,003537368774e+01
  8,916858434677e-01;  4,213092422485e+01
  9,025945067406e-01;  4,445777511597e+01
  9,127300381660e-01;  4,658706665039e+01
  9,201487898827e-01;  4,813675689697e+01
  9,240009188652e-01;  4,887121200562e+01
  9,262996912003e-01;  4,926005172729e+01
  9,274700284004e-01;  4,909475326538e+01
  9,149521589279e-01;  4,384937286377e+01
  9,015983939171e-01;  4,061687469482e+01
  8,863568305969e-01;  3,708736419678e+01
  8,713312745094e-01;  3,375689697266e+01
  8,585277795792e-01;  3,089095115662e+01
  8,472917079926e-01;  2,850496673584e+01
  8,326074481010e-01;  2,567808532715e+01
  8,204448819160e-01;  2,346094512939e+01
  8,100376725197e-01;  2,166405677795e+01
  7,980840802193e-01;  1,976241302490e+01
  7,864091396332e-01;  1,792526054382e+01
  7,746714949608e-01;  1,623226928711e+01
  7,645499110222e-01;  1,482293701172e+01
  7,544353604317e-01;  1,349131202698e+01
  7,462642788887e-01;  1,244760894775e+01
  7,406914830208e-01;  1,177587604523e+01
  7,367905378342e-01;  1,132997322083e+01
  7,338439226151e-01;  1,100414180756e+01
  7,315730452538e-01;  1,075613307953e+01
  7,299638986588e-01;  1,074132442474e+01
  7,448153495789e-01;  1,473892688751e+01
  7,590189576149e-01;  1,719693946838e+01
  7,761691808701e-01;  1,996812820435e+01
  7,928875088692e-01;  2,281338500977e+01
  8,074324131012e-01;  2,556261634827e+01
  8,208279609680e-01;  2,808767509460e+01
  8,326144218445e-01;  3,036185455322e+01
  8,432444930077e-01;  3,242552185059e+01
  8,573366403580e-01;  3,515198898315e+01
  8,690812587738e-01;  3,749645996094e+01
  8,818429112434e-01;  4,010524368286e+01
  8,920341134071e-01;  4,219038772583e+01
  9,028522372246e-01;  4,449950027466e+01
  9,129390120506e-01;  4,661796569824e+01
  9,202393293381e-01;  4,814273834229e+01
  9,241054654121e-01;  4,887696838379e+01
  9,263693690300e-01;  4,926416015625e+01
  9,274839162827e-01;  4,901054763794e+01
  9,131758213043e-01;  4,340388488770e+01
  8,994250297546e-01;  4,009378051758e+01
  8,840162754059e-01;  3,656001663208e+01
  8,693250417709e-01;  3,329055786133e+01
  8,567653894424e-01;  3,049565887451e+01
  8,457382917404e-01;  2,817910575867e+01
  8,313326835632e-01;  2,542392539978e+01
  8,193372488022e-01;  2,325451087952e+01
  8,090763688087e-01;  2,149616241455e+01
  7,973178625107e-01;  1,963143157959e+01
  7,858030796051e-01;  1,782249641418e+01
  7,741699218750e-01;  1,615749549866e+01
  7,630243897438e-01;  1,460828590393e+01
  7,523455619812e-01;  1,321352100372e+01
  7,448083758354e-01;  1,227019214630e+01
  7,397162318230e-01;  1,165794467926e+01
  7,360939383507e-01;  1,124144935608e+01
  7,333075404167e-01;  1,094481849670e+01
  7,311481237411e-01;  1,071117687225e+01
  7,299290299416e-01;  1,076895427704e+01
  7,403571009636e-01;  1,390377330780e+01
  7,527983188629e-01;  1,615051841736e+01
  7,691335082054e-01;  1,883625984192e+01
  7,863742709160e-01;  2,167021369934e+01
  8,018457293510e-01;  2,448110961914e+01
  8,155826330185e-01;  2,710619926453e+01
  8,280377388000e-01;  2,948164939880e+01
  8,390857577324e-01;  3,162388420105e+01
  8,492560982704e-01;  3,356999588013e+01
  8,623521327972e-01;  3,613685989380e+01
  8,732051253319e-01;  3,833975601196e+01
  8,851865530014e-01;  4,078370285034e+01
  8,966177105904e-01;  4,313350677490e+01
  9,074358940125e-01;  4,545235443115e+01
  9,173275232315e-01;  4,754590606689e+01
  9,225171804428e-01;  4,858590316772e+01
  9,254498481750e-01;  4,910785293579e+01
  9,272749423981e-01;  4,931124877930e+01
  9,273794293404e-01;  4,916856765747e+01
  9,166518449783e-01;  4,428331375122e+01
  9,037926793098e-01;  4,113044738770e+01
  8,887462019920e-01;  3,760881805420e+01
  8,733862042427e-01;  3,422190475464e+01
  8,603180646896e-01;  3,128302383423e+01
  8,488590121269e-01;  2,882412147522e+01
  8,387722969055e-01;  2,680186843872e+01
  8,254464268684e-01;  2,435280227661e+01
  8,144262433052e-01;  2,238538360596e+01
  8,016228079796e-01;  2,032447242737e+01
  7,916057705879e-01;  1,869955444336e+01
  7,808572649956e-01;  1,710430145264e+01
  7,703037858009e-01;  1,563199901581e+01
  7,601683139801e-01;  1,422594642639e+01
  7,503463029861e-01;  1,295240879059e+01
  7,433733940125e-01;  1,209236717224e+01
  7,387758493423e-01;  1,154049015045e+01
  7,353625297546e-01;  1,116420555115e+01
  7,327502965927e-01;  1,087850856781e+01
  7,307510375977e-01;  1,066409206390e+01
  7,298594117165e-01;  1,081731987000e+01
  7,419732213020e-01;  1,420156669617e+01
  7,550622820854e-01;  1,653036880493e+01
  7,717596888542e-01;  1,925357246399e+01
  7,888681292534e-01;  2,209484481812e+01
  8,039355278015e-01;  2,488731002808e+01
  8,175678849220e-01;  2,747372817993e+01
  8,298001289368e-01;  2,981056022644e+01
  8,406531214714e-01;  3,192524719238e+01
  8,552120327950e-01;  3,472648239136e+01
  8,673188686371e-01;  3,713313674927e+01
  8,774195313454e-01;  3,919457244873e+01
  8,885720372200e-01;  4,146778488159e+01
  8,989164829254e-01;  4,363664627075e+01
  9,090868234634e-01;  4,580107116699e+01
  9,182540178299e-01;  4,773059463501e+01
  9,230257272720e-01;  4,868172836304e+01
  9,256867170334e-01;  4,915230178833e+01
  9,274839162827e-01;  4,918632507324e+01
  9,172787666321e-01;  4,442628097534e+01
  9,045798182487e-01;  4,130305480957e+01
  8,895820975304e-01;  3,779078674316e+01
  8,741524815559e-01;  3,438553237915e+01
  8,610007166862e-01;  3,142033004761e+01
  8,494511246681e-01;  2,894111442566e+01
  8,393156528473e-01;  2,689908218384e+01
  8,258852958679e-01;  2,442514610291e+01
  8,147884607315e-01;  2,244190406799e+01
  8,019502162933e-01;  2,036914825439e+01
  7,918704748154e-01;  1,874416732788e+01
  7,811219692230e-01;  1,713648986816e+01
  7,704779505730e-01;  1,565356445313e+01
  7,602728009224e-01;  1,424989795685e+01
  7,504507899284e-01;  1,296219539642e+01
  7,435126900673e-01;  1,209904861450e+01
  7,388315796852e-01;  1,154951381683e+01
  7,353973388672e-01;  1,116175270081e+01
  7,327502965927e-01;  1,088032341003e+01
  7,307440638542e-01;  1,066772270203e+01
  7,299081683159e-01;  1,080005741119e+01
  7,301728725433e-01;  1,135149860382e+01
  7,414507865906e-01;  1,410344314575e+01
  7,543169260025e-01;  1,640341949463e+01
  7,708889245987e-01;  1,911556243896e+01
  7,880670428276e-01;  2,195322227478e+01
  8,032737374306e-01;  2,475307846069e+01
  8,169409632683e-01;  2,735308837891e+01
  8,292776942253e-01;  2,970478057861e+01
  8,402212262154e-01;  3,183152961731e+01
  8,547940254211e-01;  3,464922714233e+01
  8,670054078102e-01;  3,706399536133e+01
  8,771269321442e-01;  3,913106536865e+01
  8,883421421051e-01;  4,141485977173e+01
  8,988119959831e-01;  4,360298538208e+01
  9,090380668640e-01;  4,578112030029e+01
  9,182192087173e-01;  4,771855926514e+01
  9,230257272720e-01;  4,867664718628e+01
  9,257424473763e-01;  4,915059661865e+01
  9,275187849998e-01;  4,926074981689e+01
  9,276232719421e-01;  4,904418182373e+01
  9,139003157616e-01;  4,355739593506e+01
  9,002748727798e-01;  4,026915740967e+01
  8,848800659180e-01;  3,673469924927e+01
  8,700565099716e-01;  3,343735504150e+01
  8,574481010437e-01;  3,061826896667e+01
  8,463164567947e-01;  2,827710533142e+01
  8,318063616753e-01;  2,549942016602e+01
  8,197691440582e-01;  2,331170272827e+01
  8,094595074654e-01;  2,154034423828e+01
  7,976104021072e-01;  1,966489410400e+01
  7,860677838326e-01;  1,785138511658e+01
  7,743928432465e-01;  1,617778778076e+01
  7,631984949112e-01;  1,462038993835e+01
  7,525336146355e-01;  1,322250747681e+01
  7,449268102646e-01;  1,227152156830e+01
  7,398207187653e-01;  1,165919113159e+01
  7,361636161804e-01;  1,124058532715e+01
  7,333911657333e-01;  1,093788051605e+01
  7,312526106834e-01;  1,071175289154e+01
  7,300335168839e-01;  1,074561977386e+01
  7,321302890778e-01;  1,216004180908e+01
  7,449058890343e-01;  1,473976993561e+01
  7,590677142143e-01;  1,719898033142e+01
  7,762597203255e-01;  1,996985626221e+01
  7,929919958115e-01;  2,281750679016e+01
  8,074881434441e-01;  2,556987571716e+01
  8,209324479103e-01;  2,809792709351e+01
  8,327816128731e-01;  3,037345504761e+01
  8,434185981750e-01;  3,244324874878e+01
  8,574759364128e-01;  3,517504882813e+01
  8,692554235458e-01;  3,751839828491e+01
  8,820031285286e-01;  4,012133026123e+01
  8,921943306923e-01;  4,219823455811e+01
  9,030264019966e-01;  4,451011657715e+01
  9,130573868752e-01;  4,663043212891e+01
  9,203577637672e-01;  4,815139389038e+01
  9,241890311241e-01;  4,888138580322e+01
  9,264738559723e-01;  4,926280975342e+01
  9,276371598244e-01;  4,911991500854e+01
  9,156627058983e-01;  4,399435424805e+01
  9,024691581726e-01;  4,078389739990e+01
  8,873042464256e-01;  3,725413894653e+01
  8,721462488174e-01;  3,390287780762e+01
  8,592383265495e-01;  3,100882148743e+01
  8,478977084160e-01;  2,859814071655e+01
  8,378806710243e-01;  2,661142539978e+01
  8,247358798981e-01;  2,419668579102e+01
  8,137993216515e-01;  2,225416183472e+01
  8,011142611504e-01;  2,021844673157e+01
  7,889586687088e-01;  1,827023506165e+01
  7,786838412285e-01;  1,675927162170e+01
  7,674268484116e-01;  1,518720340729e+01
  7,567549943924e-01;  1,375702095032e+01
  7,480057477951e-01;  1,263158512115e+01
  7,418757081032e-01;  1,188647937775e+01
  7,376821637154e-01;  1,139881610870e+01
  7,345962524414e-01;  1,105275154114e+01
  7,322278022766e-01;  1,079778289795e+01
  7,303818464279e-01;  1,064850234985e+01
  7,300474643707e-01;  1,085362720490e+01
  7,381001114845e-01;  1,344151210785e+01
  7,494755387306e-01;  1,554173946381e+01
  7,650235891342e-01;  1,815123367310e+01
  7,823827862740e-01;  2,096796989441e+01
  7,984602451324e-01;  2,380364799500e+01
  8,124688267708e-01;  2,648881149292e+01
  8,253558874130e-01;  2,892848396301e+01
  8,367313146591e-01;  3,112616539001e+01
  8,471175432205e-01;  3,312526702881e+01
  8,605967164040e-01;  3,575972747803e+01
  8,717979788780e-01;  3,801997375488e+01
  8,841068148613e-01;  4,052946853638e+01
  8,958863019943e-01;  4,295306777954e+01
  9,069830775261e-01;  4,532439041138e+01
  9,171742796898e-01;  4,748355484009e+01
  9,225729107857e-01;  4,856494903564e+01
  9,255334734917e-01;  4,909017944336e+01
  9,273654818535e-01;  4,935610580444e+01
  9,276928901672e-01;  4,912416839600e+01
  9,157184362411e-01;  4,399527359009e+01
  9,024830460548e-01;  4,078336334229e+01
  8,873042464256e-01;  3,725362396240e+01
  8,721462488174e-01;  3,389971923828e+01
  8,592592477798e-01;  3,100758934021e+01
  8,479116559029e-01;  2,859983444214e+01
  8,331995606422e-01;  2,574331665039e+01
  8,209533691406e-01;  2,350714111328e+01
  8,105044364929e-01;  2,169469070435e+01
  7,984324097633e-01;  1,978284645081e+01
  7,867643833160e-01;  1,793880653381e+01
  7,750058174133e-01;  1,624217987061e+01
  7,648703455925e-01;  1,483079433441e+01
  7,547348737717e-01;  1,350424098969e+01
  7,465498447418e-01;  1,245653724670e+01
  7,409352660179e-01;  1,177514076233e+01
  7,369647026062e-01;  1,131522655487e+01
  7,340738177299e-01;  1,099269962311e+01
  7,317750453949e-01;  1,075846385956e+01
  7,300335168839e-01;  1,082994461060e+01
  7,426906824112e-01;  1,430725860596e+01
  7,560235857964e-01;  1,666512298584e+01
  7,728603482246e-01;  1,940026092529e+01
  7,899129986763e-01;  2,224476623535e+01
  8,048898577690e-01;  2,502873611450e+01
  8,185083270073e-01;  2,760482025146e+01
  8,306499719620e-01;  2,993441200256e+01
  8,414751291275e-01;  3,204636001587e+01
  8,559294939041e-01;  3,483700942993e+01
  8,679805994034e-01;  3,723059463501e+01
  8,780325055122e-01;  3,927730560303e+01
  8,890735507011e-01;  4,153224945068e+01
  8,993344306946e-01;  4,369132614136e+01
  9,094908237457e-01;  4,584115219116e+01
  9,185256958008e-01;  4,775556182861e+01
  9,232347011566e-01;  4,869186401367e+01
  9,259305000305e-01;  4,916106796265e+01
  9,276928901672e-01;  4,921253585815e+01
  9,121797084808e-01;  4,309132003784e+01
  8,981293439865e-01;  3,973395156860e+01
  8,826161026955e-01;  3,621053314209e+01
  8,681756854057e-01;  3,298234558105e+01
  8,557901978493e-01;  3,023699569702e+01
  8,448884487152e-01;  2,796546173096e+01
  8,306221365929e-01;  2,525370597839e+01
  8,187938928604e-01;  2,311244392395e+01
  8,086236119270e-01;  2,137875938416e+01
  7,970043420792e-01;  1,953651237488e+01
  7,855453491211e-01;  1,775403976440e+01
  7,740166783333e-01;  1,611158180237e+01
  7,629199028015e-01;  1,456633281708e+01
  7,524151802063e-01;  1,318149948120e+01
  7,449268102646e-01;  1,224925231934e+01
  7,398764491081e-01;  1,164261817932e+01
  7,362332344055e-01;  1,122674846649e+01
  7,334886789322e-01;  1,092438411713e+01
  7,313709855080e-01;  1,070460319519e+01
  7,301728725433e-01;  1,079570198059e+01
  7,417154908180e-01;  1,410569286346e+01
  7,546512484550e-01;  1,641269874573e+01
  7,712024450302e-01;  1,912915420532e+01
  7,883944511414e-01;  2,197093582153e+01
  8,035663366318e-01;  2,476968193054e+01
  8,172544240952e-01;  2,737114715576e+01
  8,295563459396e-01;  2,972173690796e+01
  8,404580950737e-01;  3,184632873535e+01
  8,505100011826e-01;  3,377466201782e+01
  8,634666800499e-01;  3,631768417358e+01
  8,741803169250e-01;  3,849300384521e+01
  8,860085606575e-01;  4,090613174438e+01
  8,972446322441e-01;  4,322886657715e+01
  9,079374074936e-01;  4,551683425903e+01
  9,177246093750e-01;  4,758490753174e+01
  9,228515625000e-01;  4,860999679565e+01
  9,256727695465e-01;  4,911548614502e+01
  9,275187849998e-01;  4,931065750122e+01
  9,276720285416e-01;  4,916428375244e+01
  9,168817400932e-01;  4,427668380737e+01
  9,040016531944e-01;  4,112170410156e+01
  8,889412283897e-01;  3,760179901123e+01
  8,736091256142e-01;  3,421669006348e+01
  8,605479598045e-01;  3,127561378479e+01
  8,491028547287e-01;  2,881763839722e+01
  8,389952182770e-01;  2,679611015320e+01
  8,256554007530e-01;  2,434231185913e+01
  8,146491646767e-01;  2,237129211426e+01
  8,018457293510e-01;  2,030999755859e+01
  7,895995378494e-01;  1,833936500549e+01
  7,792202234268e-01;  1,680997276306e+01
  7,691683769226e-01;  1,541575050354e+01
  7,582317590714e-01;  1,392452526093e+01
  7,490715384483e-01;  1,274637413025e+01
  7,426837682724e-01;  1,195701694489e+01
  7,382882237434e-01;  1,145377922058e+01
  7,350838780403e-01;  1,109215259552e+01
  7,326666712761e-01;  1,082651710510e+01
  7,307162284851e-01;  1,063696670532e+01
  7,302425503731e-01;  1,079764366150e+01
  7,417851090431e-01;  1,410397338867e+01
  7,546651959419e-01;  1,640792655945e+01
  7,712372541428e-01;  1,912304496765e+01
  7,883944511414e-01;  2,196360778809e+01
  8,036011457443e-01;  2,476263999939e+01
  8,173101544380e-01;  2,736654853821e+01
  8,295563459396e-01;  2,971925354004e+01
  8,405138254166e-01;  3,184684371948e+01
  8,505448102951e-01;  3,377334976196e+01
  8,635014891624e-01;  3,631385421753e+01
  8,742151856422e-01;  3,849270248413e+01
  8,860642910004e-01;  4,090335845947e+01
  8,973003625870e-01;  4,322031402588e+01
  9,080070853233e-01;  4,551507949829e+01
  9,177803397179e-01;  4,758100891113e+01
  9,229212403297e-01;  4,860401535034e+01
  9,257563948631e-01;  4,910956192017e+01
  9,275884032249e-01;  4,932081222534e+01
  9,277277588844e-01;  4,918931198120e+01
  9,175434708595e-01;  4,442876815796e+01
  9,048166871071e-01;  4,130231094360e+01
  8,898258805275e-01;  3,778616333008e+01
  8,743962645531e-01;  3,437860107422e+01
  8,612445592880e-01;  3,141110610962e+01
  8,497297763824e-01;  2,893124198914e+01
  8,395733833313e-01;  2,689132881165e+01
  8,261290788651e-01;  2,442077827454e+01
  8,150462508202e-01;  2,243822288513e+01
  8,021731376648e-01;  2,036041259766e+01
  7,921072840691e-01;  1,872951126099e+01
  7,813448905945e-01;  1,712051963806e+01
  7,707008719444e-01;  1,563732910156e+01
  7,605792880058e-01;  1,423769569397e+01
  7,507781982422e-01;  1,296034431458e+01
  7,437773942947e-01;  1,209704685211e+01
  7,390893101692e-01;  1,154089641571e+01
  7,357107996941e-01;  1,115339088440e+01
  7,331333756447e-01;  1,087395954132e+01
  7,311481237411e-01;  1,066475200653e+01
  7,302773594856e-01;  1,077910709381e+01
  7,412626743317e-01;  1,400149345398e+01
  7,539337873459e-01;  1,627899932861e+01
  7,703874111176e-01;  1,898248672485e+01
  7,876281738281e-01;  2,182082366943e+01
  8,029602766037e-01;  2,462788772583e+01
  8,166692852974e-01;  2,724465370178e+01
  8,290687203407e-01;  2,960995292664e+01
  8,400749564171e-01;  3,174778938293e+01
  8,501616716385e-01;  3,368572235107e+01
  8,632089495659e-01;  3,623984146118e+01
  8,739365339279e-01;  3,842785263062e+01
  8,858692049980e-01;  4,085588836670e+01
  8,971540927887e-01;  4,319141769409e+01
  9,078886508942e-01;  4,548854827881e+01
  9,177246093750e-01;  4,757080841064e+01
  9,229212403297e-01;  4,860628509521e+01
  9,257424473763e-01;  4,910791015625e+01
  9,275535941124e-01;  4,932040786743e+01
  9,277277588844e-01;  4,918766784668e+01
  9,175434708595e-01;  4,442700576782e+01
  9,048027396202e-01;  4,130153274536e+01
  8,898119926453e-01;  3,778817749023e+01
  8,744171857834e-01;  3,438341903687e+01
  8,612445592880e-01;  3,141658592224e+01
  8,497158288956e-01;  2,893416404724e+01
  8,395385742188e-01;  2,689352607727e+01
  8,261290788651e-01;  2,441807556152e+01
  8,150113821030e-01;  2,243603324890e+01
  8,021731376648e-01;  2,035727882385e+01
  7,920724749565e-01;  1,872335815430e+01
  7,813448905945e-01;  1,711566352844e+01
  7,707566022873e-01;  1,564094066620e+01
  7,606002092361e-01;  1,423379135132e+01
  7,508130073547e-01;  1,295743179321e+01
  7,438122034073e-01;  1,209733772278e+01
  7,391589879990e-01;  1,154193782806e+01
  7,357107996941e-01;  1,115474891663e+01
  7,331333756447e-01;  1,087516117096e+01
  7,311481237411e-01;  1,066315841675e+01
  7,302913069725e-01;  1,083348083496e+01
  7,429693341255e-01;  1,431208515167e+01
  7,563022375107e-01;  1,667197608948e+01
  7,730901837349e-01;  1,940506935120e+01
  7,901219725609e-01;  2,224872016907e+01
  8,050640225410e-01;  2,503529357910e+01
  8,187033534050e-01;  2,761665916443e+01
  8,308101892471e-01;  2,994653129578e+01
  8,416562080383e-01;  3,205598831177e+01
  8,560479283333e-01;  3,484591293335e+01
  8,681060075760e-01;  3,723401641846e+01
  8,781161308289e-01;  3,927800750732e+01
  8,891780972481e-01;  4,153165054321e+01
  8,994389176369e-01;  4,368594360352e+01
  9,096092581749e-01;  4,583340454102e+01
  9,186162352562e-01;  4,775255584717e+01
  9,233739972115e-01;  4,869308471680e+01
  9,260210990906e-01;  4,916072082520e+01
  9,277973771095e-01;  4,914558792114e+01
  9,163941144943e-01;  4,413998031616e+01
  9,033538103104e-01;  4,095829391479e+01
  8,882237076759e-01;  3,743306350708e+01
  8,730030655861e-01;  3,406330871582e+01
  8,600394129753e-01;  3,114982223511e+01
  8,486152291298e-01;  2,871572113037e+01
  8,385981917381e-01;  2,671007919312e+01
  8,253419399261e-01;  2,427511787415e+01
  8,143566250801e-01;  2,231882476807e+01
  8,016018867493e-01;  2,026916503906e+01
  7,894114851952e-01;  1,830467987061e+01
  7,790600061417e-01;  1,678057670593e+01
  7,677612304688e-01;  1,520059680939e+01
  7,570614814758e-01;  1,377515697479e+01
  7,482704520226e-01;  1,264071273804e+01
  7,421264648438e-01;  1,189064788818e+01
  7,379747629166e-01;  1,140454959869e+01
  7,348400354385e-01;  1,104900169373e+01
  7,324716448784e-01;  1,079971218109e+01
  7,306395769119e-01;  1,064450168610e+01
  7,303121685982e-01;  1,085073375702e+01
  7,435266375542e-01;  1,441411495209e+01
  7,571033239365e-01;  1,680031204224e+01
  7,739887833595e-01;  1,954636764526e+01
  7,909579277039e-01;  2,239129829407e+01
  8,057814836502e-01;  2,517004203796e+01
  8,193860054016e-01;  2,774072074890e+01
  8,314023017883e-01;  3,005727958679e+01
  8,421995639801e-01;  3,215657806396e+01
  8,564798235893e-01;  3,493038177490e+01
  8,685030937195e-01;  3,730643081665e+01
  8,814458250999e-01;  3,994712829590e+01
  8,917763829231e-01;  4,206309509277e+01
  9,027826189995e-01;  4,441095733643e+01
  9,130225777626e-01;  4,656084060669e+01
  9,204622507095e-01;  4,813099288940e+01
  9,243492484093e-01;  4,886408615112e+01
  9,266619682312e-01;  4,925725173950e+01
  9,278322458267e-01;  4,919649124146e+01
  9,175922274590e-01;  4,443457412720e+01
  9,048863053322e-01;  4,130628967285e+01
  8,898607492447e-01;  3,778762435913e+01
  8,744450211525e-01;  3,438185119629e+01
  8,613002896309e-01;  3,141575431824e+01
  8,497646450996e-01;  2,893627929688e+01
  8,396152257919e-01;  2,689645195007e+01
  8,261778354645e-01;  2,441948890686e+01
  8,150671124458e-01;  2,243249893188e+01
  8,022288680077e-01;  2,035253524780e+01
  7,921630144119e-01;  1,872568702698e+01
  7,814145088196e-01;  1,711585617065e+01
  7,708262801170e-01;  1,563716125488e+01
  7,606489658356e-01;  1,423800563812e+01
  7,508269548416e-01;  1,295597457886e+01
  7,438610196114e-01;  1,209234714508e+01
  7,391798496246e-01;  1,155099391937e+01
  7,357804775238e-01;  1,115173625946e+01
  7,331891059875e-01;  1,087262630463e+01
  7,311829328537e-01;  1,066576385498e+01
  7,303470373154e-01;  1,081661415100e+01
  7,424120903015e-01;  1,420696163177e+01
  7,555359601974e-01;  1,653750419617e+01
  7,722473144531e-01;  1,926431655884e+01
  7,893696427345e-01;  2,210781288147e+01
  8,044370412827e-01;  2,490211868286e+01
  8,181112408638e-01;  2,749515151978e+01
  8,303226232529e-01;  2,983777618408e+01
  8,412104249001e-01;  3,195584869385e+01
  8,556787371635e-01;  3,475799942017e+01
  8,678134679794e-01;  3,716034317017e+01
  8,778932094574e-01;  3,921450424194e+01
  8,890039324760e-01;  4,148580932617e+01
  8,993344306946e-01;  4,365605163574e+01
  9,095187187195e-01;  4,581756591797e+01
  9,186023473740e-01;  4,774305343628e+01
  9,233739972115e-01;  4,868855667114e+01
  9,260559082031e-01;  4,915996170044e+01
  9,277973771095e-01;  4,922717285156e+01
  9,129459261894e-01;  4,324715423584e+01
  8,990558385849e-01;  3,991154098511e+01
  8,835565447807e-01;  3,638335037231e+01
  8,690115809441e-01;  3,313400650024e+01
  8,565773367882e-01;  3,036378669739e+01
  8,455989956856e-01;  2,806850051880e+01
  8,311933279037e-01;  2,533449745178e+01
  8,193163871765e-01;  2,317533683777e+01
  8,090972900391e-01;  2,142621231079e+01
  7,974014282227e-01;  1,957668113708e+01
  7,859424352646e-01;  1,778477859497e+01
  7,743579745293e-01;  1,613006019592e+01
  7,632473111153e-01;  1,458492660522e+01
  7,526938319206e-01;  1,320402050018e+01
  7,451496720314e-01;  1,224972820282e+01
  7,400645613670e-01;  1,164136791229e+01
  7,364770770073e-01;  1,122489643097e+01
  7,337116003036e-01;  1,092930126190e+01
  7,316356897354e-01;  1,070685482025e+01
  7,304027676582e-01;  1,077938556671e+01
  7,414020299911e-01;  1,400127887726e+01
  7,540870308876e-01;  1,627976799011e+01
  7,705267071724e-01;  1,898416900635e+01
  7,877674698830e-01;  2,182533836365e+01
  8,030647635460e-01;  2,463208770752e+01
  8,168225288391e-01;  2,724952125549e+01
  8,291732072830e-01;  2,961523056030e+01
  8,401794433594e-01;  3,175065994263e+01
  8,502452969551e-01;  3,368590164185e+01
  8,632785677910e-01;  3,624010467529e+01
  8,740619421005e-01;  3,842516326904e+01
  8,859876394272e-01;  4,084389495850e+01
  8,973003625870e-01;  4,317926025391e+01
  9,080767631531e-01;  4,547776031494e+01
  9,179753661156e-01;  4,753689956665e+01
  9,231998324394e-01;  4,861257934570e+01
  9,260210990906e-01;  4,909041213989e+01
  9,278461337090e-01;  4,928756332397e+01
  9,280063509941e-01;  4,908800888062e+01
  9,148616194725e-01;  4,368975830078e+01
  9,013824462891e-01;  4,042193984985e+01
  8,860851526260e-01;  3,689694976807e+01
  8,712267875671e-01;  3,360090255737e+01
  8,585277795792e-01;  3,077095413208e+01
  8,473613858223e-01;  2,841763687134e+01
  8,328024744987e-01;  2,561999893188e+01
  8,207095861435e-01;  2,341612243652e+01
  8,103302717209e-01;  2,162336730957e+01
  7,983975410461e-01;  1,972339630127e+01
  7,868340611458e-01;  1,790094566345e+01
  7,751590609550e-01;  1,622030448914e+01
  7,650793194771e-01;  1,481625747681e+01
  7,550622820854e-01;  1,348832035065e+01
  7,469260096550e-01;  1,245989799500e+01
  7,412487268448e-01;  1,176482200623e+01
  7,373477816582e-01;  1,132742214203e+01
  7,344012260437e-01;  1,099361133575e+01
  7,321581840515e-01;  1,076834392548e+01
  7,303470373154e-01;  1,083924770355e+01
  7,435962557793e-01;  1,439008140564e+01
  7,571033239365e-01;  1,677199935913e+01
  7,739748954773e-01;  1,951898956299e+01
  7,909579277039e-01;  2,236088752747e+01
  8,057814836502e-01;  2,513828659058e+01
  8,193302750587e-01;  2,770896911621e+01
  8,313674926758e-01;  3,002527809143e+01
  8,421508073807e-01;  3,211970138550e+01
  8,564310669899e-01;  3,488742446899e+01
  8,684334158897e-01;  3,725953292847e+01
  8,813900947571e-01;  3,990590667725e+01
  8,917903304100e-01;  4,203715133667e+01
  9,028034806252e-01;  4,440155792236e+01
  9,130086302757e-01;  4,652635574341e+01
  9,205458164215e-01;  4,812031555176e+01
  9,244537353516e-01;  4,885387420654e+01
  9,267525076866e-01;  4,925714492798e+01
  9,277973771095e-01;  4,919153213501e+01
  9,175783395767e-01;  4,443310546875e+01
  9,049072265625e-01;  4,130877304077e+01
  8,899095058441e-01;  3,779647445679e+01
  8,745356202126e-01;  3,439360046387e+01
  8,614326119423e-01;  3,142841911316e+01
  8,499039411545e-01;  2,895117759705e+01
  8,397614955902e-01;  2,691421699524e+01
  8,263380527496e-01;  2,444105720520e+01
  8,152343034744e-01;  2,245912742615e+01
  8,024238944054e-01;  2,037772560120e+01
  7,923371791840e-01;  1,874262809753e+01
  7,815886735916e-01;  1,713832855225e+01
  7,709655761719e-01;  1,565853500366e+01
  7,608231306076e-01;  1,424462699890e+01
  7,510011196136e-01;  1,297325801849e+01
  7,439863681793e-01;  1,210214424133e+01
  7,393330931664e-01;  1,154251956940e+01
  7,359197735786e-01;  1,115564632416e+01
  7,333214879036e-01;  1,087405967712e+01
  7,313361763954e-01;  1,067017745972e+01
  7,304863333702e-01;  1,081172275543e+01
  7,425165772438e-01;  1,420003795624e+01
  7,556613683701e-01;  1,652845954895e+01
  7,723169922829e-01;  1,925077056885e+01
  7,893696427345e-01;  2,208797454834e+01
  8,044231534004e-01;  2,487566757202e+01
  8,180764317513e-01;  2,746439933777e+01
  8,302529454231e-01;  2,980292129517e+01
  8,411198258400e-01;  3,192049026489e+01
  8,556160330772e-01;  3,472469711304e+01
  8,677577376366e-01;  3,712814331055e+01
  8,778235316277e-01;  3,918190383911e+01
  8,889342546463e-01;  4,145142745972e+01
  8,992926478386e-01;  4,361921310425e+01
  9,095395803452e-01;  4,578424453735e+01
  9,186301827431e-01;  4,772263717651e+01
  9,234088659286e-01;  4,866858291626e+01
  9,261255860329e-01;  4,915878677368e+01
  9,279018640518e-01;  4,921844482422e+01
  9,131549596786e-01;  4,325382995605e+01
  8,992648124695e-01;  3,993106079102e+01
  8,837515711784e-01;  3,641255187988e+01
  8,692762851715e-01;  3,316576766968e+01
  8,568211197853e-01;  3,039736938477e+01
  8,458427786827e-01;  2,810319900513e+01
  8,314929008484e-01;  2,536330604553e+01
  8,196089267731e-01;  2,319901084900e+01
  8,093689680099e-01;  2,144420433044e+01
  7,976870536804e-01;  1,959116172791e+01
  7,862558960915e-01;  1,780597305298e+01
  7,746575474739e-01;  1,614928627014e+01
  7,635050415993e-01;  1,459363555908e+01
  7,529724836349e-01;  1,321090507507e+01
  7,454143762589e-01;  1,224947738647e+01
  7,403640747070e-01;  1,164719772339e+01
  7,367208600044e-01;  1,123606777191e+01
  7,339693307877e-01;  1,093260002136e+01
  7,318586111069e-01;  1,071857643127e+01
  7,305072546005e-01;  1,086754417419e+01
  7,442371249199e-01;  1,450908946991e+01
  7,579949498177e-01;  1,691733932495e+01
  7,749500870705e-01;  1,967177581787e+01
  7,918425798416e-01;  2,251708412170e+01
  8,065477609634e-01;  2,528593254089e+01
  8,200617432594e-01;  2,783926582336e+01
  8,320292830467e-01;  3,014067840576e+01
  8,427777290344e-01;  3,222767257690e+01
  8,569883108139e-01;  3,498504638672e+01
  8,688861727715e-01;  3,735262680054e+01
  8,817802071571e-01;  3,998266983032e+01
  8,920898437500e-01;  4,208712387085e+01
  9,030264019966e-01;  4,442293167114e+01
  9,132037162781e-01;  4,656045913696e+01
  9,206503033638e-01;  4,812363052368e+01
  9,245373010635e-01;  4,885930633545e+01
  9,268918037415e-01;  4,926272201538e+01
  9,279854893684e-01;  4,911584091187e+01
  9,161154627800e-01;  4,400135803223e+01
  9,029776453972e-01;  4,079712677002e+01
  8,877709507942e-01;  3,727267837524e+01
  8,726687431335e-01;  3,392266082764e+01
  8,597816824913e-01;  3,103175354004e+01
  8,484410643578e-01;  2,861867332458e+01
  8,337777256966e-01;  2,576246452332e+01
  8,214897513390e-01;  2,352111816406e+01
  8,110756278038e-01;  2,170649909973e+01
  7,990036010742e-01;  1,979321098328e+01
  7,874052524567e-01;  1,795269775391e+01
  7,756327986717e-01;  1,625989532471e+01
  7,654276490211e-01;  1,483836555481e+01
  7,553757429123e-01;  1,350976562500e+01
  7,471698522568e-01;  1,245905208588e+01
  7,415134310722e-01;  1,177723217010e+01
  7,376125454903e-01;  1,132712745667e+01
  7,346659302711e-01;  1,100087547302e+01
  7,323880195618e-01;  1,076064491272e+01
  7,306117415428e-01;  1,076305961609e+01
  7,410397529602e-01;  1,389372634888e+01
  7,535158395767e-01;  1,613810920715e+01
  7,697604894638e-01;  1,882296180725e+01
  7,870360612869e-01;  2,165708732605e+01
  8,024378418922e-01;  2,446878242493e+01
  8,161956071854e-01;  2,709755134583e+01
  8,286855816841e-01;  2,947744178772e+01
  8,397266268730e-01;  3,162867164612e+01
  8,498830199242e-01;  3,357849121094e+01
  8,629651069641e-01;  3,614884567261e+01
  8,737832903862e-01;  3,834810256958e+01
  8,857647180557e-01;  4,078571701050e+01
  8,971053361893e-01;  4,313139724731e+01
  9,079583287239e-01;  4,544747543335e+01
  9,178151488304e-01;  4,753552246094e+01
  9,230605363846e-01;  4,859066772461e+01
  9,259305000305e-01;  4,909910964966e+01
  9,278182983398e-01;  4,929747772217e+01
  9,279506802559e-01;  4,913828659058e+01
  9,166378974915e-01;  4,413240432739e+01
  9,036045670509e-01;  4,095568084717e+01
  8,885023593903e-01;  3,743503189087e+01
  8,733304738998e-01;  3,407108688354e+01
  8,603528738022e-01;  3,115732765198e+01
  8,489635586739e-01;  2,872580146790e+01
  8,389604091644e-01;  2,672107887268e+01
  8,257111310959e-01;  2,428730773926e+01
  8,147188425064e-01;  2,232538986206e+01
  8,019641637802e-01;  2,027398300171e+01
  7,898154854774e-01;  1,831921005249e+01
  7,794640660286e-01;  1,680092048645e+01
  7,694121599197e-01;  1,540536594391e+01
  7,585452795029e-01;  1,391605567932e+01
  7,494546771049e-01;  1,273952007294e+01
  7,430250644684e-01;  1,195225143433e+01
  7,387131452560e-01;  1,144205474854e+01
  7,355366349220e-01;  1,109284496307e+01
  7,330637574196e-01;  1,082158184052e+01
  7,311829328537e-01;  1,063472270966e+01
  7,305560112000e-01;  1,088647842407e+01
  7,306953072548e-01;  1,115933799744e+01
  7,448849678040e-01;  1,460451602936e+01
  7,588796019554e-01;  1,703594398499e+01
  7,759392857552e-01;  1,979961204529e+01
  7,927481532097e-01;  2,264642906189e+01
  8,073627352715e-01;  2,541070556641e+01
  8,208628296852e-01;  2,795783424377e+01
  8,327606916428e-01;  3,025282287598e+01
  8,434534668922e-01;  3,233373260498e+01
  8,575804233551e-01;  3,508244705200e+01
  8,693737983704e-01;  3,743367004395e+01
  8,822121024132e-01;  4,004681396484e+01
  8,924520611763e-01;  4,213805770874e+01
  9,033050537109e-01;  4,447290420532e+01
  9,134614467621e-01;  4,659454727173e+01
  9,207965731621e-01;  4,813513183594e+01
  9,246627092361e-01;  4,887726974487e+01
  9,269962906837e-01;  4,926282119751e+01
  9,280760288239e-01;  4,907368469238e+01
  9,150218367577e-01;  4,370793533325e+01
  9,015287160873e-01;  4,044622039795e+01
  8,862035870552e-01;  3,691384506226e+01
  8,713103532791e-01;  3,360126495361e+01
  8,586322665215e-01;  3,076070404053e+01
  8,474310040474e-01;  2,839870452881e+01
  8,329069614410e-01;  2,559008789063e+01
  8,207443952560e-01;  2,338151931763e+01
  8,103999495506e-01;  2,159088134766e+01
  7,985159754753e-01;  1,970221138000e+01
  7,869873046875e-01;  1,788459777832e+01
  7,752984166145e-01;  1,620763778687e+01
  7,651977539063e-01;  1,479973888397e+01
  7,542751431465e-01;  1,335162448883e+01
  7,464105486870e-01;  1,236209297180e+01
  7,410606741905e-01;  1,170709419250e+01
  7,372851371765e-01;  1,127872943878e+01
  7,344569563866e-01;  1,096375942230e+01
  7,322626709938e-01;  1,073250484467e+01
  7,307162284851e-01;  1,086556053162e+01
  7,324994802475e-01;  1,202556133270e+01
  7,444670200348e-01;  1,451038742065e+01
  7,582526803017e-01;  1,692265510559e+01
  7,752078771591e-01;  1,968009567261e+01
  7,921072840691e-01;  2,252760124207e+01
  8,067915439606e-01;  2,529862213135e+01
  8,203403353691e-01;  2,785683822632e+01
  8,323078751564e-01;  3,015884780884e+01
  8,430563807487e-01;  3,224831008911e+01
  8,572530150414e-01;  3,500544357300e+01
  8,691160678864e-01;  3,736733627319e+01
  8,819891810417e-01;  3,999735260010e+01
  8,922988176346e-01;  4,210730361938e+01
  9,032145142555e-01;  4,444496917725e+01
  9,134057164192e-01;  4,657819366455e+01
  9,207617640495e-01;  4,812746810913e+01
  9,246417880058e-01;  4,886484146118e+01
  9,269405603409e-01;  4,926413345337e+01
  9,280760288239e-01;  4,909661483765e+01
  9,156487584114e-01;  4,385588836670e+01
  9,022949934006e-01;  4,062114715576e+01
  8,870116472244e-01;  3,708842849731e+01
  8,720069527626e-01;  3,375564956665e+01
  8,592383265495e-01;  3,088648986816e+01
  8,479673862457e-01;  2,849957847595e+01
  8,333388566971e-01;  2,566697883606e+01
  8,211623430252e-01;  2,344306564331e+01
  8,107761144638e-01;  2,164217948914e+01
  7,988016009331e-01;  1,974176979065e+01
  7,872310876846e-01;  1,791492271423e+01
  7,755143642426e-01;  1,622627639771e+01
  7,653579711914e-01;  1,481309318542e+01
  7,553200125694e-01;  1,348739719391e+01
  7,472186088562e-01;  1,244411182404e+01
  7,415622472763e-01;  1,176211071014e+01
  7,376821637154e-01;  1,131911659241e+01
  7,347704172134e-01;  1,099235820770e+01
  7,325552105904e-01;  1,075879096985e+01
  7,307649850845e-01;  1,082718086243e+01
  7,383230328560e-01;  1,334055900574e+01
  7,494755387306e-01;  1,540948581696e+01
  7,648633718491e-01;  1,799956703186e+01
  7,821947336197e-01;  2,081464767456e+01
  7,983279228210e-01;  2,365523719788e+01
  8,123782873154e-01;  2,635329437256e+01
  8,253419399261e-01;  2,880953598022e+01
  8,367661237717e-01;  3,102115631104e+01
  8,471802473068e-01;  3,302835083008e+01
  8,607360124588e-01;  3,567401885986e+01
  8,719860315323e-01;  3,794187545776e+01
  8,843367099762e-01;  4,046300506592e+01
  8,961858153343e-01;  4,289869308472e+01
  9,073801636696e-01;  4,529372787476e+01
  9,176061749458e-01;  4,745578002930e+01
  9,229560494423e-01;  4,855682754517e+01
  9,259305000305e-01;  4,907873535156e+01
  9,278322458267e-01;  4,935244750977e+01
  9,281457066536e-01;  4,911950683594e+01
  9,162199497223e-01;  4,399097824097e+01
  9,030751585960e-01;  4,078065872192e+01
  8,878545165062e-01;  3,725321197510e+01
  8,727732300758e-01;  3,390505218506e+01
  8,599001169205e-01;  3,101801109314e+01
  8,485804200172e-01;  2,860920906067e+01
  8,338961601257e-01;  2,575046920776e+01
  8,215802907944e-01;  2,350751686096e+01
  8,111870884895e-01;  2,168802261353e+01
  7,991638183594e-01;  1,977939414978e+01
  7,875306606293e-01;  1,794544219971e+01
  7,758069038391e-01;  1,624419784546e+01
  7,656157016754e-01;  1,482144927979e+01
  7,556056380272e-01;  1,350316238403e+01
  7,474345564842e-01;  1,245776653290e+01
  7,417363524437e-01;  1,176903724670e+01
  7,378563284874e-01;  1,132498645782e+01
  7,348749041557e-01;  1,100477218628e+01
  7,326318621635e-01;  1,075271224976e+01
  7,308903336525e-01;  1,074020481110e+01
  7,456860542297e-01;  1,472347831726e+01
  7,598688006401e-01;  1,717843246460e+01
  7,769702672958e-01;  1,994696235657e+01
  7,937094569206e-01;  2,279251289368e+01
  8,082544207573e-01;  2,554561614990e+01
  8,216987252235e-01;  2,807956504822e+01
  8,334921002388e-01;  3,036083030701e+01
  8,441639542580e-01;  3,243324661255e+01
  8,582422137260e-01;  3,517470932007e+01
  8,699311017990e-01;  3,752081680298e+01
  8,826788067818e-01;  4,012409591675e+01
  8,928561210632e-01;  4,219050979614e+01
  9,036185145378e-01;  4,449229431152e+01
  9,137400984764e-01;  4,662807464600e+01
  9,209986329079e-01;  4,814456558228e+01
  9,248368740082e-01;  4,888552474976e+01
  9,271007776260e-01;  4,926819992065e+01
  9,282292723656e-01;  4,907143402100e+01
  9,151750802994e-01;  4,370664978027e+01
  9,017028808594e-01;  4,044536209106e+01
  8,863429427147e-01;  3,691243362427e+01
  8,714357614517e-01;  3,359980773926e+01
  8,587507009506e-01;  3,075560951233e+01
  8,475494384766e-01;  2,839488029480e+01
  8,330044746399e-01;  2,559049415588e+01
  8,208976387978e-01;  2,338294029236e+01
  8,105392456055e-01;  2,159122085571e+01
  7,986344099045e-01;  1,969628524780e+01
  7,870778441429e-01;  1,787221717834e+01
  7,754586338997e-01;  1,620259094238e+01
  7,653022408485e-01;  1,480386257172e+01
  7,544144392014e-01;  1,334213447571e+01
  7,465637922287e-01;  1,236214542389e+01
  7,411651611328e-01;  1,169722557068e+01
  7,374383807182e-01;  1,127821063995e+01
  7,345962524414e-01;  1,096409320831e+01
  7,324367761612e-01;  1,073326778412e+01
  7,308555245399e-01;  1,077832317352e+01
  7,417851090431e-01;  1,398571968079e+01
  7,544910311699e-01;  1,625958824158e+01
  7,708889245987e-01;  1,896071434021e+01
  7,881297469139e-01;  2,179893302917e+01
  8,034409284592e-01;  2,461027526855e+01
  8,171848058701e-01;  2,723378562927e+01
  8,295563459396e-01;  2,960570907593e+01
  8,405625820160e-01;  3,174917411804e+01
  8,506841063499e-01;  3,369076156616e+01
  8,636826276779e-01;  3,624772262573e+01
  8,744102120399e-01;  3,843072509766e+01
  8,863429427147e-01;  4,084955215454e+01
  8,976486921310e-01;  4,318480300903e+01
  9,084110856056e-01;  4,549290466309e+01
  9,182192087173e-01;  4,756461334229e+01
  9,233531355858e-01;  4,860359573364e+01
  9,261952042580e-01;  4,911672973633e+01
  9,280063509941e-01;  4,933209228516e+01
  9,281596541405e-01;  4,922409057617e+01
  9,133847951889e-01;  4,325390625000e+01
  8,994598388672e-01;  3,992156982422e+01
  8,839605450630e-01;  3,639255523682e+01
  8,694295287132e-01;  3,313861846924e+01
  8,569744229317e-01;  3,036490440369e+01
  8,460029959679e-01;  2,807022666931e+01
  8,316461443901e-01;  2,533288764954e+01
  8,197691440582e-01;  2,317101478577e+01
  8,095639944077e-01;  2,141436386108e+01
  7,978751063347e-01;  1,956012916565e+01
  7,864648699760e-01;  1,777491569519e+01
  7,749013304710e-01;  1,612483978271e+01
  7,637557983398e-01;  1,456891155243e+01
  7,532511353493e-01;  1,319933032990e+01
  7,457627058029e-01;  1,224552917480e+01
  7,406775355339e-01;  1,163736820221e+01
  7,370343208313e-01;  1,122704029083e+01
  7,343176007271e-01;  1,092520618439e+01
  7,322278022766e-01;  1,071000003815e+01
  7,310087680817e-01;  1,074710273743e+01
  7,464523315430e-01;  1,483223152161e+01
  7,609136700630e-01;  1,731888580322e+01
  7,780848145485e-01;  2,010545158386e+01
  7,947891950607e-01;  2,295988655090e+01
  8,092087507248e-01;  2,570965194702e+01
  8,225694894791e-01;  2,823481178284e+01
  8,343280553818e-01;  3,050550651550e+01
  8,449720144272e-01;  3,256887435913e+01
  8,589388132095e-01;  3,528937530518e+01
  8,705371618271e-01;  3,761763000488e+01
  8,832221627235e-01;  4,020624923706e+01
  8,932880163193e-01;  4,226578521729e+01
  9,039807319641e-01;  4,455456542969e+01
  9,139838814735e-01;  4,666830825806e+01
  9,212145805359e-01;  4,817017745972e+01
  9,249413609505e-01;  4,889149856567e+01
  9,272052645683e-01;  4,927027130127e+01
  9,283546805382e-01;  4,917117691040e+01
  9,176131486893e-01;  4,429428863525e+01
  9,047539830208e-01;  4,113794708252e+01
  8,896238803864e-01;  3,761356735229e+01
  8,742917776108e-01;  3,421940612793e+01
  8,612096905708e-01;  3,127536201477e+01
  8,497437238693e-01;  2,881589698792e+01
  8,396639823914e-01;  2,678954696655e+01
  8,262823224068e-01;  2,433157157898e+01
  8,152412772179e-01;  2,235424232483e+01
  8,024587035179e-01;  2,028532791138e+01
  7,924556136131e-01;  1,866764640808e+01
  7,818115949631e-01;  1,708072853088e+01
  7,711745500565e-01;  1,560132598877e+01
  7,611575126648e-01;  1,420338821411e+01
  7,513703107834e-01;  1,293457889557e+01
  7,444739937782e-01;  1,207503604889e+01
  7,398207187653e-01;  1,152875614166e+01
  7,364770770073e-01;  1,114682483673e+01
  7,338996529579e-01;  1,086973857880e+01
  7,319143414497e-01;  1,066698360443e+01
  7,310644984245e-01;  1,079573535919e+01
  7,425723075867e-01;  1,409895038605e+01
  7,555359601974e-01;  1,640722084045e+01
  7,720731496811e-01;  1,912543487549e+01
  7,893000245094e-01;  2,197604179382e+01
  8,044719099998e-01;  2,478186988831e+01
  8,182296752930e-01;  2,739358901978e+01
  8,304967284203e-01;  2,975203704834e+01
  8,414542078972e-01;  3,188380050659e+01
  8,560131192207e-01;  3,470145416260e+01
  8,681339025497e-01;  3,711743545532e+01
  8,783251047134e-01;  3,918452453613e+01
  8,894776105881e-01;  4,146356964111e+01
  8,997872471809e-01;  4,363817977905e+01
  9,100620150566e-01;  4,581504821777e+01
  9,191387295723e-01;  4,773657989502e+01
  9,238895177841e-01;  4,868093872070e+01
  9,265713691711e-01;  4,916307449341e+01
  9,283128976822e-01;  4,924399948120e+01
  9,284243583679e-01;  4,901218795776e+01
  9,141510725021e-01;  4,340940475464e+01
  9,003444910049e-01;  4,009538650513e+01
  8,848800659180e-01;  3,656153869629e+01
  8,701958060265e-01;  3,328506088257e+01
  8,576361536980e-01;  3,048501014709e+01
  8,465811610222e-01;  2,816183280945e+01
  8,321895003319e-01;  2,540051078796e+01
  8,201870918274e-01;  2,322212600708e+01
  8,099262118340e-01;  2,145552635193e+01
  7,981885671616e-01;  1,959198379517e+01
  7,867295742035e-01;  1,779635047913e+01
  7,751451730728e-01;  1,613291358948e+01
  7,639299631119e-01;  1,457938385010e+01
  7,534252405167e-01;  1,319693470001e+01
  7,459159493446e-01;  1,225264453888e+01
  7,408307790756e-01;  1,164348697662e+01
  7,371736764908e-01;  1,122259807587e+01
  7,344569563866e-01;  1,092585754395e+01
  7,323671579361e-01;  1,070234298706e+01
  7,311829328537e-01;  1,076927185059e+01
  7,415761351585e-01;  1,390848922729e+01
  7,541079521179e-01;  1,615781021118e+01
  7,704013586044e-01;  1,884771728516e+01
  7,876978516579e-01;  2,169293403625e+01
  8,030787110329e-01;  2,451080894470e+01
  8,169270157814e-01;  2,714437484741e+01
  8,293613195419e-01;  2,952984046936e+01
  8,404302000999e-01;  3,168309974670e+01
  8,505796194077e-01;  3,363055038452e+01
  8,636059761047e-01;  3,620139312744e+01
  8,744798898697e-01;  3,839925003052e+01
  8,864055871964e-01;  4,083371353149e+01
  8,976974487305e-01;  4,317404174805e+01
  9,085364937782e-01;  4,548981857300e+01
  9,183515310287e-01;  4,756594085693e+01
  9,235063791275e-01;  4,861367034912e+01
  9,263345599174e-01;  4,911226654053e+01
  9,281805157661e-01;  4,931859588623e+01
  9,282850027084e-01;  4,918770599365e+01
  9,181355834007e-01;  4,442448806763e+01
  9,054296612740e-01;  4,129542922974e+01
  8,903901576996e-01;  3,777429962158e+01
  8,749675154686e-01;  3,436552047729e+01
  8,618018031120e-01;  3,139650726318e+01
  8,502870798111e-01;  2,891396713257e+01
  8,401654958725e-01;  2,687064170837e+01
  8,266654610634e-01;  2,439286231995e+01
  8,155895471573e-01;  2,240184593201e+01
  8,027861118317e-01;  2,031995773315e+01
  7,926993966103e-01;  1,869537734985e+01
  7,820066213608e-01;  1,709371185303e+01
  7,713835239410e-01;  1,560852813721e+01
  7,613316178322e-01;  1,421427440643e+01
  7,515583634377e-01;  1,294328975677e+01
  7,446342110634e-01;  1,208435916901e+01
  7,398903965950e-01;  1,153669261932e+01
  7,365466952324e-01;  1,114765262604e+01
  7,339901924133e-01;  1,087304210663e+01
  7,319840192795e-01;  1,065868091583e+01
  7,313570976257e-01;  1,089285564423e+01
  7,450382113457e-01;  1,454641723633e+01
  7,588935494423e-01;  1,695859336853e+01
  7,758556604385e-01;  1,971642112732e+01
  7,928038835526e-01;  2,257252502441e+01
  8,075020909309e-01;  2,534761810303e+01
  8,210508823395e-01;  2,790927886963e+01
  8,330044746399e-01;  3,021507072449e+01
  8,438017368317e-01;  3,230684280396e+01
  8,579844832420e-01;  3,507182312012e+01
  8,698126673698e-01;  3,743758773804e+01
  8,826788067818e-01;  4,006724929810e+01
  8,929257392883e-01;  4,215739059448e+01
  9,037787318230e-01;  4,448020172119e+01
  9,139142036438e-01;  4,661198806763e+01
  9,212493896484e-01;  4,815317535400e+01
  9,250458478928e-01;  4,887149047852e+01
  9,273585677147e-01;  4,927893447876e+01
  9,283546805382e-01;  4,913988113403e+01
  9,170070886612e-01;  4,412735748291e+01
  9,039807319641e-01;  4,094129943848e+01
  8,888019323349e-01;  3,741303253174e+01
  8,735603690147e-01;  3,404105758667e+01
  8,605618476868e-01;  3,112338638306e+01
  8,491864204407e-01;  2,868996620178e+01
  8,391763567924e-01;  2,668459320068e+01
  8,258643746376e-01;  2,424497795105e+01
  8,148929476738e-01;  2,228254127502e+01
  8,022079467773e-01;  2,022738456726e+01
  7,900174856186e-01;  1,827518844604e+01
  7,797427177429e-01;  1,676331138611e+01
  7,696560025215e-01;  1,537418937683e+01
  7,589074969292e-01;  1,389617538452e+01
  7,498517036438e-01;  1,272064208984e+01
  7,434430122375e-01;  1,194047641754e+01
  7,390893101692e-01;  1,142937469482e+01
  7,359546422958e-01;  1,107960796356e+01
  7,335722446442e-01;  1,081310939789e+01
  7,316914200783e-01;  1,063543415070e+01
  7,311829328537e-01;  1,083166694641e+01
  7,438052892685e-01;  1,431258296967e+01
  7,572216987610e-01;  1,667319869995e+01
  7,739539742470e-01;  1,941544151306e+01
  7,910414934158e-01;  2,226607513428e+01
  8,059556484222e-01;  2,505639076233e+01
  8,196228742599e-01;  2,764230537415e+01
  8,317018747330e-01;  2,997620010376e+01
  8,426036238670e-01;  3,209172058105e+01
  8,569744229317e-01;  3,488678741455e+01
  8,689697980881e-01;  3,727915954590e+01
  8,789938092232e-01;  3,931872177124e+01
  8,900279402733e-01;  4,156549835205e+01
  9,001564383507e-01;  4,370668411255e+01
  9,103406667709e-01;  4,585976409912e+01
  9,193128347397e-01;  4,777304840088e+01
  9,239800572395e-01;  4,869862365723e+01
  9,266270995140e-01;  4,916252517700e+01
  9,283825159073e-01;  4,919175720215e+01
  9,181843400002e-01;  4,443373489380e+01
  9,054993391037e-01;  4,130707550049e+01
  8,904179930687e-01;  3,778874969482e+01
  8,750232458115e-01;  3,437826156616e+01
  8,618505597115e-01;  3,140744590759e+01
  8,503218889236e-01;  2,892444610596e+01
  8,402003645897e-01;  2,687840461731e+01
  8,267002701759e-01;  2,440066909790e+01
  8,156244158745e-01;  2,240942382813e+01
  8,028209805489e-01;  2,032711410522e+01
  7,927203178406e-01;  1,869860839844e+01
  7,820553779602e-01;  1,710044097900e+01
  7,714044451714e-01;  1,561865425110e+01
  7,613316178322e-01;  1,421909046173e+01
  7,515583634377e-01;  1,294175338745e+01
  7,446132898331e-01;  1,207716655731e+01
  7,399600744247e-01;  1,151689338684e+01
  7,366163730621e-01;  1,114404296875e+01
  7,340738177299e-01;  1,086676597595e+01
  7,321233153343e-01;  1,067152976990e+01
  7,311481237411e-01;  1,088218688965e+01
  7,454562187195e-01;  1,461243343353e+01
  7,595413923264e-01;  1,705433273315e+01
  7,765731811523e-01;  1,982987785339e+01
  7,934447526932e-01;  2,269051742554e+01
  8,080732822418e-01;  2,546566772461e+01
  8,215942382813e-01;  2,802123641968e+01
  8,334572911263e-01;  3,032060241699e+01
  8,442057967186e-01;  3,240320968628e+01
  8,582979440689e-01;  3,514502334595e+01
  8,700565099716e-01;  3,749163818359e+01
  8,828599452972e-01;  4,010171127319e+01
  8,930650949478e-01;  4,218434143066e+01
  9,038623571396e-01;  4,450598907471e+01
  9,139838814735e-01;  4,662675476074e+01
  9,212633371353e-01;  4,815917587280e+01
  9,250458478928e-01;  4,888165664673e+01
  9,273585677147e-01;  4,927276229858e+01
  9,283267855644e-01;  4,922044754028e+01
  9,135032296181e-01;  4,323966598511e+01
  8,996130824089e-01;  3,990363693237e+01
  8,840650320053e-01;  3,637314987183e+01
  8,695340156555e-01;  3,312188720703e+01
  8,570997714996e-01;  3,034620857239e+01
  8,461074829102e-01;  2,804956626892e+01
  8,317714929581e-01;  2,531257438660e+01
  8,198596835136e-01;  2,314556121826e+01
  8,096336722374e-01;  2,139356803894e+01
  7,979587316513e-01;  1,953976631165e+01
  7,865693569183e-01;  1,776254463196e+01
  7,750197649002e-01;  1,611183929443e+01
  7,638742327690e-01;  1,456085968018e+01
  7,534043788910e-01;  1,318497467041e+01
  7,459159493446e-01;  1,224239063263e+01
  7,408377528191e-01;  1,163366508484e+01
  7,372084856033e-01;  1,121676063538e+01
  7,345265746117e-01;  1,092093944550e+01
  7,324367761612e-01;  1,071303462982e+01
  7,310784459114e-01;  1,088201999664e+01
  7,454631924629e-01;  1,461398983002e+01
  7,595065832138e-01;  1,705725479126e+01
  7,765522599220e-01;  1,983017730713e+01
  7,934308052063e-01;  2,268920135498e+01
  8,080593347549e-01;  2,546224594116e+01
  8,215594291687e-01;  2,801456832886e+01
  8,334224820137e-01;  3,031189918518e+01
  8,441639542580e-01;  3,239534378052e+01
  8,582630753517e-01;  3,514059829712e+01
  8,700355887413e-01;  3,748899078369e+01
  8,828599452972e-01;  4,009531402588e+01
  8,930302262306e-01;  4,217636108398e+01
  9,038623571396e-01;  4,450398635864e+01
  9,139838814735e-01;  4,662721633911e+01
  9,212772250175e-01;  4,815725326538e+01
  9,250458478928e-01;  4,888366699219e+01
  9,273794293404e-01;  4,926933670044e+01
  9,283337593079e-01;  4,920961761475e+01
  9,128763079643e-01;  4,309043502808e+01
  8,988119959831e-01;  3,973078536987e+01
  8,832778930664e-01;  3,620053100586e+01
  8,688513636589e-01;  3,296870040894e+01
  8,565006852150e-01;  3,022310447693e+01
  8,455989956856e-01;  2,795145034790e+01
  8,313187360764e-01;  2,523789978027e+01
  8,194904923439e-01;  2,308825874329e+01
  8,093202114105e-01;  2,134547615051e+01
  7,977009415627e-01;  1,950077438354e+01
  7,863324880600e-01;  1,772393035889e+01
  7,748665213585e-01;  1,607871627808e+01
  7,637697458267e-01;  1,454036617279e+01
  7,533416748047e-01;  1,317135047913e+01
  7,459020018578e-01;  1,223064136505e+01
  7,408168911934e-01;  1,162833213806e+01
  7,372084856033e-01;  1,121946620941e+01
  7,345265746117e-01;  1,091352653503e+01
  7,324576973915e-01;  1,070196342468e+01
  7,312526106834e-01;  1,077670574188e+01
  7,422239780426e-01;  1,399713516235e+01
  7,549786567688e-01;  1,627539634705e+01
  7,714114189148e-01;  1,898363113403e+01
  7,886382341385e-01;  2,183060646057e+01
  8,039355278015e-01;  2,464645957947e+01
  8,177490234375e-01;  2,727038955688e+01
  8,300787806511e-01;  2,964673423767e+01
  8,410710692406e-01;  3,178990554810e+01
  8,511717319489e-01;  3,373079299927e+01
  8,641493320465e-01;  3,628907012939e+01
  8,748978376389e-01;  3,847160339355e+01
  8,867748379707e-01;  4,089008712769e+01
  8,979761004448e-01;  4,320990371704e+01
  9,087942242622e-01;  4,551835632324e+01
  9,184978604317e-01;  4,758934402466e+01
  9,235969185829e-01;  4,860907745361e+01
  9,264529943466e-01;  4,911693572998e+01
  9,283059239388e-01;  4,931676483154e+01
  9,284243583679e-01;  4,918417358398e+01
  9,182540178299e-01;  4,441690063477e+01
  9,055690169334e-01;  4,129454421997e+01
  8,905085921288e-01;  3,777726745605e+01
  8,751277327538e-01;  3,437171173096e+01
  8,619411587715e-01;  3,140578651428e+01
  8,504263758659e-01;  2,892685317993e+01
  8,402560949326e-01;  2,688274192810e+01
  8,268187046051e-01;  2,440360450745e+01
  8,157079815865e-01;  2,241063499451e+01
  8,029045462608e-01;  2,032198905945e+01
  7,928038835526e-01;  1,869547271729e+01
  7,821459770203e-01;  1,710386276245e+01
  7,715019583702e-01;  1,561981487274e+01
  7,614361047745e-01;  1,421565723419e+01
  7,516628503799e-01;  1,295007514954e+01
  7,446969151497e-01;  1,208304691315e+01
  7,400296926498e-01;  1,152574729919e+01
  7,366512417793e-01;  1,114520645142e+01
  7,341434359550e-01;  1,086691761017e+01
  7,321929931641e-01;  1,066719627380e+01
  7,313222289085e-01;  1,077897548676e+01
  7,422239780426e-01;  1,399993515015e+01
  7,549995779991e-01;  1,627827072144e+01
  7,714114189148e-01;  1,898347473145e+01
  7,886939644814e-01;  2,182911300659e+01
  8,039355278015e-01;  2,464142227173e+01
  8,177629709244e-01;  2,726490211487e+01
  8,300997018814e-01;  2,963992309570e+01
  8,410989642143e-01;  3,178631401062e+01
  8,511508703232e-01;  3,372723770142e+01
  8,641980886459e-01;  3,628984451294e+01
  8,749465942383e-01;  3,847583389282e+01
  8,867748379707e-01;  4,089036560059e+01
  8,979969620705e-01;  4,320410156250e+01
  9,088081717491e-01;  4,551905822754e+01
  9,185256958008e-01;  4,759067153931e+01
  9,236526489258e-01;  4,860879516602e+01
  9,264878034592e-01;  4,910847473145e+01
  9,283337593079e-01;  4,933271789551e+01
  9,284591674805e-01;  4,921453094482e+01
  9,130156040192e-01;  4,309413909912e+01
  8,989582657814e-01;  3,972902679443e+01
  8,834171891212e-01;  3,619468688965e+01
  8,689767718315e-01;  3,296014785767e+01
  8,566609025002e-01;  3,021620559692e+01
  8,457243442535e-01;  2,794714736938e+01
  8,314719796181e-01;  2,524103164673e+01
  8,196089267731e-01;  2,309567070007e+01
  8,094525337219e-01;  2,135000038147e+01
  7,978193759918e-01;  1,950174903870e+01
  7,864648699760e-01;  1,772321128845e+01
  7,750058174133e-01;  1,608564186096e+01
  7,638533115387e-01;  1,454858684540e+01
  7,534740567207e-01;  1,316635799408e+01
  7,460204362869e-01;  1,223991489410e+01
  7,409074306488e-01;  1,161816215515e+01
  7,373338937759e-01;  1,120873832703e+01
  7,346519827843e-01;  1,091877555847e+01
  7,326109409332e-01;  1,069305038452e+01
  7,313919067383e-01;  1,078849506378e+01
  7,423284649849e-01;  1,401325225830e+01
  7,550831437111e-01;  1,628714752197e+01
  7,715019583702e-01;  1,898997688293e+01
  7,887427210808e-01;  2,183322525024e+01
  8,040051460266e-01;  2,464343070984e+01
  8,178325891495e-01;  2,726695823669e+01
  8,301624059677e-01;  2,964123535156e+01
  8,411895036697e-01;  3,178651237488e+01
  8,512414097786e-01;  3,372946166992e+01
  8,642398715019e-01;  3,629294967651e+01
  8,750162720680e-01;  3,847830200195e+01
  8,868653774261e-01;  4,089224624634e+01
  8,980457186699e-01;  4,320655822754e+01
  9,088639020920e-01;  4,551854324341e+01
  9,186023473740e-01;  4,758673477173e+01
  9,237153530121e-01;  4,861213302612e+01
  9,265574812889e-01;  4,911656188965e+01
  9,283686280251e-01;  4,927914428711e+01
  9,285079240799e-01;  4,909417724609e+01
  9,160457849503e-01;  4,384098052979e+01
  9,026781320572e-01;  4,059974670410e+01
  8,873668909073e-01;  3,706133270264e+01
  8,723413348198e-01;  3,372304153442e+01
  8,595587611198e-01;  3,085461807251e+01
  8,483226895332e-01;  2,846906471252e+01
  8,336871862411e-01;  2,564023208618e+01
  8,214758038521e-01;  2,341859436035e+01
  8,110616803169e-01;  2,161320495605e+01
  7,990941405296e-01;  1,970812606812e+01
  7,875654697418e-01;  1,787125968933e+01
  7,759253382683e-01;  1,619422149658e+01
  7,657550573349e-01;  1,478578853607e+01
  7,548671960831e-01;  1,334276103973e+01
  7,470722794533e-01;  1,235454273224e+01
  7,416179776192e-01;  1,169278049469e+01
  7,378841638565e-01;  1,126487064362e+01
  7,350559830666e-01;  1,095185470581e+01
  7,329592704773e-01;  1,073015594482e+01
  7,314058542252e-01;  1,088755702972e+01
  7,319979667664e-01;  1,155367469788e+01
  7,457905411720e-01;  1,462788581848e+01
  7,598478794098e-01;  1,707200813293e+01
  7,768657803535e-01;  1,984707069397e+01
  7,937234044075e-01;  2,270623397827e+01
  8,083589076996e-01;  2,547730827332e+01
  8,218380212784e-01;  2,802717208862e+01
  8,337219953537e-01;  3,032254028320e+01
  8,444495797157e-01;  3,240418243408e+01
  8,585556745529e-01;  3,514847183228e+01
  8,702793717384e-01;  3,749687576294e+01
  8,830828666687e-01;  4,010829162598e+01
  8,932880163193e-01;  4,219470596313e+01
  9,040921926498e-01;  4,451405334473e+01
  9,142068028450e-01;  4,663247680664e+01
  9,214374423027e-01;  4,816072463989e+01
  9,252548217773e-01;  4,888657379150e+01
  9,275187849998e-01;  4,927413177490e+01
  9,285984635353e-01;  4,901350021362e+01
  9,143391251564e-01;  4,339774703979e+01
  9,005535244942e-01;  4,008211898804e+01
  8,850542306900e-01;  3,654572677612e+01
  8,704047799110e-01;  3,327080154419e+01
  8,578451275826e-01;  3,047478294373e+01
  8,468388915062e-01;  2,815785789490e+01
  8,323984742165e-01;  2,539676094055e+01
  8,203960657120e-01;  2,321582794189e+01
  8,101700544357e-01;  2,144748687744e+01
  7,983766794205e-01;  1,958329582214e+01
  7,869733572006e-01;  1,779000282288e+01
  7,754238247871e-01;  1,612838554382e+01
  7,654067277908e-01;  1,472707748413e+01
  7,546303868294e-01;  1,330812835693e+01
  7,469260096550e-01;  1,232703495026e+01
  7,415273785591e-01;  1,168039512634e+01
  7,377866506577e-01;  1,125733566284e+01
  7,350142002106e-01;  1,094901847839e+01
  7,328547835350e-01;  1,072150707245e+01
  7,315173149109e-01;  1,079733181000e+01
  7,382185459137e-01;  1,318086719513e+01
  7,489252686501e-01;  1,519345569611e+01
  7,639995813370e-01;  1,775176620483e+01
  7,812891602516e-01;  2,056305503845e+01
  7,976243495941e-01;  2,341696166992e+01
  8,118767142296e-01;  2,614109230042e+01
  8,249936103821e-01;  2,862782669067e+01
  8,365362286568e-01;  3,086423110962e+01
  8,470409512520e-01;  3,289427947998e+01
  8,607499599457e-01;  3,557082748413e+01
  8,721114397049e-01;  3,786237335205e+01
  8,845805525780e-01;  4,040676498413e+01
  8,965271711349e-01;  4,285528945923e+01
  9,077841639519e-01;  4,526794433594e+01
  9,180728793144e-01;  4,746452331543e+01
  9,234436750412e-01;  4,854778289795e+01
  9,264390468597e-01;  4,908869171143e+01
  9,282850027084e-01;  4,936083221436e+01
  9,287029504776e-01;  4,901613235474e+01
  9,144645333290e-01;  4,340776824951e+01
  9,006231427193e-01;  4,009301376343e+01
  8,851099610329e-01;  3,655028915405e+01
  8,704605102539e-01;  3,326983261108e+01
  8,578938841820e-01;  3,046800613403e+01
  8,468598127365e-01;  2,814912033081e+01
  8,324472308159e-01;  2,538601875305e+01
  8,204657435417e-01;  2,320662879944e+01
  8,102257847786e-01;  2,144413566589e+01
  7,984532713890e-01;  1,958101654053e+01
  7,869873046875e-01;  1,778628730774e+01
  7,754725813866e-01;  1,612366485596e+01
  7,642782330513e-01;  1,456662273407e+01
  7,537526488304e-01;  1,318846511841e+01
  7,463060617447e-01;  1,224477577209e+01
  7,411303520203e-01;  1,162835025787e+01
  7,375219464302e-01;  1,121759223938e+01
  7,348400354385e-01;  1,092563533783e+01
  7,327502965927e-01;  1,070326519012e+01
  7,315660715103e-01;  1,076942825317e+01
  7,419732213020e-01;  1,391056346893e+01
  7,545607089996e-01;  1,616253852844e+01
  7,708401679993e-01;  1,885670661926e+01
  7,881715297699e-01;  2,170379257202e+01
  8,035175204277e-01;  2,452453041077e+01
  8,174146413803e-01;  2,716107177734e+01
  8,298349976540e-01;  2,954692077637e+01
  8,409108519554e-01;  3,170441055298e+01
  8,510115146637e-01;  3,365681076050e+01
  8,641145229340e-01;  3,623032379150e+01
  8,749117851257e-01;  3,842792129517e+01
  8,868444561958e-01;  4,085453414917e+01
  8,980945348740e-01;  4,318738555908e+01
  9,089683890343e-01;  4,550666809082e+01
  9,187068343163e-01;  4,758050155640e+01
  9,238268136978e-01;  4,861375808716e+01
  9,266480207443e-01;  4,912570571899e+01
  9,284591674805e-01;  4,933240127563e+01
  9,285984635353e-01;  4,922675323486e+01
  9,138236641884e-01;  4,324541854858e+01
  8,998708128929e-01;  3,990382385254e+01
  8,843436837196e-01;  3,636281967163e+01
  8,697778582573e-01;  3,310233688354e+01
  8,573087453842e-01;  3,032408142090e+01
  8,463304042816e-01;  2,802935218811e+01
  8,320153355598e-01;  2,529127693176e+01
  8,201174736023e-01;  2,313208389282e+01
  8,098914027214e-01;  2,138269424438e+01
  7,982094883919e-01;  1,953404045105e+01
  7,868340611458e-01;  1,775172042847e+01
  7,753192782402e-01;  1,609636116028e+01
  7,641528844833e-01;  1,454664897919e+01
  7,537248134613e-01;  1,317337703705e+01
  7,463060617447e-01;  1,223609352112e+01
  7,411303520203e-01;  1,162111663818e+01
  7,375219464302e-01;  1,121922111511e+01
  7,348400354385e-01;  1,092219829559e+01
  7,327502965927e-01;  1,069900131226e+01
  7,315869331360e-01;  1,085904026031e+01
  7,447944283485e-01;  1,443332958221e+01
  7,584825754166e-01;  1,682403755188e+01
  7,753123641014e-01;  1,957618331909e+01
  7,922953963280e-01;  2,243030357361e+01
  8,071537613869e-01;  2,521538925171e+01
  8,207583427429e-01;  2,778927421570e+01
  8,327606916428e-01;  3,011055564880e+01
  8,435927629471e-01;  3,221588897705e+01
  8,578938841820e-01;  3,499665451050e+01
  8,697918057442e-01;  3,737597274780e+01
  8,827205896378e-01;  4,001409149170e+01
  8,930093646049e-01;  4,211575698853e+01
  9,039319753647e-01;  4,445894241333e+01
  9,141371250153e-01;  4,659970855713e+01
  9,214931726456e-01;  4,814985656738e+01
  9,252687692642e-01;  4,887666320801e+01
  9,275535941124e-01;  4,926762390137e+01
  9,287029504776e-01;  4,915240097046e+01
  9,174041748047e-01;  4,414375686646e+01
  9,043081402779e-01;  4,095392227173e+01
  8,891153931618e-01;  3,742000961304e+01
  8,738738298416e-01;  3,404374694824e+01
  8,608962297440e-01;  3,112031936646e+01
  8,494998812675e-01;  2,868662834167e+01
  8,394688963890e-01;  2,668029022217e+01
  8,261638879776e-01;  2,423894119263e+01
  8,152064681053e-01;  2,227676200867e+01
  8,025074601173e-01;  2,022290992737e+01
  7,903309464455e-01;  1,827468490601e+01
  7,800561785698e-01;  1,676178169250e+01
  7,699694633484e-01;  1,536448764801e+01
  7,592209577560e-01;  1,389053916931e+01
  7,501512765884e-01;  1,271919250488e+01
  7,437425851822e-01;  1,193891906738e+01
  7,394027709961e-01;  1,143227577209e+01
  7,362332344055e-01;  1,107137584686e+01
  7,338299751282e-01;  1,081785678864e+01
  7,319840192795e-01;  1,063532638550e+01
  7,314824461937e-01;  1,084878444672e+01
  7,446969151497e-01;  1,441518974304e+01
  7,583711147308e-01;  1,680526351929e+01
  7,752078771591e-01;  1,955917930603e+01
  7,922257184982e-01;  2,241336059570e+01
  8,070492744446e-01;  2,520055389404e+01
  8,206886649132e-01;  2,777628135681e+01
  8,326910138130e-01;  3,009912109375e+01
  8,435230851173e-01;  3,220353317261e+01
  8,578242659569e-01;  3,497902679443e+01
  8,697221279144e-01;  3,735770797729e+01
  8,826439976692e-01;  3,999436187744e+01
  8,929744958878e-01;  4,210114288330e+01
  9,038832187653e-01;  4,445248031616e+01
  9,141092896461e-01;  4,660011672974e+01
  9,214513897896e-01;  4,814484405518e+01
  9,252896308899e-01;  4,887238693237e+01
  9,275814294815e-01;  4,926323699951e+01
  9,287378191948e-01;  4,914608001709e+01
  9,174529314041e-01;  4,414025878906e+01
  9,043987393379e-01;  4,095421218872e+01
  8,892059326172e-01;  3,742415618896e+01
  8,739435076714e-01;  3,404866409302e+01
  8,609659075737e-01;  3,112566566467e+01
  8,495695590973e-01;  2,869280815125e+01
  8,395525217056e-01;  2,668457794189e+01
  8,262127041817e-01;  2,424194908142e+01
  8,152760863304e-01;  2,228101348877e+01
  8,026119470596e-01;  2,022676277161e+01
  7,925949096680e-01;  1,862071990967e+01
  7,820275425911e-01;  1,704323387146e+01
  7,714671492577e-01;  1,557336616516e+01
  7,603912353516e-01;  1,403353977203e+01
  7,509662508965e-01;  1,281685829163e+01
  7,442789673805e-01;  1,199300193787e+01
  7,398207187653e-01;  1,147299575806e+01
  7,365815639496e-01;  1,111044597626e+01
  7,340946793556e-01;  1,083327007294e+01
  7,322139143944e-01;  1,064105415344e+01
  7,315799593925e-01;  1,089362049103e+01
  7,459647059441e-01;  1,463853359222e+01
  7,600429654121e-01;  1,708228874207e+01
  7,770538330078e-01;  1,985635185242e+01
  7,939323782921e-01;  2,271298789978e+01
  8,085678815842e-01;  2,548245239258e+01
  8,220679163933e-01;  2,803382110596e+01
  8,339239954948e-01;  3,033063507080e+01
  8,446585536003e-01;  3,241462326050e+01
  8,587994575500e-01;  3,516566085815e+01
  8,705232143402e-01;  3,751692199707e+01
  8,832918405533e-01;  4,012722778320e+01
  8,934969902039e-01;  4,220663452148e+01
  9,042663574219e-01;  4,452638626099e+01
  9,143322110176e-01;  4,663879776001e+01
  9,215976595879e-01;  4,816002273560e+01
  9,253941178322e-01;  4,888431549072e+01
  9,276928901672e-01;  4,926818084717e+01
  9,287726283073e-01;  4,904004669189e+01
  9,151054024696e-01;  4,355125045776e+01
  9,014799594879e-01;  4,025899124146e+01
  8,860155344009e-01;  3,671997833252e+01
  8,712058663368e-01;  3,341920471191e+01
  8,585765957832e-01;  3,059402084351e+01
  8,474867343903e-01;  2,825374794006e+01
  8,329905867577e-01;  2,546636581421e+01
  8,208836913109e-01;  2,326761627197e+01
  8,105880022049e-01;  2,148704147339e+01
  7,987806797028e-01;  1,961180305481e+01
  7,873216867447e-01;  1,781330299377e+01
  7,757511734962e-01;  1,614746475220e+01
  7,656505703926e-01;  1,474130344391e+01
  7,548533082008e-01;  1,330919075012e+01
  7,471210360527e-01;  1,232731914520e+01
  7,417363524437e-01;  1,168253135681e+01
  7,380095720291e-01;  1,125984477997e+01
  7,352231740952e-01;  1,094537830353e+01
  7,330985665321e-01;  1,072229194641e+01
  7,317193150520e-01;  1,073823547363e+01
  7,465568184853e-01;  1,474505996704e+01
  7,608649134636e-01;  1,721405601501e+01
  7,779454588890e-01;  1,999446678162e+01
  7,947334647179e-01;  2,285087776184e+01
  8,092644810677e-01;  2,561173820496e+01
  8,226739764214e-01;  2,814925575256e+01
  8,345021605492e-01;  3,043327903748e+01
  8,451949357986e-01;  3,250955963135e+01
  8,592383265495e-01;  3,524543762207e+01
  8,709063529968e-01;  3,758728408813e+01
  8,836053013802e-01;  4,017927932739e+01
  8,937407732010e-01;  4,224201202393e+01
  9,044544100761e-01;  4,455250549316e+01
  9,144854545593e-01;  4,666273498535e+01
  9,217022061348e-01;  4,816970825195e+01
  9,254637956619e-01;  4,888916015625e+01
  9,277277588844e-01;  4,927716445923e+01
  9,286890625954e-01;  4,922770309448e+01
  9,139211773872e-01;  4,324789810181e+01
  8,999822735786e-01;  3,990831375122e+01
  8,844272494316e-01;  3,637130737305e+01
  8,698823451996e-01;  3,311186218262e+01
  8,574271798134e-01;  3,033797264099e+01
  8,464697003365e-01;  2,804436492920e+01
  8,321337699890e-01;  2,530605888367e+01
  8,202080130577e-01;  2,314430999756e+01
  8,099958896637e-01;  2,138695907593e+01
  7,982930541039e-01;  1,952993011475e+01
  7,869176268578e-01;  1,774284934998e+01
  7,754377126694e-01;  1,609926223755e+01
  7,642364501953e-01;  1,454891967773e+01
  7,538432478905e-01;  1,317463874817e+01
  7,463687658310e-01;  1,222922325134e+01
  7,412905693054e-01;  1,162031555176e+01
  7,376613020897e-01;  1,121776485443e+01
  7,349793910980e-01;  1,092092895508e+01
  7,328895926476e-01;  1,070252895355e+01
  7,317193150520e-01;  1,077866268158e+01
  7,426906824112e-01;  1,400892925262e+01
  7,554662823677e-01;  1,629341506958e+01
  7,718850970268e-01;  1,900417137146e+01
  7,891606688499e-01;  2,185453033447e+01
  8,043882846832e-01;  2,466813659668e+01
  8,182296752930e-01;  2,729206657410e+01
  8,305454850197e-01;  2,966295623779e+01
  8,415586948395e-01;  3,180421257019e+01
  8,516036272049e-01;  3,374419403076e+01
  8,646369576454e-01;  3,630167770386e+01
  8,753297328949e-01;  3,848826599121e+01
  8,872485160828e-01;  4,090877532959e+01
  8,983731269836e-01;  4,323011016846e+01
  9,091913104057e-01;  4,553334808350e+01
  9,188948869705e-01;  4,759348678589e+01
  9,239800572395e-01;  4,861572647095e+01
  9,267873167992e-01;  4,911288452148e+01
  9,285984635353e-01;  4,928046417236e+01
  9,287726283073e-01;  4,909584426880e+01
  9,162896275520e-01;  4,384970092773e+01
  9,029358625412e-01;  4,061030960083e+01
  8,875967860222e-01;  3,707373428345e+01
  8,725642561913e-01;  3,373435974121e+01
  8,597816824913e-01;  3,085977363586e+01
  8,485246896744e-01;  2,847382926941e+01
  8,338961601257e-01;  2,563943672180e+01
  8,216639161110e-01;  2,341195678711e+01
  8,112706542015e-01;  2,160801315308e+01
  7,993031144142e-01;  1,970402145386e+01
  7,877535820007e-01;  1,787563323975e+01
  7,761064767838e-01;  1,619729804993e+01
  7,659083008766e-01;  1,478081607819e+01
  7,550831437111e-01;  1,333113479614e+01
  7,472603917122e-01;  1,234471225739e+01
  7,418408393860e-01;  1,168738746643e+01
  7,380792498589e-01;  1,126316642761e+01
  7,352928519249e-01;  1,095060062408e+01
  7,331542968750e-01;  1,072959899902e+01
  7,317750453949e-01;  1,075169658661e+01
  7,472394704819e-01;  1,485814476013e+01
  7,617704868317e-01;  1,734849739075e+01
  7,788859009743e-01;  2,014075469971e+01
  7,955693602562e-01;  2,299555778503e+01
  8,100098371506e-01;  2,574331665039e+01
  8,233566284180e-01;  2,826725006104e+01
  8,350942730904e-01;  3,054048538208e+01
  8,457870483398e-01;  3,260297393799e+01
  8,596911430359e-01;  3,532355880737e+01
  8,712755441666e-01;  3,765357589722e+01
  8,839535713196e-01;  4,023914337158e+01
  8,939846158028e-01;  4,229465866089e+01
  9,046077132225e-01;  4,458033370972e+01
  9,155372977257e-01;  4,688684082031e+01
  9,222385287285e-01;  4,827934265137e+01
  9,257702827454e-01;  4,893300247192e+01
  9,279715418816e-01;  4,930064773560e+01
  9,288771152496e-01;  4,909952545166e+01
  9,164498448372e-01;  4,385549163818e+01
  9,030960798264e-01;  4,061604309082e+01
  8,877779245377e-01;  3,707814788818e+01
  8,727035522461e-01;  3,373782730103e+01
  8,599209785461e-01;  3,086378860474e+01
  8,486639857292e-01;  2,847650718689e+01
  8,340494036674e-01;  2,563725662231e+01
  8,217892646790e-01;  2,340771293640e+01
  8,114448189735e-01;  2,160215759277e+01
  7,994633316994e-01;  1,970242500305e+01
  7,879276871681e-01;  1,787987136841e+01
  7,762805819511e-01;  1,620351409912e+01
  7,660545706749e-01;  1,478062057495e+01
  7,552224993706e-01;  1,334374809265e+01
  7,474136352539e-01;  1,235370445251e+01
  7,419314384460e-01;  1,169116687775e+01
  7,382045984268e-01;  1,126628684998e+01
  7,353973388672e-01;  1,095721435547e+01
  7,332239747047e-01;  1,072611427307e+01
  7,317053675652e-01;  1,087054634094e+01
  7,454770803452e-01;  1,452574920654e+01
  7,593811750412e-01;  1,694431877136e+01
  7,762875556946e-01;  1,970717811584e+01
  7,932357788086e-01;  2,256163024902e+01
  8,079548478127e-01;  2,533748054504e+01
  8,214897513390e-01;  2,790313148499e+01
  8,334433436394e-01;  3,021188163757e+01
  8,442196846008e-01;  3,230675125122e+01
  8,584024310112e-01;  3,506824111938e+01
  8,702306151390e-01;  3,743060302734e+01
  8,830828666687e-01;  4,005023193359e+01
  8,933228254318e-01;  4,214175033569e+01
  9,042106270790e-01;  4,448187255859e+01
  9,143530726433e-01;  4,662262725830e+01
  9,216255545616e-01;  4,814899444580e+01
  9,254637956619e-01;  4,887639617920e+01
  9,277277588844e-01;  4,926189041138e+01
  9,288283586502e-01;  4,919359970093e+01
  9,187276959419e-01;  4,444102478027e+01
  9,060565829277e-01;  4,131441116333e+01
  8,909613490105e-01;  3,779170608521e+01
  8,755456805229e-01;  3,437765502930e+01
  8,623591065407e-01;  3,139969062805e+01
  8,508373498917e-01;  2,891474914551e+01
  8,406879305840e-01;  2,686579895020e+01
  8,272436261177e-01;  2,438391113281e+01
  8,161120414734e-01;  2,239504241943e+01
  8,033573031425e-01;  2,031168556213e+01
  7,932218313217e-01;  1,868844604492e+01
  7,825987339020e-01;  1,709569549561e+01
  7,719547152519e-01;  1,561075210571e+01
  7,618749737740e-01;  1,421521377563e+01
  7,521156668663e-01;  1,294661808014e+01
  7,451845407486e-01;  1,207570362091e+01
  7,404476404190e-01;  1,151494884491e+01
  7,371457815170e-01;  1,114104843140e+01
  7,345962524414e-01;  1,086671924591e+01
  7,326318621635e-01;  1,065824890137e+01
  7,318098545074e-01;  1,089159488678e+01
  7,461876273155e-01;  1,463824081421e+01
  7,602728009224e-01;  1,708254432678e+01
  7,772976160049e-01;  1,985909843445e+01
  7,941622734070e-01;  2,271731185913e+01
  8,087559342384e-01;  2,548679733276e+01
  8,222211599350e-01;  2,803893661499e+01
  8,341190218925e-01;  3,033556747437e+01
  8,448814749718e-01;  3,241735458374e+01
  8,589388132095e-01;  3,516223144531e+01
  8,706625103951e-01;  3,750733184814e+01
  8,834659457207e-01;  4,011537551880e+01
  8,936572074890e-01;  4,219398498535e+01
  9,044544100761e-01;  4,452324295044e+01
  9,145550727844e-01;  4,664550399780e+01
  9,217718243599e-01;  4,815871429443e+01
  9,255334734917e-01;  4,888211059570e+01
  9,278182983398e-01;  4,926098251343e+01
  9,289119839668e-01;  4,902061843872e+01
  9,147083163261e-01;  4,341670989990e+01
  9,009017944336e-01;  4,009592819214e+01
  8,853537440300e-01;  3,655096054077e+01
  8,706834316254e-01;  3,326483154297e+01
  8,581585884094e-01;  3,045902252197e+01
  8,471105694771e-01;  2,814056396484e+01
  8,327119350433e-01;  2,537850189209e+01
  8,207304477692e-01;  2,319978904724e+01
  8,104835152626e-01;  2,143418884277e+01
  7,987249493599e-01;  1,957135772705e+01
  7,873216867447e-01;  1,777746772766e+01
  7,757930159569e-01;  1,611731338501e+01
  7,657550573349e-01;  1,471891689301e+01
  7,549926042557e-01;  1,330340194702e+01
  7,473300695419e-01;  1,232066154480e+01
  7,419174909592e-01;  1,167305755615e+01
  7,382185459137e-01;  1,125214481354e+01
  7,354321479797e-01;  1,095019912720e+01
  7,332727313042e-01;  1,072148609161e+01
  7,319003939629e-01;  1,081380748749e+01
  7,439655065536e-01;  1,421767711639e+01
  7,572426199913e-01;  1,656162452698e+01
  7,738704085350e-01;  1,929666900635e+01
  7,910414934158e-01;  2,215045166016e+01
  8,060392141342e-01;  2,495098114014e+01
  8,197691440582e-01;  2,755172157288e+01
  8,319247961044e-01;  2,989495086670e+01
  8,428613543510e-01;  3,201915740967e+01
  8,572669625282e-01;  3,482704925537e+01
  8,692902326584e-01;  3,722555541992e+01
  8,793908953667e-01;  3,927751541138e+01
  8,904528617859e-01;  4,153353881836e+01
  9,005883336067e-01;  4,369673538208e+01
  9,108979701996e-01;  4,586640167236e+01
  9,198352694511e-01;  4,775789642334e+01
  9,245024919510e-01;  4,868513870239e+01
  9,272052645683e-01;  4,916497039795e+01
  9,289119839668e-01;  4,925214385986e+01
  9,290233850479e-01;  4,902190780640e+01
  9,147919416428e-01;  4,341688537598e+01
  9,009853601456e-01;  4,009911346436e+01
  8,854582309723e-01;  3,655837249756e+01
  8,707879185677e-01;  3,327584838867e+01
  8,582630753517e-01;  3,047384834290e+01
  8,472220301628e-01;  2,815278816223e+01
  8,328024744987e-01;  2,538537979126e+01
  8,208140730858e-01;  2,320513725281e+01
  8,105531930923e-01;  2,143655967712e+01
  7,987806797028e-01;  1,957543182373e+01
  7,873913049698e-01;  1,778213882446e+01
  7,758626341820e-01;  1,612391090393e+01
  7,657689452171e-01;  1,472382259369e+01
  7,550135254860e-01;  1,331200122833e+01
  7,473439574242e-01;  1,232493877411e+01
  7,419105172157e-01;  1,167182540894e+01
  7,382185459137e-01;  1,124954795837e+01
  7,354321479797e-01;  1,094979381561e+01
  7,333075404167e-01;  1,072428894043e+01
  7,319143414497e-01;  1,077855110168e+01
  7,428997159004e-01;  1,400734329224e+01
  7,557101249695e-01;  1,629169464111e+01
  7,721149325371e-01;  1,900279808044e+01
  7,894045114517e-01;  2,185667228699e+01
  8,046460151672e-01;  2,467206001282e+01
  8,184595704079e-01;  2,729739379883e+01
  8,307893276215e-01;  2,966990089417e+01
  8,418164253235e-01;  3,181299209595e+01
  8,518335223198e-01;  3,375107955933e+01
  8,648598790169e-01;  3,630973815918e+01
  8,755944371223e-01;  3,849759674072e+01
  8,874574899673e-01;  4,091674804688e+01
  8,985682129860e-01;  4,323778533936e+01
  9,094350934029e-01;  4,555023193359e+01
  9,190690517426e-01;  4,759602737427e+01
  9,241193532944e-01;  4,861215591431e+01
  9,269405603409e-01;  4,911751556396e+01
  9,287935495377e-01;  4,931085968018e+01
  9,289119839668e-01;  4,916794967651e+01
  9,182192087173e-01;  4,428787994385e+01
  9,053600430489e-01;  4,113191223145e+01
  8,901742100716e-01;  3,760080337524e+01
  8,748490810394e-01;  3,420264053345e+01
  8,617809414864e-01;  3,124709320068e+01
  8,503566980362e-01;  2,878866195679e+01
  8,402560949326e-01;  2,676014900208e+01
  8,268396258354e-01;  2,430061149597e+01
  8,158333897591e-01;  2,232499694824e+01
  8,031204938889e-01;  2,025736045837e+01
  7,930337786674e-01;  1,864488220215e+01
  7,824594378471e-01;  1,706082344055e+01
  7,718363404274e-01;  1,557832622528e+01
  7,618192434311e-01;  1,417977714539e+01
  7,521853446960e-01;  1,292756271362e+01
  7,452541589737e-01;  1,206560897827e+01
  7,405521273613e-01;  1,151237392426e+01
  7,372432947159e-01;  1,113018608093e+01
  7,347007393837e-01;  1,085655593872e+01
  7,327990531921e-01;  1,065912628174e+01
  7,319492101669e-01;  1,086994647980e+01
  7,324994802475e-01;  1,151690864563e+01
  7,457696795464e-01;  1,453262710571e+01
  7,596598267555e-01;  1,695311355591e+01
  7,765522599220e-01;  1,971879577637e+01
  7,935352921486e-01;  2,257696914673e+01
  8,081986904144e-01;  2,535514068604e+01
  8,217684030533e-01;  2,791750526428e+01
  8,337150216103e-01;  3,022749328613e+01
  8,445192575455e-01;  3,232134628296e+01
  8,587089180946e-01;  3,508456802368e+01
  8,705092668533e-01;  3,744790649414e+01
  8,833614587784e-01;  4,007246017456e+01
  8,935875296593e-01;  4,216487121582e+01
  9,044335484505e-01;  4,449784851074e+01
  9,145899415016e-01;  4,662723541260e+01
  9,218415021896e-01;  4,815409851074e+01
  9,256379604340e-01;  4,888274002075e+01
  9,279018640518e-01;  4,927196884155e+01
  9,289816021919e-01;  4,903988647461e+01
  9,153701066971e-01;  4,354755020142e+01
  9,017516374588e-01;  4,025571060181e+01
  8,862384557724e-01;  3,671606826782e+01
  8,714496493340e-01;  3,341684341431e+01
  8,588134050369e-01;  3,059102058411e+01
  8,477444648743e-01;  2,825111770630e+01
  8,332483172417e-01;  2,546403884888e+01
  8,211832642555e-01;  2,326732063293e+01
  8,108875155449e-01;  2,148589515686e+01
  7,990593314171e-01;  1,961166381836e+01
  7,876490950584e-01;  1,780611991882e+01
  7,760646939278e-01;  1,614097595215e+01
  7,659291625023e-01;  1,473328208923e+01
  7,552015781403e-01;  1,331359100342e+01
  7,475041747093e-01;  1,233170986176e+01
  7,420498132706e-01;  1,167786598206e+01
  7,383230328560e-01;  1,125363254547e+01
  7,355575561523e-01;  1,094933319092e+01
  7,334329485893e-01;  1,072501659393e+01
  7,320327758789e-01;  1,076429843903e+01
  7,378493547440e-01;  1,301482009888e+01
  7,481380701065e-01;  1,496907043457e+01
  7,628989815712e-01;  1,748449897766e+01
  7,800701260567e-01;  2,028529548645e+01
  7,966142892838e-01;  2,314430999756e+01
  8,110198974609e-01;  2,588732147217e+01
  8,243109583855e-01;  2,840176582336e+01
  8,359998464584e-01;  3,066426849365e+01
  8,465672135353e-01;  3,271809387207e+01
  8,604225516319e-01;  3,542474746704e+01
  8,719164133072e-01;  3,773654937744e+01
  8,845108747482e-01;  4,030455017090e+01
  8,965829014778e-01;  4,278458404541e+01
  9,080070853233e-01;  4,523992919922e+01
  9,183515310287e-01;  4,743473052979e+01
  9,237571358681e-01;  4,853401565552e+01
  9,267525076866e-01;  4,907701110840e+01
  9,286333322525e-01;  4,936193466187e+01
  9,290652275085e-01;  4,901791763306e+01
  9,148058891296e-01;  4,340242767334e+01
  9,010272026062e-01;  4,008267593384e+01
  8,855279088020e-01;  3,654158401489e+01
  8,708227276802e-01;  3,326463699341e+01
  8,582979440689e-01;  3,046545028687e+01
  8,472707867622e-01;  2,814735984802e+01
  8,328860998154e-01;  2,538532638550e+01
  8,208836913109e-01;  2,320532608032e+01
  8,106367588043e-01;  2,143944549561e+01
  7,988503575325e-01;  1,957261657715e+01
  7,874609827995e-01;  1,777713584900e+01
  7,759253382683e-01;  1,611665916443e+01
  7,658804059029e-01;  1,472372722626e+01
  7,551458477974e-01;  1,330026912689e+01
  7,474484443665e-01;  1,232454013824e+01
  7,420359253883e-01;  1,167174720764e+01
  7,383369803429e-01;  1,125245571136e+01
  7,356063127518e-01;  1,095072174072e+01
  7,334468960762e-01;  1,072104072571e+01
  7,320536971092e-01;  1,078103828430e+01
  7,430042028427e-01;  1,401123332977e+01
  7,558284997940e-01;  1,629257583618e+01
  7,722194790840e-01;  1,900085449219e+01
  7,894950509071e-01;  2,185192489624e+01
  8,047366142273e-01;  2,466574478149e+01
  8,185988664627e-01;  2,729065704346e+01
  8,308798670769e-01;  2,966262817383e+01
  8,418861031532e-01;  3,180830955505e+01
  8,519380092621e-01;  3,374665451050e+01
  8,649016618729e-01;  3,630622863770e+01
  8,756431937218e-01;  3,849414825439e+01
  8,875271081924e-01;  4,091352462769e+01
  8,986378312111e-01;  4,323296737671e+01
  9,094908237457e-01;  4,554432296753e+01
  9,191387295723e-01;  4,760617446899e+01
  9,241890311241e-01;  4,859828948975e+01
  9,270450472832e-01;  4,912500381470e+01
  9,288074374199e-01;  4,933529281616e+01
  9,289816021919e-01;  4,922651290894e+01
  9,142346382141e-01;  4,325537872314e+01
  9,003306031227e-01;  3,991888427734e+01
  8,847407698631e-01;  3,638197708130e+01
  8,701958060265e-01;  3,312180709839e+01
  8,577058315277e-01;  3,034365653992e+01
  8,467692732811e-01;  2,804453086853e+01
  8,324332833290e-01;  2,530192375183e+01
  8,205145001411e-01;  2,313593292236e+01
  8,102954626083e-01;  2,138073921204e+01
  7,986065149307e-01;  1,952836036682e+01
  7,872310876846e-01;  1,774824333191e+01
  7,757511734962e-01;  1,609873390198e+01
  7,645359635353e-01;  1,454948520660e+01
  7,541427612305e-01;  1,317843151093e+01
  7,467518448830e-01;  1,223847293854e+01
  7,415273785591e-01;  1,161430358887e+01
  7,379747629166e-01;  1,121646595001e+01
  7,352719306946e-01;  1,091237926483e+01
  7,332518100739e-01;  1,070399188995e+01
  7,320188283920e-01;  1,076424026489e+01
  7,424259781837e-01;  1,391204071045e+01
  7,550483345985e-01;  1,616847801208e+01
  7,713417410851e-01;  1,886570549011e+01
  7,886382341385e-01;  2,171549987793e+01
  8,040051460266e-01;  2,453695297241e+01
  8,178814053535e-01;  2,717412185669e+01
  8,303226232529e-01;  2,955966758728e+01
  8,413776159286e-01;  3,171448898315e+01
  8,514503836632e-01;  3,366382598877e+01
  8,645115494728e-01;  3,623392868042e+01
  8,753157854080e-01;  3,843033981323e+01
  8,872624039650e-01;  4,086089706421e+01
  8,984637260437e-01;  4,320219802856e+01
  9,093654751778e-01;  4,552369689941e+01
  9,191038608551e-01;  4,758491134644e+01
  9,241402745247e-01;  4,860267257690e+01
  9,270102381706e-01;  4,911063385010e+01
  9,288771152496e-01;  4,930483627319e+01
  9,290373325348e-01;  4,915129089355e+01
  9,177036881447e-01;  4,414851760864e+01
  9,046285748482e-01;  4,095710754395e+01
  8,894079327583e-01;  3,742048263550e+01
  8,741872906685e-01;  3,403745651245e+01
  8,611748814583e-01;  3,110788726807e+01
  8,498134016991e-01;  2,867172813416e+01
  8,397823572159e-01;  2,666233062744e+01
  8,264774084091e-01;  2,421891403198e+01
  8,154850602150e-01;  2,226006698608e+01
  8,028557896614e-01;  2,020817184448e+01
  7,906095981598e-01;  1,825580215454e+01
  7,804183959961e-01;  1,674347686768e+01
  7,703037858009e-01;  1,534637355804e+01
  7,596458792686e-01;  1,387483882904e+01
  7,506179809570e-01;  1,270748138428e+01
  7,442092895508e-01;  1,192346382141e+01
  7,398903965950e-01;  1,142503738403e+01
  7,367765903473e-01;  1,106918811798e+01
  7,343872785568e-01;  1,081204032898e+01
  7,325412631035e-01;  1,063483047485e+01
  7,320397496223e-01;  1,084922313690e+01
  7,452123761177e-01;  1,442017555237e+01
  7,589492797852e-01;  1,681485176086e+01
  7,757651209831e-01;  1,957579421997e+01
  7,928038835526e-01;  2,243708992004e+01
  8,076135516167e-01;  2,522760009766e+01
  8,212459683418e-01;  2,780672836304e+01
  8,332831263542e-01;  3,013044548035e+01
  8,441013097763e-01;  3,223466110229e+01
  8,583467006683e-01;  3,500764083862e+01
  8,701958060265e-01;  3,738095092773e+01
  8,831734061241e-01;  4,001642990112e+01
  8,934621214867e-01;  4,212188339233e+01
  9,043499231339e-01;  4,447462844849e+01
  9,145620465279e-01;  4,661190032959e+01
  9,218415021896e-01;  4,814913177490e+01
  9,256727695465e-01;  4,886809539795e+01
  9,279715418816e-01;  4,927176284790e+01
  9,290512800217e-01;  4,900856399536e+01
  9,147919416428e-01;  4,339627456665e+01
  9,010062813759e-01;  4,007987976074e+01
  8,854721784592e-01;  3,654139709473e+01
  8,708018660545e-01;  3,326136779785e+01
  8,582630753517e-01;  3,046054458618e+01
  8,472220301628e-01;  2,814286994934e+01
  8,328164219856e-01;  2,537905311584e+01
  8,208279609680e-01;  2,319562339783e+01
  8,105880022049e-01;  2,142533874512e+01
  7,988155484200e-01;  1,956123542786e+01
  7,874401211739e-01;  1,776880836487e+01
  7,759044766426e-01;  1,610708808899e+01
  7,658804059029e-01;  1,470839691162e+01
  7,551807165146e-01;  1,329310703278e+01
  7,475181221962e-01;  1,231390476227e+01
  7,421264648438e-01;  1,167104721069e+01
  7,384136319160e-01;  1,124789047241e+01
  7,356411218643e-01;  1,094335746765e+01
  7,335374355316e-01;  1,071713161469e+01
  7,321790456772e-01;  1,087450408936e+01
  7,459298968315e-01;  1,453448009491e+01
  7,598688006401e-01;  1,695479583740e+01
  7,767612338066e-01;  1,972220420837e+01
  7,937234044075e-01;  2,258265495300e+01
  8,084424734116e-01;  2,536310768127e+01
  8,219982385635e-01;  2,793013954163e+01
  8,339797258377e-01;  3,024454879761e+01
  8,447282314301e-01;  3,234175109863e+01
  8,589248657227e-01;  3,510926437378e+01
  8,706834316254e-01;  3,747288894653e+01
  8,835495710373e-01;  4,008813095093e+01
  8,937407732010e-01;  4,217310714722e+01
  9,045798182487e-01;  4,450456619263e+01
  9,147362112999e-01;  4,664307022095e+01
  9,219459891319e-01;  4,815000915527e+01
  9,257424473763e-01;  4,888603591919e+01
  9,280063509941e-01;  4,927457046509e+01
  9,291000366211e-01;  4,922801971436e+01
  9,143948554993e-01;  4,326142883301e+01
  9,004350900650e-01;  3,992465972900e+01
  8,848661184311e-01;  3,638656234741e+01
  8,703002929688e-01;  3,312320327759e+01
  8,578311800957e-01;  3,034520530701e+01
  8,468250036240e-01;  2,804340362549e+01
  8,325029611588e-01;  2,529488945007e+01
  8,205702304840e-01;  2,312192344666e+01
  8,103650808334e-01;  2,135959053040e+01
  7,986761927605e-01;  1,951271629333e+01
  7,873216867447e-01;  1,773929595947e+01
  7,758487462997e-01;  1,608634376526e+01
  7,646404504776e-01;  1,452575397491e+01
  7,542611956596e-01;  1,317261695862e+01
  7,468563318253e-01;  1,222814178467e+01
  7,417224645615e-01;  1,161369419098e+01
  7,381001114845e-01;  1,121176528931e+01
  7,354321479797e-01;  1,090991497040e+01
  7,333911657333e-01;  1,070580482483e+01
  7,321790456772e-01;  1,077662944794e+01
  7,431434988976e-01;  1,400704002380e+01
  7,560026645660e-01;  1,629380607605e+01
  7,724075317383e-01;  1,901010131836e+01
  7,897040247917e-01;  2,186676025391e+01
  8,049455881119e-01;  2,468663978577e+01
  8,188078403473e-01;  2,731529235840e+01
  8,311237096786e-01;  2,968944168091e+01
  8,421508073807e-01;  3,183644485474e+01
  8,521817922592e-01;  3,377472686768e+01
  8,651385307312e-01;  3,632962036133e+01
  8,759078979492e-01;  3,851211166382e+01
  8,877848982811e-01;  4,092988967896e+01
  8,988119959831e-01;  4,325285339355e+01
  9,096789360046e-01;  4,556006240845e+01
  9,193337559700e-01;  4,760756301880e+01
  9,243422746658e-01;  4,862286376953e+01
  9,271704554558e-01;  4,912120056152e+01
  9,289467930794e-01;  4,930660629272e+01
  9,290860891342e-01;  4,915086364746e+01
  9,178360700607e-01;  4,414126968384e+01
  9,047818183899e-01;  4,095248031616e+01
  8,895333409309e-01;  3,741473770142e+01
  8,743057250977e-01;  3,403501510620e+01
  8,612933158875e-01;  3,110883903503e+01
  8,499387502670e-01;  2,867289924622e+01
  8,399217128754e-01;  2,666405296326e+01
  8,265818953514e-01;  2,421704673767e+01
  8,155895471573e-01;  2,225534057617e+01
  8,029602766037e-01;  2,019748878479e+01
  7,929431796074e-01;  1,859479904175e+01
  7,824245691299e-01;  1,702104759216e+01
  7,718502283096e-01;  1,555099964142e+01
  7,607952356339e-01;  1,401212978363e+01
  7,514887452126e-01;  1,280308246613e+01
  7,448710799217e-01;  1,198329925537e+01
  7,403780221939e-01;  1,145709705353e+01
  7,371388077736e-01;  1,109482955933e+01
  7,347425222397e-01;  1,084005641937e+01
  7,328408360481e-01;  1,063762187958e+01
  7,323671579361e-01;  1,074922943115e+01
  7,478246092796e-01;  1,486575222015e+01
  7,623277902603e-01;  1,736107063293e+01
  7,794431447983e-01;  2,015664291382e+01
  7,961475253105e-01;  2,301682090759e+01
  8,106367588043e-01;  2,576965522766e+01
  8,239278197289e-01;  2,829471015930e+01
  8,356863856316e-01;  3,057012748718e+01
  8,463443517685e-01;  3,263457489014e+01
  8,602971434593e-01;  3,535259246826e+01
  8,718119263649e-01;  3,768008041382e+01
  8,845108747482e-01;  4,026160812378e+01
  8,966177105904e-01;  4,275772476196e+01
  9,066348075867e-01;  4,491715240479e+01
  9,168956875801e-01;  4,708783721924e+01
  9,230744838715e-01;  4,838083648682e+01
  9,263972640038e-01;  4,899122619629e+01
  9,284591674805e-01;  4,933341979980e+01
  9,290860891342e-01;  4,923096466064e+01
  9,143391251564e-01;  4,325121688843e+01
  9,003793597221e-01;  3,991016769409e+01
  8,848452568054e-01;  3,636849975586e+01
  8,702863454819e-01;  3,310790634155e+01
  8,578451275826e-01;  3,033068275452e+01
  8,468737602234e-01;  2,803149604797e+01
  8,325238227844e-01;  2,528588485718e+01
  8,206050992012e-01;  2,312259292603e+01
  8,104138374329e-01;  2,136905288696e+01
  7,987249493599e-01;  1,952064132690e+01
  7,873704433441e-01;  1,773941802979e+01
  7,759253382683e-01;  1,609140014648e+01
  7,659083008766e-01;  1,470246410370e+01
  7,552573084831e-01;  1,328574943542e+01
  7,475878000259e-01;  1,230333423615e+01
  7,422100305557e-01;  1,165851402283e+01
  7,385181188583e-01;  1,123182201385e+01
  7,357944250107e-01;  1,094226551056e+01
  7,336906790733e-01;  1,071275424957e+01
  7,324716448784e-01;  1,074788856506e+01
  7,473230957985e-01;  1,476628017426e+01
  7,616451382637e-01;  1,723536872864e+01
  7,786769270897e-01;  2,002028846741e+01
  7,954509854317e-01;  2,287923431396e+01
  8,099750280380e-01;  2,563754844666e+01
  8,233705759048e-01;  2,817599868774e+01
  8,352127075195e-01;  3,046219444275e+01
  8,458915352821e-01;  3,253453445435e+01
  8,599140048027e-01;  3,526653671265e+01
  8,714984655380e-01;  3,760983657837e+01
  8,842322230339e-01;  4,020555877686e+01
  8,943328857422e-01;  4,226369857788e+01
  9,049977660179e-01;  4,456638717651e+01
  9,150496721268e-01;  4,668048477173e+01
  9,221549630165e-01;  4,817744064331e+01
  9,259166121483e-01;  4,888885879517e+01
  9,281457066536e-01;  4,928199386597e+01
  9,290860891342e-01;  4,919274139404e+01
  9,189854264259e-01;  4,442383956909e+01
  9,063352346420e-01;  4,129400634766e+01
  8,911842703819e-01;  3,776928329468e+01
  8,758243322372e-01;  3,435699462891e+01
  8,626725673676e-01;  3,138155746460e+01
  8,511508703232e-01;  2,889938926697e+01
  8,410223126411e-01;  2,685366058350e+01
  8,275431990623e-01;  2,437292671204e+01
  8,164603114128e-01;  2,238633918762e+01
  8,037056326866e-01;  2,030625152588e+01
  7,935562133789e-01;  1,868369865417e+01
  7,829470634460e-01;  1,709232330322e+01
  7,723239660263e-01;  1,560153770447e+01
  7,622371912003e-01;  1,419906330109e+01
  7,525196671486e-01;  1,293176364899e+01
  7,456721663475e-01;  1,207548141479e+01
  7,409352660179e-01;  1,151553058624e+01
  7,375916242599e-01;  1,112960052490e+01
  7,350838780403e-01;  1,086943149567e+01
  7,331333756447e-01;  1,065418243408e+01
  7,324576973915e-01;  1,057733440399e+01
  7,308207154274e-01;  1,040482902527e+01
  7,294414639473e-01;  1,024283027649e+01
  7,288144826889e-01;  1,018864059448e+01
  7,286751866341e-01;  1,017945861816e+01
  7,283268570900e-01;  1,015151691437e+01
  7,280830740929e-01;  1,013229846954e+01
  7,277765870094e-01;  1,010272693634e+01
  7,268291711807e-01;  1,000811672211e+01
  7,260280847549e-01;  9,975366592407e+00
  7,252966761589e-01;  9,918133735657e+00
  7,247881889343e-01;  9,889766693115e+00
  7,243353724480e-01;  9,895988464355e+00
  7,239592075348e-01;  9,862104415894e+00
  7,237154245377e-01;  9,891410827637e+00
  7,257982492447e-01;  1,111077690125e+01
  7,382045984268e-01;  1,335164833069e+01
  7,499771118164e-01;  1,563284587860e+01
  7,633308768272e-01;  1,800854682922e+01
  7,766567468643e-01;  2,049959754944e+01
  7,909997105598e-01;  2,303049087524e+01
  8,050570487976e-01;  2,565221023560e+01
  8,198945522308e-01;  2,833489799500e+01
  8,344882726669e-01;  3,110278701782e+01
  8,494163155556e-01;  3,393840408325e+01
  8,642817139626e-01;  3,684813308716e+01
  8,791052699089e-01;  3,984984588623e+01
  8,940472602844e-01;  4,295515441895e+01
  9,085155725479e-01;  4,624267578125e+01
  9,187068343163e-01;  4,851069641113e+01
  9,333841204643e-01;  5,192376708984e+01
  9,437285661697e-01;  5,410643768311e+01
  9,540939331055e-01;  5,617722702026e+01
  9,687712192535e-01;  5,905266952515e+01
  9,791505336761e-01;  6,082181930542e+01
  9,939183592796e-01;  6,337734603882e+01
  1,003949403763e+00;  6,499394989014e+01
  1,014084815979e+00;  6,652544403076e+01
  1,028992056847e+00;  6,825006103516e+01
  1,039023041725e+00;  6,911968231201e+01
  1,049158453941e+00;  6,950378417969e+01
  1,064086556435e+00;  6,978886413574e+01
  1,079112172127e+00;  7,041487884521e+01
  1,093810319901e+00;  7,138565063477e+01
  1,103876233101e+00;  7,234808349609e+01
  1,114137053490e+00;  7,328216552734e+01
  1,128765583038e+00;  7,457531738281e+01
  1,139172792435e+00;  7,534163665771e+01
  1,149231672287e+00;  7,609394073486e+01
  1,164096951485e+00;  7,716958618164e+01
  1,174218535423e+00;  7,788426971436e+01
  1,188847064972e+00;  7,902910614014e+01
  1,199066162109e+00;  7,980812072754e+01
  1,214043021202e+00;  8,104856872559e+01
  1,229075551033e+00;  8,228885650635e+01
  1,239211082458e+00;  8,310331726074e+01
  1,254132151604e+00;  8,431332397461e+01
  1,264163136482e+00;  8,509078216553e+01
  1,274249911308e+00;  8,586631011963e+01
  1,288836598396e+00;  8,703176116943e+01
  1,299013853073e+00;  8,778500366211e+01
  1,309023976326e+00;  8,855661010742e+01
  1,323966026306e+00;  8,968976593018e+01
  1,334275603294e+00;  9,042204284668e+01
  1,349043488503e+00;  9,153061676025e+01
  1,359332203865e+00;  9,222943878174e+01
  1,374086141586e+00;  9,331439208984e+01
  1,389167428017e+00;  9,439720916748e+01
  1,399170637131e+00;  9,513124084473e+01
  1,414105653763e+00;  9,623646545410e+01
  1,424241065979e+00;  9,696399688721e+01
  1,434293031693e+00;  9,769477081299e+01
  1,449234962463e+00;  9,878427886963e+01
  1,459252119064e+00;  9,950103759766e+01
  1,473873615265e+00;  1,006057128906e+02
  1,488989830017e+00;  1,016971435547e+02
  1,499181032181e+00;  1,024473800659e+02
  1,514102101326e+00;  1,035530929565e+02
  1,524502277374e+00;  1,042458953857e+02
  1,539109945297e+00;  1,052717437744e+02
  1,549419522285e+00;  1,059007492065e+02
  1,564138650894e+00;  1,068582153320e+02
  1,579233884811e+00;  1,077861175537e+02
  1,594175934792e+00;  1,087032775879e+02
  1,609208464622e+00;  1,095922927856e+02
  1,619371771812e+00;  1,101512069702e+02
  1,629409790039e+00;  1,107047958374e+02
  1,644316911697e+00;  1,114863586426e+02
  1,654361844063e+00;  1,119741134644e+02
  1,669011354446e+00;  1,127011642456e+02
  1,679230451584e+00;  1,131495056152e+02
  1,689317107201e+00;  1,135938262939e+02
  1,704342722893e+00;  1,141914901733e+02
  1,714589715004e+00;  1,145237579346e+02
  1,729211211205e+00;  1,149529113770e+02
  1,739437222481e+00;  1,151479415894e+02
  1,754191160202e+00;  1,154087295532e+02
  1,769230723381e+00;  1,155870361328e+02
  1,779261708260e+00;  1,156748504639e+02
  1,794224619865e+00;  1,157461318970e+02
  1,804360151291e+00;  1,157153701782e+02
  1,819316029549e+00;  1,156210708618e+02
  1,834418296814e+00;  1,154588623047e+02
  1,844498038292e+00;  1,153470001221e+02
  1,858952403069e+00;  1,152033691406e+02
  1,869108796120e+00;  1,150132675171e+02
  1,879230380058e+00;  1,147879791260e+02
  1,894283771515e+00;  1,143595275879e+02
  1,904530763626e+00;  1,140291442871e+02
  1,919124484062e+00;  1,136502685547e+02
  1,929343461990e+00;  1,134406433105e+02
  1,944215893745e+00;  1,132233886719e+02
  1,959227561951e+00;  1,130323486328e+02
  1,969244599342e+00;  1,129120788574e+02
  1,984061241150e+00;  1,127757873535e+02
  1,994231462479e+00;  1,126575698853e+02
  2,004436731339e+00;  1,125157165527e+02
  2,019329786301e+00;  1,122583541870e+02
  2,029374837875e+00;  1,120281753540e+02
  2,044024229050e+00;  1,117123184204e+02
  2,059140443802e+00;  1,113961181641e+02
  2,069206237793e+00;  1,112046813965e+02
  2,084127426147e+00;  1,108909454346e+02
  2,094471693039e+00;  1,106281967163e+02
  2,109086513519e+00;  1,102289505005e+02
  2,119361162186e+00;  1,099010009766e+02
  2,134177923203e+00;  1,094278717041e+02
  2,149259090424e+00;  1,089691619873e+02
  2,164236068726e+00;  1,085644760132e+02
  2,179268598557e+00;  1,081744918823e+02
  2,189369201660e+00;  1,079088745117e+02
  2,204311132431e+00;  1,075092849731e+02
  2,214342117310e+00;  1,072467041016e+02
  2,229179620743e+00;  1,069424438477e+02
  2,243961572647e+00;  1,067420043945e+02
  2,254152774811e+00;  1,066444396973e+02
  2,268899679184e+00;  1,065522766113e+02
  2,279278993607e+00;  1,064650421143e+02
  2,289351701736e+00;  1,063847732544e+02
  2,304168462753e+00;  1,062374420166e+02
  2,314373493195e+00;  1,060954055786e+02
  2,328967332840e+00;  1,058871612549e+02
  2,339102745056e+00;  1,057061996460e+02
  2,349168539047e+00;  1,055126495361e+02
  2,364089727402e+00;  1,051903533936e+02
  2,374225139618e+00;  1,049216003418e+02
  2,384381532669e+00;  1,046468582153e+02
  2,399163246155e+00;  1,042546768188e+02
  2,409284830093e+00;  1,039877700806e+02
  2,423962116241e+00;  1,036468048096e+02
  2,439113140106e+00;  1,032478942871e+02
  2,449178934097e+00;  1,029934997559e+02
  2,464120864868e+00;  1,026006698608e+02
  2,474465370178e+00;  1,023070068359e+02
  2,489184617996e+00;  1,019360046387e+02
  2,499438524246e+00;  1,016753692627e+02
  2,514227151871e+00;  1,013597259521e+02
  2,529203891754e+00;  1,010975265503e+02
  2,539214134216e+00;  1,009360885620e+02
  2,554177045822e+00;  1,006869583130e+02
  2,564312458038e+00;  1,004937133789e+02
  2,574378252029e+00;  1,002946624756e+02
  2,589229822159e+00;  1,000035247803e+02
  2,599281549454e+00;  9,981178283691e+01
  2,613993883133e+00;  9,956564331055e+01
  2,629061222076e+00;  9,929409790039e+01
  2,639175653458e+00;  9,911450195313e+01
  2,654034137726e+00;  9,885198974609e+01
  2,664427280426e+00;  9,867470550537e+01
  2,679090738297e+00;  9,845972442627e+01
  2,689330816269e+00;  9,829620361328e+01
  2,704049825668e+00;  9,807972717285e+01
  2,719040632248e+00;  9,784261322021e+01
  2,729078531265e+00;  9,770494079590e+01
  2,744069337845e+00;  9,755084228516e+01
  2,754253625870e+00;  9,743676757813e+01
  2,764340162277e+00;  9,733694458008e+01
  2,779156923294e+00;  9,721197509766e+01
  2,789222717285e+00;  9,709594726563e+01
  2,803997516632e+00;  9,693959045410e+01
  2,819023132324e+00;  9,674897003174e+01
  2,829158544540e+00;  9,663450622559e+01
  2,844030857086e+00;  9,646769714355e+01
  2,854480028152e+00;  9,632464599609e+01
  2,869178056717e+00;  9,615985107422e+01
  2,879362344742e+00;  9,604495239258e+01
  2,894165039063e+00;  9,596257781982e+01
  2,909176588058e+00;  9,596134948730e+01
  2,919214725494e+00;  9,598934173584e+01
  2,934100866318e+00;  9,603334045410e+01
  2,944236516953e+00;  9,601620483398e+01
  2,954267501831e+00;  9,599583435059e+01
  2,969105005264e+00;  9,595597839355e+01
  2,979149818420e+00;  9,591463470459e+01
  2,993938684464e+00;  9,590799713135e+01
  3,008999109268e+00;  9,586373901367e+01
  3,019099712372e+00;  9,583720397949e+01
  3,033958196640e+00;  9,578295135498e+01
  3,044337511063e+00;  9,569708251953e+01
  3,059035539627e+00;  9,558116912842e+01
  3,069240808487e+00;  9,546155548096e+01
  3,084092140198e+00;  9,527133178711e+01
  3,099138736725e+00;  9,507604217529e+01
  3,109190464020e+00;  9,497045135498e+01
  3,124153375626e+00;  9,486769866943e+01
  3,134337663651e+00;  9,481762695313e+01
  3,144368648529e+00;  9,479451751709e+01
  3,159275770187e+00;  9,477369689941e+01
  3,169286012650e+00;  9,472686767578e+01
  3,184074640274e+00;  9,465828704834e+01
  3,199016809464e+00;  9,456759643555e+01
  3,209166049957e+00;  9,452703094482e+01
  3,223989725113e+00;  9,449295043945e+01
  3,234403848648e+00;  9,444593048096e+01
  3,249102115631e+00;  9,438359832764e+01
  3,259286403656e+00;  9,425905609131e+01
  3,269324302673e+00;  9,411810302734e+01
  3,284036397934e+00;  9,389225769043e+01
  3,294255495071e+00;  9,370104980469e+01
  3,309183597565e+00;  9,344975280762e+01
  3,324244022369e+00;  9,312091827393e+01
  3,334351539612e+00;  9,285490417480e+01
  3,349189043045e+00;  9,237809753418e+01
  3,359247922897e+00;  9,194021606445e+01
  3,373966932297e+00;  9,125859832764e+01
  3,388978719711e+00;  9,057214355469e+01
  3,399148941040e+00;  9,017784118652e+01
  3,414035320282e+00;  8,971363067627e+01
  3,424414634705e+00;  8,941942596436e+01
  3,439064025879e+00;  8,905477142334e+01
  3,449234247208e+00;  8,879460144043e+01
  3,464085817337e+00;  8,833683776855e+01
  3,479097366333e+00;  8,770386505127e+01
  3,489114522934e+00;  8,715965270996e+01
  3,504056453705e+00;  8,627979278564e+01
  3,514157056808e+00;  8,563993835449e+01
  3,524292707443e+00;  8,501459503174e+01
  3,539109230042e+00;  8,411080932617e+01
  3,549161195755e+00;  8,349280548096e+01
  3,563963890076e+00;  8,271285247803e+01
  3,578975439072e+00;  8,199119567871e+01
  3,589111089706e+00;  8,153625488281e+01
  3,603927612305e+00;  8,091323089600e+01
  3,614292860031e+00;  8,046953582764e+01
  3,629060745239e+00;  8,001519012451e+01
  3,639279842377e+00;  7,985211181641e+01
  3,654103517532e+00;  7,984384155273e+01
  3,669094324112e+00;  8,004701995850e+01
  3,679194927216e+00;  8,019359588623e+01
  3,694136857986e+00;  8,025946044922e+01
  3,704293251038e+00;  8,018116760254e+01
  3,714407920837e+00;  8,004202270508e+01
  3,729231357574e+00;  7,974264526367e+01
  3,739276409149e+00;  7,952798461914e+01
  3,754120826721e+00;  7,916443634033e+01
  3,769055843353e+00;  7,874820709229e+01
  3,779191493988e+00;  7,855167388916e+01
  3,794049739838e+00;  7,842502593994e+01
  3,804408311844e+00;  7,844229125977e+01
  3,819183111191e+00;  7,868120574951e+01
  3,829360246658e+00;  7,885857391357e+01
  3,839377403259e+00;  7,906304931641e+01
  3,853971004486e+00;  7,947491455078e+01
  3,864176273346e+00;  7,975797271729e+01
  3,874193191528e+00;  8,004737854004e+01
  3,889183998108e+00;  8,044080352783e+01
  3,899375200272e+00;  8,065866851807e+01
  3,909406185150e+00;  8,086251068115e+01
  3,924278497696e+00;  8,114606475830e+01
  3,934344530106e+00;  8,127919006348e+01
  3,948917150497e+00;  8,151638793945e+01
  3,959073543549e+00;  8,165417480469e+01
  3,969202041626e+00;  8,180377197266e+01
  3,984046697617e+00;  8,214801025391e+01
  3,994439840317e+00;  8,238137817383e+01
  4,009172916412e+00;  8,276601409912e+01
  4,019308567047e+00;  8,297158050537e+01
  4,029374122620e+00;  8,312515258789e+01
  4,044037342072e+00;  8,323316192627e+01
  4,054263591766e+00;  8,323063659668e+01
  4,069170951843e+00;  8,325174713135e+01
  4,079180717468e+00;  8,328527832031e+01
  4,089281558990e+00;  8,337859344482e+01
  4,099298477173e+00;  8,351957702637e+01
  4,114219665527e+00;  8,370973205566e+01
  4,124271392822e+00;  8,376664733887e+01
  4,138885974884e+00;  8,378054046631e+01
  4,149000644684e+00;  8,374081420898e+01
  4,159150123596e+00;  8,370046234131e+01
  4,173953056335e+00;  8,369337463379e+01
  4,184387683868e+00;  8,367877960205e+01
  4,199204444885e+00;  8,368505096436e+01
  4,209374904633e+00;  8,364999389648e+01
  4,219412803650e+00;  8,358594512939e+01
  4,234034538269e+00;  8,350755310059e+01
  4,244239330292e+00;  8,343068695068e+01
  4,259202480316e+00;  8,333963012695e+01
  4,269212245941e+00;  8,328126525879e+01
  4,279334068298e+00;  8,316635131836e+01
  4,294255256653e+00;  8,298404693604e+01
  4,309287548065e+00;  8,279163360596e+01
  4,319318771362e+00;  8,270256042480e+01
  4,333912372589e+00;  8,249823760986e+01
  4,344082832336e+00;  8,225599670410e+01
  4,358864307404e+00;  8,186355590820e+01
  4,369139194489e+00;  8,151605224609e+01
  4,379414081573e+00;  8,122484588623e+01
  4,394217014313e+00;  8,086879730225e+01
  4,404456615448e+00;  8,052481842041e+01
  4,419057369232e+00;  7,992807769775e+01
  4,429116249084e+00;  7,941923522949e+01
  4,439182281494e+00;  7,880518341064e+01
  4,454075336456e+00;  7,789241790771e+01
  4,464210987091e+00;  7,731962585449e+01
  4,474325656891e+00;  7,679200744629e+01
  4,489183902740e+00;  7,614538574219e+01
  4,499249458313e+00;  7,577276611328e+01
  4,509259700775e+00;  7,542106628418e+01
  4,523832798004e+00;  7,485999298096e+01
  4,534107208252e+00;  7,439600372314e+01
  4,548882007599e+00;  7,380165863037e+01
  4,559185028076e+00;  7,346823883057e+01
  4,569362163544e+00;  7,323556518555e+01
  4,584095001221e+00;  7,322737121582e+01
  4,594335079193e+00;  7,326045227051e+01
  4,608998298645e+00;  7,317987060547e+01
  4,619064331055e+00;  7,295107269287e+01
  4,629165172577e+00;  7,266878509521e+01
  4,644120693207e+00;  7,237368774414e+01
  4,654256343842e+00;  7,230911254883e+01
  4,664378166199e+00;  7,236782073975e+01
  4,679264068604e+00;  7,243184661865e+01
  4,694262027740e+00;  7,221184539795e+01
  4,708855628967e+00;  7,178617858887e+01
  4,718970298767e+00;  7,134143829346e+01
  4,729161262512e+00;  7,100242614746e+01
  4,743894577026e+00;  7,073727416992e+01
  4,754252910614e+00;  7,064547729492e+01
  4,764256000519e+00;  7,072557067871e+01
  4,779191017151e+00;  7,091015625000e+01
  4,789326667786e+00;  7,095415496826e+01
  4,803955078125e+00;  7,091396331787e+01
  4,814195156097e+00;  7,071634674072e+01
  4,824212074280e+00;  7,045793151855e+01
  4,839189052582e+00;  7,002891540527e+01
  4,849289417267e+00;  6,972589874268e+01
  4,859299659729e+00;  6,953511047363e+01
  4,874262809753e+00;  6,946829986572e+01
  4,889253139496e+00;  6,945838165283e+01
  4,903861045837e+00;  6,954215240479e+01
  4,914072990417e+00;  6,958727264404e+01
  4,924118041992e+00;  6,967538452148e+01
  4,939116001129e+00;  6,991384887695e+01
  4,949411392212e+00;  7,007614898682e+01
  4,964137554169e+00;  7,034162902832e+01
  4,974398612976e+00;  7,046031951904e+01
  4,989110469818e+00;  7,065592956543e+01
  5,004191875458e+00;  7,083520507813e+01
  5,019119739532e+00;  7,105440521240e+01
  5,034166336060e+00;  7,127973175049e+01
  5,044267177582e+00;  7,140873718262e+01
  5,059153556824e+00;  7,153414154053e+01
  5,069184303284e+00;  7,154695129395e+01
  5,079236030579e+00;  7,155739593506e+01
  5,093864917755e+00;  7,161244201660e+01
  5,104069709778e+00;  7,165940856934e+01
  5,114100933075e+00;  7,177552032471e+01
  5,129196166992e+00;  7,197944641113e+01
  5,139422416687e+00;  7,209941101074e+01
  5,154099464417e+00;  7,230479431152e+01
  5,164395332336e+00;  7,239570617676e+01
  5,179093360901e+00;  7,253266143799e+01
  5,194160938263e+00;  7,256327819824e+01
  5,209116935730e+00;  7,227770233154e+01
  5,222916126251e+00;  7,162019348145e+01
  5,234396457672e+00;  7,034339904785e+01
  5,244782447815e+00;  6,829123687744e+01
  5,248857498169e+00;  6,672820281982e+01
  5,250007152557e+00;  6,568798065186e+01
  5,250299453735e+00;  6,496556091309e+01
  5,250445842743e+00;  6,445468139648e+01
  5,250424861908e+00;  6,406182861328e+01
  5,250445842743e+00;  6,375769424438e+01
  5,250438690186e+00;  6,356187057495e+01
  5,250445842743e+00;  6,353540039063e+01
  5,250445842743e+00;  6,350924682617e+01
