	Deformación;     Fuerza estándar
  0,000000000000e+00;  8,788446426392e+00
  0,000000000000e+00;  8,761126518250e+00
  0,000000000000e+00;  8,757110595703e+00
  0,000000000000e+00;  8,729824066162e+00
  0,000000000000e+00;  8,701562881470e+00
  0,000000000000e+00;  8,667372703552e+00
  0,000000000000e+00;  8,644795417786e+00
 -7,161016110331e-03;  7,795015811920e+00
 -1,903102733195e-02;  6,802091121674e+00
 -2,989793941379e-02;  6,013701915741e+00
 -4,116190969944e-02;  5,319768905640e+00
 -5,122773721814e-02;  4,777563571930e+00
 -6,215037405491e-02;  4,254724502563e+00
 -7,256449759007e-02;  3,784681081772e+00
 -8,322243392467e-02;  3,347470045090e+00
 -9,351116418839e-02;  2,955042839050e+00
 -1,021698638797e-01;  2,646671295166e+00
 -1,100623086095e-01;  2,383245468140e+00
 -1,173069179058e-01;  2,158308506012e+00
 -1,239594146609e-01;  1,964956045151e+00
 -1,304516941309e-01;  1,782733798027e+00
 -1,374316066504e-01;  1,607403993607e+00
 -1,448712497950e-01;  1,430674552917e+00
 -1,528333574533e-01;  1,261949419975e+00
 -1,613318473101e-01;  1,099354982376e+00
 -1,696143746376e-01;  9,590931534767e-01
 -1,780989319086e-01;  8,343399167061e-01
 -1,870501935482e-01;  7,153010964394e-01
 -1,958830505610e-01;  6,325957775116e-01
 -1,837344020605e-01;  1,101606845856e+00
 -1,723171770573e-01;  1,451327800751e+00
 -1,615686863661e-01;  1,785072803497e+00
 -1,509804129601e-01;  2,117804527283e+00
 -1,407056003809e-01;  2,453734874725e+00
 -1,286684125662e-01;  2,877662658691e+00
 -1,172999516129e-01;  3,306965827942e+00
 -1,066211238503e-01;  3,733202219009e+00
 -9,519693255424e-02;  4,227738857269e+00
 -8,433002233505e-02;  4,714889526367e+00
 -7,406914979219e-02;  5,187951087952e+00
 -6,385006755590e-02;  5,692677974701e+00
 -5,275328084826e-02;  6,245623111725e+00
 -4,209535196424e-02;  6,794651985168e+00
 -3,251714259386e-02;  7,296780586243e+00
 -2,405348978937e-02;  7,754960536957e+00
 -1,691337302327e-02;  8,148752212524e+00
 -1,010065525770e-02;  8,536091804504e+00
 -3,573541995138e-03;  8,906019210815e+00
  2,647068118677e-03;  9,269285202026e+00
  5,085157230496e-03;  9,047236442566e+00
 -6,589806638658e-03;  8,044571876526e+00
 -1,890563964844e-02;  6,952274799347e+00
 -3,012084960938e-02;  6,136574745178e+00
 -4,170525446534e-02;  5,410254001617e+00
 -5,206365138292e-02;  4,845162391663e+00
 -6,319527328014e-02;  4,303182601929e+00
 -7,378353923559e-02;  3,825331211090e+00
 -8,466438949108e-02;  3,374603271484e+00
 -9,513423591852e-02;  2,984214782715e+00
 -1,039461866021e-01;  2,669888973236e+00
 -1,121451333165e-01;  2,404513120651e+00
 -1,195011958480e-01;  2,185056209564e+00
 -1,264671683311e-01;  1,985051274300e+00
 -1,331544965506e-01;  1,810804486275e+00
 -1,405732482672e-01;  1,626331925392e+00
 -1,483612060547e-01;  1,442162513733e+00
 -1,568178981543e-01;  1,263325691223e+00
 -1,654208600521e-01;  1,088004112244e+00
 -1,738705784082e-01;  9,408002495766e-01
 -1,827521920204e-01;  7,911165952682e-01
 -1,919263750315e-01;  6,526863574982e-01
 -1,936260759830e-01;  7,958455681801e-01
 -1,832537502050e-01;  1,088311553001e+00
 -1,718295514584e-01;  1,434787273407e+00
 -1,609765738249e-01;  1,771796941757e+00
 -1,502629220486e-01;  2,111305713654e+00
 -1,399532854557e-01;  2,459492444992e+00
 -1,278673261404e-01;  2,886842489243e+00
 -1,164222359657e-01;  3,313734292984e+00
 -1,056807115674e-01;  3,743562698364e+00
 -9,425652772188e-02;  4,240704536438e+00
 -8,321546763182e-02;  4,737164020538e+00
 -7,297549396753e-02;  5,216863155365e+00
 -6,276337802410e-02;  5,727525234222e+00
 -5,158996582031e-02;  6,291645050049e+00
 -4,109921678901e-02;  6,835243225098e+00
 -3,159763664007e-02;  7,344038486481e+00
 -2,318274416029e-02;  7,807843685150e+00
 -1,623070798814e-02;  8,201031684875e+00
 -9,613037109375e-03;  8,587071418762e+00
 -3,260073484853e-03;  8,951575279236e+00
  2,765489742160e-03;  9,316345214844e+00
  2,222144044936e-03;  8,817408561707e+00
 -8,491516113281e-03;  7,948500633240e+00
 -2,078645117581e-02;  6,865722656250e+00
 -3,200166299939e-02;  6,064624309540e+00
 -4,339101910591e-02;  5,355301856995e+00
 -5,379121378064e-02;  4,789721012115e+00
 -6,483227014542e-02;  4,247269153595e+00
 -7,526032626629e-02;  3,771803617477e+00
 -8,609241247177e-02;  3,334488153458e+00
 -9,643687307835e-02;  2,945742607117e+00
 -1,052139922976e-01;  2,640506982803e+00
 -1,134547367692e-01;  2,373479127884e+00
 -1,207132786512e-01;  2,156015157700e+00
 -1,276304870844e-01;  1,969974160194e+00
 -1,343665719032e-01;  1,788699746132e+00
 -1,417365670204e-01;  1,605584502220e+00
 -1,495523899794e-01;  1,422058582306e+00
 -1,580578386784e-01;  1,245155572891e+00
 -1,665702462196e-01;  1,075575709343e+00
 -1,749990731478e-01;  9,247481822968e-01
 -1,838806867599e-01;  7,708204984665e-01
 -1,929573416710e-01;  6,322740316391e-01
 -1,897599548101e-01;  9,002896547318e-01
 -1,780292689800e-01;  1,225487828255e+00
 -1,668070852757e-01;  1,573076844215e+00
 -1,560307443142e-01;  1,911190271378e+00
 -1,453170776367e-01;  2,251391410828e+00
 -1,351815909147e-01;  2,597347021103e+00
 -1,233046129346e-01;  3,034739732742e+00
 -1,119849160314e-01;  3,473759651184e+00
 -1,015011295676e-01;  3,903218984604e+00
 -9,027199447155e-02;  4,404166221619e+00
 -7,931452244520e-02;  4,904381275177e+00
 -6,800875812769e-02;  5,447022438049e+00
 -5,654973536730e-02;  6,028447628021e+00
 -4,607988521457e-02;  6,576719284058e+00
 -3,574238717556e-02;  7,129236698151e+00
 -2,689560689032e-02;  7,619966030121e+00
 -1,935146190226e-02;  8,043258666992e+00
 -1,278255321085e-02;  8,425670623779e+00
 -6,429589353502e-03;  8,799612998962e+00
 -4,736858827528e-04;  9,161588668823e+00
  4,855280276388e-03;  9,352229118347e+00
 -7,565042469651e-03;  8,084300041199e+00
 -1,766569726169e-02;  7,166695594788e+00
 -2,926403470337e-02;  6,283750057220e+00
 -3,940648585558e-02;  5,620687007904e+00
 -5,014801025391e-02;  5,002808570862e+00
 -6,017900630832e-02;  4,486399173737e+00
 -7,148477435112e-02;  3,953824043274e+00
 -8,155059814453e-02;  3,532619714737e+00
 -9,161642193794e-02;  3,134034633636e+00
 -1,011806949973e-01;  2,787772417068e+00
 -1,097140088677e-01;  2,501363992691e+00
 -1,175437569618e-01;  2,261494636536e+00
 -1,247187107801e-01;  2,054315090179e+00
 -1,313781738281e-01;  1,879757881165e+00
 -1,384277343750e-01;  1,695496559143e+00
 -1,459231227636e-01;  1,512770295143e+00
 -1,540663391352e-01;  1,328443288803e+00
 -1,625857204199e-01;  1,159567356110e+00
 -1,709727346897e-01;  1,004217624664e+00
 -1,796453744173e-01;  8,452326655388e-01
 -1,886732727289e-01;  6,953387856483e-01
 -1,952212750912e-01;  6,696081757545e-01
 -1,846121102571e-01;  1,026081562042e+00
 -1,729023158550e-01;  1,376165628433e+00
 -1,619169861078e-01;  1,717597365379e+00
 -1,510848999023e-01;  2,058774471283e+00
 -1,404966264963e-01;  2,406592369080e+00
 -1,282156258821e-01;  2,843479871750e+00
 -1,166381835938e-01;  3,285618543625e+00
 -1,056807115674e-01;  3,725238800049e+00
 -9,403361380100e-02;  4,234158515930e+00
 -8,285323530436e-02;  4,739634037018e+00
 -7,252269983292e-02;  5,223366260529e+00
 -6,221306696534e-02;  5,742212772369e+00
 -5,097696185112e-02;  6,323390007019e+00
 -4,056283831596e-02;  6,882547855377e+00
 -3,108911961317e-02;  7,403643608093e+00
 -2,282051369548e-02;  7,866403102875e+00
 -1,609138771892e-02;  8,254864692688e+00
 -9,682697243989e-03;  8,631867408752e+00
 -3,594439942390e-03;  8,995508193970e+00
  2,117654541507e-03;  9,340589523315e+00
  3,204345703125e-04;  8,746691703796e+00
 -1,059523876756e-02;  7,852106571198e+00
 -2,289017476141e-02;  6,786170005798e+00
 -3,414021432400e-02;  5,991807460785e+00
 -4,539721831679e-02;  5,284118652344e+00
 -5,588100105524e-02;  4,725395202637e+00
 -6,678274273872e-02;  4,188645839691e+00
 -7,722473144531e-02;  3,720509529114e+00
 -8,801501989365e-02;  3,282814025879e+00
 -9,825499355793e-02;  2,903250932693e+00
 -1,070599779487e-01;  2,599152088165e+00
 -1,152658909559e-01;  2,341187238693e+00
 -1,225940883160e-01;  2,130433797836e+00
 -1,294625252485e-01;  1,940233945847e+00
 -1,362195163965e-01;  1,760839819908e+00
 -1,435825526714e-01;  1,580840349197e+00
 -1,514331996441e-01;  1,397868633270e+00
 -1,599665135145e-01;  1,215505242348e+00
 -1,683674752712e-01;  1,049250483513e+00
 -1,767753958702e-01;  8,950901627541e-01
 -1,856361031532e-01;  7,451097369194e-01
 -1,945037841797e-01;  6,264024376869e-01
 -1,823969334364e-01;  1,087002277374e+00
 -1,707846671343e-01;  1,443633675575e+00
 -1,598271876574e-01;  1,783646702766e+00
 -1,489045470953e-01;  2,125067234039e+00
 -1,384904235601e-01;  2,472869157791e+00
 -1,262303292751e-01;  2,908729553223e+00
 -1,145971566439e-01;  3,356003761292e+00
 -1,037999019027e-01;  3,800428628922e+00
 -9,227122366428e-02;  4,310441970825e+00
 -8,112567663193e-02;  4,819538116455e+00
 -7,099018990993e-02;  5,302239894867e+00
 -6,077111139894e-02;  5,823248863220e+00
 -4,965342581272e-02;  6,401117324829e+00
 -3,948311135173e-02;  6,952308177948e+00
 -3,018354251981e-02;  7,468367576599e+00
 -2,203335985541e-02;  7,926254749298e+00
 -1,545051950961e-02;  8,310911178589e+00
 -9,125418961048e-03;  8,691842079163e+00
 -3,204345703125e-03;  9,051105499268e+00
  2,368429442868e-03;  9,373616218567e+00
 -5,405591800809e-03;  8,358707427979e+00
 -1,594510301948e-02;  7,412486076355e+00
 -2,789174020290e-02;  6,447973728180e+00
 -3,849394246936e-02;  5,734785556793e+00
 -4,948624223471e-02;  5,080357551575e+00
 -5,979587882757e-02;  4,544583797455e+00
 -6,998708844185e-02;  4,052045345306e+00
 -8,033155649900e-02;  3,599988698959e+00
 -9,075961261988e-02;  3,184766530991e+00
 -1,006025224924e-01;  2,826872110367e+00
 -1,093448176980e-01;  2,529820680618e+00
 -1,173417493701e-01;  2,282919645309e+00
 -1,246699467301e-01;  2,074546098709e+00
 -1,313224434853e-01;  1,895088791847e+00
 -1,382187604904e-01;  1,714814662933e+00
 -1,456026881933e-01;  1,527475237846e+00
 -1,535787135363e-01;  1,347107887268e+00
 -1,620423644781e-01;  1,168400526047e+00
 -1,703318655491e-01;  1,011202692986e+00
 -1,788303554058e-01;  8,595150113106e-01
 -1,876910626888e-01;  7,106490135193e-01
 -1,950123012066e-01;  6,536133289337e-01
 -1,831980198622e-01;  1,057861208916e+00
 -1,714464277029e-01;  1,412813305855e+00
 -1,603844612837e-01;  1,758246183395e+00
 -1,494130641222e-01;  2,104802131653e+00
 -1,388805210590e-01;  2,455764055252e+00
 -1,265298575163e-01;  2,894971132278e+00
 -1,148897260427e-01;  3,340596199036e+00
 -1,039601191878e-01;  3,785187959671e+00
 -9,235481917858e-02;  4,303057670593e+00
 -8,109084516764e-02;  4,816255092621e+00
 -7,089962810278e-02;  5,300200462341e+00
 -6,068055704236e-02;  5,826032161713e+00
 -4,950017482042e-02;  6,412665367126e+00
 -3,930896148086e-02;  6,965175628662e+00
 -2,997456490993e-02;  7,486681461334e+00
 -2,187314257026e-02;  7,949981212616e+00
 -1,534602977335e-02;  8,340008735657e+00
 -9,195079095662e-03;  8,706497192383e+00
 -3,308835206553e-03;  9,067094802856e+00
  2,124620601535e-03;  9,380553245544e+00
 -6,415657233447e-03;  8,308053016663e+00
 -1,694123633206e-02;  7,357490062714e+00
 -2,891573682427e-02;  6,402997970581e+00
 -3,942041844130e-02;  5,695450305939e+00
 -5,048237740993e-02;  5,046270847321e+00
 -6,073628365993e-02;  4,512029170990e+00
 -7,085783779621e-02;  4,023585796356e+00
 -8,122319728136e-02;  3,575755596161e+00
 -9,161642193794e-02;  3,159086465836e+00
 -1,013827100396e-01;  2,799907922745e+00
 -1,101598292589e-01;  2,498939037323e+00
 -1,180662065744e-01;  2,261691570282e+00
 -1,253874450922e-01;  2,052392244339e+00
 -1,320051103830e-01;  1,872099041939e+00
 -1,388805210590e-01;  1,692577481270e+00
 -1,462505161762e-01;  1,514151334763e+00
 -1,542126238346e-01;  1,334119915962e+00
 -1,625996530056e-01;  1,158458352089e+00
 -1,708682477474e-01;  9,979819059372e-01
 -1,793528050184e-01;  8,483986854553e-01
 -1,882692426443e-01;  7,020282745361e-01
 -1,952909380198e-01;  6,584010720253e-01
 -1,828497201204e-01;  1,071688055992e+00
 -1,710423976183e-01;  1,425896883011e+00
 -1,599665135145e-01;  1,769659757614e+00
 -1,489115208387e-01;  2,114473104477e+00
 -1,383720040321e-01;  2,466708421707e+00
 -1,259865164757e-01;  2,912416696548e+00
 -1,142836883664e-01;  3,366650104523e+00
 -1,033610478044e-01;  3,814296245575e+00
 -9,174877405167e-02;  4,328884124756e+00
 -8,046390861273e-02;  4,843257427216e+00
 -7,029359042645e-02;  5,335459709167e+00
 -6,003272160888e-02;  5,869569778442e+00
 -4,892199859023e-02;  6,452957630157e+00
 -3,884224221110e-02;  7,002186775208e+00
 -2,957053855062e-02;  7,523827552795e+00
 -2,154574170709e-02;  7,983053207397e+00
 -1,510222069919e-02;  8,368621826172e+00
 -9,006997570395e-03;  8,740001678467e+00
 -3,204345703125e-03;  9,097950935364e+00
  2,138552488759e-03;  9,390853881836e+00
 -8,470618166029e-03;  8,171933174133e+00
 -1,890563964844e-02;  7,221601486206e+00
 -3,085227683187e-02;  6,294024944305e+00
 -4,111314937472e-02;  5,607046604156e+00
 -5,216814205050e-02;  4,967128276825e+00
 -6,231755763292e-02;  4,442432880402e+00
 -7,358849793673e-02;  3,905093193054e+00
 -8,379364013672e-02;  3,470276117325e+00
 -9,388036280870e-02;  3,080598831177e+00
 -1,034028455615e-01;  2,743415832520e+00
 -1,120963692665e-01;  2,452329158783e+00
 -1,198982596397e-01;  2,219227075577e+00
 -1,271289288998e-01;  2,014492750168e+00
 -1,336908787489e-01;  1,836702823639e+00
 -1,407056003809e-01;  1,664502501488e+00
 -1,481800973415e-01;  1,481974124908e+00
 -1,563302725554e-01;  1,293789982796e+00
 -1,646546125412e-01;  1,125062942505e+00
 -1,728744506836e-01;  9,667760729790e-01
 -1,814565211535e-01;  8,191138505936e-01
 -1,904495954514e-01;  6,648860573769e-01
 -1,935703456402e-01;  7,553352117538e-01
 -1,806902736425e-01;  1,118666648865e+00
 -1,690431684256e-01;  1,480574011803e+00
 -1,578976213932e-01;  1,831380128860e+00
 -1,468147635460e-01;  2,178865671158e+00
 -1,363309770823e-01;  2,533037185669e+00
 -1,240430101752e-01;  2,979809284210e+00
 -1,123541146517e-01;  3,434202194214e+00
 -1,015220284462e-01;  3,884097814560e+00
 -8,995852619410e-02;  4,408174991608e+00
 -7,872241735458e-02;  4,931279659271e+00
 -6,727732717991e-02;  5,489716053009e+00
 -5,705128610134e-02;  6,019163131714e+00
 -4,630976170301e-02;  6,594889163971e+00
 -3,579114750028e-02;  7,179852485657e+00
 -2,689560689032e-02;  7,686970233917e+00
 -1,942112110555e-02;  8,120322227478e+00
 -1,322140917182e-02;  8,497822761536e+00
 -7,279437500983e-03;  8,866482734680e+00
 -1,741492189467e-03;  9,207134246826e+00
  2,403259277344e-03;  9,296492576599e+00
 -1,007279101759e-02;  8,056774139404e+00
 -2,050084620714e-02;  7,113420963287e+00
 -3,238479048014e-02;  6,212461471558e+00
 -4,246454685926e-02;  5,543663024902e+00
 -5,352650582790e-02;  4,904211521149e+00
 -6,362716108561e-02;  4,386497020721e+00
 -7,473788410425e-02;  3,862371444702e+00
 -8,492909371853e-02;  3,436043262482e+00
 -9,597015380859e-02;  3,010809898376e+00
 -1,053045541048e-01;  2,682283401489e+00
 -1,138935908675e-01;  2,402387857437e+00
 -1,215700879693e-01;  2,171638727188e+00
 -1,286893039942e-01;  1,969102382660e+00
 -1,352233886719e-01;  1,796391367912e+00
 -1,422032862902e-01;  1,619966506958e+00
 -1,497265398502e-01;  1,441268205643e+00
 -1,579672843218e-01;  1,259587287903e+00
 -1,662219464779e-01;  1,096985101700e+00
 -1,744278669357e-01;  9,339633584023e-01
 -1,830099374056e-01;  7,838200926781e-01
 -1,919611990452e-01;  6,407454609871e-01
 -1,902475804090e-01;  8,691101074219e-01
 -1,780780255795e-01;  1,194530844688e+00
 -1,665493547916e-01;  1,552277803421e+00
 -1,554038077593e-01;  1,900060892105e+00
 -1,443279087543e-01;  2,254863500595e+00
 -1,339137852192e-01;  2,617871761322e+00
 -1,216885074973e-01;  3,070955038071e+00
 -1,100901737809e-01;  3,529217958450e+00
 -9,943223744631e-02;  3,980182886124e+00
 -8,790355920792e-02;  4,505228519440e+00
 -7,678587734699e-02;  5,024530887604e+00
 -6,564032286406e-02;  5,581724166870e+00
 -5,536552146077e-02;  6,118547439575e+00
 -4,491656646132e-02;  6,682730197906e+00
 -3,469749167562e-02;  7,256849765778e+00
 -2,591340430081e-02;  7,761320590973e+00
 -1,868969388306e-02;  8,183985710144e+00
 -1,262930128723e-02;  8,555976867676e+00
 -6,743058096617e-03;  8,916577339172e+00
 -1,344432006590e-03;  9,257185935974e+00
  1,149384886958e-03;  9,103558540344e+00
 -9,877744130790e-03;  8,118359565735e+00
 -2,040332369506e-02;  7,163230419159e+00
 -3,241961821914e-02;  6,237440586090e+00
 -4,262476414442e-02;  5,556109905243e+00
 -5,375638231635e-02;  4,919775962830e+00
 -6,390579789877e-02;  4,396842479706e+00
 -7,514190673828e-02;  3,869305372238e+00
 -8,539581298828e-02;  3,428638219833e+00
 -9,542680531740e-02;  3,038205623627e+00
 -1,049074903131e-01;  2,697988748550e+00
 -1,135731562972e-01;  2,418905258179e+00
 -1,213611140847e-01;  2,187481641769e+00
 -1,286266148090e-01;  1,982156395912e+00
 -1,350979954004e-01;  1,802492022514e+00
 -1,420152038336e-01;  1,628577947617e+00
 -1,494479030371e-01;  1,446209192276e+00
 -1,575841456652e-01;  1,268348217010e+00
 -1,657830923796e-01;  1,100197911263e+00
 -1,738984435797e-01;  9,448884129524e-01
 -1,824178248644e-01;  7,963021993637e-01
 -1,913342624903e-01;  6,447369456291e-01
 -1,902336478233e-01;  8,580319881439e-01
 -1,780780255795e-01;  1,187088012695e+00
 -1,664448678493e-01;  1,552131772041e+00
 -1,552296578884e-01;  1,905762553215e+00
 -1,441189348698e-01;  2,260655641556e+00
 -1,336351484060e-01;  2,621325731277e+00
 -1,213611140847e-01;  3,080796241760e+00
 -1,096861436963e-01;  3,542375087738e+00
 -9,902821481228e-02;  3,992665290833e+00
 -8,741594105959e-02;  4,529350280762e+00
 -7,630522549152e-02;  5,055250644684e+00
 -6,520843505859e-02;  5,610688686371e+00
 -5,487790331244e-02;  6,154656410217e+00
 -4,453343898058e-02;  6,717916488647e+00
 -3,432829305530e-02;  7,291679382324e+00
 -2,562083303928e-02;  7,795348644257e+00
 -1,845981739461e-02;  8,218096733093e+00
 -1,251087989658e-02;  8,580523490906e+00
 -6,722160149366e-03;  8,941574096680e+00
 -1,448921510018e-03;  9,277781486511e+00
  1,999233150855e-03;  9,495208740234e+00
  2,960536861792e-03;  9,552896499634e+00
  3,448154544458e-03;  9,580850601196e+00
  7,815817371011e-03;  9,833220481873e+00
  1,142418943346e-02;  1,003695964813e+01
  6,004665046930e-03;  8,956775665283e+00
 -8,965201675892e-03;  7,781584739685e+00
 -2,071679197252e-02;  6,869306087494e+00
 -3,402179107070e-02;  5,970534801483e+00
 -4,794676229358e-02;  5,136052608490e+00
 -5,531675741076e-02;  4,746150970459e+00
 -7,060705870390e-02;  4,040300369263e+00
 -8,535401523113e-02;  3,447840452194e+00
 -9,785096347332e-02;  2,972418546677e+00
  0,000000000000e+00;  2,781106472015e+00
 -4,193513188511e-03;  2,615349054337e+00
 -1,121520996094e-02;  2,361092090607e+00
 -1,669046096504e-02;  2,185045719147e+00
 -1,890563964844e-02;  2,118759393692e+00
 -2,945908345282e-02;  1,845974802971e+00
 -3,352024406195e-02;  1,783499002457e+00
 -3,463479876518e-02;  2,506454706192e+00
 -3,470445796847e-02;  3,301582813263e+00
 -1,015638280660e-02;  5,847224712372e+00
  3,517117723823e-02;  7,585650920868e+00
  8,772940933704e-02;  9,622724533081e+00
  1,350631713867e-01;  1,194526863098e+01
  1,795826852322e-01;  1,454115676880e+01
  2,216989248991e-01;  1,734916114807e+01
  2,608616054058e-01;  2,024700546265e+01
  2,968199253082e-01;  2,309552955627e+01
  3,294763863087e-01;  2,580402946472e+01
  3,592001795769e-01;  2,836126136780e+01
  3,859286010265e-01;  3,076100730896e+01
  4,095850288868e-01;  3,297905731201e+01
  4,306919276714e-01;  3,501225662231e+01
  4,494861066341e-01;  3,685995483398e+01
  4,658840000629e-01;  3,851355743408e+01
  4,803244471550e-01;  3,998060607910e+01
  4,926124215126e-01;  4,127368164063e+01
  5,035350918770e-01;  4,240985870361e+01
  5,210335850716e-01;  4,425660324097e+01
  5,345475673676e-01;  4,562325286865e+01
  5,446900129318e-01;  4,662791442871e+01
  5,555290579796e-01;  4,764969253540e+01
  5,669532418251e-01;  4,853898620605e+01
  5,777574777603e-01;  4,915007019043e+01
  5,843472480774e-01;  4,374543762207e+01
  5,416110754013e-01;  3,832103729248e+01
  4,983802437782e-01;  3,531067276001e+01
  4,604296386242e-01;  3,218634033203e+01
  4,284837245941e-01;  2,897322273254e+01
  4,022011160851e-01;  2,573976325989e+01
  3,817699253559e-01;  2,282845878601e+01
  3,666537702084e-01;  2,057817268372e+01
  3,551320731640e-01;  1,892687988281e+01
  3,369996547699e-01;  1,679009056091e+01
  3,228517472744e-01;  1,552820301056e+01
  3,111210763454e-01;  1,463872718811e+01
  2,970985770226e-01;  1,365981292725e+01
  2,858624756336e-01;  1,295677471161e+01
  2,748214006424e-01;  1,227076148987e+01
  2,638291120529e-01;  1,166277313232e+01
  2,535891234875e-01;  1,112775611877e+01
  2,441084533930e-01;  1,069112396240e+01
  2,413429617882e-01;  1,366649055481e+01
  2,709274291992e-01;  1,748466110229e+01
  3,119778931141e-01;  1,985890769958e+01
  3,507922589779e-01;  2,249170303345e+01
  3,852877318859e-01;  2,533843421936e+01
  4,159379899502e-01;  2,835596656799e+01
  4,427918195724e-01;  3,137587738037e+01
  4,657725393772e-01;  3,414651489258e+01
  4,849638044834e-01;  3,657730484009e+01
  5,008879899979e-01;  3,869193267822e+01
  5,144298672676e-01;  4,051005172729e+01
  5,257356166840e-01;  4,205389404297e+01
  5,434640049934e-01;  4,443472671509e+01
  5,555917620659e-01;  4,607938385010e+01
  5,674199461937e-01;  4,758436203003e+01
  5,787118077278e-01;  4,879701232910e+01
  5,878093838692e-01;  4,858541870117e+01
  5,890632271767e-01;  4,539726257324e+01
  5,706591606140e-01;  4,051511001587e+01
  5,335235595703e-01;  3,769591903687e+01
  4,946882724762e-01;  3,471783065796e+01
  4,612655639648e-01;  3,163463783264e+01
  4,331230521202e-01;  2,847089767456e+01
  4,101144671440e-01;  2,536949539185e+01
  3,920865356922e-01;  2,271820068359e+01
  3,789069056511e-01;  2,070299911499e+01
  3,686948120594e-01;  1,919419288635e+01
  3,518301844597e-01;  1,718214416504e+01
  3,382813930511e-01;  1,593039703369e+01
  3,269338309765e-01;  1,501506137848e+01
  3,129670619965e-01;  1,398745918274e+01
  3,022185564041e-01;  1,322134399414e+01
  2,905645072460e-01;  1,248544025421e+01
  2,803732752800e-01;  1,184840774536e+01
  2,698198258877e-01;  1,125698184967e+01
  2,601023018360e-01;  1,076796436310e+01
  2,556301653385e-01;  1,387693214417e+01
  2,922293543816e-01;  1,760144615173e+01
  3,298664987087e-01;  1,989071846008e+01
  3,637698590755e-01;  2,241782951355e+01
  3,943156301975e-01;  2,514336013794e+01
  4,215247035027e-01;  2,801755905151e+01
  4,455991089344e-01;  3,084504890442e+01
  4,664412736893e-01;  3,341393280029e+01
  4,840303361416e-01;  3,569210052490e+01
  4,989932477474e-01;  3,770423126221e+01
  5,121101737022e-01;  3,946399688721e+01
  5,232278704643e-01;  4,098841857910e+01
  5,412975549698e-01;  4,342284011841e+01
  5,542821288109e-01;  4,520896911621e+01
  5,674756765366e-01;  4,696417236328e+01
  5,788998603821e-01;  4,839314270020e+01
  5,894951224327e-01;  4,928345108032e+01
  5,924556851387e-01;  4,532268142700e+01
  5,704362392426e-01;  4,062924575806e+01
  5,351954102516e-01;  3,792529678345e+01
  5,009437203407e-01;  3,506304550171e+01
  4,712826311588e-01;  3,208316802979e+01
  4,461006522179e-01;  2,901591682434e+01
  4,253838658333e-01;  2,604806709290e+01
  4,085749685764e-01;  2,354626655579e+01
  3,956949114799e-01;  2,161738586426e+01
  3,849603533745e-01;  2,012749290466e+01
  3,677822649479e-01;  1,804957962036e+01
  3,537040352821e-01;  1,668053817749e+01
  3,419176042080e-01;  1,566503620148e+01
  3,275050222874e-01;  1,451002693176e+01
  3,158021867275e-01;  1,366012096405e+01
  3,039948940277e-01;  1,282429599762e+01
  2,924940586090e-01;  1,209158229828e+01
  2,818849086761e-01;  1,145055675507e+01
  2,716449201107e-01;  1,089619064331e+01
  2,651456892490e-01;  1,186336326599e+01
  2,646093070507e-01;  1,299036216736e+01
  2,829646170139e-01;  1,620912742615e+01
  3,160042166710e-01;  1,824757003784e+01
  3,493363857269e-01;  2,053198242188e+01
  3,792482316494e-01;  2,303153610229e+01
  4,063180088997e-01;  2,571613693237e+01
  4,306570887566e-01;  2,847847938538e+01
  4,521610438824e-01;  3,109115028381e+01
  4,705442488194e-01;  3,343638610840e+01
  4,864335954189e-01;  3,553350067139e+01
  5,003376603127e-01;  3,740209579468e+01
  5,125699043274e-01;  3,905058670044e+01
  5,231233835220e-01;  4,049605560303e+01
  5,406566858292e-01;  4,286228179932e+01
  5,536203980446e-01;  4,465493392944e+01
  5,673503279686e-01;  4,650209045410e+01
  5,779455304146e-01;  4,789620590210e+01
  5,887985229492e-01;  4,902148818970e+01
  5,946638584137e-01;  4,594731903076e+01
  5,796939730644e-01;  4,160492706299e+01
  5,488069057465e-01;  3,905062103271e+01
  5,162270665169e-01;  3,632186126709e+01
  4,877710640430e-01;  3,346399307251e+01
  4,630627930164e-01;  3,050258255005e+01
  4,424504935741e-01;  2,756294822693e+01
  4,255580008030e-01;  2,498280334473e+01
  4,119325578213e-01;  2,294554710388e+01
  4,008984863758e-01;  2,135198020935e+01
  3,825849592686e-01;  1,908235931396e+01
  3,682002127171e-01;  1,756788825989e+01
  3,559331595898e-01;  1,643843269348e+01
  3,454284667969e-01;  1,554773616791e+01
  3,323533535004e-01;  1,449251842499e+01
  3,215491175652e-01;  1,368984222412e+01
  3,104175031185e-01;  1,289519596100e+01
  2,998083233833e-01;  1,218013763428e+01
  2,889066040516e-01;  1,150856876373e+01
  2,794468104839e-01;  1,097811698914e+01
  2,728848755360e-01;  1,067745018005e+01
  2,711155116558e-01;  1,348138999939e+01
  3,019817173481e-01;  1,678074645996e+01
  3,340600132942e-01;  1,881769943237e+01
  3,633240461349e-01;  2,108120346069e+01
  3,900873064995e-01;  2,354924011230e+01
  4,142383038998e-01;  2,617271995544e+01
  4,358746111393e-01;  2,878190422058e+01
  4,552121460438e-01;  3,118937110901e+01
  4,723414480686e-01;  3,336277389526e+01
  4,874088466167e-01;  3,532654953003e+01
  5,007556676865e-01;  3,709271621704e+01
  5,125699043274e-01;  3,867194366455e+01
  5,228307843208e-01;  4,007646560669e+01
  5,402039289474e-01;  4,242075729370e+01
  5,532163381577e-01;  4,423227310181e+01
  5,632752180099e-01;  4,560314178467e+01
  5,737102627754e-01;  4,701400756836e+01
  5,838665962219e-01;  4,829996109009e+01
  5,938697457314e-01;  4,925742721558e+01
  5,965656042099e-01;  4,573067092896e+01
  5,775833129883e-01;  4,141720581055e+01
  5,466195940971e-01;  3,889672088623e+01
  5,164778232574e-01;  3,620957565308e+01
  4,899096190929e-01;  3,339550018311e+01
  4,668731689453e-01;  3,048390388489e+01
  4,476331770420e-01;  2,763587951660e+01
  4,317507445812e-01;  2,518427658081e+01
  4,189821183681e-01;  2,324394416809e+01
  4,080734252930e-01;  2,170600891113e+01
  3,900942504406e-01;  1,947818756104e+01
  3,757373988628e-01;  1,795284080505e+01
  3,636305332184e-01;  1,679656982422e+01
  3,530910313129e-01;  1,587556934357e+01
  3,399044573307e-01;  1,478665161133e+01
  3,292465209961e-01;  1,394267272949e+01
  3,176063895226e-01;  1,310677623749e+01
  3,068996965885e-01;  1,235913753510e+01
  2,957332432270e-01;  1,163949966431e+01
  2,856325805187e-01;  1,105380153656e+01
  2,792169451714e-01;  1,072077274323e+01
  2,764444649220e-01;  1,362343215942e+01
  3,111280500889e-01;  1,689615249634e+01
  3,413673043251e-01;  1,890201187134e+01
  3,688410818577e-01;  2,112392425537e+01
  3,939116001129e-01;  2,354157447815e+01
  4,165579676628e-01;  2,609276199341e+01
  4,369961321354e-01;  2,859689521790e+01
  4,553375244141e-01;  3,089449691772e+01
  4,717145264149e-01;  3,297746658325e+01
  4,862107038498e-01;  3,487023925781e+01
  4,991047084332e-01;  3,658368682861e+01
  5,106542706490e-01;  3,812562942505e+01
  5,207758545876e-01;  3,950736618042e+01
  5,381141304970e-01;  4,184254455566e+01
  5,514400601387e-01;  4,368704605103e+01
  5,617775321007e-01;  4,511663055420e+01
  5,728743076324e-01;  4,662937164307e+01
  5,838317871094e-01;  4,806620788574e+01
  5,939185023308e-01;  4,912460327148e+01
  5,982931256294e-01;  4,606959152222e+01
  5,830028653145e-01;  4,196076202393e+01
  5,542960762978e-01;  3,953448867798e+01
  5,252549648285e-01;  3,693490982056e+01
  4,996062517166e-01;  3,420398330688e+01
  4,770225882530e-01;  3,136556053162e+01
  4,579985141754e-01;  2,855122566223e+01
  4,421021938324e-01;  2,607593154907e+01
  4,293265938759e-01;  2,409136962891e+01
  4,183343052864e-01;  2,250133323669e+01
  3,999650478363e-01;  2,016900825500e+01
  3,850230276585e-01;  1,856215476990e+01
  3,728256225586e-01;  1,733809280396e+01
  3,621467947960e-01;  1,636290740967e+01
  3,485770821571e-01;  1,521451663971e+01
  3,375360369682e-01;  1,431914234161e+01
  3,255684971809e-01;  1,341079235077e+01
  3,140676617622e-01;  1,259179115295e+01
  3,026922345161e-01;  1,183063507080e+01
  2,924174368382e-01;  1,120186901093e+01
  2,854584455490e-01;  1,082608413696e+01
  2,807006835938e-01;  1,175778484344e+01
  2,802478969097e-01;  1,275648021698e+01
  2,970637381077e-01;  1,558779144287e+01
  3,249624371529e-01;  1,737659454346e+01
  3,528054356575e-01;  1,938944816589e+01
  3,780431449413e-01;  2,160507774353e+01
  4,011144340038e-01;  2,400159072876e+01
  4,220471680164e-01;  2,647590255737e+01
  4,409318864346e-01;  2,883753585815e+01
  4,579915702343e-01;  3,098699569702e+01
  4,733724296093e-01;  3,294923019409e+01
  4,870187640190e-01;  3,473841476440e+01
  4,992649257183e-01;  3,636684036255e+01
  5,103617310524e-01;  3,784460449219e+01
  5,289469361305e-01;  4,037725067139e+01
  5,440212488174e-01;  4,241718292236e+01
  5,556753277779e-01;  4,404253768921e+01
  5,687435269356e-01;  4,583054351807e+01
  5,796173810959e-01;  4,732865905762e+01
  5,907002091408e-01;  4,863711547852e+01
  5,981329083443e-01;  4,931650161743e+01
  5,999162197113e-01;  4,638978958130e+01
  5,877605676651e-01;  4,248670196533e+01
  5,613595843315e-01;  4,015591812134e+01
  5,333633422852e-01;  3,764574050903e+01
  5,086271762848e-01;  3,499722290039e+01
  4,866007864475e-01;  3,223492813110e+01
  4,676881730556e-01;  2,946212005615e+01
  4,520426094532e-01;  2,697448158264e+01
  4,390789568424e-01;  2,495433616638e+01
  4,281911551952e-01;  2,332143974304e+01
  4,093900024891e-01;  2,089223670959e+01
  3,942529559135e-01;  1,919869041443e+01
  3,814634382725e-01;  1,790886116028e+01
  3,707845807076e-01;  1,687501335144e+01
  3,569919764996e-01;  1,565748119354e+01
  3,455608189106e-01;  1,470985317230e+01
  3,332798182964e-01;  1,374043560028e+01
  3,232697248459e-01;  1,301259899139e+01
  3,121520280838e-01;  1,223346424103e+01
  3,016682565212e-01;  1,155045890808e+01
  2,925776541233e-01;  1,100918292999e+01
  2,869700491428e-01;  1,071600627899e+01
  2,840582728386e-01;  1,255699634552e+01
  2,977394461632e-01;  1,522257232666e+01
  3,236458897591e-01;  1,691695404053e+01
  3,504160940647e-01;  1,882737731934e+01
  3,746507167816e-01;  2,093948364258e+01
  3,968930542469e-01;  2,323168182373e+01
  4,171570539474e-01;  2,562122344971e+01
  4,355680942535e-01;  2,792526626587e+01
  4,523839652538e-01;  3,003437042236e+01
  4,675279557705e-01;  3,196474838257e+01
  4,812857508659e-01;  3,373630523682e+01
  4,934274554253e-01;  3,535864639282e+01
  5,046287178993e-01;  3,684276580811e+01
  5,146527290344e-01;  3,819321441650e+01
  5,318586826324e-01;  4,052545166016e+01
  5,457975864410e-01;  4,243061065674e+01
  5,568107962608e-01;  4,396556091309e+01
  5,693704485893e-01;  4,567813873291e+01
  5,800910592079e-01;  4,716432189941e+01
  5,901359915733e-01;  4,839025115967e+01
  5,985020995140e-01;  4,922871017456e+01
  6,013094186783e-01;  4,534416961670e+01
  5,732783675194e-01;  4,120945358276e+01
  5,459578037262e-01;  3,882348251343e+01
  5,216674804688e-01;  3,628182983398e+01
  4,997177124023e-01;  3,361100769043e+01
  4,805334210396e-01;  3,087125015259e+01
  4,643096923828e-01;  2,829975128174e+01
  4,507469534874e-01;  2,614939308167e+01
  4,390232264996e-01;  2,439940452576e+01
  4,287623465061e-01;  2,295761871338e+01
  4,108319580555e-01;  2,075615882874e+01
  3,962382376194e-01;  1,915195083618e+01
  3,837970197201e-01;  1,790283012390e+01
  3,734316527843e-01;  1,689147949219e+01
  3,600012660027e-01;  1,569252014160e+01
  3,487164080143e-01;  1,475602912903e+01
  3,366792201996e-01;  1,379505729675e+01
  3,247465193272e-01;  1,291317176819e+01
  3,141443133354e-01;  1,216824626923e+01
  3,032495379448e-01;  1,145951557159e+01
  2,949112653732e-01;  1,095889377594e+01
  2,895613908768e-01;  1,067760658264e+01
  2,877572178841e-01;  1,332403945923e+01
  3,179128766060e-01;  1,628528594971e+01
  3,447248935699e-01;  1,810181427002e+01
  3,689943253994e-01;  2,012288665771e+01
  3,913272321224e-01;  2,233012390137e+01
  4,116539359093e-01;  2,467448806763e+01
  4,302739799023e-01;  2,699095153809e+01
  4,472779035568e-01;  2,913205909729e+01
  4,626308977604e-01;  3,109127807617e+01
  4,767021536827e-01;  3,289096832275e+01
  4,891294538975e-01;  3,454315948486e+01
  5,005536079407e-01;  3,605971145630e+01
  5,108841657639e-01;  3,744519424438e+01
  5,285707712173e-01;  3,984934234619e+01
  5,431296229362e-01;  4,182754898071e+01
  5,546513199806e-01;  4,344131469727e+01
  5,679772496223e-01;  4,527242279053e+01
  5,795477032661e-01;  4,688885116577e+01
  5,902752876282e-01;  4,824026870728e+01
  5,991429686546e-01;  4,916986846924e+01
  6,027513742447e-01;  4,674785232544e+01
  5,701645612717e-01;  4,092102432251e+01
  5,440003871918e-01;  3,853693008423e+01
  5,208106637001e-01;  3,600187301636e+01
  4,997804164886e-01;  3,334314346313e+01
  4,815016984940e-01;  3,064139938354e+01
  4,659954607487e-01;  2,815955162048e+01
  4,530457258224e-01;  2,610408401489e+01
  4,416494071484e-01;  2,441852188110e+01
  4,225208461285e-01;  2,185560035706e+01
  4,065827131271e-01;  2,001998329163e+01
  3,932916522026e-01;  1,862031936646e+01
  3,819858729839e-01;  1,750121688843e+01
  3,679773211479e-01;  1,618571662903e+01
  3,561351597309e-01;  1,516842174530e+01
  3,432968854904e-01;  1,412044811249e+01
  3,331404924393e-01;  1,333167934418e+01
  3,227960467339e-01;  1,259252166748e+01
  3,124167323112e-01;  1,187015819550e+01
  3,024136126041e-01;  1,122909355164e+01
  2,955172955990e-01;  1,083038330078e+01
  2,908849418163e-01;  1,175162220001e+01
  2,905018031597e-01;  1,270453548431e+01
  3,077634871006e-01;  1,537560367584e+01
  3,336281180382e-01;  1,705504798889e+01
  3,585175275803e-01;  1,894289207458e+01
  3,812196254730e-01;  2,102091598511e+01
  4,020408987999e-01;  2,327185440063e+01
  4,211833775043e-01;  2,558895301819e+01
  4,385704398155e-01;  2,779317665100e+01
  4,544946551323e-01;  2,981081581116e+01
  4,689699113369e-01;  3,166537094116e+01
  4,821425676346e-01;  3,337379455566e+01
  4,938662946224e-01;  3,494635009766e+01
  5,047332048416e-01;  3,639026641846e+01
  5,232905745506e-01;  3,891796112061e+01
  5,387967824936e-01;  4,101269531250e+01
  5,510917305946e-01;  4,273853302002e+01
  5,611993670464e-01;  4,414199066162e+01
  5,726444125175e-01;  4,572210693359e+01
  5,827659964561e-01;  4,713157653809e+01
  5,937443375587e-01;  4,848624801636e+01
  6,012327671051e-01;  4,923156738281e+01
  6,041793823242e-01;  4,603062057495e+01
  5,851135253906e-01;  4,219134140015e+01
  5,592907071114e-01;  3,992942428589e+01
  5,352302193642e-01;  3,750234985352e+01
  5,136844515800e-01;  3,493736648560e+01
  4,942703247070e-01;  3,226895523071e+01
  4,776495099068e-01;  2,966367149353e+01
  4,635852277279e-01;  2,740219688416e+01
  4,517361223698e-01;  2,554731559753e+01
  4,410503208637e-01;  2,400998497009e+01
  4,229387938976e-01;  2,164410018921e+01
  4,076415300369e-01;  1,991082382202e+01
  3,948938250542e-01;  1,856452751160e+01
  3,838806152344e-01;  1,747858810425e+01
  3,703109025955e-01;  1,619395256042e+01
  3,587961494923e-01;  1,519485855103e+01
  3,461738228798e-01;  1,416081428528e+01
  3,361358642578e-01;  1,337988281250e+01
  3,260909318924e-01;  1,263935947418e+01
  3,155653476715e-01;  1,191078472137e+01
  3,055831193924e-01;  1,126850700378e+01
  2,988122105598e-01;  1,086672496796e+01
  2,939848005772e-01;  1,143262863159e+01
  2,936225533485e-01;  1,225768089294e+01
  3,250042498112e-01;  1,624579620361e+01
  3,503046333790e-01;  1,801728248596e+01
  3,731948137283e-01;  1,998562812805e+01
  3,942738473415e-01;  2,213411140442e+01
  4,136252999306e-01;  2,440807723999e+01
  4,313049316406e-01;  2,663957214355e+01
  4,476470947266e-01;  2,870096206665e+01
  4,623870849609e-01;  3,059527587891e+01
  4,760055541992e-01;  3,234269332886e+01
  4,881054461002e-01;  3,395563888550e+01
  4,992858171463e-01;  3,544373321533e+01
  5,094770193100e-01;  3,681197357178e+01
  5,269964337349e-01;  3,920928192139e+01
  5,417085886002e-01;  4,120603942871e+01
  5,534114241600e-01;  4,285554504395e+01
  5,671761631966e-01;  4,476387405396e+01
  5,793874859810e-01;  4,649390792847e+01
  5,894463658333e-01;  4,780755233765e+01
  5,999092459679e-01;  4,901450347900e+01
  6,047157645226e-01;  4,801586151123e+01
  6,050849556923e-01;  4,672249984741e+01
  5,948171019554e-01;  4,316727447510e+01
  5,717806816101e-01;  4,101922988892e+01
  5,471838116646e-01;  3,868754577637e+01
  5,253664255142e-01;  3,621013641357e+01
  5,053880214691e-01;  3,360712432861e+01
  4,879800677299e-01;  3,097301483154e+01
  4,729892909527e-01;  2,856761741638e+01
  4,605689644814e-01;  2,656795120239e+01
  4,496324062347e-01;  2,491214370728e+01
  4,308242797852e-01;  2,236319160461e+01
  4,149070382118e-01;  2,050854301453e+01
  4,017553031445e-01;  1,907088470459e+01
  3,902893066406e-01;  1,791958999634e+01
  3,761971592903e-01;  1,656042671204e+01
  3,643898367882e-01;  1,550728321075e+01
  3,543727695942e-01;  1,466360759735e+01
  3,434362113476e-01;  1,377958202362e+01
  3,326180577278e-01;  1,295616149902e+01
  3,223223388195e-01;  1,222105312347e+01
  3,119778931141e-01;  1,151505184174e+01
  3,041760027409e-01;  1,103398609161e+01
  2,987425327301e-01;  1,072909927368e+01
  2,958168387413e-01;  1,250740432739e+01
  3,100343644619e-01;  1,502080917358e+01
  3,339624702930e-01;  1,661477851868e+01
  3,578836321831e-01;  1,841055870056e+01
  3,796731829643e-01;  2,039561080933e+01
  3,997560441494e-01;  2,255267715454e+01
  4,182994663715e-01;  2,479544258118e+01
  4,352128505707e-01;  2,694943809509e+01
  4,508723318577e-01;  2,893025207520e+01
  4,650550484657e-01;  3,075643730164e+01
  4,781719744205e-01;  3,244574356079e+01
  4,897912144661e-01;  3,400824737549e+01
  5,006580948830e-01;  3,545245742798e+01
  5,194453597069e-01;  3,800599288940e+01
  5,351884365082e-01;  4,014901733398e+01
  5,481033325195e-01;  4,194116592407e+01
  5,586219429970e-01;  4,341874313354e+01
  5,708681344986e-01;  4,512127304077e+01
  5,818604230881e-01;  4,668536376953e+01
  5,926785469055e-01;  4,807613372803e+01
  6,017203927040e-01;  4,907534408569e+01
  6,060950160027e-01;  4,783887481689e+01
  6,064224243164e-01;  4,649884414673e+01
  5,929154157639e-01;  4,290292358398e+01
  5,691127181053e-01;  4,075407791138e+01
  5,456652641296e-01;  3,842730712891e+01
  5,247743129730e-01;  3,595903396606e+01
  5,056596994400e-01;  3,337042999268e+01
  4,889692366123e-01;  3,078529548645e+01
  4,746611118317e-01;  2,847326660156e+01
  4,627423584461e-01;  2,655638313293e+01
  4,521192610264e-01;  2,495683479309e+01
  4,337221086025e-01;  2,247719955444e+01
  4,180904924870e-01;  2,064961242676e+01
  4,050432145596e-01;  1,922046852112e+01
  3,937235176563e-01;  1,807196807861e+01
  3,796174526215e-01;  1,671108245850e+01
  3,679563999176e-01;  1,565197563171e+01
  3,549509346485e-01;  1,454749107361e+01
  3,445298671722e-01;  1,370343589783e+01
  3,341853916645e-01;  1,291737937927e+01
  3,229841291904e-01;  1,211585426331e+01
  3,124515712261e-01;  1,140267848969e+01
  3,053950369358e-01;  1,097547149658e+01
  3,004491925240e-01;  1,070048141479e+01
  2,980807721615e-01;  1,236627483368e+01
  2,992092669010e-01;  1,345757293701e+01
  3,099229335785e-01;  1,478031539917e+01
  3,325553536415e-01;  1,631842803955e+01
  3,560724556446e-01;  1,805577468872e+01
  3,775137066841e-01;  1,998319816589e+01
  3,973388671875e-01;  2,208194732666e+01
  4,156106114388e-01;  2,428365135193e+01
  4,323916137218e-01;  2,641578674316e+01
  4,479814469814e-01;  2,838436317444e+01
  4,620945155621e-01;  3,020070648193e+01
  4,751905500889e-01;  3,188450050354e+01
  4,869212210178e-01;  3,344665527344e+01
  4,977324008942e-01;  3,489404296875e+01
  5,167634487152e-01;  3,746627044678e+01
  5,327015519142e-01;  3,963903045654e+01
  5,459578037262e-01;  4,146977996826e+01
  5,567411184311e-01;  4,299092483521e+01
  5,695097446442e-01;  4,476490402222e+01
  5,810453891754e-01;  4,641207885742e+01
  5,924347639084e-01;  4,790281677246e+01
  6,019990444183e-01;  4,900527191162e+01
  6,065617203712e-01;  4,908234024048e+01
  6,072792410851e-01;  4,579571914673e+01
  5,834765434265e-01;  4,201599884033e+01
  5,594927072525e-01;  3,980922317505e+01
  5,379399657249e-01;  3,744377136230e+01
  5,184143781662e-01;  3,494827651978e+01
  5,007138252258e-01;  3,236674880981e+01
  4,855280220509e-01;  2,990613746643e+01
  4,724459350109e-01;  2,780780982971e+01
  4,614188075066e-01;  2,606476593018e+01
  4,421161115170e-01;  2,335368156433e+01
  4,262128174305e-01;  2,137636375427e+01
  4,122739136219e-01;  1,983636283875e+01
  4,006337821484e-01;  1,859892463684e+01
  3,903380632401e-01;  1,758206367493e+01
  3,775206804276e-01;  1,635764122009e+01
  3,666886091232e-01;  1,539067173004e+01
  3,546165823936e-01;  1,437518978119e+01
  3,427396118641e-01;  1,342628288269e+01
  3,317682147026e-01;  1,260453510284e+01
  3,207898437977e-01;  1,182962894440e+01
  3,119291365147e-01;  1,124633312225e+01
  3,058130145073e-01;  1,088128662109e+01
  3,014035522938e-01;  1,065717315674e+01
  2,999546229839e-01;  1,261431217194e+01
  3,173138201237e-01;  1,511089897156e+01
  3,406358659267e-01;  1,667568397522e+01
  3,629060685635e-01;  1,843466567993e+01
  3,833860456944e-01;  2,037675476074e+01
  4,022359549999e-01;  2,248109817505e+01
  4,197414219379e-01;  2,464254951477e+01
  4,358537197113e-01;  2,669557952881e+01
  4,508235752583e-01;  2,858900260925e+01
  4,643932878971e-01;  3,034139251709e+01
  4,770434796810e-01;  3,196931457520e+01
  4,882935285568e-01;  3,348332214355e+01
  4,988678693771e-01;  3,488975906372e+01
  5,172998309135e-01;  3,739622116089e+01
  5,329244732857e-01;  3,952146530151e+01
  5,459578037262e-01;  4,132400131226e+01
  5,566366314888e-01;  4,283151245117e+01
  5,693565011024e-01;  4,460168838501e+01
  5,809200406075e-01;  4,626100921631e+01
  5,909718871117e-01;  4,758788681030e+01
  6,010237932205e-01;  4,880157470703e+01
  6,063318848610e-01;  4,928933715820e+01
  6,084285974503e-01;  4,620300674438e+01
  5,897876620293e-01;  4,259788513184e+01
  5,663681030273e-01;  4,046422576904e+01
  5,448362827301e-01;  3,816305160522e+01
  5,254430174828e-01;  3,572614288330e+01
  5,077146291733e-01;  3,318566513062e+01
  4,922083914280e-01;  3,070242881775e+01
  4,788685739040e-01;  2,853763961792e+01
  4,675070643425e-01;  2,673506927490e+01
  4,574760794640e-01;  2,521391487122e+01
  4,396223127842e-01;  2,281808853149e+01
  4,246175885201e-01;  2,102183532715e+01
  4,115215837955e-01;  1,959205055237e+01
  4,004805088043e-01;  1,843050384521e+01
  3,862490355968e-01;  1,704638862610e+01
  3,747691214085e-01;  1,596454238892e+01
  3,618472516537e-01;  1,483826065063e+01
  3,511823713779e-01;  1,396843242645e+01
  3,406985700130e-01;  1,314486122131e+01
  3,294833600521e-01;  1,232008266449e+01
  3,189786970615e-01;  1,159222507477e+01
  3,114415109158e-01;  1,111281871796e+01
  3,060916364193e-01;  1,080111503601e+01
  3,021697998047e-01;  1,147834682465e+01
  3,018563389778e-01;  1,228110885620e+01
  3,129043579102e-01;  1,459097957611e+01
  3,342829048634e-01;  1,606678390503e+01
  3,566158115864e-01;  1,773460388184e+01
  3,770470023155e-01;  1,958455848694e+01
  3,960222899914e-01;  2,160287284851e+01
  4,135277867317e-01;  2,372673988342e+01
  4,296748936176e-01;  2,579040145874e+01
  4,447771012783e-01;  2,769809913635e+01
  4,585070312023e-01;  2,946550559998e+01
  4,712756574154e-01;  3,110884666443e+01
  4,829645454884e-01;  3,263917922974e+01
  4,935388863087e-01;  3,406345367432e+01
  5,125629305840e-01;  3,662091827393e+01
  5,285359025002e-01;  3,880543136597e+01
  5,421404838562e-01;  4,066833496094e+01
  5,532720685005e-01;  4,224380493164e+01
  5,667233467102e-01;  4,411647033691e+01
  5,791088342667e-01;  4,589022445679e+01
  5,898225307465e-01;  4,732458877563e+01
  5,998744368553e-01;  4,858213806152e+01
  6,060253381729e-01;  4,919050216675e+01
  6,092157959938e-01;  4,612951278687e+01
  5,890911221504e-01;  4,254173278809e+01
  5,661869645119e-01;  4,042533493042e+01
  5,454771518707e-01;  3,814616394043e+01
  5,266620516777e-01;  3,573207092285e+01
  5,095049142838e-01;  3,322019577026e+01
  4,943957030773e-01;  3,078622245789e+01
  4,814808070660e-01;  2,867473030090e+01
  4,703143537045e-01;  2,690913009644e+01
  4,513112008572e-01;  2,414038658142e+01
  4,352128505707e-01;  2,209523582458e+01
  4,212948381901e-01;  2,049990844727e+01
  4,092576503754e-01;  1,920504951477e+01
  3,989271223545e-01;  1,813752174377e+01
  3,855454921722e-01;  1,685276985168e+01
  3,746994733810e-01;  1,583373928070e+01
  3,623487949371e-01;  1,476115322113e+01
  3,521575927734e-01;  1,392301940918e+01
  3,420360386372e-01;  1,313031578064e+01
  3,311342895031e-01;  1,233133792877e+01
  3,208246529102e-01;  1,160898590088e+01
  3,133501708508e-01;  1,112711429596e+01
  3,080769479275e-01;  1,082196426392e+01
  3,041551113129e-01;  1,121794795990e+01
  3,037858903408e-01;  1,283189392090e+01
  3,261884748936e-01;  1,535055828094e+01
  3,485701084137e-01;  1,690984344482e+01
  3,691267073154e-01;  1,865235519409e+01
  3,882343471050e-01;  2,056819534302e+01
  4,058652222157e-01;  2,262388038635e+01
  4,223257899284e-01;  2,469232177734e+01
  4,374976754189e-01;  2,663130187988e+01
  4,516246616840e-01;  2,842647743225e+01
  4,645326137543e-01;  3,009634971619e+01
  4,766255319118e-01;  3,165361785889e+01
  4,874436855316e-01;  3,310634231567e+01
  4,976348876953e-01;  3,446228790283e+01
  5,155931711197e-01;  3,689812469482e+01
  5,308555960655e-01;  3,898577117920e+01
  5,438680052757e-01;  4,077242279053e+01
  5,545398592949e-01;  4,228793716431e+01
  5,675593018532e-01;  4,409850692749e+01
  5,796521902084e-01;  4,583510589600e+01
  5,902752876282e-01;  4,726385116577e+01
  6,003271937370e-01;  4,852876663208e+01
  6,065269112587e-01;  4,916206359863e+01
  6,099123954773e-01;  4,677860260010e+01
  5,982025861740e-01;  4,345870971680e+01
  5,769424438477e-01;  4,145151901245e+01
  5,557867884636e-01;  3,926972579956e+01
  5,367000699043e-01;  3,694132995605e+01
  5,192781686783e-01;  3,449132156372e+01
  5,035420060158e-01;  3,202695846558e+01
  4,899862408638e-01;  2,979087638855e+01
  4,782764613628e-01;  2,790830802917e+01
  4,679946899414e-01;  2,631819915771e+01
  4,500712454319e-01;  2,379440307617e+01
  4,348088204861e-01;  2,189320945740e+01
  4,214689731598e-01;  2,037902069092e+01
  4,098845720291e-01;  1,913456726074e+01
  3,952908813953e-01;  1,764701652527e+01
  3,831282854080e-01;  1,649042510986e+01
  3,700531721115e-01;  1,529924488068e+01
  3,590608537197e-01;  1,436768913269e+01
  3,479780256748e-01;  1,347953510284e+01
  3,376335501671e-01;  1,269528293610e+01
  3,273030221462e-01;  1,194370651245e+01
  3,182820975780e-01;  1,133300399780e+01
  3,122217059135e-01;  1,096184158325e+01
  3,077774047852e-01;  1,071421909332e+01
  3,053393065929e-01;  1,220494270325e+01
  3,157116472721e-01;  1,441356372833e+01
  3,359059989452e-01;  1,582741165161e+01
  3,571591675282e-01;  1,742624855042e+01
  3,766220808029e-01;  1,920100975037e+01
  3,947544991970e-01;  2,114178276062e+01
  4,115076363087e-01;  2,318628883362e+01
  4,271183907986e-01;  2,518004417419e+01
  4,416633248329e-01;  2,702809715271e+01
  4,551146030426e-01;  2,874518013000e+01
  4,675140380859e-01;  3,034884071350e+01
  4,790636003017e-01;  3,184703445435e+01
  4,894429147243e-01;  3,324655151367e+01
  5,083485245705e-01;  3,578120422363e+01
  5,243006348610e-01;  3,796941757202e+01
  5,381907820702e-01;  3,985368728638e+01
  5,496149659157e-01;  4,146573638916e+01
  5,636583566666e-01;  4,342659378052e+01
  5,741769671440e-01;  4,491005325317e+01
  5,842984914780e-01;  4,635433959961e+01
  5,949634313583e-01;  4,775558853149e+01
  6,042838692665e-01;  4,886340713501e+01
  6,090137362480e-01;  4,929611968994e+01
  6,105950474739e-01;  4,598141479492e+01
  5,876979231834e-01;  4,243610000610e+01
  5,661521553993e-01;  4,035392761230e+01
  5,468494296074e-01;  3,811553955078e+01
  5,291698575020e-01;  3,574426651001e+01
  5,130645036697e-01;  3,329526519775e+01
  4,987981915474e-01;  3,096281814575e+01
  4,866007864475e-01;  2,895429611206e+01
  4,757826328278e-01;  2,725920104980e+01
  4,575248360634e-01;  2,456998252869e+01
  4,416215419769e-01;  2,255265235901e+01
  4,281911551952e-01;  2,095692825317e+01
  4,160146415234e-01;  1,964575195313e+01
  4,058094918728e-01;  1,855615615845e+01
  3,924139142036e-01;  1,723111724854e+01
  3,813310563564e-01;  1,618447875977e+01
  3,690918684006e-01;  1,508899402618e+01
  3,588658273220e-01;  1,422518825531e+01
  3,483541607857e-01;  1,339191055298e+01
  3,371250331402e-01;  1,254104042053e+01
  3,265715837479e-01;  1,178295612335e+01
  3,185258805752e-01;  1,124046134949e+01
  3,129879534245e-01;  1,090393447876e+01
  3,089825212955e-01;  1,067891216278e+01
  3,074360787868e-01;  1,283063125610e+01
  3,303889334202e-01;  1,528203201294e+01
  3,515654802322e-01;  1,679547119141e+01
  3,709935843945e-01;  1,848479080200e+01
  3,890772163868e-01;  2,034010887146e+01
  4,058164656162e-01;  2,232761383057e+01
  4,215455949306e-01;  2,431814193726e+01
  4,360696673393e-01;  2,618045043945e+01
  4,497160017490e-01;  2,790765762329e+01
  4,621641635895e-01;  2,952141189575e+01
  4,738878905773e-01;  3,103284645081e+01
  4,845319092274e-01;  3,244657897949e+01
  5,037091970444e-01;  3,501385116577e+01
  5,200374722481e-01;  3,725060653687e+01
  5,342549681664e-01;  3,918312454224e+01
  5,462364554405e-01;  4,085076904297e+01
  5,563022494316e-01;  4,227790451050e+01
  5,686041712761e-01;  4,399543762207e+01
  5,802791714668e-01;  4,567370986938e+01
  5,908535122871e-01;  4,709002304077e+01
  6,010237932205e-01;  4,840153121948e+01
  6,074185371399e-01;  4,909012603760e+01
  6,112846732140e-01;  4,807356643677e+01
  6,115981340408e-01;  4,690658569336e+01
  6,006685495377e-01;  4,371981430054e+01
  5,805369019508e-01;  4,178438186646e+01
  5,603982806206e-01;  3,967100143433e+01
  5,421962141991e-01;  3,741295623779e+01
  5,255405306816e-01;  3,503162765503e+01
  5,104383230209e-01;  3,262817382813e+01
  4,971193969250e-01;  3,043540191650e+01
  4,857648909092e-01;  2,857451248169e+01
  4,754691720009e-01;  2,698865890503e+01
  4,579567313194e-01;  2,445465660095e+01
  4,425828456879e-01;  2,252528190613e+01
  4,295495152473e-01;  2,097817230225e+01
  4,177770316601e-01;  1,969603157043e+01
  4,076693952084e-01;  1,862745475769e+01
  3,945385515690e-01;  1,731674194336e+01
  3,835114240646e-01;  1,627784347534e+01
  3,715229928493e-01;  1,518701362610e+01
  3,613526821136e-01;  1,432311916351e+01
  3,508758544922e-01;  1,348022365570e+01
  3,396745622158e-01;  1,261892032623e+01
  3,291141688824e-01;  1,186285781860e+01
  3,207341134548e-01;  1,129259681702e+01
  3,151125609875e-01;  1,094406604767e+01
  3,110513985157e-01;  1,071301937103e+01
  3,084740042686e-01;  1,238798427582e+01
  3,231373727322e-01;  1,462580776215e+01
  3,435406982899e-01;  1,603510856628e+01
  3,631568551064e-01;  1,762071800232e+01
  3,813589215279e-01;  1,937460327148e+01
  3,982723057270e-01;  2,127951622009e+01
  4,140432476997e-01;  2,325168800354e+01
  4,287066161633e-01;  2,514000320435e+01
  4,425201416016e-01;  2,689078712463e+01
  4,552539288998e-01;  2,852620506287e+01
  4,671169817448e-01;  3,005800819397e+01
  4,781928658485e-01;  3,149412536621e+01
  4,976836442947e-01;  3,410726928711e+01
  5,146388411522e-01;  3,640339660645e+01
  5,291628837585e-01;  3,839712905884e+01
  5,418130755424e-01;  4,012889099121e+01
  5,522829294205e-01;  4,162162780762e+01
  5,653719902039e-01;  4,345069122314e+01
  5,779594779015e-01;  4,525053787231e+01
  5,890911221504e-01;  4,677842330933e+01
  5,991429686546e-01;  4,809215164185e+01
  6,065965890884e-01;  4,894992828369e+01
  6,109154820442e-01;  4,933349227905e+01
  6,123365163803e-01;  4,643717193604e+01
  5,946011543274e-01;  4,311913681030e+01
  5,740167498589e-01;  4,114385604858e+01
  5,552921891212e-01;  3,900457000732e+01
  5,380653738976e-01;  3,672200775146e+01
  5,223501324654e-01;  3,433178710938e+01
  5,082022547722e-01;  3,199411392212e+01
  4,957471191883e-01;  2,993663215637e+01
  4,846990704536e-01;  2,818708610535e+01
  4,745635986328e-01;  2,668206787109e+01
  4,573158621788e-01;  2,424724006653e+01
  4,421230852604e-01;  2,235610198975e+01
  4,293057024479e-01;  2,083155632019e+01
  4,176028668880e-01;  1,957121467590e+01
  4,031763374805e-01;  1,804911422729e+01
  3,908605277538e-01;  1,685997390747e+01
  3,806553781033e-01;  1,590643024445e+01
  3,692660033703e-01;  1,489838123322e+01
  3,574865460396e-01;  1,391172218323e+01
  3,464455008507e-01;  1,303573226929e+01
  3,354392647743e-01;  1,222115993500e+01
  3,255266845226e-01;  1,152444362640e+01
  3,187906146049e-01;  1,107982730865e+01
  3,140816092491e-01;  1,080911540985e+01
  3,106334507465e-01;  1,084121036530e+01
  3,100065290928e-01;  1,195763301849e+01
  3,344361782074e-01;  1,530973529816e+01
  3,549300432205e-01;  1,681073379517e+01
  3,737869262695e-01;  1,848430824280e+01
  3,913063406944e-01;  2,032167816162e+01
  4,076276123524e-01;  2,228127098083e+01
  4,229248762131e-01;  2,423321151733e+01
  4,371145367622e-01;  2,605588912964e+01
  4,504125714302e-01;  2,774883270264e+01
  4,626030325890e-01;  2,933332824707e+01
  4,741525948048e-01;  3,082003021240e+01
  4,845945835114e-01;  3,221428680420e+01
  5,034862756729e-01;  3,475029373169e+01
  5,196543335915e-01;  3,696820831299e+01
  5,337604284286e-01;  3,889168167114e+01
  5,457836389542e-01;  4,056003570557e+01
  5,558704137802e-01;  4,199502944946e+01
  5,683116316795e-01;  4,373644256592e+01
  5,801677107811e-01;  4,546084213257e+01
  5,910067558289e-01;  4,693150711060e+01
  6,014974713326e-01;  4,829523086548e+01
  6,081500053406e-01;  4,903717422485e+01
  6,121693253517e-01;  4,900520324707e+01
  6,127823591232e-01;  4,722371292114e+01
  5,868619680405e-01;  4,233950042725e+01
  5,667372941971e-01;  4,029264450073e+01
  5,487093925476e-01;  3,808958816528e+01
  5,321443080902e-01;  3,575111389160e+01
  5,170211791992e-01;  3,335261917114e+01
  5,035141706467e-01;  3,110778617859e+01
  4,916998744011e-01;  2,917880439758e+01
  4,810419380665e-01;  2,753321075439e+01
  4,627841413021e-01;  2,488292121887e+01
  4,469992518425e-01;  2,285412216187e+01
  4,336037039757e-01;  2,123291397095e+01
  4,216222465038e-01;  1,990303611755e+01
  4,111523926258e-01;  1,879277801514e+01
  3,978613018990e-01;  1,743798255920e+01
  3,865416049957e-01;  1,637051391602e+01
  3,743999302387e-01;  1,524565219879e+01
  3,641251325607e-01;  1,436362838745e+01
  3,535507917404e-01;  1,350381851196e+01
  3,422937691212e-01;  1,262919902802e+01
  3,317960798740e-01;  1,186334514618e+01
  3,233323991299e-01;  1,128705787659e+01
  3,177596330643e-01;  1,093513488770e+01
  3,136845529079e-01;  1,069814968109e+01
  3,115041851997e-01;  1,204865646362e+01
  3,380514979362e-01;  1,547185420990e+01
  3,584339320660e-01;  1,699458694458e+01
  3,771097064018e-01;  1,868936729431e+01
  3,945106863976e-01;  2,054534339905e+01
  4,107065498829e-01;  2,251659584045e+01
  4,258296787739e-01;  2,446014976501e+01
  4,399775564671e-01;  2,626927947998e+01
  4,531293213367e-01;  2,795147323608e+01
  4,652501046658e-01;  2,952768898010e+01
  4,766742885113e-01;  3,100785255432e+01
  4,869212210178e-01;  3,239430999756e+01
  5,057014822960e-01;  3,491658020020e+01
  5,216744542122e-01;  3,712033843994e+01
  5,357108712196e-01;  3,903517532349e+01
  5,474902987480e-01;  4,069461822510e+01
  5,575073957443e-01;  4,211504364014e+01
  5,697187185287e-01;  4,383210372925e+01
  5,813937187195e-01;  4,553295898438e+01
  5,920864343643e-01;  4,698610687256e+01
  6,023264527321e-01;  4,832744979858e+01
  6,088604927063e-01;  4,905204010010e+01
  6,128171682358e-01;  4,829092407227e+01
  6,131306290627e-01;  4,721382141113e+01
  5,872451066971e-01;  4,232203674316e+01
  5,670716762543e-01;  4,027098083496e+01
  5,490785837173e-01;  3,806558227539e+01
  5,324577689171e-01;  3,572485733032e+01
  5,173833966255e-01;  3,332423400879e+01
  5,038973093033e-01;  3,107854652405e+01
  4,921039044857e-01;  2,914943504333e+01
  4,814738333225e-01;  2,750123786926e+01
  4,632230103016e-01;  2,485063743591e+01
  4,475077688694e-01;  2,282540321350e+01
  4,341261386871e-01;  2,120846748352e+01
  4,222143292427e-01;  1,987928390503e+01
  4,117235839367e-01;  1,876976013184e+01
  3,984743058681e-01;  1,741278076172e+01
  3,871685564518e-01;  1,634249496460e+01
  3,750616908073e-01;  1,521810054779e+01
  3,648565411568e-01;  1,434125518799e+01
  3,543309867382e-01;  1,348254585266e+01
  3,431715071201e-01;  1,260617637634e+01
  3,327364623547e-01;  1,185171031952e+01
  3,244121372700e-01;  1,127643680573e+01
  3,188184797764e-01;  1,092444992065e+01
  3,147782087326e-01;  1,069055843353e+01
  3,128834664822e-01;  1,205321311951e+01
  3,394446969032e-01;  1,548658657074e+01
  3,598619401455e-01;  1,701322555542e+01
  3,784959316254e-01;  1,871178054810e+01
  3,958690464497e-01;  2,057261848450e+01
  4,121206402779e-01;  2,254657363892e+01
  4,272089302540e-01;  2,449469566345e+01
  4,413847029209e-01;  2,631007194519e+01
  4,544876813889e-01;  2,799756813049e+01
  4,666084647179e-01;  2,957749938965e+01
  4,779838919640e-01;  3,105789947510e+01
  4,881959855556e-01;  3,244677352905e+01
  5,069762468338e-01;  3,497367095947e+01
  5,228934884071e-01;  3,717559814453e+01
  5,368811488152e-01;  3,908617401123e+01
  5,485839843750e-01;  4,074015808105e+01
  5,629965662956e-01;  4,277738571167e+01
  5,739888548851e-01;  4,434664535522e+01
  5,847373604774e-01;  4,590132904053e+01
  5,961475968361e-01;  4,744575119019e+01
  6,061437726021e-01;  4,870286560059e+01
  6,113543510437e-01;  4,923153305054e+01
  6,138272285461e-01;  4,708586502075e+01
  5,857265591621e-01;  4,211972045898e+01
  5,657829642296e-01;  4,005052947998e+01
  5,479570627213e-01;  3,783042907715e+01
  5,314964652061e-01;  3,547838973999e+01
  5,165823101997e-01;  3,307965469360e+01
  5,032703280449e-01;  3,086153030396e+01
  4,916302263737e-01;  2,896352577209e+01
  4,811116158962e-01;  2,734003067017e+01
  4,630140364170e-01;  2,472529792786e+01
  4,474381208420e-01;  2,271992492676e+01
  4,341609776020e-01;  2,111321449280e+01
  4,223397374153e-01;  1,979516029358e+01
  4,118977487087e-01;  1,869331932068e+01
  3,987877964973e-01;  1,734208679199e+01
  3,876004517078e-01;  1,628281784058e+01
  3,755841553211e-01;  1,516752529144e+01
  3,654834926128e-01;  1,430432605743e+01
  3,551042079926e-01;  1,345320606232e+01
  3,440213501453e-01;  1,258356857300e+01
  3,336768746376e-01;  1,183244514465e+01
  3,254709541798e-01;  1,126573181152e+01
  3,198981881142e-01;  1,090939998627e+01
  3,158718645573e-01;  1,068474197388e+01
  3,140258789063e-01;  1,240466785431e+01
  3,285708129406e-01;  1,465858745575e+01
  3,490925729275e-01;  1,607957267761e+01
  3,687853515148e-01;  1,767826271057e+01
  3,868620395660e-01;  1,944527626038e+01
  4,037266671658e-01;  2,136756515503e+01
  4,195951521397e-01;  2,335832786560e+01
  4,342445731163e-01;  2,525969314575e+01
  4,480580985546e-01;  2,702225875854e+01
  4,606525599957e-01;  2,866846466064e+01
  4,725504219532e-01;  3,021211051941e+01
  4,833685755730e-01;  3,165919303894e+01
  5,028454065323e-01;  3,428995513916e+01
  5,195149779320e-01;  3,659078216553e+01
  5,340390205383e-01;  3,858529663086e+01
  5,464106202126e-01;  4,031554031372e+01
  5,567550659180e-01;  4,179816055298e+01
  5,694957971573e-01;  4,359543609619e+01
  5,816375017166e-01;  4,537475585938e+01
  5,927482247353e-01;  4,689466857910e+01
  6,032180786133e-01;  4,828887939453e+01
  6,099262833595e-01;  4,903874206543e+01
  6,139665842056e-01;  4,800618362427e+01
  6,143009066582e-01;  4,682860183716e+01
  6,019641757011e-01;  4,364579772949e+01
  5,819161534309e-01;  4,171797943115e+01
  5,624532103539e-01;  3,961256027222e+01
  5,448920130730e-01;  3,736090087891e+01
  5,287588238716e-01;  3,498315048218e+01
  5,141790509224e-01;  3,259572219849e+01
  5,012153983116e-01;  3,043439292908e+01
  4,898399710655e-01;  2,859515571594e+01
  4,794746041298e-01;  2,701977920532e+01
  4,618089199066e-01;  2,447788429260e+01
  4,464280605316e-01;  2,252369689941e+01
  4,333947300911e-01;  2,095156669617e+01
  4,217127859592e-01;  1,966008377075e+01
  4,114310145378e-01;  1,857676506042e+01
  3,984882533550e-01;  1,724571800232e+01
  3,874611258507e-01;  1,619953727722e+01
  3,756329119205e-01;  1,510045146942e+01
  3,656019270420e-01;  1,424568843842e+01
  3,553967773914e-01;  1,340416526794e+01
  3,444950282574e-01;  1,254362201691e+01
  3,343038260937e-01;  1,180199241638e+01
  3,262790143490e-01;  1,124312877655e+01
  3,207341134548e-01;  1,089546108246e+01
  3,168540596962e-01;  1,066851234436e+01
  3,152309954166e-01;  1,240657901764e+01
  3,298456072807e-01;  1,466705989838e+01
  3,503534197807e-01;  1,609074211121e+01
  3,700322806835e-01;  1,769528961182e+01
  3,881507515907e-01;  1,947015190125e+01
  4,049805402756e-01;  2,139747238159e+01
  4,208141863346e-01;  2,339241409302e+01
  4,354636073112e-01;  2,529968452454e+01
  4,492910504341e-01;  2,706627464294e+01
  4,618715941906e-01;  2,871625137329e+01
  4,737485945225e-01;  3,026074028015e+01
  4,845040440559e-01;  3,170747184753e+01
  5,039600133896e-01;  3,433744430542e+01
  5,205599069595e-01;  3,663511276245e+01
  5,350839495659e-01;  3,862873077393e+01
  5,473161935806e-01;  4,035397338867e+01
  5,577163696289e-01;  4,183499908447e+01
  5,703665614128e-01;  4,362801742554e+01
  5,824525356293e-01;  4,540200042725e+01
  5,934796333313e-01;  4,692033767700e+01
  6,038450002670e-01;  4,829679870605e+01
  6,105323433876e-01;  4,905686950684e+01
  6,145029664040e-01;  4,733714675903e+01
  5,906236171722e-01;  4,251147079468e+01
  5,702899694443e-01;  4,047261810303e+01
  5,521227121353e-01;  3,827626037598e+01
  5,353486537933e-01;  3,594170761108e+01
  5,201697945595e-01;  3,353181076050e+01
  5,065165162086e-01;  3,125280380249e+01
  4,945628941059e-01;  2,928862762451e+01
  4,838979840279e-01;  2,761160469055e+01
  4,654312133789e-01;  2,491604995728e+01
  4,497020542622e-01;  2,286044311523e+01
  4,362368285656e-01;  2,122134399414e+01
  4,243738055229e-01;  1,987888145447e+01
  4,137646257877e-01;  1,875782012939e+01
  4,006128609180e-01;  1,738911628723e+01
  3,893071115017e-01;  1,631167030334e+01
  3,772072196007e-01;  1,517965126038e+01
  3,670647740364e-01;  1,430053234100e+01
  3,567899763584e-01;  1,343677234650e+01
  3,457140624523e-01;  1,255857658386e+01
  3,354880213737e-01;  1,180175018311e+01
  3,275259137154e-01;  1,126480770111e+01
  3,218138217926e-01;  1,089781188965e+01
  3,179337978363e-01;  1,065386390686e+01
  3,161574602127e-01;  1,223113155365e+01
  3,272054791451e-01;  1,442202949524e+01
  3,469888567924e-01;  1,581207656860e+01
  3,670438826084e-01;  1,738326072693e+01
  3,853991925716e-01;  1,912456321716e+01
  4,024727940559e-01;  2,102421188354e+01
  4,185502529144e-01;  2,301654434204e+01
  4,333738386631e-01;  2,494783020020e+01
  4,473754167557e-01;  2,673747444153e+01
  4,601161777973e-01;  2,840524864197e+01
  4,721673130989e-01;  2,996450805664e+01
  4,831247627735e-01;  3,142617797852e+01
  4,932254254818e-01;  3,279777908325e+01
  5,116573572159e-01;  3,529127502441e+01
  5,273377895355e-01;  3,746176528931e+01
  5,410259366035e-01;  3,935261154175e+01
  5,523456335068e-01;  4,098606109619e+01
  5,664238333702e-01;  4,299064254761e+01
  5,769842267036e-01;  4,454278945923e+01
  5,875237584114e-01;  4,606344604492e+01
  5,984463691711e-01;  4,753702163696e+01
  6,079967617989e-01;  4,873736190796e+01
  6,130958199501e-01;  4,928659820557e+01
  6,150323748589e-01;  4,639501571655e+01
  5,971507430077e-01;  4,305719757080e+01
  5,765453577042e-01;  4,107075119019e+01
  5,578348040581e-01;  3,892060470581e+01
  5,407124161720e-01;  3,663240814209e+01
  5,250459909439e-01;  3,424181365967e+01
  5,109538435936e-01;  3,191136360168e+01
  4,985822737217e-01;  2,986485862732e+01
  4,879522025585e-01;  2,812792396545e+01
  4,693809151649e-01;  2,534967994690e+01
  4,538816511631e-01;  2,325451278687e+01
  4,401517212391e-01;  2,159019470215e+01
  4,284140467644e-01;  2,022148513794e+01
  4,176655709743e-01;  1,907620620728e+01
  4,043257236481e-01;  1,766631889343e+01
  3,929015398026e-01;  1,654742431641e+01
  3,805648088455e-01;  1,537621784210e+01
  3,704293370247e-01;  1,447814750671e+01
  3,600152134895e-01;  1,361065769196e+01
  3,499981462955e-01;  1,281658458710e+01
  3,390406668186e-01;  1,197916889191e+01
  3,306257724762e-01;  1,141744041443e+01
  3,242867588997e-01;  1,099909782410e+01
  3,200235664845e-01;  1,074860858917e+01
  3,169864118099e-01;  1,264723014832e+01
  3,366165161133e-01;  1,497297763824e+01
  3,568317592144e-01;  1,641845893860e+01
  3,755075335503e-01;  1,803715515137e+01
  3,928736746311e-01;  1,981606483459e+01
  4,089859724045e-01;  2,173488616943e+01
  4,241926670074e-01;  2,367900657654e+01
  4,383196532726e-01;  2,550847434998e+01
  4,515619575977e-01;  2,721018600464e+01
  4,637175798416e-01;  2,880370330811e+01
  4,752323329449e-01;  3,029973793030e+01
  4,856325089931e-01;  3,170546340942e+01
  5,046008825302e-01;  3,427228546143e+01
  5,208036899567e-01;  3,652848434448e+01
  5,350560545921e-01;  3,849486923218e+01
  5,471280813217e-01;  4,020286178589e+01
  5,573680996895e-01;  4,167314529419e+01
  5,699625611305e-01;  4,345616531372e+01
  5,820345878601e-01;  4,522460937500e+01
  5,932149291039e-01;  4,675366210938e+01
  6,039843559265e-01;  4,820575332642e+01
  6,107761263847e-01;  4,899806213379e+01
  6,149557232857e-01;  4,914263153076e+01
  6,156941056252e-01;  4,635740280151e+01
  5,964680314064e-01;  4,305292129517e+01
  5,764200091362e-01;  4,108726882935e+01
  5,583363175392e-01;  3,895591354370e+01
  5,416806936264e-01;  3,668413162231e+01
  5,264949202538e-01;  3,431237411499e+01
  5,127997994423e-01;  3,201398468018e+01
  5,006023645401e-01;  3,000107765198e+01
  4,898190796375e-01;  2,828282165527e+01
  4,709900617599e-01;  2,550046157837e+01
  4,552887678146e-01;  2,337345504761e+01
  4,414613246918e-01;  2,167605590820e+01
  4,296331107616e-01;  2,028652191162e+01
  4,188567399979e-01;  1,912513351440e+01
  4,053845703602e-01;  1,771204376221e+01
  3,939046561718e-01;  1,659392356873e+01
  3,814216256142e-01;  1,543135929108e+01
  3,713000714779e-01;  1,452669811249e+01
  3,607257306576e-01;  1,363055038452e+01
  3,506390154362e-01;  1,281989860535e+01
  3,397024273872e-01;  1,199658107758e+01
  3,311830461025e-01;  1,139243412018e+01
  3,250390887260e-01;  1,097541141510e+01
  3,207898437977e-01;  1,073498439789e+01
  3,182263672352e-01;  1,193519020081e+01
  3,419524431229e-01;  1,524652099609e+01
  3,620074689388e-01;  1,673186111450e+01
  3,803140521049e-01;  1,838973999023e+01
  3,974015712738e-01;  2,020930671692e+01
  4,133954346180e-01;  2,215517234802e+01
  4,283235073090e-01;  2,409342575073e+01
  4,423668980598e-01;  2,590252876282e+01
  4,552678763866e-01;  2,758588409424e+01
  4,673050642014e-01;  2,916333389282e+01
  4,786108136177e-01;  3,064442253113e+01
  4,887323677540e-01;  3,203598403931e+01
  5,074081420898e-01;  3,457094573975e+01
  5,233463048935e-01;  3,678774261475e+01
  5,373478531837e-01;  3,871806716919e+01
  5,491133928299e-01;  4,039182281494e+01
  5,592488646507e-01;  4,182756423950e+01
  5,715159773827e-01;  4,357131958008e+01
  5,833929181099e-01;  4,531908416748e+01
  5,943713188171e-01;  4,684385681152e+01
  6,047854423523e-01;  4,824416732788e+01
  6,114936470985e-01;  4,901480102539e+01
  6,156035661697e-01;  4,783074188232e+01
  6,158474087715e-01;  4,661852264404e+01
  6,003341674805e-01;  4,340003967285e+01
  5,803070068359e-01;  4,146640396118e+01
  5,618053674698e-01;  3,936112213135e+01
  5,449407696724e-01;  3,711194229126e+01
  5,294763445854e-01;  3,474828720093e+01
  5,155165195465e-01;  3,241097640991e+01
  5,030404925346e-01;  3,033432579041e+01
  4,919785261154e-01;  2,856286430359e+01
  4,819614589214e-01;  2,703364753723e+01
  4,646997749805e-01;  2,454934883118e+01
  4,497577846050e-01;  2,262302398682e+01
  4,368776977062e-01;  2,106492042542e+01
  4,254883527756e-01;  1,977896308899e+01
  4,152274727821e-01;  1,869974517822e+01
  4,025145769119e-01;  1,736957359314e+01
  3,915362060070e-01;  1,631568336487e+01
  3,796731829643e-01;  1,520617008209e+01
  3,676220476627e-01;  1,415125560760e+01
  3,562326729298e-01;  1,319770812988e+01
  3,461807966232e-01;  1,240990066528e+01
  3,359408080578e-01;  1,166212463379e+01
  3,288007080555e-01;  1,116339588165e+01
  3,236249983311e-01;  1,083747959137e+01
  3,200235664845e-01;  1,069758796692e+01
  3,191528320313e-01;  1,219128036499e+01
  3,298177421093e-01;  1,432773971558e+01
  3,491134643555e-01;  1,568860244751e+01
  3,686390817165e-01;  1,722900581360e+01
  3,865485787392e-01;  1,893711280823e+01
  4,032181501389e-01;  2,080443191528e+01
  4,189682006836e-01;  2,276745033264e+01
  4,335340559483e-01;  2,467375564575e+01
  4,473266601563e-01;  2,644260787964e+01
  4,598375260830e-01;  2,809410476685e+01
  4,717145264149e-01;  2,964226150513e+01
  4,826023280621e-01;  3,109782981873e+01
  5,021139979362e-01;  3,374743270874e+01
  5,188880562782e-01;  3,607334136963e+01
  5,335165858269e-01;  3,809644699097e+01
  5,460622906685e-01;  3,985950469971e+01
  5,566157698631e-01;  4,137908554077e+01
  5,696629881859e-01;  4,323246002197e+01
  5,822086930275e-01;  4,508683776855e+01
  5,936886072159e-01;  4,669015502930e+01
  6,045903563499e-01;  4,816272735596e+01
  6,116120815277e-01;  4,899332427979e+01
  6,157916784286e-01;  4,840116882324e+01
  6,160911917686e-01;  4,737498092651e+01
  5,928666591644e-01;  4,263238143921e+01
  5,730275511742e-01;  4,062456512451e+01
  5,553758144379e-01;  3,845964431763e+01
  5,389709472656e-01;  3,615753173828e+01
  5,241264700890e-01;  3,377689361572e+01
  5,107448697090e-01;  3,152201271057e+01
  4,988817870617e-01;  2,957403564453e+01
  4,883353114128e-01;  2,790737533569e+01
  4,699242711067e-01;  2,520778274536e+01
  4,545921683311e-01;  2,314252090454e+01
  4,409736990929e-01;  2,148747825623e+01
  4,293544590473e-01;  2,012797546387e+01
  4,187104701996e-01;  1,898923873901e+01
  4,054542183876e-01;  1,759773063660e+01
  3,941345214844e-01;  1,649147796631e+01
  3,818535208702e-01;  1,533558845520e+01
  3,696073591709e-01;  1,424619483948e+01
  3,579741716385e-01;  1,327571105957e+01
  3,476436436176e-01;  1,245729637146e+01
  3,372295200825e-01;  1,168269729614e+01
  3,300684988499e-01;  1,118907642365e+01
  3,247395455837e-01;  1,084071159363e+01
  3,211033046246e-01;  1,069578647614e+01
  3,202116489410e-01;  1,219324970245e+01
  3,214864432812e-01;  1,316121864319e+01
  3,502280116081e-01;  1,569731521606e+01
  3,697397112846e-01;  1,724061584473e+01
  3,876492083073e-01;  1,895420455933e+01
  4,042839407921e-01;  2,082522964478e+01
  4,200479388237e-01;  2,279147911072e+01
  4,346416294575e-01;  2,470091056824e+01
  4,483924508095e-01;  2,647330474854e+01
  4,608963727951e-01;  2,812744712830e+01
  4,728290736675e-01;  2,967862701416e+01
  4,836263358593e-01;  3,113381195068e+01
  5,030683279037e-01;  3,378542327881e+01
  5,198075771332e-01;  3,611029052734e+01
  5,344918370247e-01;  3,813376617432e+01
  5,469121336937e-01;  3,989720153809e+01
  5,574516654015e-01;  4,141370391846e+01
  5,704153180122e-01;  4,326590347290e+01
  5,829262137413e-01;  4,511526489258e+01
  5,943364500999e-01;  4,671357345581e+01
  6,051337122917e-01;  4,817842102051e+01
  6,121345162392e-01;  4,901064300537e+01
  6,162514090538e-01;  4,831470108032e+01
  6,165648698807e-01;  4,725616455078e+01
  5,912157297134e-01;  4,244055557251e+01
  5,715786218643e-01;  4,041503906250e+01
  5,540661811829e-01;  3,823379516602e+01
  5,378146171570e-01;  3,591832351685e+01
  5,231303572655e-01;  3,353913879395e+01
  5,099019408226e-01;  3,130866813660e+01
  4,981991350651e-01;  2,939087486267e+01
  4,877989292145e-01;  2,774717712402e+01
  4,695411324501e-01;  2,508521652222e+01
  4,542647600174e-01;  2,304204368591e+01
  4,407786428928e-01;  2,140383529663e+01
  4,292290806770e-01;  2,005464363098e+01
  4,186965227127e-01;  1,892356300354e+01
  4,055238664150e-01;  1,754085350037e+01
  3,943434953690e-01;  1,643980598450e+01
  3,821112513542e-01;  1,529481506348e+01
  3,699556291103e-01;  1,421491146088e+01
  3,584269583225e-01;  1,324991226196e+01
  3,481869995594e-01;  1,243379783630e+01
  3,378216326237e-01;  1,166772460938e+01
  3,307511806488e-01;  1,118248558044e+01
  3,255057930946e-01;  1,083415985107e+01
  3,218347430229e-01;  1,070984554291e+01
  3,209430873394e-01;  1,228685092926e+01
  3,333146572113e-01;  1,446917724609e+01
  3,529935181141e-01;  1,585085773468e+01
  3,723171055317e-01;  1,741290092468e+01
  3,901012241840e-01;  1,914236831665e+01
  4,066523611546e-01;  2,102916908264e+01
  4,222979247570e-01;  2,299897384644e+01
  4,368010759354e-01;  2,489568710327e+01
  4,504125714302e-01;  2,665568161011e+01
  4,628607630730e-01;  2,829866790771e+01
  4,746541678905e-01;  2,984161758423e+01
  4,853190481663e-01;  3,128915214539e+01
  5,046914219856e-01;  3,392649078369e+01
  5,212703943253e-01;  3,623684310913e+01
  5,358014106750e-01;  3,824670791626e+01
  5,481172800064e-01;  3,999664306641e+01
  5,586010217667e-01;  4,150114059448e+01
  5,713905692101e-01;  4,333695602417e+01
  5,837412476540e-01;  4,517245864868e+01
  5,950469970703e-01;  4,675445175171e+01
  6,056770682335e-01;  4,819919204712e+01
  6,125873327255e-01;  4,902472305298e+01
  6,166972517967e-01;  4,759925460815e+01
  6,167529821396e-01;  4,632456207275e+01
  5,974990129471e-01;  4,300253295898e+01
  5,774509310722e-01;  4,102807617188e+01
  5,593672990799e-01;  3,888808059692e+01
  5,427674055099e-01;  3,660868072510e+01
  5,276094675064e-01;  3,423204421997e+01
  5,140048861504e-01;  3,192705726624e+01
  5,017865896225e-01;  2,991128540039e+01
  4,910381138325e-01;  2,819318199158e+01
  4,722578525543e-01;  2,541479110718e+01
  4,567725062370e-01;  2,329229354858e+01
  4,429799020290e-01;  2,160377311707e+01
  4,312700927258e-01;  2,022051811218e+01
  4,206121563911e-01;  1,906201934814e+01
  4,071260392666e-01;  1,764724540710e+01
  3,958063423634e-01;  1,652379417419e+01
  3,833720982075e-01;  1,535512733459e+01
  3,711398541927e-01;  1,425812816620e+01
  3,594718575478e-01;  1,327920722961e+01
  3,491273820400e-01;  1,245859622955e+01
  3,386923670769e-01;  1,167709827423e+01
  3,315870761871e-01;  1,118065166473e+01
  3,263626098633e-01;  1,083831691742e+01
  3,226497471333e-01;  1,083991050720e+01
  3,220576345921e-01;  1,195142459869e+01
  3,458533883095e-01;  1,528317165375e+01
  3,658735752106e-01;  1,677706527710e+01
  3,841662108898e-01;  1,844474411011e+01
  4,011492431164e-01;  2,027546501160e+01
  4,171918928623e-01;  2,223124122620e+01
  4,320642352104e-01;  2,417623519897e+01
  4,461215436459e-01;  2,599293136597e+01
  4,589110612869e-01;  2,768294906616e+01
  4,710318446159e-01;  2,926721000671e+01
  4,821147024632e-01;  3,075415229797e+01
  4,922362565994e-01;  3,215095901489e+01
  5,108354091644e-01;  3,469145965576e+01
  5,267108678818e-01;  3,690760040283e+01
  5,406288504601e-01;  3,883974456787e+01
  5,521575212479e-01;  4,051114273071e+01
  5,622302889824e-01;  4,194351959229e+01
  5,741909146309e-01;  4,368069839478e+01
  5,859912633896e-01;  4,541662216187e+01
  5,967397093773e-01;  4,692158889771e+01
  6,075578927994e-01;  4,839205551147e+01
  6,138759851456e-01;  4,912147521973e+01
  6,172962784767e-01;  4,674139022827e+01
  6,036012172699e-01;  4,355876541138e+01
  5,837063789368e-01;  4,163956451416e+01
  5,649609565735e-01;  3,954494476318e+01
  5,479709506035e-01;  3,730521011353e+01
  5,323811173439e-01;  3,494478225708e+01
  5,183029174805e-01;  3,258805847168e+01
  5,056527256966e-01;  3,047260856628e+01
  4,945211112499e-01;  2,867220306396e+01
  4,845040440559e-01;  2,711943054199e+01
  4,669985473156e-01;  2,459962654114e+01
  4,521401524544e-01;  2,265093040466e+01
  4,390928745270e-01;  2,107797050476e+01
  4,278707206249e-01;  1,978100585938e+01
  4,175610840321e-01;  1,869012451172e+01
  4,048272967339e-01;  1,734893989563e+01
  3,938698172569e-01;  1,627960586548e+01
  3,819719254971e-01;  1,516235637665e+01
  3,701506853104e-01;  1,411103725433e+01
  3,589145839214e-01;  1,317267894745e+01
  3,488975167274e-01;  1,237896537781e+01
  3,388177752495e-01;  1,162299537659e+01
  3,319353759289e-01;  1,114841461182e+01
  3,268641531467e-01;  1,081730651855e+01
  3,232070207596e-01;  1,138831710815e+01
  3,229283988476e-01;  1,211727333069e+01
  3,509246110916e-01;  1,557276535034e+01
  3,705756068230e-01;  1,710479354858e+01
  3,885547816753e-01;  1,880842590332e+01
  4,053288400173e-01;  2,067118453979e+01
  4,211624860764e-01;  2,264093589783e+01
  4,358815848827e-01;  2,456690406799e+01
  4,496950805187e-01;  2,635823059082e+01
  4,623034894466e-01;  2,802882385254e+01
  4,742710292339e-01;  2,959581756592e+01
  4,850404262543e-01;  3,106666564941e+01
  4,951410591602e-01;  3,244720458984e+01
  5,133988857269e-01;  3,495757293701e+01
  5,290444493294e-01;  3,714323806763e+01
  5,426629185677e-01;  3,904816818237e+01
  5,540383458138e-01;  4,069704437256e+01
  5,681653022766e-01;  4,272055053711e+01
  5,787257552147e-01;  4,429829025269e+01
  5,896274447441e-01;  4,586942291260e+01
  6,006894111633e-01;  4,742986297607e+01
  6,103581786156e-01;  4,869611740112e+01
  6,156871914864e-01;  4,927059173584e+01
  6,174147129059e-01;  4,736627197266e+01
  5,941553711891e-01;  4,261774063110e+01
  5,742954015732e-01;  4,060559463501e+01
  5,566296577454e-01;  3,843377685547e+01
  5,402874946594e-01;  3,612728118896e+01
  5,254639387131e-01;  3,374297332764e+01
  5,121031999588e-01;  3,148269271851e+01
  5,002750158310e-01;  2,953138351440e+01
  4,897145926952e-01;  2,786256027222e+01
  4,712965488434e-01;  2,515731811523e+01
  4,560410976410e-01;  2,308689689636e+01
  4,424365460873e-01;  2,143200302124e+01
  4,309217929840e-01;  2,007078742981e+01
  4,204171299934e-01;  1,892936134338e+01
  4,071608781815e-01;  1,753694915771e+01
  3,959944248199e-01;  1,642645072937e+01
  3,837134242058e-01;  1,527349090576e+01
  3,717458844185e-01;  1,418994045258e+01
  3,602381050587e-01;  1,322932338715e+01
  3,500329852104e-01;  1,241699695587e+01
  3,397929966450e-01;  1,164918804169e+01
  3,328409492970e-01;  1,116223239899e+01
  3,277349174023e-01;  1,083144474030e+01
  3,240081071854e-01;  1,093672752380e+01
  3,234020769596e-01;  1,219745731354e+01
  3,341366350651e-01;  1,434495162964e+01
  3,533836007118e-01;  1,571357440948e+01
  3,728952705860e-01;  1,726488876343e+01
  3,907629847527e-01;  1,898642158508e+01
  4,074325561523e-01;  2,086590766907e+01
  4,231965541840e-01;  2,284064102173e+01
  4,378320574760e-01;  2,475784683228e+01
  4,514923095703e-01;  2,653805160522e+01
  4,640310406685e-01;  2,819883537292e+01
  4,758732020855e-01;  2,975646018982e+01
  4,865729212761e-01;  3,121690940857e+01
  4,966248273849e-01;  3,258898544312e+01
  5,146875977516e-01;  3,507999420166e+01
  5,302425622940e-01;  3,724937057495e+01
  5,436939001083e-01;  3,914303588867e+01
  5,549996495247e-01;  4,078100585938e+01
  5,690012574196e-01;  4,278766250610e+01
  5,794223546982e-01;  4,435084915161e+01
  5,902544260025e-01;  4,590564346313e+01
  6,012467145920e-01;  4,745930480957e+01
  6,107970476151e-01;  4,870139312744e+01
  6,160911917686e-01;  4,927758789063e+01
  6,178117990494e-01;  4,724840927124e+01
  5,924835205078e-01;  4,242277526855e+01
  5,727977156639e-01;  4,039322280884e+01
  5,552852749825e-01;  3,820655822754e+01
  5,390545129776e-01;  3,588712310791e+01
  5,244051218033e-01;  3,349946594238e+01
  5,112463831902e-01;  3,126321983337e+01
  4,995226562023e-01;  2,934149551392e+01
  4,890876412392e-01;  2,769610214233e+01
  4,708646833897e-01;  2,502854919434e+01
  4,557415544987e-01;  2,298312759399e+01
  4,422414898872e-01;  2,134475708008e+01
  4,307964146137e-01;  1,999532508850e+01
  4,203335344791e-01;  1,886554145813e+01
  4,071817696095e-01;  1,748508834839e+01
  3,960989117622e-01;  1,638532447815e+01
  3,839084804058e-01;  1,524241733551e+01
  3,720315098763e-01;  1,416845798492e+01
  3,605794608593e-01;  1,321211528778e+01
  3,503952026367e-01;  1,239944744110e+01
  3,402736485004e-01;  1,163612174988e+01
  3,333773314953e-01;  1,115024948120e+01
  3,283479213715e-01;  1,082524776459e+01
  3,246350586414e-01;  1,126696109772e+01
  3,243215680122e-01;  1,194952583313e+01
  3,481242954731e-01;  1,529039669037e+01
  3,681166172028e-01;  1,679014396667e+01
  3,863744437695e-01;  1,846310043335e+01
  4,033435285091e-01;  2,030037307739e+01
  4,194000959396e-01;  2,226328277588e+01
  4,343072772026e-01;  2,421481895447e+01
  4,483715593815e-01;  2,603841972351e+01
  4,611192643642e-01;  2,773406791687e+01
  4,732261300087e-01;  2,932246398926e+01
  4,841975271702e-01;  3,081344413757e+01
  4,943608939648e-01;  3,221368026733e+01
  5,128903388977e-01;  3,475733566284e+01
  5,287448763847e-01;  3,697324752808e+01
  5,425235629082e-01;  3,890769195557e+01
  5,540383458138e-01;  4,058130264282e+01
  5,683951973915e-01;  4,263453674316e+01
  5,790392160416e-01;  4,423510742188e+01
  5,900663137436e-01;  4,582678985596e+01
  6,012815237045e-01;  4,740815734863e+01
  6,110199689865e-01;  4,868929290771e+01
  6,163698434830e-01;  4,927558135986e+01
  6,180695295334e-01;  4,724736022949e+01
  5,926924943924e-01;  4,242211914063e+01
  5,730554461479e-01;  4,039058685303e+01
  5,555499792099e-01;  3,820328140259e+01
  5,393471121788e-01;  3,588146591187e+01
  5,246976613998e-01;  3,349227523804e+01
  5,114971399307e-01;  3,125582313538e+01
  4,997664690018e-01;  2,933499145508e+01
  4,893662929535e-01;  2,768881797791e+01
  4,711084663868e-01;  2,501912879944e+01
  4,560062587261e-01;  2,297183799744e+01
  4,425549805164e-01;  2,133315658569e+01
  4,310959577560e-01;  1,998545074463e+01
  4,206957519054e-01;  1,885385513306e+01
  4,075300693512e-01;  1,747260665894e+01
  3,964681327343e-01;  1,637367820740e+01
  3,842776715755e-01;  1,523008155823e+01
  3,723937273026e-01;  1,415561103821e+01
  3,610391914845e-01;  1,319819545746e+01
  3,509176373482e-01;  1,239081382751e+01
  3,408170044422e-01;  1,162536811829e+01
  3,339206874371e-01;  1,114700222015e+01
  3,289748430252e-01;  1,082201290131e+01
  3,252619802952e-01;  1,144563579559e+01
  3,249485194683e-01;  1,219808769226e+01
  3,356691300869e-01;  1,434953784943e+01
  3,549161255360e-01;  1,572187328339e+01
  3,744208216667e-01;  1,727806663513e+01
  3,922606706619e-01;  1,900321006775e+01
  4,089511334896e-01;  2,088783836365e+01
  4,246802926064e-01;  2,286627960205e+01
  4,393436610699e-01;  2,478863906860e+01
  4,529899954796e-01;  2,657267951965e+01
  4,655426740646e-01;  2,823783302307e+01
  4,773569405079e-01;  2,980034828186e+01
  4,879312813282e-01;  3,126486968994e+01
  4,980319440365e-01;  3,264030838013e+01
  5,160459280014e-01;  3,513618850708e+01
  5,315661430359e-01;  3,731103134155e+01
  5,449965000153e-01;  3,920518112183e+01
  5,562326312065e-01;  4,083676910400e+01
  5,700809359550e-01;  4,283433532715e+01
  5,804184675217e-01;  4,439080429077e+01
  5,912644863129e-01;  4,594572067261e+01
  6,020826101303e-01;  4,748107147217e+01
  6,115772128105e-01;  4,872040557861e+01
  6,168017387390e-01;  4,928986740112e+01
  6,184944510460e-01;  4,699480819702e+01
  6,082057356834e-01;  4,390769195557e+01
  5,890005230904e-01;  4,202428054810e+01
  5,697674751282e-01;  3,995618057251e+01
  5,525336861610e-01;  3,773819732666e+01
  5,366164445877e-01;  3,539347457886e+01
  5,222247838974e-01;  3,301114654541e+01
  5,093864798546e-01;  3,082853317261e+01
  4,979553222656e-01;  2,896671295166e+01
  4,877780377865e-01;  2,736763572693e+01
  4,699033796787e-01;  2,476977539063e+01
  4,549961984158e-01;  2,277290916443e+01
  4,417608380318e-01;  2,116545677185e+01
  4,304690063000e-01;  1,984502410889e+01
  4,201733171940e-01;  1,873434638977e+01
  4,072305560112e-01;  1,737725448608e+01
  3,962939679623e-01;  1,629842376709e+01
  3,842567801476e-01;  1,516975402832e+01
  3,725330531597e-01;  1,410166358948e+01
  3,613317608833e-01;  1,315803813934e+01
  3,512868583202e-01;  1,236249923706e+01
  3,413533866405e-01;  1,160566139221e+01
  3,345824480057e-01;  1,113420295715e+01
  3,296714425087e-01;  1,081660938263e+01
  3,259934186935e-01;  1,150829124451e+01
  3,256938755512e-01;  1,228374195099e+01
  3,380514979362e-01;  1,447618961334e+01
  3,576607108116e-01;  1,586858558655e+01
  3,769842982292e-01;  1,744249153137e+01
  3,946848213673e-01;  1,918625831604e+01
  4,113056361675e-01;  2,108830642700e+01
  4,269094169140e-01;  2,307134819031e+01
  4,414891898632e-01;  2,498267364502e+01
  4,549543857574e-01;  2,675604248047e+01
  4,674791991711e-01;  2,841319656372e+01
  4,791681170464e-01;  2,996800041199e+01
  4,896588623524e-01;  3,142766571045e+01
  4,996898472309e-01;  3,279538345337e+01
  5,174878835678e-01;  3,527631378174e+01
  5,329593420029e-01;  3,743454742432e+01
  5,462155342102e-01;  3,931558990479e+01
  5,573680996895e-01;  4,093505859375e+01
  5,710422396660e-01;  4,291431045532e+01
  5,812473893166e-01;  4,445522689819e+01
  5,919958949089e-01;  4,599101257324e+01
  6,026956439018e-01;  4,750748443604e+01
  6,120648384094e-01;  4,873923873901e+01
  6,172544956207e-01;  4,930565261841e+01
  6,185780167580e-01;  4,711555480957e+01
  5,911251306534e-01;  4,221177673340e+01
  5,716622471809e-01;  4,016112136841e+01
  5,542960762978e-01;  3,795753860474e+01
  5,382673740387e-01;  3,562185668945e+01
  5,237781405449e-01;  3,323506546021e+01
  5,107657313347e-01;  3,102472877502e+01
  4,991883039474e-01;  2,912987136841e+01
  4,888925850391e-01;  2,750607681274e+01
  4,708437621593e-01;  2,487315559387e+01
  4,558878242970e-01;  2,284930610657e+01
  4,425201416016e-01;  2,122651672363e+01
  4,311795532703e-01;  1,988957023621e+01
  4,208699166775e-01;  1,877166938782e+01
  4,078226387501e-01;  1,740090751648e+01
  3,969209194183e-01;  1,631092453003e+01
  3,847931623459e-01;  1,517744064331e+01
  3,730903267860e-01;  1,410537338257e+01
  3,618751168251e-01;  1,315784263611e+01
  3,518232405186e-01;  1,236026477814e+01
  3,418967127800e-01;  1,160538196564e+01
  3,351397216320e-01;  1,113267135620e+01
  3,302287161350e-01;  1,081120395660e+01
  3,266273140907e-01;  1,165121555328e+01
  3,263556361198e-01;  1,247181034088e+01
  3,422937691212e-01;  1,474817752838e+01
  3,623487949371e-01;  1,617692947388e+01
  3,812683820724e-01;  1,778553199768e+01
  3,987042009830e-01;  1,956138229370e+01
  4,151299595833e-01;  2,148882293701e+01
  4,305108189583e-01;  2,346857261658e+01
  4,449373185635e-01;  2,535426902771e+01
  4,581448137760e-01;  2,710468864441e+01
  4,705094099045e-01;  2,874249839783e+01
  4,819196760654e-01;  3,027823638916e+01
  4,923059344292e-01;  3,172066497803e+01
  5,113578438759e-01;  3,434323501587e+01
  5,275955200195e-01;  3,662847900391e+01
  5,417851805687e-01;  3,861992645264e+01
  5,535855293274e-01;  4,033996582031e+01
  5,638116002083e-01;  4,180858230591e+01
  5,759533047676e-01;  4,359269332886e+01
  5,879904627800e-01;  4,537755203247e+01
  5,987946987152e-01;  4,691635894775e+01
  6,095570921898e-01;  4,838880920410e+01
  6,159867048264e-01;  4,914931106567e+01
  6,188636422157e-01;  4,617926025391e+01
  5,977219343185e-01;  4,279967117310e+01
  5,777087211609e-01;  4,080200958252e+01
  5,597991943359e-01;  3,863927078247e+01
  5,433734655380e-01;  3,633777618408e+01
  5,283896327019e-01;  3,394654846191e+01
  5,149592757225e-01;  3,165441703796e+01
  5,029568672180e-01;  2,966411018372e+01
  4,922919869423e-01;  2,796586036682e+01
  4,737416207790e-01;  2,521742630005e+01
  4,584582746029e-01;  2,311485862732e+01
  4,448398053646e-01;  2,144220733643e+01
  4,333041608334e-01;  2,006743049622e+01
  4,228761196136e-01;  1,891667175293e+01
  4,094805419445e-01;  1,751441383362e+01
  3,984534144402e-01;  1,639554977417e+01
  3,861375749111e-01;  1,523804569244e+01
  3,743093609810e-01;  1,415262603760e+01
  3,629339337349e-01;  1,319453620911e+01
  3,527984619141e-01;  1,238568496704e+01
  3,427674770355e-01;  1,161506557465e+01
  3,359756469727e-01;  1,113091659546e+01
  3,310785591602e-01;  1,081906604767e+01
  3,274562656879e-01;  1,138383102417e+01
  3,271636962891e-01;  1,211275100708e+01
  3,279856741428e-01;  1,306447315216e+01
  3,549161255360e-01;  1,558313179016e+01
  3,745949864388e-01;  1,712480735779e+01
  3,925741314888e-01;  1,883694648743e+01
  4,093342721462e-01;  2,071170043945e+01
  4,252236485481e-01;  2,269132614136e+01
  4,399705827236e-01;  2,462856101990e+01
  4,536865949631e-01;  2,643169212341e+01
  4,663089215755e-01;  2,811430740356e+01
  4,781789481640e-01;  2,969153785706e+01
  4,888368546963e-01;  3,117153167725e+01
  4,990071952343e-01;  3,255979919434e+01
  5,171117186546e-01;  3,507780075073e+01
  5,327503085136e-01;  3,727092742920e+01
  5,461598038673e-01;  3,917905807495e+01
  5,574377179146e-01;  4,082231140137e+01
  5,712860822678e-01;  4,282996749878e+01
  5,816375017166e-01;  4,439946746826e+01
  5,925044417381e-01;  4,595993423462e+01
  6,032320261002e-01;  4,749103164673e+01
  6,127266287804e-01;  4,873854827881e+01
  6,178814172745e-01;  4,930757904053e+01
  6,190726161003e-01;  4,617192077637e+01
  5,979726910591e-01;  4,279050827026e+01
  5,779525041580e-01;  4,079217147827e+01
  5,600638985634e-01;  3,862894821167e+01
  5,436172485352e-01;  3,632656478882e+01
  5,286334753036e-01;  3,393460464478e+01
  5,152170062065e-01;  3,164018249512e+01
  5,032146573067e-01;  2,964974975586e+01
  4,925706386566e-01;  2,795108795166e+01
  4,740202426910e-01;  2,519937324524e+01
  4,587578177452e-01;  2,309668922424e+01
  4,451532661915e-01;  2,142433738708e+01
  4,336245954037e-01;  2,005086326599e+01
  4,232034981251e-01;  1,890182685852e+01
  4,098567068577e-01;  1,750020217896e+01
  3,988504707813e-01;  1,638219642639e+01
  3,865555524826e-01;  1,522391128540e+01
  3,747482299805e-01;  1,413941478729e+01
  3,634076416492e-01;  1,318129253387e+01
  3,533557355404e-01;  1,236836719513e+01
  3,434501290321e-01;  1,159828853607e+01
  3,366513550282e-01;  1,112288188934e+01
  3,318448364735e-01;  1,081314277649e+01
  3,282573521137e-01;  1,151132678986e+01
  3,279438912868e-01;  1,228699970245e+01
  3,402597308159e-01;  1,448307800293e+01
  3,598271310329e-01;  1,587865734100e+01
  3,791298270226e-01;  1,745576667786e+01
  3,967955112457e-01;  1,920401382446e+01
  4,134232997894e-01;  2,111148834229e+01
  4,289991855621e-01;  2,310033226013e+01
  4,436486363411e-01;  2,501807975769e+01
  4,570790231228e-01;  2,679676628113e+01
  4,696038365364e-01;  2,845847511292e+01
  4,812021553516e-01;  3,001861572266e+01
  4,917138218880e-01;  3,148245048523e+01
  5,017587542534e-01;  3,285549163818e+01
  5,194453597069e-01;  3,534304428101e+01
  5,349097847939e-01;  3,750346755981e+01
  5,480476021767e-01;  3,938377380371e+01
  5,591235160828e-01;  4,099947357178e+01
  5,726792812347e-01;  4,296886062622e+01
  5,828008055687e-01;  4,450913238525e+01
  5,934796333313e-01;  4,603837203979e+01
  6,039843559265e-01;  4,753998565674e+01
  6,133047938347e-01;  4,876362991333e+01
  6,183551549911e-01;  4,931474685669e+01
  6,196577548981e-01;  4,686028671265e+01
  6,077041625977e-01;  4,371594619751e+01
  5,880740880966e-01;  4,180900573730e+01
  5,690500140190e-01;  3,972319030762e+01
  5,519973039627e-01;  3,748846054077e+01
  5,362124443054e-01;  3,512816238403e+01
  5,220506191254e-01;  3,275175094604e+01
  5,093446969986e-01;  3,059700965881e+01
  4,980598092079e-01;  2,876049041748e+01
  4,879870116711e-01;  2,718262290955e+01
  4,703213274479e-01;  2,461655044556e+01
  4,555743634701e-01;  2,263953590393e+01
  4,424504935741e-01;  2,104902839661e+01
  4,313188493252e-01;  1,973873519897e+01
  4,211485385895e-01;  1,863689804077e+01
  4,083102643490e-01;  1,728953552246e+01
  3,975269496441e-01;  1,621345710754e+01
  3,856151401997e-01;  1,509539222717e+01
  3,741143345833e-01;  1,403901386261e+01
  3,630732595921e-01;  1,310479927063e+01
  3,520879447460e-01;  1,222432136536e+01
  3,426977992058e-01;  1,151471900940e+01
  3,363239467144e-01;  1,107143974304e+01
  3,317055106163e-01;  1,077643966675e+01
  3,285708129406e-01;  1,203006935120e+01
  3,541986346245e-01;  1,544421005249e+01
  3,740446567535e-01;  1,696930313110e+01
  3,920865356922e-01;  1,866804313660e+01
  4,089998900890e-01;  2,053148078918e+01
  4,249728620052e-01;  2,250949668884e+01
  4,398312866688e-01;  2,446230506897e+01
  4,536657035351e-01;  2,628517532349e+01
  4,663994908333e-01;  2,798251152039e+01
  4,783252179623e-01;  2,957285881042e+01
  4,890319108963e-01;  3,106532859802e+01
  4,992858171463e-01;  3,246588134766e+01
  5,174391269684e-01;  3,500645446777e+01
  5,331822037697e-01;  3,721695327759e+01
  5,466335415840e-01;  3,913734436035e+01
  5,579601526260e-01;  4,079020309448e+01
  5,718781948090e-01;  4,280501556396e+01
  5,822574496269e-01;  4,437612152100e+01
  5,931453108788e-01;  4,594624328613e+01
  6,038937568665e-01;  4,749413299561e+01
  6,133535504341e-01;  4,875455093384e+01
  6,184735298157e-01;  4,930847930908e+01
  6,197204589844e-01;  4,617363739014e+01
  5,985439419746e-01;  4,279312515259e+01
  5,785236954689e-01;  4,079206848145e+01
  5,606699585915e-01;  3,862765121460e+01
  5,442093610764e-01;  3,632418441772e+01
  5,292394757271e-01;  3,392951965332e+01
  5,158299803734e-01;  3,163325500488e+01
  5,038206577301e-01;  2,963983345032e+01
  4,931766688824e-01;  2,794026947021e+01
  4,746263027191e-01;  2,518698883057e+01
  4,593847393990e-01;  2,308202743530e+01
  4,457941353321e-01;  2,140607261658e+01
  4,343003034592e-01;  2,003005790710e+01
  4,239419102669e-01;  1,888091278076e+01
  4,105393886566e-01;  1,748023605347e+01
  3,996376395226e-01;  1,636513900757e+01
  3,873426914215e-01;  1,521196556091e+01
  3,755284249783e-01;  1,412471675873e+01
  3,642783761024e-01;  1,316696262360e+01
  3,531119227409e-01;  1,226638221741e+01
  3,435685634613e-01;  1,153517818451e+01
  3,370762765408e-01;  1,108010292053e+01
  3,324578404427e-01;  1,078678894043e+01
  3,289887905121e-01;  1,219646930695e+01
  3,396188616753e-01;  1,435271930695e+01
  3,587473928928e-01;  1,573044490814e+01
  3,782033622265e-01;  1,729324340820e+01
  3,960222899914e-01;  1,902633857727e+01
  4,127824306488e-01;  2,092058753967e+01
  4,284558594227e-01;  2,290833473206e+01
  4,431749284267e-01;  2,484061431885e+01
  4,567167758942e-01;  2,663644027710e+01
  4,693042933941e-01;  2,831186103821e+01
  4,810349941254e-01;  2,988544273376e+01
  4,915675222874e-01;  3,136046028137e+01
  5,016890764236e-01;  3,274473953247e+01
  5,195289254189e-01;  3,525178527832e+01
  5,351048111916e-01;  3,743290328979e+01
  5,482565760612e-01;  3,932958984375e+01
  5,594369769096e-01;  4,095482635498e+01
  5,730414986610e-01;  4,293795394897e+01
  5,832396745682e-01;  4,448597717285e+01
  5,939324498177e-01;  4,602721405029e+01
  6,044510602951e-01;  4,753747177124e+01
  6,137854456902e-01;  4,877138137817e+01
  6,188079118729e-01;  4,931763076782e+01
  6,201314330101e-01;  4,712000656128e+01
  5,926437377930e-01;  4,220986557007e+01
  5,731599330902e-01;  4,015557098389e+01
  5,558285713196e-01;  3,794416046143e+01
  5,397650599480e-01;  3,560180282593e+01
  5,252897739410e-01;  3,320802688599e+01
  5,122913122177e-01;  3,098952865601e+01
  5,007556676865e-01;  2,909144020081e+01
  4,904599487782e-01;  2,746518707275e+01
  4,724111258984e-01;  2,482488059998e+01
  4,575527012348e-01;  2,279558753967e+01
  4,442825317383e-01;  2,117473030090e+01
  4,329767525196e-01;  1,983899307251e+01
  4,227716326714e-01;  1,871742820740e+01
  4,097173810005e-01;  1,734637832642e+01
  3,989062011242e-01;  1,625323104858e+01
  3,868690133095e-01;  1,512048625946e+01
  3,753194510937e-01;  1,406130504608e+01
  3,642296195030e-01;  1,312671089172e+01
  3,531676530838e-01;  1,223316478729e+01
  3,437914550304e-01;  1,151600837708e+01
  3,373479545116e-01;  1,106633472443e+01
  3,328200578690e-01;  1,077529335022e+01
  3,294554948807e-01;  1,246358871460e+01
  3,452543318272e-01;  1,474398612976e+01
  3,653093278408e-01;  1,618101119995e+01
  3,842149674892e-01;  1,779577064514e+01
  4,015602469444e-01;  1,958120155334e+01
  4,181113839149e-01;  2,151781845093e+01
  4,334574043751e-01;  2,350538635254e+01
  4,478630423546e-01;  2,540077972412e+01
  4,610147774220e-01;  2,716098022461e+01
  4,734142124653e-01;  2,880567550659e+01
  4,847269356251e-01;  3,034951210022e+01
  4,951410591602e-01;  3,179701995850e+01
  5,140815377235e-01;  3,442192077637e+01
  5,303122401237e-01;  3,671058273315e+01
  5,443695783615e-01;  3,870539855957e+01
  5,560932755470e-01;  4,042347335815e+01
  5,662496685982e-01;  4,188177108765e+01
  5,781127214432e-01;  4,366227722168e+01
  5,901499390602e-01;  4,543746566772e+01
  6,007800102234e-01;  4,696475601196e+01
  6,113125085831e-01;  4,842777633667e+01
  6,176933646202e-01;  4,918014907837e+01
  6,204310059547e-01;  4,659193801880e+01
  6,049804687500e-01;  4,335031127930e+01
  5,848697423935e-01;  4,140521240234e+01
  5,662845373154e-01;  3,928569412231e+01
  5,495174527168e-01;  3,702082443237e+01
  5,341086983681e-01;  3,464151763916e+01
  5,202185511589e-01;  3,228812408447e+01
  5,077982544899e-01;  3,019446945190e+01
  4,968198835850e-01;  2,841318893433e+01
  4,777958095074e-01;  2,553944587708e+01
  4,621014893055e-01;  2,334744071960e+01
  4,483228027821e-01;  2,161723136902e+01
  4,365293979645e-01;  2,019888687134e+01
  4,260804653168e-01;  1,901785469055e+01
  4,124062657356e-01;  1,758467864990e+01
  4,013442993164e-01;  1,644514465332e+01
  3,889030814171e-01;  1,526777935028e+01
  3,769425153732e-01;  1,416290378571e+01
  3,656019270420e-01;  1,320059776306e+01
  3,555360734463e-01;  1,238217449188e+01
  3,455538451672e-01;  1,160132694244e+01
  3,387759625912e-01;  1,111491012573e+01
  3,340251743793e-01;  1,081270027161e+01
  3,305421769619e-01;  1,131839656830e+01
  3,302078247070e-01;  1,202609443665e+01
  3,557311296463e-01;  1,544082736969e+01
  3,755702078342e-01;  1,696859741211e+01
  3,936329782009e-01;  1,866952514648e+01
  4,104975759983e-01;  2,053692054749e+01
  4,264705479145e-01;  2,251946640015e+01
  4,413986206055e-01;  2,447901153564e+01
  4,551285505295e-01;  2,630689239502e+01
  4,678971767426e-01;  2,800787162781e+01
  4,798089861870e-01;  2,960201072693e+01
  4,905226230621e-01;  3,109811973572e+01
  5,007695555687e-01;  3,250262069702e+01
  5,188532471657e-01;  3,504533004761e+01
  5,346032977104e-01;  3,725710678101e+01
  5,479779243469e-01;  3,917905807495e+01
  5,592837333679e-01;  4,083013153076e+01
  5,730763077736e-01;  4,284500885010e+01
  5,834068655968e-01;  4,441794586182e+01
  5,942459106445e-01;  4,598530578613e+01
  6,048411726952e-01;  4,751415634155e+01
  6,143078804016e-01;  4,877081298828e+01
  6,193442940712e-01;  4,931605911255e+01
  6,205981969833e-01;  4,724425888062e+01
  5,952350497246e-01;  4,240368652344e+01
  5,755283236504e-01;  4,036540985107e+01
  5,580019950867e-01;  3,816901397705e+01
  5,418409109116e-01;  3,583718109131e+01
  5,272193551064e-01;  3,344019317627e+01
  5,141233205795e-01;  3,119118881226e+01
  5,023787021637e-01;  2,926013565063e+01
  4,919924438000e-01;  2,760674667358e+01
  4,737903773785e-01;  2,492418289185e+01
  4,588274657726e-01;  2,286808395386e+01
  4,454667568207e-01;  2,122884559631e+01
  4,341609776020e-01;  1,988053512573e+01
  4,239697754383e-01;  1,875061416626e+01
  4,107832014561e-01;  1,737130165100e+01
  3,999650478363e-01;  1,627038002014e+01
  3,878790736198e-01;  1,512941646576e+01
  3,762737810612e-01;  1,406264972687e+01
  3,651839494705e-01;  1,311988449097e+01
  3,541777133942e-01;  1,223575401306e+01
  3,448224365711e-01;  1,151141357422e+01
  3,383928239346e-01;  1,105867958069e+01
  3,339206874371e-01;  1,076991176605e+01
  3,308278024197e-01;  1,266059684753e+01
  3,502280116081e-01;  1,502590084076e+01
  3,703666329384e-01;  1,650127410889e+01
  3,888821899891e-01;  1,815348434448e+01
  4,060741961002e-01;  1,997423744202e+01
  4,223745465279e-01;  2,193495368958e+01
  4,375534057617e-01;  2,391834640503e+01
  4,517291486263e-01;  2,578901672363e+01
  4,646719098091e-01;  2,752720069885e+01
  4,768972098827e-01;  2,915345382690e+01
  4,878755509853e-01;  3,068074417114e+01
  4,982409179211e-01;  3,211268615723e+01
  5,167912840843e-01;  3,470767974854e+01
  5,328548550606e-01;  3,696617889404e+01
  5,465499162674e-01;  3,893253326416e+01
  5,580995082855e-01;  4,061995697021e+01
  5,722264647484e-01;  4,268355560303e+01
  5,827659964561e-01;  4,429255676270e+01
  5,938557982445e-01;  4,589522552490e+01
  6,047297120094e-01;  4,746440505981e+01
  6,143984794617e-01;  4,875533294678e+01
  6,194139719009e-01;  4,930944824219e+01
  6,206608414650e-01;  4,617092132568e+01
  5,994982719421e-01;  4,278644180298e+01
  5,794711112976e-01;  4,078356170654e+01
  5,615894198418e-01;  3,861640930176e+01
  5,451846122742e-01;  3,630900955200e+01
  5,302007794380e-01;  3,391209030151e+01
  5,168191790581e-01;  3,161182594299e+01
  5,048028826714e-01;  2,961672401428e+01
  4,941728115082e-01;  2,791353607178e+01
  4,756363630295e-01;  2,515769386292e+01
  4,604435861111e-01;  2,305143547058e+01
  4,469087123871e-01;  2,137850761414e+01
  4,354287981987e-01;  2,000548553467e+01
  4,251400530338e-01;  1,885601615906e+01
  4,117584228516e-01;  1,745257377625e+01
  4,008706212044e-01;  1,633381080627e+01
  3,886801600456e-01;  1,517620086670e+01
  3,769076764584e-01;  1,409604930878e+01
  3,657412230968e-01;  1,314148902893e+01
  3,546792864799e-01;  1,224094009399e+01
  3,452752232552e-01;  1,151306819916e+01
  3,389013409615e-01;  1,105549430847e+01
  3,344431221485e-01;  1,077674961090e+01
  3,314408063889e-01;  1,275823211670e+01
  3,527009487152e-01;  1,516523838043e+01
  3,727838397026e-01;  1,666034698486e+01
  3,911252319813e-01;  1,832922554016e+01
  4,082127511501e-01;  2,016590881348e+01
  4,244364798069e-01;  2,213692283630e+01
  4,395177960396e-01;  2,411543083191e+01
  4,535402953625e-01;  2,597307205200e+01
  4,664482474327e-01;  2,769984245300e+01
  4,785411655903e-01;  2,931775474548e+01
  4,893941581249e-01;  3,083619689941e+01
  4,997177124023e-01;  3,226020812988e+01
  5,181357264519e-01;  3,483937072754e+01
  5,340390205383e-01;  3,708351516724e+01
  5,476296544075e-01;  3,903610992432e+01
  5,590886473656e-01;  4,071075057983e+01
  5,730624198914e-01;  4,275358200073e+01
  5,834974050522e-01;  4,435307312012e+01
  5,944896936417e-01;  4,594184875488e+01
  6,051894426346e-01;  4,748830032349e+01
  6,147676706314e-01;  4,877249526978e+01
  6,197482943535e-01;  4,931800842285e+01
  6,210161447525e-01;  4,712136840820e+01
  5,935841202736e-01;  4,220450210571e+01
  5,740863680840e-01;  4,014778900146e+01
  5,567341446877e-01;  3,793284225464e+01
  5,406915545464e-01;  3,558901596069e+01
  5,262302160263e-01;  3,319149398804e+01
  5,132665038109e-01;  3,096876716614e+01
  5,016960501671e-01;  2,906729316711e+01
  4,914212524891e-01;  2,743912124634e+01
  4,733863472939e-01;  2,479248428345e+01
  4,585627615452e-01;  2,276269340515e+01
  4,452717006207e-01;  2,113907051086e+01
  4,340704083443e-01;  1,980296516418e+01
  4,239349365234e-01;  1,868201255798e+01
  4,108737409115e-01;  1,731422233582e+01
  4,001600742340e-01;  1,622183036804e+01
  3,881925642490e-01;  1,508918571472e+01
  3,766778111458e-01;  1,403125190735e+01
  3,656576275826e-01;  1,309249877930e+01
  3,548046648502e-01;  1,220979118347e+01
  3,455190360546e-01;  1,149084472656e+01
  3,391939103603e-01;  1,104245662689e+01
  3,347705304623e-01;  1,075912857056e+01
  3,317891061306e-01;  1,220234298706e+01
  3,423564732075e-01;  1,436899852753e+01
  3,614432215691e-01;  1,575192642212e+01
  3,808852434158e-01;  1,731980323792e+01
  3,986554443836e-01;  1,905955505371e+01
  4,154085814953e-01;  2,096138763428e+01
  4,310889840126e-01;  2,295598411560e+01
  4,458220005035e-01;  2,489675521851e+01
  4,592733085155e-01;  2,670028877258e+01
  4,719165265560e-01;  2,838208770752e+01
  4,834870100021e-01;  2,995896911621e+01
  4,940613508224e-01;  3,143677902222e+01
  5,041620135307e-01;  3,282400512695e+01
  5,219321846962e-01;  3,533420944214e+01
  5,374175310135e-01;  3,751660156250e+01
  5,504160523415e-01;  3,941031265259e+01
  5,615963935852e-01;  4,103180694580e+01
  5,749989151955e-01;  4,300913619995e+01
  5,850787162781e-01;  4,455348205566e+01
  5,957226753235e-01;  4,608518218994e+01
  6,059835553169e-01;  4,756887054443e+01
  6,153249144554e-01;  4,880685806274e+01
  6,201314330101e-01;  4,932628631592e+01
  6,213853359222e-01;  4,686423110962e+01
  6,095013618469e-01;  4,371597290039e+01
  5,898364782333e-01;  4,180778884888e+01
  5,707706212997e-01;  3,971747589111e+01
  5,537387728691e-01;  3,747452545166e+01
  5,379748344421e-01;  3,510826873779e+01
  5,238269567490e-01;  3,272580337524e+01
  5,111418962479e-01;  3,056474304199e+01
  4,998291730881e-01;  2,872302627563e+01
  4,897842407227e-01;  2,714019775391e+01
  4,721185564995e-01;  2,456583786011e+01
  4,575039446354e-01;  2,258256721497e+01
  4,443870186806e-01;  2,099197769165e+01
  4,333598911762e-01;  1,967878532410e+01
  4,233428239822e-01;  1,857635307312e+01
  4,104697108269e-01;  1,722840881348e+01
  3,998117744923e-01;  1,615023994446e+01
  3,880044817924e-01;  1,503030586243e+01
  3,766429722309e-01;  1,398222637177e+01
  3,657412230968e-01;  1,306084823608e+01
  3,549787998199e-01;  1,218860244751e+01
  3,457976579666e-01;  1,147364521027e+01
  3,395631313324e-01;  1,102790355682e+01
  3,352093994617e-01;  1,075011730194e+01
  3,322836756706e-01;  1,211315345764e+01
  3,598201572895e-01;  1,560155582428e+01
  3,794432878494e-01;  1,715202331543e+01
  3,973667323589e-01;  1,887539672852e+01
  4,141895473003e-01;  2,076343536377e+01
  4,300092756748e-01;  2,275736236572e+01
  4,448676705360e-01;  2,471214485168e+01
  4,584025442600e-01;  2,653068161011e+01
  4,711154401302e-01;  2,822555732727e+01
  4,828252494335e-01;  2,981553268433e+01
  4,934622645378e-01;  3,130585479736e+01
  5,036047101021e-01;  3,270153427124e+01
  5,214794278145e-01;  3,522754287720e+01
  5,371180176735e-01;  3,742335128784e+01
  5,501861572266e-01;  3,932965087891e+01
  5,614570975304e-01;  4,096149826050e+01
  5,749431848526e-01;  4,295848464966e+01
  5,851483345032e-01;  4,451892471313e+01
  5,958480834961e-01;  4,606565093994e+01
  6,061229109764e-01;  4,755661773682e+01
  6,155269742012e-01;  4,881072998047e+01
  6,203195452690e-01;  4,932027816772e+01
  6,215455532074e-01;  4,659280014038e+01
  6,060810685158e-01;  4,334671783447e+01
  5,859494209290e-01;  4,139924621582e+01
  5,673781633377e-01;  3,927643203735e+01
  5,506041049957e-01;  3,700648498535e+01
  5,351675152779e-01;  3,462223052979e+01
  5,213330984116e-01;  3,226299667358e+01
  5,089476108551e-01;  3,016680145264e+01
  4,978995919228e-01;  2,838191413879e+01
  4,788964390755e-01;  2,550460815430e+01
  4,633135497570e-01;  2,330799293518e+01
  4,495975673199e-01;  2,157864379883e+01
  4,377832710743e-01;  2,016372680664e+01
  4,274179339409e-01;  1,898244476318e+01
  4,137646257877e-01;  1,754875755310e+01
  4,027723371983e-01;  1,640604782104e+01
  3,903868198395e-01;  1,522510719299e+01
  3,785098493099e-01;  1,412311744690e+01
  3,672737479210e-01;  1,316402149200e+01
  3,562257289886e-01;  1,225357627869e+01
  3,467380702496e-01;  1,151888561249e+01
  3,403154313564e-01;  1,105002689362e+01
  3,358711600304e-01;  1,076768684387e+01
  3,325762450695e-01;  1,228878211975e+01
  3,447388410568e-01;  1,449512958527e+01
  3,642296195030e-01;  1,589885520935e+01
  3,834974765778e-01;  1,748524475098e+01
  4,010935127735e-01;  1,924380874634e+01
  4,177979230881e-01;  2,116108322144e+01
  4,333738386631e-01;  2,316095352173e+01
  4,480371773243e-01;  2,509201049805e+01
  4,613770246506e-01;  2,688457107544e+01
  4,739227294922e-01;  2,855693435669e+01
  4,852981567383e-01;  3,012766838074e+01
  4,958933889866e-01;  3,159984779358e+01
  5,150010585785e-01;  3,426746368408e+01
  5,314616560936e-01;  3,659185409546e+01
  5,456095337868e-01;  3,861198043823e+01
  5,574725866318e-01;  4,035025024414e+01
  5,676220059395e-01;  4,182460784912e+01
  5,794362425804e-01;  4,362885284424e+01
  5,917172431946e-01;  4,542963409424e+01
  6,023055315018e-01;  4,697753524780e+01
  6,128311157227e-01;  4,845089721680e+01
  6,191005110741e-01;  4,919303131104e+01
  6,216152310371e-01;  4,631020355225e+01
  6,024239659309e-01;  4,296986770630e+01
  5,822574496269e-01;  4,098421859741e+01
  5,641390085220e-01;  3,882942962646e+01
  5,476226806641e-01;  3,653375244141e+01
  5,325134992599e-01;  3,413794708252e+01
  5,189995169640e-01;  3,181317520142e+01
  5,068439245224e-01;  2,978295707703e+01
  4,960744976997e-01;  2,805232048035e+01
  4,774126708508e-01;  2,525370597839e+01
  4,621014893055e-01;  2,311400985718e+01
  4,484969377518e-01;  2,142030525208e+01
  4,369821846485e-01;  2,003033447266e+01
  4,266725480556e-01;  1,886860275269e+01
  4,132421612740e-01;  1,745607566833e+01
  4,023683071136e-01;  1,632760810852e+01
  3,901221156120e-01;  1,516580009460e+01
  3,784193098545e-01;  1,408582878113e+01
  3,672737479210e-01;  1,313470935822e+01
  3,563371598721e-01;  1,222987270355e+01
  3,469609916210e-01;  1,149928474426e+01
  3,406080305576e-01;  1,104236316681e+01
  3,361985683441e-01;  1,076307296753e+01
  3,332380354404e-01;  1,229359436035e+01
  3,453866839409e-01;  1,450286388397e+01
  3,648774623871e-01;  1,590935707092e+01
  3,841244280338e-01;  1,749910545349e+01
  4,017204642296e-01;  1,926056861877e+01
  4,184387922287e-01;  2,118107604980e+01
  4,340495169163e-01;  2,318043899536e+01
  4,486780464649e-01;  2,511328506470e+01
  4,619900286198e-01;  2,690746307373e+01
  4,745496809483e-01;  2,858170509338e+01
  4,858902692795e-01;  3,015086936951e+01
  4,964646100998e-01;  3,162468719482e+01
  5,155444145203e-01;  3,429458999634e+01
  5,319840908051e-01;  3,662163925171e+01
  5,461319684982e-01;  3,864317703247e+01
  5,579532384872e-01;  4,038087081909e+01
  5,680608153343e-01;  4,185595703125e+01
  5,798054337502e-01;  4,365473175049e+01
  5,920307040215e-01;  4,545318984985e+01
  6,025702357292e-01;  4,698968505859e+01
  6,130748987198e-01;  4,845988464355e+01
  6,192955374718e-01;  4,920061111450e+01
  6,217684745789e-01;  4,699081420898e+01
  6,115006208420e-01;  4,389403152466e+01
  5,922188162804e-01;  4,200337600708e+01
  5,729300379753e-01;  3,992731094360e+01
  5,557380318642e-01;  3,769645309448e+01
  5,398555994034e-01;  3,533716964722e+01
  5,255823731422e-01;  3,294270706177e+01
  5,127997994423e-01;  3,074571609497e+01
  5,013198852539e-01;  2,887408256531e+01
  4,911565482616e-01;  2,726753997803e+01
  4,733166992664e-01;  2,465487098694e+01
  4,586533308029e-01;  2,264511680603e+01
  4,454806745052e-01;  2,103857421875e+01
  4,343699514866e-01;  1,971392631531e+01
  4,243528842926e-01;  1,860102653503e+01
  4,114101231098e-01;  1,724456596375e+01
  4,007661342621e-01;  1,615762901306e+01
  3,889169991016e-01;  1,503357601166e+01
  3,775276541710e-01;  1,398125457764e+01
  3,666119873524e-01;  1,305558395386e+01
  3,559679687023e-01;  1,218652153015e+01
  3,467729091644e-01;  1,146940612793e+01
  3,405523002148e-01;  1,102175998688e+01
  3,362333774567e-01;  1,074350070953e+01
  3,336211442947e-01;  1,211811637878e+01
  3,611436784267e-01;  1,561396121979e+01
  3,807807564735e-01;  1,716934967041e+01
  3,986554443836e-01;  1,889630317688e+01
  4,155339896679e-01;  2,078825759888e+01
  4,313119053841e-01;  2,278612899780e+01
  4,461772739887e-01;  2,474541854858e+01
  4,597260951996e-01;  2,656902885437e+01
  4,723902046680e-01;  2,826700210571e+01
  4,840442836285e-01;  2,985912513733e+01
  4,947022199631e-01;  3,135233497620e+01
  5,048237442970e-01;  3,275041198730e+01
  5,226775407791e-01;  3,528106307983e+01
  5,382395386696e-01;  3,747990417480e+01
  5,512658953667e-01;  3,938373184204e+01
  5,624880790710e-01;  4,100968551636e+01
  5,758139491081e-01;  4,299347305298e+01
  5,859146118164e-01;  4,454451751709e+01
  5,966143608093e-01;  4,608752822876e+01
  6,068055629730e-01;  4,758131027222e+01
  6,161887049675e-01;  4,883060073853e+01
  6,208977103233e-01;  4,931855010986e+01
  6,220192313194e-01;  4,645090484619e+01
  6,047227382660e-01;  4,315588378906e+01
  5,845074653625e-01;  4,118889617920e+01
  5,661591291428e-01;  3,904989242554e+01
  5,495383143425e-01;  3,676585388184e+01
  5,343106985092e-01;  3,437426376343e+01
  5,206016898155e-01;  3,203015136719e+01
  5,083346366882e-01;  2,996449661255e+01
  4,974468052387e-01;  2,820557594299e+01
  4,786177873611e-01;  2,536641120911e+01
  4,631603062153e-01;  2,319638633728e+01
  4,495766758919e-01;  2,148258399963e+01
  4,378668665886e-01;  2,007898330688e+01
  4,275224208832e-01;  1,890728378296e+01
  4,140432476997e-01;  1,748256492615e+01
  4,031693935394e-01;  1,634908866882e+01
  3,908883929253e-01;  1,517667293549e+01
  3,791158795357e-01;  1,408763408661e+01
  3,679842650890e-01;  1,313556575775e+01
  3,570477068424e-01;  1,223347377777e+01
  3,476575911045e-01;  1,150240707397e+01
  3,412976562977e-01;  1,103842735291e+01
  3,369160592556e-01;  1,075477409363e+01
  3,339694440365e-01;  1,211443805695e+01
  3,615128993988e-01;  1,560746097565e+01
  3,811430037022e-01;  1,716081428528e+01
  3,989689052105e-01;  1,888963127136e+01
  4,158613681793e-01;  2,078352737427e+01
  4,316602051258e-01;  2,278104019165e+01
  4,465185999870e-01;  2,474203109741e+01
  4,600534737110e-01;  2,656536102295e+01
  4,727942347527e-01;  2,826440048218e+01
  4,843925833702e-01;  2,985834503174e+01
  4,950714111328e-01;  3,135364913940e+01
  5,051929354668e-01;  3,275409698486e+01
  5,229770541191e-01;  3,528628540039e+01
  5,386017560959e-01;  3,748806762695e+01
  5,516350865364e-01;  3,939463043213e+01
  5,628502964973e-01;  4,102323913574e+01
  5,761274099350e-01;  4,300874710083e+01
  5,862489938736e-01;  4,455379104614e+01
  5,968720912933e-01;  4,608932495117e+01
  6,070702672005e-01;  4,758187103271e+01
  6,164186000824e-01;  4,883770751953e+01
  6,211066842079e-01;  4,930048751831e+01
  6,220610141754e-01;  4,735881805420e+01
  5,987529158592e-01;  4,258293914795e+01
  5,788580775261e-01;  4,055935287476e+01
  5,611575841904e-01;  3,837235260010e+01
  5,449059605598e-01;  3,604901885986e+01
  5,301659703255e-01;  3,364543151855e+01
  5,169584751129e-01;  3,136502265930e+01
  5,050606131554e-01;  2,939841079712e+01
  4,945420026779e-01;  2,771716499329e+01
  4,762284755707e-01;  2,499140548706e+01
  4,612098336220e-01;  2,290589904785e+01
  4,478142857552e-01;  2,124780464172e+01
  4,364736676216e-01;  1,988512039185e+01
  4,263033568859e-01;  1,874619483948e+01
  4,130819439888e-01;  1,735846900940e+01
  4,023334681988e-01;  1,624781036377e+01
  3,902823328972e-01;  1,509685325623e+01
  3,787118792534e-01;  1,402754020691e+01
  3,677265346050e-01;  1,308824729919e+01
  3,569292724133e-01;  1,219744205475e+01
  3,477272391319e-01;  1,147984504700e+01
  3,414787650108e-01;  1,102591514587e+01
  3,371041417122e-01;  1,074877929688e+01
  3,342132568359e-01;  1,237872123718e+01
  3,480825126171e-01;  1,463344573975e+01
  3,679006695747e-01;  1,606071472168e+01
  3,869526088238e-01;  1,766947746277e+01
  4,044162929058e-01;  1,944983482361e+01
  4,210719168186e-01;  2,138567543030e+01
  4,365224540234e-01;  2,339158630371e+01
  4,510395228863e-01;  2,531680107117e+01
  4,642539620399e-01;  2,710047912598e+01
  4,767300188541e-01;  2,876694488525e+01
  4,879103899002e-01;  3,033006286621e+01
  4,984708130360e-01;  3,179484176636e+01
  5,173694491386e-01;  3,444966506958e+01
  5,336559414864e-01;  3,675958633423e+01
  5,475948452950e-01;  3,876457214355e+01
  5,593533515930e-01;  4,048693847656e+01
  5,736196637154e-01;  4,259157562256e+01
  5,842776298523e-01;  4,423389816284e+01
  5,954301357269e-01;  4,586441802979e+01
  6,063179373741e-01;  4,745188522339e+01
  6,161051392555e-01;  4,876825714111e+01
  6,211414933205e-01;  4,930984497070e+01
  6,221515536308e-01;  4,630632781982e+01
  6,028976440430e-01;  4,296064376831e+01
  5,827799439430e-01;  4,097301864624e+01
  5,646266341209e-01;  3,881496047974e+01
  5,480893850327e-01;  3,651445007324e+01
  5,330219864845e-01;  3,411264801025e+01
  5,195358991623e-01;  3,178464889526e+01
  5,074151158333e-01;  2,974963951111e+01
  4,966248273849e-01;  2,801790046692e+01
  4,780187308788e-01;  2,521913719177e+01
  4,627284109592e-01;  2,307624626160e+01
  4,492283761501e-01;  2,138245773315e+01
  4,376927316189e-01;  1,999354553223e+01
  4,274388253689e-01;  1,883226966858e+01
  4,140084385872e-01;  1,742261886597e+01
  4,032251238823e-01;  1,629793930054e+01
  3,910834193230e-01;  1,513624763489e+01
  3,794015049934e-01;  1,405366134644e+01
  3,683534562588e-01;  1,310538864136e+01
  3,575213849545e-01;  1,221211338043e+01
  3,482009172440e-01;  1,148275947571e+01
  3,419454693794e-01;  1,103355407715e+01
  3,375778198242e-01;  1,075291156769e+01
  3,346521258354e-01;  1,211301326752e+01
  3,621955513954e-01;  1,561348724365e+01
  3,817908167839e-01;  1,716929626465e+01
  3,996446132660e-01;  1,890065002441e+01
  4,165231585503e-01;  2,079644012451e+01
  4,323428571224e-01;  2,279708480835e+01
  4,471664428711e-01;  2,476002502441e+01
  4,606664776802e-01;  2,658633613586e+01
  4,734142124653e-01;  2,828816795349e+01
  4,850055873394e-01;  2,988410758972e+01
  4,956844151020e-01;  3,137804985046e+01
  5,057989954948e-01;  3,277765274048e+01
  5,235831141472e-01;  3,530996704102e+01
  5,391589999199e-01;  3,751165008545e+01
  5,521366000175e-01;  3,941641235352e+01
  5,633587837219e-01;  4,104178237915e+01
  5,766289830208e-01;  4,302603530884e+01
  5,867366194725e-01;  4,457233047485e+01
  5,972900390625e-01;  4,610346603394e+01
  6,073767542839e-01;  4,758362960815e+01
  6,167668700218e-01;  4,883432769775e+01
  6,215037703514e-01;  4,924013137817e+01
  6,224302053452e-01;  4,685876464844e+01
  6,105462908745e-01;  4,370711898804e+01
  5,908256173134e-01;  4,179514694214e+01
  5,717876553535e-01;  3,970189666748e+01
  5,548046231270e-01;  3,745586395264e+01
  5,390684604645e-01;  3,508586502075e+01
  5,249415040016e-01;  3,269782257080e+01
  5,122982263565e-01;  3,053122520447e+01
  5,009646415710e-01;  2,868725776672e+01
  4,909475445747e-01;  2,710430908203e+01
  4,732679426670e-01;  2,452493858337e+01
  4,587020874023e-01;  2,253538322449e+01
  4,456687569618e-01;  2,094001960754e+01
  4,346834123135e-01;  1,962485694885e+01
  4,201036393642e-01;  1,803552818298e+01
  4,082406163216e-01;  1,678810691833e+01
  3,982096016407e-01;  1,579113292694e+01
  3,870919346809e-01;  1,474577522278e+01
  3,764200508595e-01;  1,376569557190e+01
  3,661034703255e-01;  1,289562606812e+01
  3,559470772743e-01;  1,206642341614e+01
  3,472953438759e-01;  1,139794063568e+01
  3,414091169834e-01;  1,096971607208e+01
  3,372782766819e-01;  1,070616722107e+01
  3,351049125195e-01;  1,220204257965e+01
  3,362891077995e-01;  1,318449211121e+01
  3,646824061871e-01;  1,576711368561e+01
  3,841244280338e-01;  1,734293937683e+01
  4,018040597439e-01;  1,909292793274e+01
  4,186477661133e-01;  2,100424194336e+01
  4,343142211437e-01;  2,301000785828e+01
  4,490472674370e-01;  2,496302604675e+01
  4,624776542187e-01;  2,677467155457e+01
  4,750860333443e-01;  2,846441650391e+01
  4,865032732487e-01;  3,004874992371e+01
  4,971612095833e-01;  3,153456878662e+01
  5,163245797157e-01;  3,422364425659e+01
  5,328339338303e-01;  3,656492233276e+01
  5,469470024109e-01;  3,860246658325e+01
  5,588588118553e-01;  4,035195922852e+01
  5,690708756447e-01;  4,183539581299e+01
  5,808294415474e-01;  4,365359115601e+01
  5,931104421616e-01;  4,545937728882e+01
  6,035454869270e-01;  4,699177932739e+01
  6,140362024307e-01;  4,846368026733e+01
  6,202150583267e-01;  4,921125411987e+01
  6,225695610046e-01;  4,658312988281e+01
  6,071608066559e-01;  4,332887268066e+01
  5,870152115822e-01;  4,137849426270e+01
  5,684230923653e-01;  3,925258636475e+01
  5,516977906227e-01;  3,697972488403e+01
  5,362612009048e-01;  3,459057998657e+01
  5,224964022636e-01;  3,222518157959e+01
  5,101109147072e-01;  3,012378311157e+01
  4,991186261177e-01;  2,833664321899e+01
  4,801503121853e-01;  2,545879173279e+01
  4,645883440971e-01;  2,326308822632e+01
  4,509698748589e-01;  2,153080940247e+01
  4,391764700413e-01;  2,011732101440e+01
  4,288807809353e-01;  1,893261528015e+01
  4,152414202690e-01;  1,749805831909e+01
  4,043745100498e-01;  1,635601806641e+01
  3,920934796333e-01;  1,517814636230e+01
  3,803001046181e-01;  1,408515071869e+01
  3,692242205143e-01;  1,312942790985e+01
  3,583364188671e-01;  1,222383117676e+01
  3,490159511566e-01;  1,148473644257e+01
  3,427186906338e-01;  1,103065681458e+01
  3,383580148220e-01;  1,074141311646e+01
  3,357666730881e-01;  1,203926372528e+01
  3,611854910851e-01;  1,548742008209e+01
  3,809549212456e-01;  1,702886390686e+01
  3,989689052105e-01;  1,874493980408e+01
  4,159310460091e-01;  2,062694168091e+01
  4,318343400955e-01;  2,262440681458e+01
  4,467624127865e-01;  2,459996986389e+01
  4,603669643402e-01;  2,644226455688e+01
  4,731564819813e-01;  2,815635681152e+01
  4,847896397114e-01;  2,976273727417e+01
  4,955520629883e-01;  3,126866912842e+01
  5,057154297829e-01;  3,267877578735e+01
  5,236248970032e-01;  3,522547149658e+01
  5,392983555794e-01;  3,744219207764e+01
  5,523456335068e-01;  3,935874176025e+01
  5,635817050934e-01;  4,099585342407e+01
  5,768936872482e-01;  4,299784088135e+01
  5,871196985245e-01;  4,456126403809e+01
  5,977289080620e-01;  4,610977935791e+01
  6,077947020531e-01;  4,758802795410e+01
  6,171848177910e-01;  4,883872222900e+01
  6,218172311783e-01;  4,929016876221e+01
  6,227436661720e-01;  4,723777389526e+01
  5,973597168922e-01;  4,238264465332e+01
  5,776877999306e-01;  4,033882141113e+01
  5,601474642754e-01;  3,813565063477e+01
  5,440351963043e-01;  3,579671859741e+01
  5,294693708420e-01;  3,339300537109e+01
  5,164220929146e-01;  3,113606643677e+01
  5,047122836113e-01;  2,919711685181e+01
  4,943121075630e-01;  2,753946495056e+01
  4,761936366558e-01;  2,485202026367e+01
  4,612864553928e-01;  2,278813552856e+01
  4,480580985546e-01;  2,114267349243e+01
  4,367871582508e-01;  1,979128646851e+01
  4,267213344574e-01;  1,866027832031e+01
  4,136044085026e-01;  1,728396606445e+01
  4,030161201954e-01;  1,618389511108e+01
  3,910834193230e-01;  1,504380035400e+01
  3,796243965626e-01;  1,398447990417e+01
  3,688062727451e-01;  1,305346202850e+01
  3,581831455231e-01;  1,217249870300e+01
  3,490368425846e-01;  1,145735359192e+01
  3,428928554058e-01;  1,101373100281e+01
  3,385878801346e-01;  1,073045921326e+01
  3,359895646572e-01;  1,220446205139e+01
  3,465012311935e-01;  1,438084506989e+01
  3,656228184700e-01;  1,577305221558e+01
  3,849951624870e-01;  1,734933662415e+01
  4,026956856251e-01;  1,910116767883e+01
  4,195324480534e-01;  2,101506996155e+01
  4,352337419987e-01;  2,302106857300e+01
  4,499319195747e-01;  2,497445869446e+01
  4,633135497570e-01;  2,679004669189e+01
  4,759428501129e-01;  2,848332214355e+01
  4,873182773590e-01;  3,007123184204e+01
  4,979971051216e-01;  3,155999374390e+01
  5,171256661415e-01;  3,425221252441e+01
  5,336559414864e-01;  3,659413909912e+01
  5,477132201195e-01;  3,863217926025e+01
  5,596111416817e-01;  4,037797164917e+01
  5,697326660156e-01;  4,186131286621e+01
  5,814912319183e-01;  4,367924880981e+01
  5,937025547028e-01;  4,548443222046e+01
  6,041027307510e-01;  4,700905227661e+01
  6,145586967468e-01;  4,847805786133e+01
  6,206539273262e-01;  4,921430587769e+01
  6,230571866035e-01;  4,698641967773e+01
  6,128032803535e-01;  4,388046264648e+01
  5,935423374176e-01;  4,198872756958e+01
  5,742744803429e-01;  3,991095352173e+01
  5,570824742317e-01;  3,767640304565e+01
  5,412279367447e-01;  3,531351470947e+01
  5,269616246223e-01;  3,291721343994e+01
  5,142069458961e-01;  3,071842956543e+01
  5,027757883072e-01;  2,884215354919e+01
  4,926402866840e-01;  2,723372268677e+01
  4,748004376888e-01;  2,461831474304e+01
  4,601649343967e-01;  2,260353469849e+01
  4,470689296722e-01;  2,099434661865e+01
  4,359582066536e-01;  1,966629409790e+01
  4,214271903038e-01;  1,806349754333e+01
  4,094457328320e-01;  1,680594062805e+01
  3,994425833225e-01;  1,580119228363e+01
  3,882970511913e-01;  1,475144672394e+01
  3,775624930859e-01;  1,376828193665e+01
  3,672737479210e-01;  1,289309597015e+01
  3,571870326996e-01;  1,206243705750e+01
  3,485492169857e-01;  1,138722229004e+01
  3,426769077778e-01;  1,096916866302e+01
  3,385669887066e-01;  1,070129585266e+01
  3,367697596550e-01;  1,277438545227e+01
  3,579741716385e-01;  1,520123004913e+01
  3,780431449413e-01;  1,670814514160e+01
  3,963218331337e-01;  1,839294433594e+01
  4,134372174740e-01;  2,024559402466e+01
  4,295355677605e-01;  2,222983741760e+01
  4,447074532509e-01;  2,422550010681e+01
  4,585488438606e-01;  2,609880638123e+01
  4,715124964714e-01;  2,783915328979e+01
  4,833964407444e-01;  2,946769905090e+01
  4,942354857922e-01;  3,099484062195e+01
  5,045312047005e-01;  3,242560958862e+01
  5,227123498917e-01;  3,501115036011e+01
  5,385878086090e-01;  3,726075363159e+01
  5,518231391907e-01;  3,920607376099e+01
  5,632334351540e-01;  4,086846923828e+01
  5,767543911934e-01;  4,290375900269e+01
  5,871336460114e-01;  4,449213409424e+01
  5,978821516037e-01;  4,606212234497e+01
  6,080385446548e-01;  4,756268310547e+01
  6,175331473351e-01;  4,883583450317e+01
  6,221655011177e-01;  4,932278060913e+01
  6,232870221138e-01;  4,645039749146e+01
  6,059557199478e-01;  4,315127563477e+01
  5,857753157616e-01;  4,118255996704e+01
  5,674338936806e-01;  3,904026031494e+01
  5,508061051369e-01;  3,675154113770e+01
  5,355646014214e-01;  3,435462570190e+01
  5,219600796700e-01;  3,200608825684e+01
  5,097278356552e-01;  2,993540573120e+01
  4,988400042057e-01;  2,817407035828e+01
  4,800806343555e-01;  2,533309745789e+01
  4,646092355251e-01;  2,315945816040e+01
  4,511091709137e-01;  2,144496345520e+01
  4,393854439259e-01;  2,004143524170e+01
  4,291594028473e-01;  1,886885833740e+01
  4,156593680382e-01;  1,744106864929e+01
  4,048760533333e-01;  1,630564308167e+01
  3,927343487740e-01;  1,513384437561e+01
  3,809618651867e-01;  1,404490661621e+01
  3,700949549675e-01;  1,309632968903e+01
  3,592768013477e-01;  1,220390701294e+01
  3,500260114670e-01;  1,147144222260e+01
  3,437914550304e-01;  1,101718997955e+01
  3,395074009895e-01;  1,073677062988e+01
  3,369926810265e-01;  1,276709175110e+01
  3,582040667534e-01;  1,519439411163e+01
  3,782730102539e-01;  1,670040702820e+01
  3,965447545052e-01;  1,838551712036e+01
  4,136671125889e-01;  2,023951530457e+01
  4,298002719879e-01;  2,222435188293e+01
  4,449721574783e-01;  2,422131347656e+01
  4,588205218315e-01;  2,609525108337e+01
  4,717493355274e-01;  2,783826446533e+01
  4,836402535439e-01;  2,946806144714e+01
  4,944792985916e-01;  3,099537849426e+01
  5,047959089279e-01;  3,242696380615e+01
  5,229979753494e-01;  3,501067733765e+01
  5,388316512108e-01;  3,726160049438e+01
  5,520530343056e-01;  3,920945739746e+01
  5,634981393814e-01;  4,086877059937e+01
  5,769981741905e-01;  4,290288925171e+01
  5,873426198959e-01;  4,449154281616e+01
  5,981120467186e-01;  4,606525421143e+01
  6,082475185394e-01;  4,756729507446e+01
  6,177281737328e-01;  4,883735275269e+01
  6,223605871201e-01;  4,928908538818e+01
  6,233149170876e-01;  4,723769378662e+01
  5,979309082031e-01;  4,238203430176e+01
  5,782451033592e-01;  4,033859634399e+01
  5,606908202171e-01;  3,813343429565e+01
  5,445924997330e-01;  3,579261016846e+01
  5,300405621529e-01;  3,338554000854e+01
  5,169933438301e-01;  3,112602233887e+01
  5,052835345268e-01;  2,918765068054e+01
  4,949042201042e-01;  2,753076362610e+01
  4,767857491970e-01;  2,484347152710e+01
  4,619064331055e-01;  2,277631950378e+01
  4,487059116364e-01;  2,113280105591e+01
  4,374349713326e-01;  1,978086471558e+01
  4,274179339409e-01;  1,864464569092e+01
  4,142870604992e-01;  1,726646804810e+01
  4,037266671658e-01;  1,616704940796e+01
  3,918287754059e-01;  1,503177356720e+01
  3,803837001324e-01;  1,397249317169e+01
  3,696073591709e-01;  1,304611015320e+01
  3,590190708637e-01;  1,216286945343e+01
  3,499284684658e-01;  1,144625473022e+01
  3,438820242882e-01;  1,100111579895e+01
  3,395979404449e-01;  1,071881198883e+01
  3,373479545116e-01;  1,212641334534e+01
  3,648774623871e-01;  1,564232063293e+01
  3,844727277756e-01;  1,720668220520e+01
  4,022428989410e-01;  1,894473648071e+01
  4,191493093967e-01;  2,084606361389e+01
  4,349481463432e-01;  2,285325241089e+01
  4,497786760330e-01;  2,482208251953e+01
  4,632578194141e-01;  2,665314483643e+01
  4,759428501129e-01;  2,835936164856e+01
  4,873531162739e-01;  2,996030616760e+01
  4,981016218662e-01;  3,145854949951e+01
  5,081395506859e-01;  3,285919952393e+01
  5,259028077126e-01;  3,538767242432e+01
  5,413602590561e-01;  3,759044265747e+01
  5,542473196983e-01;  3,949185180664e+01
  5,653789639473e-01;  4,111236190796e+01
  5,783565640450e-01;  4,309914779663e+01
  5,885825753212e-01;  4,464410400391e+01
  5,990315079689e-01;  4,617330932617e+01
  6,100586652756e-01;  4,780069351196e+01
  6,187382340431e-01;  4,894079971313e+01
  6,229875087738e-01;  4,877404785156e+01
  6,235935091972e-01;  4,672071838379e+01
  6,099262833595e-01;  4,351508331299e+01
  5,899548530579e-01;  4,158245468140e+01
  5,711398124695e-01;  3,947021102905e+01
  5,542751550674e-01;  3,720849227905e+01
  5,387201905251e-01;  3,482488250732e+01
  5,248160958290e-01;  3,244299697876e+01
  5,123261213303e-01;  3,030495834351e+01
  5,011526942253e-01;  2,848726272583e+01
  4,821216762066e-01;  2,556438827515e+01
  4,663298130035e-01;  2,333165168762e+01
  4,527113437653e-01;  2,157653236389e+01
  4,408273994923e-01;  2,014718437195e+01
  4,305386841297e-01;  1,895156669617e+01
  4,168992936611e-01;  1,750467109680e+01
  4,060254395008e-01;  1,635518074036e+01
  3,937653303146e-01;  1,517089271545e+01
  3,818535208702e-01;  1,406868457794e+01
  3,709866106510e-01;  1,311354637146e+01
  3,601823747158e-01;  1,221339416504e+01
  3,507922589779e-01;  1,147446823120e+01
  3,445925414562e-01;  1,102059078217e+01
  3,402736485004e-01;  1,073922252655e+01
  3,376753330231e-01;  1,203832435608e+01
  3,631289899349e-01;  1,549221324921e+01
  3,829193115234e-01;  1,703755950928e+01
  4,008427560329e-01;  1,875971984863e+01
  4,178118407726e-01;  2,064794158936e+01
  4,337012171745e-01;  2,265173721313e+01
  4,486432373524e-01;  2,463191795349e+01
  4,622338414192e-01;  2,647706604004e+01
  4,750372767448e-01;  2,819452857971e+01
  4,865381121635e-01;  2,980536842346e+01
  4,973701834679e-01;  3,131352043152e+01
  5,074568986893e-01;  3,272539901733e+01
  5,253594517708e-01;  3,527375030518e+01
  5,409353375435e-01;  3,748856353760e+01
  5,539338588715e-01;  3,940416717529e+01
  5,651142001152e-01;  4,103827285767e+01
  5,783008337021e-01;  4,303946685791e+01
  5,885477662086e-01;  4,459840393066e+01
  5,991011857986e-01;  4,613910675049e+01
  6,102328300476e-01;  4,779143142700e+01
  6,189263463020e-01;  4,894118499756e+01
  6,231964826584e-01;  4,895730209351e+01
  6,237885951996e-01;  4,711310195923e+01
  5,963147878647e-01;  4,218082046509e+01
  5,768170356750e-01;  4,011954498291e+01
  5,594509243965e-01;  3,789997100830e+01
  5,434709787369e-01;  3,554648208618e+01
  5,290862321854e-01;  3,314183425903e+01
  5,162061452866e-01;  3,091102981567e+01
  5,046566128731e-01;  2,900387001038e+01
  4,944026768208e-01;  2,737042808533e+01
  4,764513671398e-01;  2,471969604492e+01
  4,616974592209e-01;  2,267875480652e+01
  4,485805332661e-01;  2,105003166199e+01
  4,373792707920e-01;  1,970956230164e+01
  4,228691458702e-01;  1,809162712097e+01
  4,107483625412e-01;  1,682308197021e+01
  3,977359235287e-01;  1,551979446411e+01
  3,871476650238e-01;  1,453419208527e+01
  3,769355416298e-01;  1,360336875916e+01
  3,657412230968e-01;  1,265089511871e+01
  3,554942905903e-01;  1,181030845642e+01
  3,479362130165e-01;  1,122880935669e+01
  3,426977992058e-01;  1,086604785919e+01
  3,390406668186e-01;  1,065950012207e+01
  3,380584716797e-01;  1,267041778564e+01
  3,573890328407e-01;  1,506126308441e+01
  3,775415718555e-01;  1,655303573608e+01
  3,959526419640e-01;  1,822337913513e+01
  4,131446480751e-01;  2,006418037415e+01
  4,293962419033e-01;  2,204369926453e+01
  4,446517229080e-01;  2,404881095886e+01
  4,586254656315e-01;  2,593952941895e+01
  4,716239571571e-01;  2,769320678711e+01
  4,835914969444e-01;  2,933635711670e+01
  4,945141375065e-01;  3,087628936768e+01
  5,048446655273e-01;  3,231748962402e+01
  5,231303572655e-01;  3,492028427124e+01
  5,391241908073e-01;  3,718721008301e+01
  5,524013638496e-01;  3,914906311035e+01
  5,638812780380e-01;  4,082481002808e+01
  5,774300694466e-01;  4,287337493896e+01
  5,878650546074e-01;  4,447075271606e+01
  5,986484289169e-01;  4,605088806152e+01
  6,087908744812e-01;  4,756295776367e+01
  6,183342337608e-01;  4,885201263428e+01
  6,229317784309e-01;  4,927863311768e+01
  6,238861083984e-01;  4,711351013184e+01
  5,963844656944e-01;  4,218047714233e+01
  5,769215226173e-01;  4,011781692505e+01
  5,595554113388e-01;  3,789620590210e+01
  5,435824394226e-01;  3,554138946533e+01
  5,291907191277e-01;  3,313595962524e+01
  5,163315534592e-01;  3,090469551086e+01
  5,047610998154e-01;  2,899585914612e+01
  4,944862723351e-01;  2,736156463623e+01
  4,765767753124e-01;  2,471111297607e+01
  4,618367850780e-01;  2,266848945618e+01
  4,487407505512e-01;  2,104073333740e+01
  4,375325143337e-01;  1,969993591309e+01
  4,230154156685e-01;  1,808064842224e+01
  4,109434187412e-01;  1,681426811218e+01
  3,979240059853e-01;  1,550875473022e+01
  3,873705565929e-01;  1,451997756958e+01
  3,772211372852e-01;  1,359069824219e+01
  3,660337924957e-01;  1,263993740082e+01
  3,558495640755e-01;  1,180453586578e+01
  3,483054041862e-01;  1,122990226746e+01
  3,430809378624e-01;  1,087141132355e+01
  3,394029140472e-01;  1,068705463409e+01
  3,384833931923e-01;  1,212328720093e+01
  3,660198748112e-01;  1,564293575287e+01
  3,855872750282e-01;  1,720755386353e+01
  4,033574759960e-01;  1,894842910767e+01
  4,202638566494e-01;  2,085331535339e+01
  4,360487461090e-01;  2,286190605164e+01
  4,508584141731e-01;  2,483433341980e+01
  4,643445312977e-01;  2,666772651672e+01
  4,769877493382e-01;  2,837623786926e+01
  4,883980154991e-01;  2,997769355774e+01
  4,991674125195e-01;  3,147933006287e+01
  5,183238387108e-01;  3,418928909302e+01
  5,349237322807e-01;  3,655114364624e+01
  5,490019321442e-01;  3,860012817383e+01
  5,609694719315e-01;  4,035617828369e+01
  5,710561871529e-01;  4,184817886353e+01
  5,828356742859e-01;  4,368230819702e+01
  5,950748324394e-01;  4,549642181396e+01
  6,053566336632e-01;  4,702040481567e+01
  6,158961653709e-01;  4,850829696655e+01
  6,218032836914e-01;  4,922360610962e+01
  6,240045428276e-01;  4,630585098267e+01
  6,047435998917e-01;  4,295357131958e+01
  5,845841169357e-01;  4,096226119995e+01
  5,664377808571e-01;  3,880165100098e+01
  5,499562621117e-01;  3,649611663818e+01
  5,348888635635e-01;  3,408972930908e+01
  5,214375853539e-01;  3,175518226624e+01
  5,093655586243e-01;  2,971564292908e+01
  4,986101090908e-01;  2,797975921631e+01
  4,800806343555e-01;  2,517667198181e+01
  4,648042619228e-01;  2,302877044678e+01
  4,514226615429e-01;  2,132976531982e+01
  4,398243129253e-01;  1,993782234192e+01
  4,297515153885e-01;  1,877220916748e+01
  4,164047241211e-01;  1,736071014404e+01
  4,057328701019e-01;  1,623607826233e+01
  3,936956524849e-01;  1,507530689240e+01
  3,820276558399e-01;  1,399257850647e+01
  3,713836669922e-01;  1,305405044556e+01
  3,607744872570e-01;  1,217350673676e+01
  3,515445888042e-01;  1,144252109528e+01
  3,455538451672e-01;  1,100196838379e+01
  3,413046002388e-01;  1,072161483765e+01
  3,388595581055e-01;  1,257742977142e+01
  3,563302159309e-01;  1,493012905121e+01
  3,764409720898e-01;  1,640590667725e+01
  3,950470685959e-01;  1,806051254272e+01
  4,123435616493e-01;  1,988799095154e+01
  4,286508858204e-01;  2,185948562622e+01
  4,440456926823e-01;  2,387263107300e+01
  4,580681920052e-01;  2,577885818481e+01
  4,711851179600e-01;  2,754588699341e+01
  4,832083582878e-01;  2,920089530945e+01
  4,941797554493e-01;  3,075162887573e+01
  5,046147704124e-01;  3,220198822021e+01
  5,230119228363e-01;  3,482173538208e+01
  5,390545129776e-01;  3,709868621826e+01
  5,524501204491e-01;  3,907037353516e+01
  5,640205740929e-01;  4,075765609741e+01
  5,776250958443e-01;  4,282427978516e+01
  5,881646275520e-01;  4,444086837769e+01
  5,990315079689e-01;  4,603777313232e+01
  6,091530919075e-01;  4,756281661987e+01
  6,186825037003e-01;  4,884980773926e+01
  6,232939958572e-01;  4,926404953003e+01
  6,242413520813e-01;  4,698701095581e+01
  6,139735579491e-01;  4,387579345703e+01
  5,946429967880e-01;  4,198000335693e+01
  5,754308104515e-01;  3,989991378784e+01
  5,582179427147e-01;  3,766345214844e+01
  5,423912405968e-01;  3,529761505127e+01
  5,281806588173e-01;  3,289709091187e+01
  5,154607892036e-01;  3,069242858887e+01
  5,039948225021e-01;  2,881233215332e+01
  4,938523769379e-01;  2,720429801941e+01
  4,761448800564e-01;  2,458934783936e+01
  4,614884853363e-01;  2,257210731506e+01
  4,485108852386e-01;  2,095947456360e+01
  4,374349713326e-01;  1,963148689270e+01
  4,230154156685e-01;  1,802321815491e+01
  4,109921753407e-01;  1,676453399658e+01
  3,981190621853e-01;  1,546859073639e+01
  3,876352608204e-01;  1,448527812958e+01
  3,775485455990e-01;  1,356637287140e+01
  3,664517700672e-01;  1,263114356995e+01
  3,563511073589e-01;  1,180135345459e+01
  3,487721383572e-01;  1,121845817566e+01
  3,436382114887e-01;  1,085978221893e+01
  3,399601876736e-01;  1,074102306366e+01
  3,391242623329e-01;  1,248509597778e+01
  3,547489345074e-01;  1,479607200623e+01
  3,747691214085e-01;  1,625206947327e+01
  3,935633003712e-01;  1,789166641235e+01
  4,109503626823e-01;  1,970332527161e+01
  4,273761212826e-01;  2,166343688965e+01
  4,428057372570e-01;  2,367839050293e+01
  4,570093452930e-01;  2,560077857971e+01
  4,701959490776e-01;  2,738202285767e+01
  4,823376238346e-01;  2,904798698425e+01
  4,933786690235e-01;  3,060891342163e+01
  5,039042830467e-01;  3,207238769531e+01
  5,223850011826e-01;  3,471171569824e+01
  5,385460257530e-01;  3,700606918335e+01
  5,520530343056e-01;  3,899282836914e+01
  5,636861920357e-01;  4,069170761108e+01
  5,774161219597e-01;  4,277173614502e+01
  5,880252718925e-01;  4,439844131470e+01
  5,989479422569e-01;  4,600668716431e+01
  6,091530919075e-01;  4,754238128662e+01
  6,188079118729e-01;  4,884457015991e+01
  6,234054565430e-01;  4,928044509888e+01
  6,243945956230e-01;  4,711301040649e+01
  5,968372225761e-01;  4,217575836182e+01
  5,773952603340e-01;  4,011272811890e+01
  5,600221157074e-01;  3,788996124268e+01
  5,440700650215e-01;  3,553439712524e+01
  5,296783447266e-01;  3,312685394287e+01
  5,168400406837e-01;  3,089357948303e+01
  5,052695870399e-01;  2,898375129700e+01
  4,950226545334e-01;  2,735025596619e+01
  4,771479666233e-01;  2,469860839844e+01
  4,623801112175e-01;  2,265600013733e+01
  4,493467807770e-01;  2,102600860596e+01
  4,381455183029e-01;  1,968360519409e+01
  4,236772060394e-01;  1,806220436096e+01
  4,115842878819e-01;  1,679656028748e+01
  3,986763358116e-01;  1,549487113953e+01
  3,881159126759e-01;  1,450622463226e+01
  3,779664933681e-01;  1,358114528656e+01
  3,668558001518e-01;  1,263596343994e+01
  3,567342460155e-01;  1,180631160736e+01
  3,491970598698e-01;  1,122601222992e+01
  3,439725935459e-01;  1,086131572723e+01
  3,403154313564e-01;  1,067183303833e+01
  3,394377231598e-01;  1,203592109680e+01
  3,648356497288e-01;  1,549472141266e+01
  3,845981061459e-01;  1,704332160950e+01
  4,024658203125e-01;  1,876955795288e+01
  4,195185005665e-01;  2,066103172302e+01
  4,353869855404e-01;  2,266796875000e+01
  4,502663016319e-01;  2,465210342407e+01
  4,638499319553e-01;  2,650194358826e+01
  4,766394495964e-01;  2,822408294678e+01
  4,881402850151e-01;  2,983893585205e+01
  4,989514648914e-01;  3,135065269470e+01
  5,090033411980e-01;  3,276313781738e+01
  5,268431901932e-01;  3,531166458130e+01
  5,423633456230e-01;  3,752867889404e+01
  5,552921891212e-01;  3,944247817993e+01
  5,664725899696e-01;  4,107353210449e+01
  5,795059204102e-01;  4,307442855835e+01
  5,898016095161e-01;  4,463330078125e+01
  6,002366542816e-01;  4,617132949829e+01
  6,111941337585e-01;  4,781110000610e+01
  6,198667287827e-01;  4,895726776123e+01
  6,240672469139e-01;  4,855912780762e+01
  6,244364380836e-01;  4,630364990234e+01
  6,052103638649e-01;  4,295014953613e+01
  5,850438475609e-01;  4,095877456665e+01
  5,669044852257e-01;  3,879679489136e+01
  5,504090785980e-01;  3,649092483521e+01
  5,353904366493e-01;  3,408525466919e+01
  5,219600796700e-01;  3,175030326843e+01
  5,099019408226e-01;  2,971044158936e+01
  4,991186261177e-01;  2,797359466553e+01
  4,806518554688e-01;  2,517001342773e+01
  4,653058350086e-01;  2,302095413208e+01
  4,520286917686e-01;  2,132269859314e+01
  4,403955340385e-01;  1,993306922913e+01
  4,303784668446e-01;  1,876869392395e+01
  4,170177280903e-01;  1,735732269287e+01
  4,063597917557e-01;  1,623352050781e+01
  3,943365216255e-01;  1,506879520416e+01
  3,826476335526e-01;  1,398608970642e+01
  3,720941841602e-01;  1,305191040039e+01
  3,614850342274e-01;  1,216642093658e+01
  3,523108363152e-01;  1,143855857849e+01
  3,462852835655e-01;  1,099936771393e+01
  3,420569300652e-01;  1,071281528473e+01
  3,398417532444e-01;  1,239162349701e+01
  3,536552786827e-01;  1,466293048859e+01
  3,734943568707e-01;  1,610069656372e+01
  3,924139142036e-01;  1,772073173523e+01
  4,098845720291e-01;  1,951589965820e+01
  4,264844954014e-01;  2,146557235718e+01
  4,419907331467e-01;  2,348597145081e+01
  4,563127458096e-01;  2,542286491394e+01
  4,695829451084e-01;  2,722032165527e+01
  4,818291068077e-01;  2,889975547791e+01
  4,929607212543e-01;  3,047347450256e+01
  5,035141706467e-01;  3,194747543335e+01
  5,221620798111e-01;  3,460667419434e+01
  5,383927822113e-01;  3,691996383667e+01
  5,519973039627e-01;  3,892238235474e+01
  5,636861920357e-01;  4,063143157959e+01
  5,775206089020e-01;  4,272712707520e+01
  5,881994366646e-01;  4,436451721191e+01
  5,991708636284e-01;  4,597932052612e+01
  6,094526052475e-01;  4,752488327026e+01
  6,191562414169e-01;  4,884218978882e+01
  6,237676739693e-01;  4,927848052979e+01
  6,247289776802e-01;  4,711238098145e+01
  5,972552299500e-01;  4,217865371704e+01
  5,777574777603e-01;  4,011474227905e+01
  5,603703856468e-01;  3,789337158203e+01
  5,444531440735e-01;  3,553643798828e+01
  5,300614833832e-01;  3,312909698486e+01
  5,172371268272e-01;  3,089536857605e+01
  5,056666731834e-01;  2,898481559753e+01
  4,953918457031e-01;  2,734999275208e+01
  4,775519967079e-01;  2,469366645813e+01
  4,627980887890e-01;  2,264864921570e+01
  4,497717022896e-01;  2,101976585388e+01
  4,385704398155e-01;  1,967687034607e+01
  4,241439104080e-01;  1,805293273926e+01
  4,120231270790e-01;  1,678763389587e+01
  3,991430401802e-01;  1,548139667511e+01
  3,886244297028e-01;  1,449487876892e+01
  3,785237967968e-01;  1,356672286987e+01
  3,674061000347e-01;  1,263061904907e+01
  3,573402762413e-01;  1,180399036407e+01
  3,497682511806e-01;  1,121454238892e+01
  3,446482717991e-01;  1,085311317444e+01
  3,410050868988e-01;  1,086962509155e+01
  3,404129743576e-01;  1,204627990723e+01
  3,658666312695e-01;  1,551183223724e+01
  3,856221139431e-01;  1,706465721130e+01
  4,034828543663e-01;  1,879365348816e+01
  4,204589128494e-01;  2,068717384338e+01
  4,363622367382e-01;  2,269739151001e+01
  4,512276053429e-01;  2,468343734741e+01
  4,648251831532e-01;  2,653549385071e+01
  4,775450229645e-01;  2,825799751282e+01
  4,889901280403e-01;  2,987386322021e+01
  4,997873604298e-01;  3,138636398315e+01
  5,098741054535e-01;  3,280072402954e+01
  5,276582241058e-01;  3,534914016724e+01
  5,431296229362e-01;  3,756554794312e+01
  5,560375452042e-01;  3,947591781616e+01
  5,671901106834e-01;  4,110473251343e+01
  5,800980329514e-01;  4,310120391846e+01
  5,904146432877e-01;  4,465452575684e+01
  6,007938981056e-01;  4,618941116333e+01
  6,117165684700e-01;  4,782931518555e+01
  6,203055977821e-01;  4,896842575073e+01
  6,244851946831e-01;  4,864229202271e+01
  6,249379515648e-01;  4,645057296753e+01
  6,076136231422e-01;  4,314537429810e+01
  5,873983502388e-01;  4,117315673828e+01
  5,690151453018e-01;  3,902620697021e+01
  5,524640083313e-01;  3,673303985596e+01
  5,372363924980e-01;  3,433099746704e+01
  5,236667394638e-01;  3,197612571716e+01
  5,114553570747e-01;  2,990010070801e+01
  5,005466341972e-01;  2,813529777527e+01
  4,819196760654e-01;  2,529141044617e+01
  4,664342999458e-01;  2,311144638062e+01
  4,530944824219e-01;  2,139285087585e+01
  4,413498640060e-01;  1,998642539978e+01
  4,313049316406e-01;  1,881208419800e+01
  4,178745448589e-01;  1,738972473145e+01
  4,071608781815e-01;  1,625925636292e+01
  3,951236903667e-01;  1,508693218231e+01
  3,833651244640e-01;  1,399760913849e+01
  3,728117048740e-01;  1,305738353729e+01
  3,621885776520e-01;  1,216578006744e+01
  3,529865443707e-01;  1,143929386139e+01
  3,469818830490e-01;  1,099123001099e+01
  3,427813947201e-01;  1,071067619324e+01
  3,405383527279e-01;  1,221061897278e+01
  3,510290980339e-01;  1,439999485016e+01
  3,701019287109e-01;  1,580189228058e+01
  3,894533813000e-01;  1,738857078552e+01
  4,071330130100e-01;  1,915229606628e+01
  4,239279627800e-01;  2,107720184326e+01
  4,396223127842e-01;  2,309654426575e+01
  4,542229771614e-01;  2,506112861633e+01
  4,676463901997e-01;  2,688558006287e+01
  4,801084995270e-01;  2,858673477173e+01
  4,913724958897e-01;  3,018102073669e+01
  5,020582675934e-01;  3,167408180237e+01
  5,209778547287e-01;  3,436962509155e+01
  5,374523401260e-01;  3,671476364136e+01
  5,513007044792e-01;  3,874790573120e+01
  5,631498098373e-01;  4,048920822144e+01
  5,772419571877e-01;  4,262011718750e+01
  5,880392193794e-01;  4,428446197510e+01
  5,991708636284e-01;  4,592775726318e+01
  6,095919609070e-01;  4,750287628174e+01
  6,193652153015e-01;  4,883094024658e+01
  6,240115165710e-01;  4,924122619629e+01
  6,249867081642e-01;  4,685004043579e+01
  6,130540370941e-01;  4,368816757202e+01
  5,933681726456e-01;  4,177097702026e+01
  5,743092894554e-01;  3,967210769653e+01
  5,573053956032e-01;  3,742058181763e+01
  5,416598320007e-01;  3,504259490967e+01
  5,276233553886e-01;  3,264938354492e+01
  5,150567889214e-01;  3,047690773010e+01
  5,037719011307e-01;  2,862781143188e+01
  4,937339425087e-01;  2,703949737549e+01
  4,761727452278e-01;  2,445723915100e+01
  4,616974592209e-01;  2,246275520325e+01
  4,488591849804e-01;  2,086640930176e+01
  4,378390014172e-01;  1,954681015015e+01
  4,236005842686e-01;  1,795238113403e+01
  4,116678535938e-01;  1,670617294312e+01
  3,989410400391e-01;  1,541851329803e+01
  3,885408341885e-01;  1,444026279449e+01
  3,785377144814e-01;  1,352638053894e+01
  3,675802350044e-01;  1,259537220001e+01
  3,567899763584e-01;  1,170567131042e+01
  3,496637642384e-01;  1,115929603577e+01
  3,447179496288e-01;  1,081619358063e+01
  3,412140607834e-01;  1,138777446747e+01
  3,409354090691e-01;  1,212641143799e+01
  3,684301078320e-01;  1,565454578400e+01
  3,880253732204e-01;  1,722398757935e+01
  4,057607352734e-01;  1,897116279602e+01
  4,226392805576e-01;  2,088063812256e+01
  4,384380877018e-01;  2,289609909058e+01
  4,531571865082e-01;  2,487348747253e+01
  4,666572213173e-01;  2,671327590942e+01
  4,792516827583e-01;  2,842720222473e+01
  4,905574619770e-01;  3,003284454346e+01
  5,013408064842e-01;  3,153707695007e+01
  5,204135775566e-01;  3,425279998779e+01
  5,369995832443e-01;  3,661491012573e+01
  5,509175658226e-01;  3,866128158569e+01
  5,628920793533e-01;  4,041349792480e+01
  5,770678520203e-01;  4,256288146973e+01
  5,879556536674e-01;  4,423681259155e+01
  5,991708636284e-01;  4,589189910889e+01
  6,096755266190e-01;  4,748487854004e+01
  6,195045113564e-01;  4,883353042603e+01
  6,241717338562e-01;  4,928708648682e+01
  6,251260638237e-01;  4,723321533203e+01
  5,997281074524e-01;  4,236787414551e+01
  5,800423026085e-01;  4,032292175293e+01
  5,624950528145e-01;  3,811554718018e+01
  5,464733242989e-01;  3,577233886719e+01
  5,319423079491e-01;  3,336201095581e+01
  5,189995169640e-01;  3,109799194336e+01
  5,072897076607e-01;  2,915439605713e+01
  4,968895316124e-01;  2,749468612671e+01
  4,788964390755e-01;  2,480366706848e+01
  4,640380144119e-01;  2,273046112061e+01
  4,509698748589e-01;  2,108150863647e+01
  4,396640956402e-01;  1,972723197937e+01
  4,252236485481e-01;  1,809225654602e+01
  4,130122959614e-01;  1,681652450562e+01
  4,001252651215e-01;  1,550038433075e+01
  3,895300030708e-01;  1,450614738464e+01
  3,793806135654e-01;  1,357028770447e+01
  3,682838082314e-01;  1,262268447876e+01
  3,573960065842e-01;  1,172613620758e+01
  3,501513898373e-01;  1,117113494873e+01
  3,452194929123e-01;  1,082344627380e+01
  3,417016863823e-01;  1,151977443695e+01
  3,413742780685e-01;  1,230452251434e+01
  3,534811139107e-01;  1,453864669800e+01
  3,730067312717e-01;  1,596192932129e+01
  3,921352922916e-01;  1,757018470764e+01
  4,096964895725e-01;  1,935186195374e+01
  4,263451695442e-01;  2,129106521606e+01
  4,419558942318e-01;  2,331466674805e+01
  4,563963413239e-01;  2,526775741577e+01
  4,697222411633e-01;  2,707975006104e+01
  4,820380806923e-01;  2,877306175232e+01
  4,932602643967e-01;  3,035798835754e+01
  5,038485527039e-01;  3,184294128418e+01
  5,226078629494e-01;  3,451910400391e+01
  5,389012694359e-01;  3,684979629517e+01
  5,525754690170e-01;  3,886366653442e+01
  5,643479824066e-01;  4,058600616455e+01
  5,781823992729e-01;  4,270116424561e+01
  5,889309048653e-01;  4,434767913818e+01
  5,999231934547e-01;  4,597704696655e+01
  6,101631522179e-01;  4,753278350830e+01
  6,198667287827e-01;  4,884749984741e+01
  6,244851946831e-01;  4,924441528320e+01
  6,254604458809e-01;  4,685339736938e+01
  6,135067939758e-01;  4,368893432617e+01
  5,938070416451e-01;  4,177288436890e+01
  5,747829675674e-01;  3,967444610596e+01
  5,577442049980e-01;  3,742148590088e+01
  5,421125888824e-01;  3,504257202148e+01
  5,281040072441e-01;  3,264749908447e+01
  5,155444145203e-01;  3,047307205200e+01
  5,042595267296e-01;  2,862263488770e+01
  4,942076206207e-01;  2,703557586670e+01
  4,766673147678e-01;  2,445316123962e+01
  4,621850848198e-01;  2,245455932617e+01
  4,493885934353e-01;  2,085791587830e+01
  4,383544921875e-01;  1,953951644897e+01
  4,241439104080e-01;  1,794240188599e+01
  4,122112095356e-01;  1,669507789612e+01
  3,995331525803e-01;  1,541023826599e+01
  3,891329467297e-01;  1,443408012390e+01
  3,791298270226e-01;  1,352028083801e+01
  3,682280778885e-01;  1,258993053436e+01
  3,574517369270e-01;  1,170291423798e+01
  3,503255546093e-01;  1,115773391724e+01
  3,454423844814e-01;  1,081467628479e+01
  3,419315516949e-01;  1,173096752167e+01
  3,417713344097e-01;  1,258557701111e+01
  3,592350184917e-01;  1,494540023804e+01
  3,793179094791e-01;  1,642503547668e+01
  3,978543579578e-01;  1,808590698242e+01
  4,151299595833e-01;  1,991854667664e+01
  4,314512312412e-01;  2,189580917358e+01
  4,468320906162e-01;  2,391533851624e+01
  4,607849121094e-01;  2,582807540894e+01
  4,738878905773e-01;  2,759972190857e+01
  4,857648909092e-01;  2,925897789001e+01
  4,968268275261e-01;  3,081534385681e+01
  5,071782469749e-01;  3,227099990845e+01
  5,255057215691e-01;  3,489519882202e+01
  5,414577722549e-01;  3,717759704590e+01
  5,547837018967e-01;  3,914684295654e+01
  5,662496685982e-01;  4,083246612549e+01
  5,795755982399e-01;  4,289501190186e+01
  5,901708006859e-01;  4,449948120117e+01
  6,008635759354e-01;  4,608210754395e+01
  6,120997071266e-01;  4,777726745605e+01
  6,208210587502e-01;  4,895358657837e+01
  6,250911951065e-01;  4,856143188477e+01
  6,254464983940e-01;  4,630310058594e+01
  6,062204241753e-01;  4,294795989990e+01
  5,860469937325e-01;  4,095612335205e+01
  5,678797364235e-01;  3,879109954834e+01
  5,514888167381e-01;  3,648213958740e+01
  5,364562273026e-01;  3,407129669189e+01
  5,230188965797e-01;  3,173474121094e+01
  5,109816789627e-01;  2,969297409058e+01
  5,002331733704e-01;  2,795332908630e+01
  4,817664027214e-01;  2,514745712280e+01
  4,664552211761e-01;  2,299396896362e+01
  4,532338082790e-01;  2,129475593567e+01
  4,415936768055e-01;  1,990332794189e+01
  4,270139038563e-01;  1,822795104980e+01
  4,145238995552e-01;  1,692238616943e+01
  4,014975428581e-01;  1,557485866547e+01
  3,907490670681e-01;  1,455713367462e+01
  3,804394304752e-01;  1,361171436310e+01
  3,692729771137e-01;  1,265402889252e+01
  3,591723144054e-01;  1,181364631653e+01
  3,515445888042e-01;  1,122312927246e+01
  3,464036881924e-01;  1,085653018951e+01
  3,427465558052e-01;  1,080891132355e+01
  3,422380387783e-01;  1,278349781036e+01
  3,634494245052e-01;  1,522925662994e+01
  3,834278285503e-01;  1,674705696106e+01
  4,015950858593e-01;  1,844501113892e+01
  4,187522530556e-01;  2,031119728088e+01
  4,348297119141e-01;  2,230928993225e+01
  4,499528408051e-01;  2,431875610352e+01
  4,636757969856e-01;  2,620160865784e+01
  4,766185581684e-01;  2,795043563843e+01
  4,882586896420e-01;  2,958870506287e+01
  4,992161691189e-01;  3,112203216553e+01
  5,093864798546e-01;  3,255573272705e+01
  5,273865461349e-01;  3,514132690430e+01
  5,430808663368e-01;  3,739125823975e+01
  5,561838746071e-01;  3,933052825928e+01
  5,674687027931e-01;  4,098831558228e+01
  5,805159807205e-01;  4,301947021484e+01
  5,909858345985e-01;  4,459514236450e+01
  6,014347672462e-01;  4,615155029297e+01
  6,124828457832e-01;  4,781993865967e+01
  6,210857629776e-01;  4,896825027466e+01
  6,252305507660e-01;  4,864021301270e+01
  6,257251501083e-01;  4,644407272339e+01
  6,084147095680e-01;  4,313586425781e+01
  5,881785750389e-01;  4,116103363037e+01
  5,698511004448e-01;  3,901321411133e+01
  5,532999634743e-01;  3,671822738647e+01
  5,381071567535e-01;  3,431498336792e+01
  5,245235562325e-01;  3,195978927612e+01
  5,123748779297e-01;  2,988396835327e+01
  5,014870762825e-01;  2,811975479126e+01
  4,828670322895e-01;  2,527520561218e+01
  4,673607945442e-01;  2,309439849854e+01
  4,541184902191e-01;  2,137654685974e+01
  4,423460066319e-01;  1,997002792358e+01
  4,276965558529e-01;  1,827710914612e+01
  4,151020944118e-01;  1,696027946472e+01
  4,050710797310e-01;  1,590559768677e+01
  3,936956524849e-01;  1,480678367615e+01
  3,826476335526e-01;  1,378584003448e+01
  3,726027011871e-01;  1,290026378632e+01
  3,625717163086e-01;  1,205543231964e+01
  3,538433611393e-01;  1,137327480316e+01
  3,481451869011e-01;  1,095286941528e+01
  3,440701067448e-01;  1,067891979218e+01
  3,424609601498e-01;  1,268554973602e+01
  3,617915213108e-01;  1,508846092224e+01
  3,818604946136e-01;  1,658863830566e+01
  4,001879394054e-01;  1,826998901367e+01
  4,173938930035e-01;  2,012098884583e+01
  4,335967302322e-01;  2,210888862610e+01
  4,488313198090e-01;  2,412460708618e+01
  4,627005457878e-01;  2,602224922180e+01
  4,756851196289e-01;  2,778489494324e+01
  4,874367117882e-01;  2,943562698364e+01
  4,984498918056e-01;  3,098210525513e+01
  5,086759328842e-01;  3,242746734619e+01
  5,268779993057e-01;  3,503254699707e+01
  5,426559448242e-01;  3,729948043823e+01
  5,558285713196e-01;  3,925175857544e+01
  5,671901106834e-01;  4,092154693604e+01
  5,803905725479e-01;  4,296619796753e+01
  5,908813476563e-01;  4,455411911011e+01
  6,014347672462e-01;  4,612231063843e+01
  6,125664114952e-01;  4,780166244507e+01
  6,212390661240e-01;  4,896163940430e+01
  6,254047155380e-01;  4,856360626221e+01
  6,257739067078e-01;  4,629994964600e+01
  6,065756678581e-01;  4,294434738159e+01
  5,864022374153e-01;  4,095066833496e+01
  5,682628750801e-01;  3,878556823730e+01
  5,518161654472e-01;  3,647652435303e+01
  5,368184447289e-01;  3,406856918335e+01
  5,234368443489e-01;  3,173200416565e+01
  5,113996267319e-01;  2,969003868103e+01
  5,006372332573e-01;  2,795291900635e+01
  4,822052717209e-01;  2,514714431763e+01
  4,668522775173e-01;  2,299298286438e+01
  4,536865949631e-01;  2,129066658020e+01
  4,420325160027e-01;  1,989707946777e+01
  4,274875819683e-01;  1,821384429932e+01
  4,149627685547e-01;  1,690634346008e+01
  4,019712507725e-01;  1,556130313873e+01
  3,912923932076e-01;  1,454539966583e+01
  3,809409737587e-01;  1,360347270966e+01
  3,698859810829e-01;  1,264777660370e+01
  3,598131835461e-01;  1,180784034729e+01
  3,521645665169e-01;  1,121467399597e+01
  3,470863699913e-01;  1,085905361176e+01
  3,434640765190e-01;  1,083214473724e+01
  3,428371250629e-01;  1,195851707458e+01
  3,661800920963e-01;  1,536792087555e+01
  3,860191702843e-01;  1,690583419800e+01
  4,040331542492e-01;  1,862351036072e+01
  4,211206734180e-01;  2,050782585144e+01
  4,370936453342e-01;  2,251705169678e+01
  4,520635306835e-01;  2,451957893372e+01
  4,657168090343e-01;  2,638982200623e+01
  4,785063266754e-01;  2,812924194336e+01
  4,900001883507e-01;  2,975813484192e+01
  5,008879899979e-01;  3,128492736816e+01
  5,109747052193e-01;  3,271080780029e+01
  5,288633108139e-01;  3,527655792236e+01
  5,443695783615e-01;  3,750979232788e+01
  5,573611259460e-01;  3,943303680420e+01
  5,684787631035e-01;  4,107664489746e+01
  5,814355015755e-01;  4,309070205688e+01
  5,918217301369e-01;  4,465510940552e+01
  6,021522879601e-01;  4,619838714600e+01
  6,130400896072e-01;  4,784432220459e+01
  6,215385794640e-01;  4,898243713379e+01
  6,256624460220e-01;  4,791611099243e+01
  6,259271502495e-01;  4,671582412720e+01
  6,122738122940e-01;  4,350194549561e+01
  5,923093557358e-01;  4,156558990479e+01
  5,735221505165e-01;  3,945000839233e+01
  5,566436052322e-01;  3,718125152588e+01
  5,411582589149e-01;  3,479130172729e+01
  5,273377895355e-01;  3,240546417236e+01
  5,149383544922e-01;  3,026298332214e+01
  5,037509799004e-01;  2,844141578674e+01
  4,848175048828e-01;  2,551548576355e+01
  4,690117239952e-01;  2,327991676331e+01
  4,556370675564e-01;  2,152335357666e+01
  4,437252581120e-01;  2,009099388123e+01
  4,336176216602e-01;  1,889367103577e+01
  4,201524257660e-01;  1,744141960144e+01
  4,092297852039e-01;  1,629089927673e+01
  3,971786499023e-01;  1,510141277313e+01
  3,853295445442e-01;  1,399693489075e+01
  3,748457431793e-01;  1,305119419098e+01
  3,642435371876e-01;  1,216088199615e+01
  3,551181256771e-01;  1,143566036224e+01
  3,491552472115e-01;  1,099349975586e+01
  3,449617326260e-01;  1,070693206787e+01
  3,427674770355e-01;  1,220986080170e+01
  3,531746268272e-01;  1,440186595917e+01
  3,722613751888e-01;  1,580723571777e+01
  3,915571272373e-01;  1,739892196655e+01
  4,091740548611e-01;  1,916785240173e+01
  4,259620308876e-01;  2,109425354004e+01
  4,416911900043e-01;  2,311807823181e+01
  4,562222063541e-01;  2,508851242065e+01
  4,696317017078e-01;  2,691654968262e+01
  4,820380806923e-01;  2,862321662903e+01
  4,932881295681e-01;  3,022260475159e+01
  5,039878487587e-01;  3,172016143799e+01
  5,228377580643e-01;  3,441679000854e+01
  5,392286777496e-01;  3,676390075684e+01
  5,529586076736e-01;  3,879548263550e+01
  5,647659301758e-01;  4,053248977661e+01
  5,786839127541e-01;  4,266144180298e+01
  5,895229578018e-01;  4,432122039795e+01
  6,005640625954e-01;  4,595656585693e+01
  6,108249425888e-01;  4,752759552002e+01
  6,205633282661e-01;  4,885541915894e+01
  6,251260638237e-01;  4,919497299194e+01
  6,260176897049e-01;  4,657688522339e+01
  6,105323433876e-01;  4,331399154663e+01
  5,903937220573e-01;  4,135753631592e+01
  5,718154907227e-01;  3,922541427612e+01
  5,551319718361e-01;  3,694249343872e+01
  5,397998690605e-01;  3,454552459717e+01
  5,261187553406e-01;  3,217461013794e+01
  5,138586163521e-01;  3,006556701660e+01
  5,028315186501e-01;  2,827204322815e+01
  4,840860664845e-01;  2,538825416565e+01
  4,684405028820e-01;  2,318075180054e+01
  4,551424682140e-01;  2,144444084167e+01
  4,432863891125e-01;  2,002587318420e+01
  4,332554042339e-01;  1,884048652649e+01
  4,198737740517e-01;  1,740082931519e+01
  4,090068638325e-01;  1,625953102112e+01
  3,970602154732e-01;  1,507628059387e+01
  3,852807879448e-01;  1,398126125336e+01
  3,748318254948e-01;  1,304032516479e+01
  3,642783761024e-01;  1,215320682526e+01
  3,551459908485e-01;  1,142298889160e+01
  3,492945730686e-01;  1,098291492462e+01
  3,451010584831e-01;  1,070474147797e+01
  3,432829380035e-01;  1,278395748138e+01
  3,644525408745e-01;  1,522913265228e+01
  3,844169974327e-01;  1,674619865417e+01
  4,025563895702e-01;  1,844519805908e+01
  4,196926653385e-01;  2,031047821045e+01
  4,357910156250e-01;  2,230896568298e+01
  4,508932232857e-01;  2,431932067871e+01
  4,646371006966e-01;  2,620433425903e+01
  4,775450229645e-01;  2,795474052429e+01
  4,891642630100e-01;  2,959459495544e+01
  5,000869035721e-01;  3,113203620911e+01
  5,102432966232e-01;  3,256722259521e+01
  5,283060669899e-01;  3,515612411499e+01
  5,439167618752e-01;  3,740859222412e+01
  5,569779872894e-01;  3,934749221802e+01
  5,682140588760e-01;  4,100532531738e+01
  5,812683105469e-01;  4,303682708740e+01
  5,917172431946e-01;  4,460999298096e+01
  6,021174788475e-01;  4,616353988647e+01
  6,131237149239e-01;  4,783041381836e+01
  6,216987967491e-01;  4,897650527954e+01
  6,258087158203e-01;  4,801710128784e+01
  6,261221766472e-01;  4,684607696533e+01
  6,142033934593e-01;  4,367800521851e+01
  5,945175886154e-01;  4,175894546509e+01
  5,754587054253e-01;  3,965702056885e+01
  5,585104823112e-01;  3,740147399902e+01
  5,428649187088e-01;  3,501968002319e+01
  5,288563370705e-01;  3,262282180786e+01
  5,163524746895e-01;  3,044657135010e+01
  5,050606131554e-01;  2,859468078613e+01
  4,950574934483e-01;  2,700750923157e+01
  4,775519967079e-01;  2,442813110352e+01
  4,631254673004e-01;  2,243326759338e+01
  4,503568708897e-01;  2,084070587158e+01
  4,393297135830e-01;  1,952699661255e+01
  4,252375662327e-01;  1,793168449402e+01
  4,132212698460e-01;  1,668281364441e+01
  4,006268084049e-01;  1,538929271698e+01
  3,902823328972e-01;  1,440856361389e+01
  3,786143362522e-01;  1,334264755249e+01
  3,682420253754e-01;  1,246054935455e+01
  3,580020368099e-01;  1,161767959595e+01
  3,512450456619e-01;  1,110169601440e+01
  3,466196358204e-01;  1,078226184845e+01
  3,432690203190e-01;  1,230105113983e+01
  3,553062081337e-01;  1,453658294678e+01
  3,748178780079e-01;  1,596249294281e+01
  3,939116001129e-01;  1,757340431213e+01
  4,114519059658e-01;  1,935983085632e+01
  4,280936121941e-01;  2,130265235901e+01
  4,437113106251e-01;  2,332961654663e+01
  4,581239223480e-01;  2,528645896912e+01
  4,714637398720e-01;  2,710146713257e+01
  4,836959838867e-01;  2,879647636414e+01
  4,949111938477e-01;  3,038614845276e+01
  5,054507255554e-01;  3,187162208557e+01
  5,241612792015e-01;  3,454973602295e+01
  5,404616594315e-01;  3,687965011597e+01
  5,540592074394e-01;  3,889427947998e+01
  5,657969117165e-01;  4,061717224121e+01
  5,794711112976e-01;  4,273341751099e+01
  5,903031826019e-01;  4,438035583496e+01
  6,011770367622e-01;  4,600291442871e+01
  6,113334298134e-01;  4,755363845825e+01
  6,209464669228e-01;  4,886666870117e+01
  6,254952549934e-01;  4,920185089111e+01
  6,263311505318e-01;  4,658213043213e+01
  6,109015345573e-01;  4,331690979004e+01
  5,907420516014e-01;  4,136210632324e+01
  5,721637606621e-01;  3,922990036011e+01
  5,554593801498e-01;  3,694647598267e+01
  5,401621460915e-01;  3,454716873169e+01
  5,264670252800e-01;  3,217301177979e+01
  5,142069458961e-01;  3,005964088440e+01
  5,031937360764e-01;  2,826598548889e+01
  4,844692051411e-01;  2,538484001160e+01
  4,688236415386e-01;  2,317712593079e+01
  4,555464982986e-01;  2,143813705444e+01
  4,436834454536e-01;  2,002109909058e+01
  4,336524605751e-01;  1,883579444885e+01
  4,203126430511e-01;  1,739123535156e+01
  4,094596505165e-01;  1,624932098389e+01
  3,975269496441e-01;  1,506822967529e+01
  3,857196271420e-01;  1,397431850433e+01
  3,753194510937e-01;  1,303204631805e+01
  3,647938668728e-01;  1,214345455170e+01
  3,557729423046e-01;  1,142146301270e+01
  3,498588204384e-01;  1,098696804047e+01
  3,456722795963e-01;  1,070267963409e+01
  3,437009155750e-01;  1,268095302582e+01
  3,629966378212e-01;  1,508576965332e+01
  3,830377459526e-01;  1,658843231201e+01
  4,013373255730e-01;  1,827310371399e+01
  4,185990095139e-01;  2,012707901001e+01
  4,347739815712e-01;  2,211981010437e+01
  4,499807059765e-01;  2,413749122620e+01
  4,638499319553e-01;  2,603905677795e+01
  4,768484234810e-01;  2,780271530151e+01
  4,885164201260e-01;  2,945521926880e+01
  4,995087385178e-01;  3,100314521790e+01
  5,097347497940e-01;  3,244777679443e+01
  5,278881192207e-01;  3,505049896240e+01
  5,436381697655e-01;  3,731591033936e+01
  5,567898750305e-01;  3,927167892456e+01
  5,681095719337e-01;  4,093965530396e+01
  5,812473893166e-01;  4,298994064331e+01
  5,917521119118e-01;  4,457913589478e+01
  6,022010445595e-01;  4,614368057251e+01
  6,132839322090e-01;  4,781211853027e+01
  6,219217181206e-01;  4,896596908569e+01
  6,260873675346e-01;  4,821337127686e+01
  6,263799071312e-01;  4,710633468628e+01
  5,989270210266e-01;  4,215714645386e+01
  5,794292688370e-01;  4,009065246582e+01
  5,620979666710e-01;  3,786286544800e+01
  5,462085604668e-01;  3,550097656250e+01
  5,318726301193e-01;  3,308944702148e+01
  5,191179513931e-01;  3,085152435303e+01
  5,076031684875e-01;  2,893715476990e+01
  4,973423182964e-01;  2,730178070068e+01
  4,795721173286e-01;  2,465160369873e+01
  4,648878574371e-01;  2,260494804382e+01
  4,520286917686e-01;  2,097994422913e+01
  4,407577514648e-01;  1,964293289185e+01
  4,265332520008e-01;  1,801934623718e+01
  4,143497645855e-01;  1,675142860413e+01
  4,016577601433e-01;  1,543997097015e+01
  3,912366926670e-01;  1,444786930084e+01
  3,811360299587e-01;  1,352322483063e+01
  3,703527152538e-01;  1,258712768555e+01
  3,596111834049e-01;  1,169926261902e+01
  3,524641096592e-01;  1,114458274841e+01
  3,476575911045e-01;  1,080889415741e+01
  3,442094326019e-01;  1,158428382874e+01
  3,439307808876e-01;  1,239624786377e+01
  3,577094674110e-01;  1,467852497101e+01
  3,774997889996e-01;  1,612519264221e+01
  3,963496983051e-01;  1,775630950928e+01
  4,138064086437e-01;  1,955868721008e+01
  4,303157627583e-01;  2,151571083069e+01
  4,459055960178e-01;  2,354316139221e+01
  4,600743949413e-01;  2,548865699768e+01
  4,733306169510e-01;  2,729133796692e+01
  4,854026436806e-01;  2,897616958618e+01
  4,965690970421e-01;  3,055474662781e+01
  5,070180296898e-01;  3,203084564209e+01
  5,255823731422e-01;  3,468890380859e+01
  5,417364239693e-01;  3,700699996948e+01
  5,551668405533e-01;  3,900715637207e+01
  5,667860507965e-01;  4,071796035767e+01
  5,803070068359e-01;  4,281673431396e+01
  5,910206437111e-01;  4,444785308838e+01
  6,017482876778e-01;  4,604964828491e+01
  6,117653250694e-01;  4,757962036133e+01
  6,213156580925e-01;  4,887974548340e+01
  6,257739067078e-01;  4,900181198120e+01
  6,264217495918e-01;  4,723015213013e+01
  6,010377407074e-01;  4,235462951660e+01
  5,813518762589e-01;  4,030598831177e+01
  5,638185739517e-01;  3,809473037720e+01
  5,478107333183e-01;  3,574592971802e+01
  5,333355069160e-01;  3,333000946045e+01
  5,203717947006e-01;  3,106319236755e+01
  5,087316632271e-01;  2,911774253845e+01
  4,983872175217e-01;  2,745810317993e+01
  4,804637730122e-01;  2,476988029480e+01
  4,656123220921e-01;  2,269747352600e+01
  4,527113437653e-01;  2,105342864990e+01
  4,413568377495e-01;  1,970312500000e+01
  4,270487129688e-01;  1,806126403809e+01
  4,148234426975e-01;  1,678356742859e+01
  4,020896553993e-01;  1,546201038361e+01
  3,915710449219e-01;  1,446476936340e+01
  3,814146518707e-01;  1,353203105927e+01
  3,706452846527e-01;  1,259887218475e+01
  3,598689138889e-01;  1,170723915100e+01
  3,526243269444e-01;  1,114541149139e+01
  3,478665649891e-01;  1,081328201294e+01
  3,443905413151e-01;  1,145061206818e+01
  3,441049456596e-01;  1,221416854858e+01
  3,544981479645e-01;  1,441050434113e+01
  3,735640048981e-01;  1,581749343872e+01
  3,928876221180e-01;  1,741246986389e+01
  4,104975759983e-01;  1,918390083313e+01
  4,272019863129e-01;  2,111491203308e+01
  4,429659545422e-01;  2,314114761353e+01
  4,574760794640e-01;  2,511205101013e+01
  4,708716273308e-01;  2,694127082825e+01
  4,832223057747e-01;  2,864836311340e+01
  4,944792985916e-01;  3,024807548523e+01
  5,051023960114e-01;  3,174481964111e+01
  5,239174962044e-01;  3,444268798828e+01
  5,403084158897e-01;  3,679081726074e+01
  5,539965629578e-01;  3,882167434692e+01
  5,658247470856e-01;  4,056032562256e+01
  5,796104073524e-01;  4,268936157227e+01
  5,904424786568e-01;  4,434567642212e+01
  6,013721227646e-01;  4,597871780396e+01
  6,116260290146e-01;  4,754419708252e+01
  6,212599277496e-01;  4,886756134033e+01
  6,257739067078e-01;  4,916820526123e+01
  6,265610456467e-01;  4,643933486938e+01
  6,092854142189e-01;  4,312474822998e+01
  5,890841484070e-01;  4,114760208130e+01
  5,707218050957e-01;  3,899748992920e+01
  5,541706681252e-01;  3,670021820068e+01
  5,390475988388e-01;  3,429408645630e+01
  5,255126953125e-01;  3,193595886230e+01
  5,134197473526e-01;  2,985716629028e+01
  5,025319457054e-01;  2,809213447571e+01
  4,839815795422e-01;  2,525108718872e+01
  4,684753417969e-01;  2,307483482361e+01
  4,553375244141e-01;  2,136044692993e+01
  4,435998797417e-01;  1,995779228210e+01
  4,289852678776e-01;  1,826319122314e+01
  4,164116978645e-01;  1,694329261780e+01
  4,064085483551e-01;  1,588533210754e+01
  3,951027989388e-01;  1,478585433960e+01
  3,840617239475e-01;  1,376588916779e+01
  3,727071881294e-01;  1,276274394989e+01
  3,622164428234e-01;  1,188130569458e+01
  3,542264997959e-01;  1,125302886963e+01
  3,490159511566e-01;  1,088210105896e+01
  3,452543318272e-01;  1,076220798492e+01
  3,444880545139e-01;  1,258622550964e+01
  3,618820905685e-01;  1,495212268829e+01
  3,819440901279e-01;  1,643688201904e+01
  4,004317522049e-01;  1,810411453247e+01
  4,176725447178e-01;  1,994209671021e+01
  4,339937865734e-01;  2,192485046387e+01
  4,493398368359e-01;  2,394915008545e+01
  4,632926583290e-01;  2,586398506165e+01
  4,763747453690e-01;  2,764244270325e+01
  4,881542026997e-01;  2,930747985840e+01
  4,991813302040e-01;  3,086733436584e+01
  5,094909667969e-01;  3,232292938232e+01
  5,277696847916e-01;  3,494758605957e+01
  5,435824394226e-01;  3,723268127441e+01
  5,568386316299e-01;  3,920495223999e+01
  5,682349801064e-01;  4,088728713989e+01
  5,814563632011e-01;  4,295212554932e+01
  5,920098423958e-01;  4,455025863647e+01
  6,024796962738e-01;  4,611909484863e+01
  6,136670112610e-01;  4,780900955200e+01
  6,223048567772e-01;  4,897017669678e+01
  6,264147758484e-01;  4,821328735352e+01
  6,267142891884e-01;  4,710763168335e+01
  5,992753505707e-01;  4,216247940063e+01
  5,797775983810e-01;  4,009637832642e+01
  5,624462366104e-01;  3,786759948730e+01
  5,465778112411e-01;  3,550523757935e+01
  5,322696566582e-01;  3,309210586548e+01
  5,195010900497e-01;  3,085290336609e+01
  5,079654455185e-01;  2,893739509583e+01
  4,977045357227e-01;  2,730061721802e+01
  4,799692034721e-01;  2,464447784424e+01
  4,652501046658e-01;  2,259705162048e+01
  4,524466395378e-01;  2,097153091431e+01
  4,411756992340e-01;  1,963447380066e+01
  4,269999563694e-01;  1,801215362549e+01
  4,148443341255e-01;  1,674819374084e+01
  4,021593034267e-01;  1,543854808807e+01
  3,917242884636e-01;  1,444302558899e+01
  3,816236555576e-01;  1,350998115540e+01
  3,709099888802e-01;  1,257936668396e+01
  3,602520525455e-01;  1,169247150421e+01
  3,530771136284e-01;  1,113675308228e+01
  3,483541607857e-01;  1,080512809753e+01
  3,449269235134e-01;  1,196737575531e+01
  3,681862950325e-01;  1,538822269440e+01
  3,880114257336e-01;  1,693027305603e+01
  4,059697091579e-01;  1,864918708801e+01
  4,230014979839e-01;  2,053465652466e+01
  4,390092790127e-01;  2,254502868652e+01
  4,539234340191e-01;  2,454939460754e+01
  4,675767421722e-01;  2,642246818542e+01
  4,802826642990e-01;  2,816553688049e+01
  4,917416870594e-01;  2,979675865173e+01
  5,026155710220e-01;  3,132566642761e+01
  5,126465559006e-01;  3,275112533569e+01
  5,305351614952e-01;  3,532112884521e+01
  5,459578037262e-01;  3,755669021606e+01
  5,589145421982e-01;  3,947939682007e+01
  5,699555873871e-01;  4,111853408813e+01
  5,827450752258e-01;  4,312775421143e+01
  5,931313633919e-01;  4,468645477295e+01
  6,033016443253e-01;  4,621916961670e+01
  6,142243146896e-01;  4,786734771729e+01
  6,225834488869e-01;  4,899190521240e+01
  6,266794800758e-01;  4,791923141479e+01
  6,269580721855e-01;  4,671707534790e+01
  6,133187413216e-01;  4,349617767334e+01
  5,933333635330e-01;  4,155708694458e+01
  5,745531320572e-01;  3,943859863281e+01
  5,576885342598e-01;  3,716722488403e+01
  5,422519445419e-01;  3,477346801758e+01
  5,284383893013e-01;  3,238342666626e+01
  5,160877108574e-01;  3,023748970032e+01
  5,049561262131e-01;  2,841463851929e+01
  4,860853254795e-01;  2,549105453491e+01
  4,702307581902e-01;  2,325779151917e+01
  4,569605886936e-01;  2,150260353088e+01
  4,450418353081e-01;  2,007548141479e+01
  4,349969029427e-01;  1,888336944580e+01
  4,216361641884e-01;  1,742780113220e+01
  4,106438755989e-01;  1,627584266663e+01
  3,987111747265e-01;  1,507577323914e+01
  3,868690133095e-01;  1,396710491180e+01
  3,765036463737e-01;  1,302754020691e+01
  3,659989833832e-01;  1,214138603210e+01
  3,570477068424e-01;  1,141914653778e+01
  3,510709106922e-01;  1,098114776611e+01
  3,469609916210e-01;  1,069645309448e+01
  3,450801670551e-01;  1,240220451355e+01
  3,588379621506e-01;  1,468894863129e+01
  3,786143362522e-01;  1,613881301880e+01
  3,974433541298e-01;  1,777199172974e+01
  4,148861467838e-01;  1,957742500305e+01
  4,313955008984e-01;  2,153495597839e+01
  4,469574689865e-01;  2,356440734863e+01
  4,611123204231e-01;  2,551068687439e+01
  4,743546247482e-01;  2,731396675110e+01
  4,863918125629e-01;  2,900007820129e+01
  4,975373744965e-01;  3,058164596558e+01
  5,079932808876e-01;  3,205878448486e+01
  5,265088081360e-01;  3,471811676025e+01
  5,426419973373e-01;  3,703541564941e+01
  5,560724139214e-01;  3,903591918945e+01
  5,676080584526e-01;  4,074234771729e+01
  5,810523629189e-01;  4,283194351196e+01
  5,917659997940e-01;  4,446087646484e+01
  6,024448275566e-01;  4,606244277954e+01
  6,137854456902e-01;  4,778129959106e+01
  6,224441528320e-01;  4,896267700195e+01
  6,266446113586e-01;  4,830492019653e+01
  6,269580721855e-01;  4,722974777222e+01
  6,015880703926e-01;  4,235048675537e+01
  5,818743705750e-01;  4,030038833618e+01
  5,643619298935e-01;  3,808756637573e+01
  5,483889579773e-01;  3,573663711548e+01
  5,339275598526e-01;  3,332186126709e+01
  5,209778547287e-01;  3,105187416077e+01
  5,093795061111e-01;  2,910487556458e+01
  4,990141391754e-01;  2,744450759888e+01
  4,811255335808e-01;  2,475511169434e+01
  4,662810564041e-01;  2,268287086487e+01
  4,534218907356e-01;  2,103965568542e+01
  4,420812726021e-01;  1,969274520874e+01
  4,278497993946e-01;  1,805500793457e+01
  4,155687987804e-01;  1,677941894531e+01
  4,028768241405e-01;  1,545618534088e+01
  3,923930227757e-01;  1,445324134827e+01
  3,822505772114e-01;  1,351978778839e+01
  3,714881539345e-01;  1,258450031281e+01
  3,608580827713e-01;  1,169429683685e+01
  3,536343872547e-01;  1,113842678070e+01
  3,489114642143e-01;  1,080541038513e+01
  3,454841971397e-01;  1,172660064697e+01
  3,453030884266e-01;  1,258404731750e+01
  3,626692295074e-01;  1,495528316498e+01
  3,827312290668e-01;  1,644174385071e+01
  4,011562168598e-01;  1,811089515686e+01
  4,184736311436e-01;  1,994906234741e+01
  4,347600638866e-01;  2,193395614624e+01
  4,500921368599e-01;  2,396032524109e+01
  4,640449881554e-01;  2,588043785095e+01
  4,771061837673e-01;  2,765977096558e+01
  4,888159632683e-01;  2,932487487793e+01
  4,998918473721e-01;  3,088357925415e+01
  5,101875662804e-01;  3,233881378174e+01
  5,284105539322e-01;  3,496323394775e+01
  5,442511439323e-01;  3,724713897705e+01
  5,574656128883e-01;  3,921304702759e+01
  5,688061714172e-01;  4,089518356323e+01
  5,819927453995e-01;  4,295597076416e+01
  5,925670862198e-01;  4,455584335327e+01
  6,030369400978e-01;  4,613215637207e+01
  6,141685843468e-01;  4,782077789307e+01
  6,227576136589e-01;  4,897665405273e+01
  6,268535852432e-01;  4,801604461670e+01
  6,271322369576e-01;  4,684487533569e+01
  6,152483224869e-01;  4,367446517944e+01
  5,955485701561e-01;  4,175508499146e+01
  5,765593051910e-01;  3,965294265747e+01
  5,595902204514e-01;  3,739766311646e+01
  5,440143346786e-01;  3,501705551147e+01
  5,300405621529e-01;  3,261907577515e+01
  5,175715088844e-01;  3,043895530701e+01
  5,062796473503e-01;  2,858517265320e+01
  4,962765276432e-01;  2,699438476563e+01
  4,788058698177e-01;  2,441112709045e+01
  4,644002616405e-01;  2,241371345520e+01
  4,517361223698e-01;  2,081828498840e+01
  4,406881034374e-01;  1,950668144226e+01
  4,266656041145e-01;  1,791340255737e+01
  4,146493077278e-01;  1,666495513916e+01
  4,021384119987e-01;  1,537172031403e+01
  3,918427228928e-01;  1,438753795624e+01
  3,802095353603e-01;  1,331690216064e+01
  3,699695765972e-01;  1,243561458588e+01
  3,599385917187e-01;  1,160914039612e+01
  3,531258702278e-01;  1,108386993408e+01
  3,486188948154e-01;  1,076855373383e+01
  3,456374406815e-01;  1,239809513092e+01
  3,593812882900e-01;  1,468610000610e+01
  3,791716098785e-01;  1,613560676575e+01
  3,980076014996e-01;  1,776938438416e+01
  4,154782593250e-01;  1,957582283020e+01
  4,319388270378e-01;  2,153759765625e+01
  4,475286602974e-01;  2,356944465637e+01
  4,616417288780e-01;  2,551705169678e+01
  4,748631417751e-01;  2,732108116150e+01
  4,868585467339e-01;  2,900861740112e+01
  4,980458915234e-01;  3,058883476257e+01
  5,084809064865e-01;  3,206582260132e+01
  5,269824862480e-01;  3,472716140747e+01
  5,430948138237e-01;  3,704510116577e+01
  5,565460920334e-01;  3,904201889038e+01
  5,680608153343e-01;  4,075024032593e+01
  5,814703106880e-01;  4,284278106689e+01
  5,921491384506e-01;  4,446930694580e+01
  6,028140783310e-01;  4,607030105591e+01
  6,141198277473e-01;  4,778952789307e+01
  6,227924227715e-01;  4,896594619751e+01
  6,269372105598e-01;  4,830513763428e+01
  6,272367238998e-01;  4,723008728027e+01
  6,019085049629e-01;  4,235263824463e+01
  5,822156667709e-01;  4,030193328857e+01
  5,646753907204e-01;  3,808821868896e+01
  5,487372279167e-01;  3,573773574829e+01
  5,342758893967e-01;  3,332027053833e+01
  5,213470458984e-01;  3,105154418945e+01
  5,097278356552e-01;  2,910405921936e+01
  4,993624389172e-01;  2,744308662415e+01
  4,814877808094e-01;  2,475258636475e+01
  4,666502475739e-01;  2,268127632141e+01
  4,538119733334e-01;  2,103626823425e+01
  4,424644112587e-01;  1,968594551086e+01
  4,282190203667e-01;  1,804815483093e+01
  4,159937202930e-01;  1,677045059204e+01
  4,033296108246e-01;  1,544954109192e+01
  3,928040266037e-01;  1,445147228241e+01
  3,826685249805e-01;  1,351588630676e+01
  3,720106184483e-01;  1,257921028137e+01
  3,613665997982e-01;  1,168872642517e+01
  3,542055785656e-01;  1,113260936737e+01
  3,494896292686e-01;  1,080168628693e+01
  3,460902273655e-01;  1,213596820831e+01
  3,734456002712e-01;  1,568744564056e+01
  3,929154872894e-01;  1,726865768433e+01
  4,106160104275e-01;  1,902571868896e+01
  4,274457991123e-01;  2,094429779053e+01
  4,432585239410e-01;  2,296932220459e+01
  4,578243792057e-01;  2,495613098145e+01
  4,713592529297e-01;  2,680079078674e+01
  4,836959838867e-01;  2,852150535583e+01
  4,950505197048e-01;  3,013298034668e+01
  5,057293176651e-01;  3,164008140564e+01
  5,246628522873e-01;  3,435679626465e+01
  5,411095023155e-01;  3,672315979004e+01
  5,548881888390e-01;  3,876955795288e+01
  5,667163729668e-01;  4,051982498169e+01
  5,804811716080e-01;  4,266667556763e+01
  5,914386510849e-01;  4,433703613281e+01
  6,023612618446e-01;  4,597338867188e+01
  6,125664114952e-01;  4,754588317871e+01
  6,221864223480e-01;  4,887126541138e+01
  6,267142891884e-01;  4,913584136963e+01
  6,273969411850e-01;  4,629878616333e+01
  6,082475185394e-01;  4,293552398682e+01
  5,880740880966e-01;  4,093878173828e+01
  5,699555873871e-01;  3,877038192749e+01
  5,535925030708e-01;  3,645661926270e+01
  5,385808348656e-01;  3,404412841797e+01
  5,252479910851e-01;  3,170183753967e+01
  5,132804512978e-01;  2,965338897705e+01
  5,025319457054e-01;  2,791239929199e+01
  4,842045009136e-01;  2,510805320740e+01
  4,688723981380e-01;  2,295714378357e+01
  4,558460414410e-01;  2,126026916504e+01
  4,442407488823e-01;  1,987257575989e+01
  4,297724068165e-01;  1,819440650940e+01
  4,173102974892e-01;  1,688660240173e+01
  4,044232666492e-01;  1,553548908234e+01
  3,937444388866e-01;  1,452019500732e+01
  3,833999633789e-01;  1,356419849396e+01
  3,726166486740e-01;  1,260796642303e+01
  3,618890643120e-01;  1,171177577972e+01
  3,546235561371e-01;  1,113997554779e+01
  3,498866856098e-01;  1,080597972870e+01
  3,464385271072e-01;  1,180593872070e+01
  3,463827967644e-01;  1,268879604340e+01
  3,656228184700e-01;  1,510369014740e+01
  3,856012225151e-01;  1,661034011841e+01
  4,038799107075e-01;  1,829888534546e+01
  4,211206734180e-01;  2,015523719788e+01
  4,372678101063e-01;  2,215192604065e+01
  4,524257481098e-01;  2,417489433289e+01
  4,662531912327e-01;  2,607937049866e+01
  4,791681170464e-01;  2,784698104858e+01
  4,907664358616e-01;  2,950094795227e+01
  5,017935633659e-01;  3,105135536194e+01
  5,119847655296e-01;  3,249679946899e+01
  5,300823450089e-01;  3,510494613647e+01
  5,457418560982e-01;  3,737302398682e+01
  5,588588118553e-01;  3,932519149780e+01
  5,700252652168e-01;  4,099599838257e+01
  5,830585360527e-01;  4,304020309448e+01
  5,935423374176e-01;  4,462538146973e+01
  6,038241386414e-01;  4,617465591431e+01
  6,148999929428e-01;  4,784552383423e+01
  6,233357787132e-01;  4,898988723755e+01
  6,273760795593e-01;  4,758368301392e+01
  6,274318099022e-01;  4,628900909424e+01
  6,082753539085e-01;  4,292475128174e+01
  5,880879759789e-01;  4,092819213867e+01
  5,699695348740e-01;  3,876097869873e+01
  5,536134243011e-01;  3,644776535034e+01
  5,386783480644e-01;  3,403347396851e+01
  5,253176689148e-01;  3,169201660156e+01
  5,133988857269e-01;  2,964617156982e+01
  5,026364326477e-01;  2,790659904480e+01
  4,842950701714e-01;  2,510369491577e+01
  4,689768850803e-01;  2,295098686218e+01
  4,559714198112e-01;  2,125492477417e+01
  4,443312883377e-01;  1,986858177185e+01
  4,299256801605e-01;  1,818939590454e+01
  4,174705147743e-01;  1,688193511963e+01
  4,045486450195e-01;  1,553137397766e+01
  3,939394652843e-01;  1,451392459869e+01
  3,835880458355e-01;  1,355880260468e+01
  3,728256225586e-01;  1,260628604889e+01
  3,620771467686e-01;  1,170926380157e+01
  3,548325300217e-01;  1,114599990845e+01
  3,500469028950e-01;  1,080176925659e+01
  3,466475009918e-01;  1,180784416199e+01
  3,466057181358e-01;  1,268876171112e+01
  3,658178448677e-01;  1,510337638855e+01
  3,858310878277e-01;  1,661125183105e+01
  4,040540754795e-01;  1,829973983765e+01
  4,212599992752e-01;  2,015548515320e+01
  4,374558925629e-01;  2,215270423889e+01
  4,526138305664e-01;  2,417654037476e+01
  4,664482474327e-01;  2,608176231384e+01
  4,793561995029e-01;  2,785138320923e+01
  4,909406006336e-01;  2,950708770752e+01
  5,019677281380e-01;  3,105790519714e+01
  5,121380090714e-01;  3,250288772583e+01
  5,302425622940e-01;  3,510834121704e+01
  5,458812117577e-01;  3,737936782837e+01
  5,589841604233e-01;  3,933158493042e+01
  5,701854825020e-01;  4,099650573730e+01
  5,831769704819e-01;  4,304288864136e+01
  5,936677455902e-01;  4,462915039063e+01
  6,039564609528e-01;  4,618336868286e+01
  6,149696707726e-01;  4,784782028198e+01
  6,233845353127e-01;  4,898611450195e+01
  6,274805665016e-01;  4,781136322021e+01
  6,277243494987e-01;  4,657663345337e+01
  6,122947335243e-01;  4,330720901489e+01
  5,921282768250e-01;  4,134942626953e+01
  5,735988020897e-01;  3,921293258667e+01
  5,569222569466e-01;  3,692604827881e+01
  5,416458845139e-01;  3,452383041382e+01
  5,280552506447e-01;  3,214764022827e+01
  5,158787369728e-01;  3,003354263306e+01
  5,048307180405e-01;  2,823822975159e+01
  4,861758649349e-01;  2,535490417480e+01
  4,705094099045e-01;  2,314794540405e+01
  4,573646187782e-01;  2,141220855713e+01
  4,455503523350e-01;  1,999733352661e+01
  4,309496581554e-01;  1,828997612000e+01
  4,183969795704e-01;  1,695915603638e+01
  4,083242118359e-01;  1,589462089539e+01
  3,970602154732e-01;  1,478975009918e+01
  3,859425485134e-01;  1,375676441193e+01
  3,746716082096e-01;  1,274860954285e+01
  3,642365932465e-01;  1,186759662628e+01
  3,563859462738e-01;  1,124835777283e+01
  3,511614501476e-01;  1,085955238342e+01
  3,475670218468e-01;  1,083487033844e+01
  3,469470441341e-01;  1,196336269379e+01
  3,532024919987e-01;  1,403652381897e+01
  3,701994419098e-01;  1,539000415802e+01
  3,899758458138e-01;  1,693364143372e+01
  4,078644514084e-01;  1,865646553040e+01
  4,248823225498e-01;  2,054383468628e+01
  4,408901035786e-01;  2,255931472778e+01
  4,557694196701e-01;  2,456922721863e+01
  4,694575369358e-01;  2,644538688660e+01
  4,821077287197e-01;  2,819177246094e+01
  4,935319423676e-01;  2,982895469666e+01
  5,043849349022e-01;  3,135892868042e+01
  5,144019722939e-01;  3,278410339355e+01
  5,322627425194e-01;  3,535659408569e+01
  5,475948452950e-01;  3,759400558472e+01
  5,605027675629e-01;  3,951430130005e+01
  5,714045166969e-01;  4,115343475342e+01
  5,841940045357e-01;  4,316893005371e+01
  5,945523977280e-01;  4,472535324097e+01
  6,045903563499e-01;  4,625346374512e+01
  6,154781579971e-01;  4,789120101929e+01
  6,236980557442e-01;  4,900574493408e+01
  6,277243494987e-01;  4,735200119019e+01
  6,044650077820e-01;  4,254459762573e+01
  5,845841169357e-01;  4,051238250732e+01
  5,668696761131e-01;  3,831388092041e+01
  5,507712960243e-01;  3,597412109375e+01
  5,361706018448e-01;  3,355526733398e+01
  5,231581926346e-01;  3,125760078430e+01
  5,114344954491e-01;  2,927635383606e+01
  5,009437203407e-01;  2,758943367004e+01
  4,829157888889e-01;  2,486181449890e+01
  4,678971767426e-01;  2,276199722290e+01
  4,550449550152e-01;  2,110011863708e+01
  4,436346888542e-01;  1,973972892761e+01
  4,293684065342e-01;  1,808670997620e+01
  4,170525670052e-01;  1,679491043091e+01
  4,043187797070e-01;  1,546368217468e+01
  3,938489258289e-01;  1,446041774750e+01
  3,836437761784e-01;  1,352084636688e+01
  3,729997575283e-01;  1,258248806000e+01
  3,623766601086e-01;  1,168637275696e+01
  3,552156388760e-01;  1,113565731049e+01
  3,504996895790e-01;  1,079606056213e+01
  3,471002876759e-01;  1,204469490051e+01
  3,723798096180e-01;  1,553162860870e+01
  3,920099139214e-01;  1,709435653687e+01
  4,098149240017e-01;  1,883480453491e+01
  4,266934692860e-01;  2,073736000061e+01
  4,426316022873e-01;  2,275881958008e+01
  4,573507010937e-01;  2,475897026062e+01
  4,709413051605e-01;  2,662203598022e+01
  4,834312796593e-01;  2,835809898376e+01
  4,948415458202e-01;  2,998417472839e+01
  5,055900216103e-01;  3,150563812256e+01
  5,246628522873e-01;  3,424383163452e+01
  5,412139892578e-01;  3,663131332397e+01
  5,550623536110e-01;  3,869204711914e+01
  5,669254064560e-01;  4,045284271240e+01
  5,808294415474e-01;  4,261385726929e+01
  5,918565988541e-01;  4,429885864258e+01
  6,028140783310e-01;  4,595236206055e+01
  6,131237149239e-01;  4,754375076294e+01
  6,226879358292e-01;  4,887408447266e+01
  6,272367238998e-01;  4,905836486816e+01
  6,278079748154e-01;  4,735580444336e+01
  6,046043038368e-01;  4,254966735840e+01
  5,847443342209e-01;  4,051589584351e+01
  5,670089721680e-01;  3,831681823730e+01
  5,509315133095e-01;  3,597674560547e+01
  5,363308191299e-01;  3,355700302124e+01
  5,232626795769e-01;  3,125874900818e+01
  5,115737915039e-01;  2,927604675293e+01
  5,010691285133e-01;  2,758722305298e+01
  4,830551147461e-01;  2,485744476318e+01
  4,680504202843e-01;  2,275559997559e+01
  4,552190899849e-01;  2,109103584290e+01
  4,437531232834e-01;  1,972969055176e+01
  4,295425415039e-01;  1,807912826538e+01
  4,172406494617e-01;  1,679069519043e+01
  4,045277535915e-01;  1,546351909637e+01
  3,940578997135e-01;  1,446009731293e+01
  3,838179111481e-01;  1,351598072052e+01
  3,731948137283e-01;  1,257678031921e+01
  3,625995814800e-01;  1,169718742371e+01
  3,554246425629e-01;  1,113224792480e+01
  3,507017195225e-01;  1,079442977905e+01
  3,473232090473e-01;  1,230948162079e+01
  3,593325316906e-01;  1,455579853058e+01
  3,787536621094e-01;  1,598821926117e+01
  3,977777361870e-01;  1,760680580139e+01
  4,153040945530e-01;  1,939781570435e+01
  4,318691790104e-01;  2,134660720825e+01
  4,475286602974e-01;  2,338092041016e+01
  4,617601335049e-01;  2,534422874451e+01
  4,751208722591e-01;  2,716466331482e+01
  4,871441423893e-01;  2,886646461487e+01
  4,983941912651e-01;  3,045947837830e+01
  5,088988542557e-01;  3,194733810425e+01
  5,275188684464e-01;  3,462871932983e+01
  5,436520576477e-01;  3,696440124512e+01
  5,571660399437e-01;  3,897696685791e+01
  5,687574148178e-01;  4,069822692871e+01
  5,822226405144e-01;  4,281183624268e+01
  5,929850935936e-01;  4,444950485229e+01
  6,035454869270e-01;  4,605155563354e+01
  6,148999929428e-01;  4,778168487549e+01
  6,235587000847e-01;  4,896318435669e+01
  6,277382969856e-01;  4,822523498535e+01
  6,280030012131e-01;  4,711800765991e+01
  6,007730364799e-01;  4,216725540161e+01
  5,812752842903e-01;  4,009950637817e+01
  5,639578700066e-01;  3,787202835083e+01
  5,481451153755e-01;  3,550805282593e+01
  5,338439941406e-01;  3,309003829956e+01
  5,211171507835e-01;  3,084280014038e+01
  5,096024274826e-01;  2,892224693298e+01
  4,993972778320e-01;  2,728363418579e+01
  4,816619157791e-01;  2,462925529480e+01
  4,669567644596e-01;  2,257756233215e+01
  4,542229771614e-01;  2,094672775269e+01
  4,429938197136e-01;  1,961139297485e+01
  4,289155900478e-01;  1,798645591736e+01
  4,167530238628e-01;  1,671670532227e+01
  4,042142927647e-01;  1,540272235870e+01
  3,938349783421e-01;  1,441198062897e+01
  3,837134242058e-01;  1,348394203186e+01
  3,732087612152e-01;  1,255844211578e+01
  3,627110421658e-01;  1,167346382141e+01
  3,555848598480e-01;  1,112176990509e+01
  3,509315848351e-01;  1,079218387604e+01
  3,477272391319e-01;  1,259307098389e+01
  3,650515973568e-01;  1,496824073792e+01
  3,850439190865e-01;  1,645603752136e+01
  4,034062325954e-01;  1,812654876709e+01
  4,207166731358e-01;  1,996672248840e+01
  4,369543194771e-01;  2,195350646973e+01
  4,521610438824e-01;  2,398230361938e+01
  4,661487042904e-01;  2,590461158752e+01
  4,791820347309e-01;  2,768739700317e+01
  4,908361136913e-01;  2,935687828064e+01
  5,019329190254e-01;  3,091861152649e+01
  5,121728777885e-01;  3,237578582764e+01
  5,303609967232e-01;  3,500414657593e+01
  5,460762381554e-01;  3,729216766357e+01
  5,592628121376e-01;  3,925922393799e+01
  5,705337524414e-01;  4,093922424316e+01
  5,836297869682e-01;  4,300301742554e+01
  5,941414237022e-01;  4,459550094604e+01
  6,043813824654e-01;  4,615796279907e+01
  6,154433488846e-01;  4,784057617188e+01
  6,238930821419e-01;  4,898958206177e+01
  6,279681921005e-01;  4,771074295044e+01
  6,281074881554e-01;  4,644684219360e+01
  6,110617518425e-01;  4,312908172607e+01
  5,908395648003e-01;  4,115159225464e+01
  5,724981427193e-01;  3,899952316284e+01
  5,560166835785e-01;  3,670082855225e+01
  5,408935546875e-01;  3,429126358032e+01
  5,274074673653e-01;  3,192523002625e+01
  5,153702497482e-01;  2,983772277832e+01
  5,044475793839e-01;  2,806606674194e+01
  4,860017299652e-01;  2,521726036072e+01
  4,704815447330e-01;  2,303773689270e+01
  4,574621319771e-01;  2,132019615173e+01
  4,457732439041e-01;  1,992095947266e+01
  4,313188493252e-01;  1,823310279846e+01
  4,187940657139e-01;  1,691244888306e+01
  4,087560772896e-01;  1,585512065887e+01
  3,976105451584e-01;  1,475706577301e+01
  3,865694701672e-01;  1,373125839233e+01
  3,754030168056e-01;  1,272392082214e+01
  3,650585711002e-01;  1,185177516937e+01
  3,573054373264e-01;  1,123229026794e+01
  3,521506190300e-01;  1,085739517212e+01
  3,485840559006e-01;  1,086983489990e+01
  3,479362130165e-01;  1,205114459991e+01
  3,732296526432e-01;  1,554332828522e+01
  3,928318917751e-01;  1,710552215576e+01
  4,106369018555e-01;  1,884561920166e+01
  4,275293648243e-01;  2,075042724609e+01
  4,434187412262e-01;  2,277335548401e+01
  4,580681920052e-01;  2,477232170105e+01
  4,716727137566e-01;  2,663604354858e+01
  4,841627180576e-01;  2,837287521362e+01
  4,955381453037e-01;  2,999819183350e+01
  5,063005685806e-01;  3,151763725281e+01
  5,252897739410e-01;  3,425653076172e+01
  5,418270230293e-01;  3,664427185059e+01
  5,556892752647e-01;  3,870321655273e+01
  5,675523281097e-01;  4,046526336670e+01
  5,813867449760e-01;  4,263424682617e+01
  5,924138426781e-01;  4,431695938110e+01
  6,032320261002e-01;  4,596851348877e+01
  6,134719848633e-01;  4,754598236084e+01
  6,229875087738e-01;  4,886480331421e+01
  6,275850534439e-01;  4,901124572754e+01
  6,281562447548e-01;  4,724454879761e+01
  6,031275391579e-01;  4,236487960815e+01
  5,834068655968e-01;  4,031454467773e+01
  5,658596158028e-01;  3,810065078735e+01
  5,499214529991e-01;  3,574965667725e+01
  5,354391932487e-01;  3,332904052734e+01
  5,225660800934e-01;  3,105048751831e+01
  5,110164880753e-01;  2,909375190735e+01
  5,005954504013e-01;  2,742667579651e+01
  4,827904105186e-01;  2,473299407959e+01
  4,678832292557e-01;  2,265844154358e+01
  4,551633894444e-01;  2,101069450378e+01
  4,438227713108e-01;  1,966302871704e+01
  4,296818673611e-01;  1,802984428406e+01
  4,175262451172e-01;  1,675075912476e+01
  4,048621058464e-01;  1,542721557617e+01
  3,944061994553e-01;  1,442810535431e+01
  3,842846453190e-01;  1,349171829224e+01
  3,738008439541e-01;  1,256227111816e+01
  3,632265031338e-01;  1,167692852020e+01
  3,561072945595e-01;  1,112712478638e+01
  3,513843715191e-01;  1,079576683044e+01
  3,481103777885e-01;  1,249694061279e+01
  3,636444807053e-01;  1,483258724213e+01
  3,835601806641e-01;  1,630198478699e+01
  4,021036028862e-01;  1,795452690125e+01
  4,194627702236e-01;  1,977850532532e+01
  4,358049333096e-01;  2,175570678711e+01
  4,511300921440e-01;  2,378909111023e+01
  4,651246964931e-01;  2,572701454163e+01
  4,782764613628e-01;  2,752326393127e+01
  4,900837838650e-01;  2,920397567749e+01
  5,012502074242e-01;  3,077817344666e+01
  5,116155743599e-01;  3,224677276611e+01
  5,299221277237e-01;  3,489808273315e+01
  5,457836389542e-01;  3,720611572266e+01
  5,590468645096e-01;  3,918704223633e+01
  5,703805088997e-01;  4,087918472290e+01
  5,835461616516e-01;  4,295441436768e+01
  5,942041277885e-01;  4,456214523315e+01
  6,045415997505e-01;  4,614144515991e+01
  6,157220005989e-01;  4,784366989136e+01
  6,240115165710e-01;  4,897418594360e+01
  6,280517578125e-01;  4,822187423706e+01
  6,283373832703e-01;  4,711660766602e+01
  6,012119054794e-01;  4,216589736938e+01
  5,817280411720e-01;  4,009734344482e+01
  5,643827915192e-01;  3,786856079102e+01
  5,485979318619e-01;  3,550691986084e+01
  5,343037247658e-01;  3,309078598022e+01
  5,215560197830e-01;  3,084168434143e+01
  5,100970268250e-01;  2,891960525513e+01
  4,998291730881e-01;  2,727730178833e+01
  4,821495413780e-01;  2,461864852905e+01
  4,674095511436e-01;  2,256992340088e+01
  4,547663033009e-01;  2,094246864319e+01
  4,435093104839e-01;  1,960548210144e+01
  4,294380545616e-01;  1,798261260986e+01
  4,173102974892e-01;  1,671268272400e+01
  4,047715663910e-01;  1,539511489868e+01
  3,943922519684e-01;  1,440332031250e+01
  3,843055367470e-01;  1,347348213196e+01
  3,738705217838e-01;  1,254737091064e+01
  3,633519113064e-01;  1,167045211792e+01
  3,562675118446e-01;  1,111380958557e+01
  3,516281843185e-01;  1,078533840179e+01
  3,483541607857e-01;  1,221385669708e+01
  3,587125837803e-01;  1,441963863373e+01
  3,777296543121e-01;  1,583138561249e+01
  3,969278633595e-01;  1,743127441406e+01
  4,145169556141e-01;  1,920762062073e+01
  4,311516880989e-01;  2,114499473572e+01
  4,469504952431e-01;  2,317972755432e+01
  4,612725377083e-01;  2,515921020508e+01
  4,746680855751e-01;  2,699691200256e+01
  4,868445992470e-01;  2,871119308472e+01
  4,981851875782e-01;  3,031743621826e+01
  5,087595582008e-01;  3,181754684448e+01
  5,275049805641e-01;  3,452230072021e+01
  5,437217354774e-01;  3,687818908691e+01
  5,573262572289e-01;  3,890551757813e+01
  5,689663887024e-01;  4,063934326172e+01
  5,825012922287e-01;  4,276940536499e+01
  5,933890938759e-01;  4,442116546631e+01
  6,040470004082e-01;  4,604375457764e+01
  6,141198277473e-01;  4,759974288940e+01
  6,233706474304e-01;  4,888250732422e+01
  6,277940273285e-01;  4,914543914795e+01
  6,284209489822e-01;  4,631066131592e+01
  6,096894741058e-01;  4,294505691528e+01
  5,895020961761e-01;  4,094752120972e+01
  5,712930560112e-01;  3,877939987183e+01
  5,549578666687e-01;  3,646610260010e+01
  5,399531722069e-01;  3,405092620850e+01
  5,266411900520e-01;  3,170029258728e+01
  5,147641897202e-01;  2,964324378967e+01
  5,039739012718e-01;  2,789681625366e+01
  4,857021868229e-01;  2,508796501160e+01
  4,703352451324e-01;  2,293372726440e+01
  4,574342668056e-01;  2,123318099976e+01
  4,458289742470e-01;  1,984486770630e+01
  4,315069317818e-01;  1,816912460327e+01
  4,190726876259e-01;  1,686021614075e+01
  4,061995744705e-01;  1,551334095001e+01
  3,956252336502e-01;  1,449680900574e+01
  3,852668404579e-01;  1,353877830505e+01
  3,746716082096e-01;  1,259666347504e+01
  3,639649152756e-01;  1,169477272034e+01
  3,568038940430e-01;  1,113712310791e+01
  3,520322144032e-01;  1,079335880280e+01
  3,487372994423e-01;  1,196210384369e+01
  3,719061017036e-01;  1,539176368713e+01
  3,916616141796e-01;  1,693530464172e+01
  4,095920026302e-01;  1,865966415405e+01
  4,265541434288e-01;  2,054895782471e+01
  4,425131678581e-01;  2,256693267822e+01
  4,573019146919e-01;  2,457952308655e+01
  4,709761142731e-01;  2,645956802368e+01
  4,835706055164e-01;  2,820841026306e+01
  4,950714111328e-01;  2,984702301025e+01
  5,059034824371e-01;  3,137915802002e+01
  5,250808000565e-01;  3,414163208008e+01
  5,417364239693e-01;  3,654796218872e+01
  5,556195974350e-01;  3,862640762329e+01
  5,675871372223e-01;  4,040307998657e+01
  5,815260410309e-01;  4,258745193481e+01
  5,926576852798e-01;  4,428720474243e+01
  6,035802960396e-01;  4,595127105713e+01
  6,138759851456e-01;  4,754908752441e+01
  6,233497262001e-01;  4,886503601074e+01
  6,278218626976e-01;  4,917507171631e+01
  6,286159753799e-01;  4,645569992065e+01
  6,117026209831e-01;  4,313805007935e+01
  5,914874076843e-01;  4,116030120850e+01
  5,730902552605e-01;  3,900905609131e+01
  5,565530657768e-01;  3,670854568481e+01
  5,414508581161e-01;  3,429828643799e+01
  5,279856324196e-01;  3,192838287354e+01
  5,159484148026e-01;  2,983648109436e+01
  5,050396919250e-01;  2,806119918823e+01
  4,865938127041e-01;  2,521249389648e+01
  4,710318446159e-01;  2,302831459045e+01
  4,580751359463e-01;  2,130805206299e+01
  4,464001953602e-01;  1,990761756897e+01
  4,320154488087e-01;  1,821862983704e+01
  4,195463657379e-01;  1,689808273315e+01
  4,095084071159e-01;  1,584086322784e+01
  3,984116315842e-01;  1,474203491211e+01
  3,873845040798e-01;  1,372024631500e+01
  3,762737810612e-01;  1,272614097595e+01
  3,658735752106e-01;  1,185028171539e+01
  3,581762015820e-01;  1,123670196533e+01
  3,529725968838e-01;  1,084859657288e+01
  3,494687378407e-01;  1,090234756470e+01
  3,488417863846e-01;  1,213562870026e+01
  3,761414289474e-01;  1,569396209717e+01
  3,955695033073e-01;  1,727665328979e+01
  4,132491350174e-01;  1,903535079956e+01
  4,299535453320e-01;  2,095574760437e+01
  4,457523524761e-01;  2,298640632629e+01
  4,602136909962e-01;  2,497769165039e+01
  4,737276732922e-01;  2,682926940918e+01
  4,859947562218e-01;  2,855587196350e+01
  4,974189400673e-01;  3,017299079895e+01
  5,080768465996e-01;  3,168291854858e+01
  5,269964337349e-01;  3,440307235718e+01
  5,433455705643e-01;  3,677510833740e+01
  5,569988489151e-01;  3,881591415405e+01
  5,687016844749e-01;  4,056190872192e+01
  5,824107527733e-01;  4,271107482910e+01
  5,933681726456e-01;  4,438360595703e+01
  6,041027307510e-01;  4,602253723145e+01
  6,142730712891e-01;  4,759119796753e+01
  6,235935091972e-01;  4,888415908813e+01
  6,279681921005e-01;  4,906193542480e+01
  6,285463571548e-01;  4,736764144897e+01
  6,056840419769e-01;  4,255608367920e+01
  5,857543945313e-01;  4,052158737183e+01
  5,679842233658e-01;  3,832056808472e+01
  5,518858432770e-01;  3,598050689697e+01
  5,372712612152e-01;  3,355721282959e+01
  5,243076086044e-01;  3,125222396851e+01
  5,125977993011e-01;  2,926198196411e+01
  5,021000504494e-01;  2,756737136841e+01
  4,841487705708e-01;  2,483753967285e+01
  4,691162109375e-01;  2,273842811584e+01
  4,564381539822e-01;  2,107746696472e+01
  4,449930489063e-01;  1,971896743774e+01
  4,307546317577e-01;  1,807211875916e+01
  4,185014665127e-01;  1,677871894836e+01
  4,057816267014e-01;  1,544497013092e+01
  3,953466117382e-01;  1,444125080109e+01
  3,851414620876e-01;  1,350157260895e+01
  3,746576607227e-01;  1,256513881683e+01
  3,641042411327e-01;  1,168440341949e+01
  3,569571375847e-01;  1,112860298157e+01
  3,522551059723e-01;  1,078621768951e+01
  3,489811122417e-01;  1,249639701843e+01
  3,517744541168e-01;  1,355769348145e+01
  3,645012974739e-01;  1,483275508881e+01
  3,843821585178e-01;  1,630356025696e+01
  4,029186069965e-01;  1,795720481873e+01
  4,202847778797e-01;  1,978047752380e+01
  4,366269409657e-01;  2,175795745850e+01
  4,519868791103e-01;  2,379186630249e+01
  4,660093784332e-01;  2,573074150085e+01
  4,790078997612e-01;  2,752961730957e+01
  4,908221662045e-01;  2,921267509460e+01
  5,020164847374e-01;  3,078809165955e+01
  5,123330950737e-01;  3,225524902344e+01
  5,306884050369e-01;  3,490567398071e+01
  5,464733242989e-01;  3,721464538574e+01
  5,597504377365e-01;  3,919676589966e+01
  5,710004568100e-01;  4,088965225220e+01
  5,841731429100e-01;  4,296954345703e+01
  5,947613716125e-01;  4,458015441895e+01
  6,050919294357e-01;  4,616065216064e+01
  6,162792444229e-01;  4,786539077759e+01
  6,245339512825e-01;  4,898985671997e+01
  6,285602450371e-01;  4,781741714478e+01
  6,287692785263e-01;  4,658065032959e+01
  6,134929060936e-01;  4,330373001099e+01
  5,934239029884e-01;  4,134128570557e+01
  5,748108625412e-01;  3,920441818237e+01
  5,581761002541e-01;  3,691663742065e+01
  5,429345965385e-01;  3,451140594482e+01
  5,293439626694e-01;  3,212866973877e+01
  5,172023177147e-01;  3,000671768188e+01
  5,062239170074e-01;  2,820426940918e+01
  4,875969290733e-01;  2,531843566895e+01
  4,719235002995e-01;  2,311285781860e+01
  4,588901698589e-01;  2,137517356873e+01
  4,471734166145e-01;  1,996307563782e+01
  4,326215088367e-01;  1,826204109192e+01
  4,201733171940e-01;  1,693118858337e+01
  4,100308716297e-01;  1,586739063263e+01
  3,988992571831e-01;  1,476186466217e+01
  3,878233432770e-01;  1,373251152039e+01
  3,766778111458e-01;  1,272905445099e+01
  3,662984967232e-01;  1,184989643097e+01
  3,586150407791e-01;  1,123581027985e+01
  3,534044921398e-01;  1,085198593140e+01
  3,498379290104e-01;  1,090115928650e+01
  3,492806553841e-01;  1,213372516632e+01
  3,765802681446e-01;  1,569418811798e+01
  3,959526419640e-01;  1,727753448486e+01
  4,136461913586e-01;  1,903580665588e+01
  4,303714931011e-01;  2,095609664917e+01
  4,461842477322e-01;  2,298782920837e+01
  4,606455862522e-01;  2,497951126099e+01
  4,741108119488e-01;  2,683264541626e+01
  4,863430559635e-01;  2,856085205078e+01
  4,978020787239e-01;  3,017957305908e+01
  5,084809064865e-01;  3,169020271301e+01
  5,273447632790e-01;  3,441461944580e+01
  5,437217354774e-01;  3,679173660278e+01
  5,573819875717e-01;  3,883494567871e+01
  5,690708756447e-01;  4,058222579956e+01
  5,827102661133e-01;  4,273184204102e+01
  5,936120152473e-01;  4,439680480957e+01
  6,042978167534e-01;  4,603249740601e+01
  6,145029664040e-01;  4,759627914429e+01
  6,238025426865e-01;  4,889721298218e+01
  6,281771659851e-01;  4,905531692505e+01
  6,287692785263e-01;  4,735586547852e+01
  6,056979894638e-01;  4,254275894165e+01
  5,858449339867e-01;  4,050718688965e+01
  5,681095719337e-01;  3,830720520020e+01
  5,520809292793e-01;  3,596499252319e+01
  5,374802350998e-01;  3,354363632202e+01
  5,244817137718e-01;  3,124134826660e+01
  5,127928256989e-01;  2,925420379639e+01
  5,023229718208e-01;  2,756291198730e+01
  4,843786358833e-01;  2,483164978027e+01
  4,693739414215e-01;  2,273569679260e+01
  4,566610455513e-01;  2,107560729980e+01
  4,452159702778e-01;  1,971708869934e+01
  4,310193359852e-01;  1,806955337524e+01
  4,187940657139e-01;  1,677795982361e+01
  4,060602486134e-01;  1,544277477264e+01
  3,956252336502e-01;  1,444088649750e+01
  3,854410052299e-01;  1,349757194519e+01
  3,749363124371e-01;  1,256461238861e+01
  3,643968105316e-01;  1,168046474457e+01
  3,573054373264e-01;  1,112624263763e+01
  3,525685966015e-01;  1,078560924530e+01
  3,495174944401e-01;  1,269263076782e+01
  3,687087297440e-01;  1,511303615570e+01
  3,886105120182e-01;  1,662104415894e+01
  4,068334698677e-01;  1,831105232239e+01
  4,240115582943e-01;  2,016872406006e+01
  4,401586651802e-01;  2,216877174377e+01
  4,552121460438e-01;  2,419638442993e+01
  4,690256416798e-01;  2,610746192932e+01
  4,817803502083e-01;  2,788046264648e+01
  4,933926165104e-01;  2,954074096680e+01
  5,044545531273e-01;  3,109537506104e+01
  5,145969986916e-01;  3,254364395142e+01
  5,326946377754e-01;  3,516125488281e+01
  5,482217669487e-01;  3,743871688843e+01
  5,612829327583e-01;  3,938973236084e+01
  5,723100900650e-01;  4,105760574341e+01
  5,852040648460e-01;  4,310375595093e+01
  5,956181883812e-01;  4,468014526367e+01
  6,057049036026e-01;  4,623103332520e+01
  6,167111396790e-01;  4,790056228638e+01
  6,248334646225e-01;  4,900921630859e+01
  6,287901401520e-01;  4,747521972656e+01
  6,287065744400e-01;  4,615120697021e+01
  6,077738404274e-01;  4,273409271240e+01
  5,877187848091e-01;  4,071724319458e+01
  5,698511004448e-01;  3,853104019165e+01
  5,536273717880e-01;  3,620149993896e+01
  5,388525128365e-01;  3,377985382080e+01
  5,257216691971e-01;  3,145270347595e+01
  5,139631032944e-01;  2,943062400818e+01
  5,033679008484e-01;  2,770958900452e+01
  4,852285087109e-01;  2,494097709656e+01
  4,700566232204e-01;  2,281373786926e+01
  4,572879970074e-01;  2,113438415527e+01
  4,457941353321e-01;  1,976462554932e+01
  4,315626621246e-01;  1,810758209229e+01
  4,193165004253e-01;  1,680989837646e+01
  4,064991176128e-01;  1,546959495544e+01
  3,960292637348e-01;  1,445882797241e+01
  3,857335746288e-01;  1,350703430176e+01
  3,752497732639e-01;  1,257073402405e+01
  3,646754324436e-01;  1,167896652222e+01
  3,576398193836e-01;  1,113047504425e+01
  3,528472185135e-01;  1,078515434265e+01
  3,498309552670e-01;  1,269258785248e+01
  3,689873814583e-01;  1,511493873596e+01
  3,889309465885e-01;  1,662372207642e+01
  4,070982038975e-01;  1,831344413757e+01
  4,243111014366e-01;  2,017191123962e+01
  4,404721558094e-01;  2,217276763916e+01
  4,554211199284e-01;  2,420041084290e+01
  4,692137241364e-01;  2,611148262024e+01
  4,820380806923e-01;  2,788753128052e+01
  4,936015903950e-01;  2,954979133606e+01
  5,046496391296e-01;  3,110378456116e+01
  5,148408412933e-01;  3,255192947388e+01
  5,329384207726e-01;  3,516919708252e+01
  5,484446883202e-01;  3,744449996948e+01
  5,614919066429e-01;  3,939586639404e+01
  5,724981427193e-01;  4,106040573120e+01
  5,853921771049e-01;  4,310813903809e+01
  5,958271622658e-01;  4,468675231934e+01
  6,058442592621e-01;  4,623693847656e+01
  6,168853044510e-01;  4,790819168091e+01
  6,249728202820e-01;  4,901428985596e+01
  6,288598179817e-01;  4,735752105713e+01
  6,057885289192e-01;  4,254070663452e+01
  5,859146118164e-01;  4,050527572632e+01
  5,681722760201e-01;  3,830396270752e+01
  5,521644949913e-01;  3,596177673340e+01
  5,375986695290e-01;  3,353835296631e+01
  5,246210694313e-01;  3,123601150513e+01
  5,129530429840e-01;  2,924756050110e+01
  5,024414062500e-01;  2,755411911011e+01
  4,845179617405e-01;  2,482267379761e+01
  4,694993495941e-01;  2,272471046448e+01
  4,567655622959e-01;  2,106380271912e+01
  4,453761875629e-01;  1,970835304260e+01
  4,312004446983e-01;  1,806655693054e+01
  4,190169572830e-01;  1,677471923828e+01
  4,062344133854e-01;  1,543913364410e+01
  3,958899378777e-01;  1,443176555634e+01
  3,856499791145e-01;  1,349065589905e+01
  3,752288818359e-01;  1,255759048462e+01
  3,647102713585e-01;  1,166883754730e+01
  3,576955497265e-01;  1,111508178711e+01
  3,530074357986e-01;  1,078457736969e+01
  3,497961163521e-01;  1,249229621887e+01
  3,652814924717e-01;  1,483049106598e+01
  3,851484358311e-01;  1,630242538452e+01
  4,036500453949e-01;  1,795854759216e+01
  4,210301339626e-01;  1,978368949890e+01
  4,373862147331e-01;  2,176029014587e+01
  4,527183175087e-01;  2,379597473145e+01
  4,667059779167e-01;  2,573760604858e+01
  4,796487689018e-01;  2,753734588623e+01
  4,913724958897e-01;  2,922088241577e+01
  5,025528669357e-01;  3,079527473450e+01
  5,129042863846e-01;  3,226407241821e+01
  5,313153266907e-01;  3,491645050049e+01
  5,471002459526e-01;  3,723069763184e+01
  5,603425502777e-01;  3,921484756470e+01
  5,715786218643e-01;  4,090959548950e+01
  5,846955776215e-01;  4,298937988281e+01
  5,952699184418e-01;  4,459290695190e+01
  6,055098772049e-01;  4,616886520386e+01
  6,166972517967e-01;  4,786718750000e+01
  6,249518990517e-01;  4,899952316284e+01
  6,289225220680e-01;  4,781610488892e+01
  6,291384696960e-01;  4,657973098755e+01
  6,138620972633e-01;  4,330394744873e+01
  5,937374234200e-01;  4,134155273438e+01
  5,752009749413e-01;  3,920266342163e+01
  5,585801601410e-01;  3,691333770752e+01
  5,433734655380e-01;  3,450775909424e+01
  5,297758579254e-01;  3,212637329102e+01
  5,176550745964e-01;  3,000528526306e+01
  5,066767334938e-01;  2,820272445679e+01
  4,880706071854e-01;  2,531368637085e+01
  4,724111258984e-01;  2,310587120056e+01
  4,593986868858e-01;  2,137008666992e+01
  4,476749598980e-01;  1,995542335510e+01
  4,331787824631e-01;  1,825400352478e+01
  4,207445085049e-01;  1,692338562012e+01
  4,105881452560e-01;  1,586188507080e+01
  3,994913399220e-01;  1,475483989716e+01
  3,884502947330e-01;  1,372114562988e+01
  3,773395717144e-01;  1,271527957916e+01
  3,669950962067e-01;  1,184009456635e+01
  3,594300746918e-01;  1,123050594330e+01
  3,542055785656e-01;  1,084979343414e+01
  3,506529331207e-01;  1,089556503296e+01
  3,501304984093e-01;  1,212824535370e+01
  3,773465454578e-01;  1,569223785400e+01
  3,966979980469e-01;  1,727568817139e+01
  4,144124686718e-01;  1,903623199463e+01
  4,311864972115e-01;  2,095770454407e+01
  4,470062255859e-01;  2,298794174194e+01
  4,614118635654e-01;  2,498327255249e+01
  4,748770594597e-01;  2,683884429932e+01
  4,869908988476e-01;  2,856859588623e+01
  4,983384609222e-01;  3,018799018860e+01
  5,090381503105e-01;  3,169893646240e+01
  5,280204415321e-01;  3,442302322388e+01
  5,443835258484e-01;  3,680212783813e+01
  5,580437779427e-01;  3,884893798828e+01
  5,696769356728e-01;  4,059592819214e+01
  5,832327008247e-01;  4,274426651001e+01
  5,941901803017e-01;  4,440661239624e+01
  6,047993302345e-01;  4,603754425049e+01
  6,150254011154e-01;  4,760657501221e+01
  6,242901086807e-01;  4,890698623657e+01
  6,286299228668e-01;  4,890514755249e+01
  6,292011141777e-01;  4,698003005981e+01
  6,190586686134e-01;  4,385264968872e+01
  5,998535156250e-01;  4,194746780396e+01
  5,806344151497e-01;  3,985971832275e+01
  5,635399222374e-01;  3,761352920532e+01
  5,478804111481e-01;  3,523531723022e+01
  5,338022112846e-01;  3,282121658325e+01
  5,212425589561e-01;  3,060248184204e+01
  5,099298357964e-01;  2,870970726013e+01
  4,998152256012e-01;  2,709024047852e+01
  4,823724627495e-01;  2,446909332275e+01
  4,677926898003e-01;  2,244699096680e+01
  4,552678763866e-01;  2,083765029907e+01
  4,441223144531e-01;  1,951675796509e+01
  4,302321672440e-01;  1,791105651855e+01
  4,182716012001e-01;  1,665373229980e+01
  4,057955443859e-01;  1,535126686096e+01
  3,955555856228e-01;  1,436723232269e+01
  3,855036795139e-01;  1,343885803223e+01
  3,752497732639e-01;  1,251719856262e+01
  3,649053275585e-01;  1,165046787262e+01
  3,579323887825e-01;  1,110909748077e+01
  3,532651960850e-01;  1,077197074890e+01
  3,503603637218e-01;  1,222290897369e+01
  3,606769740582e-01;  1,443301773071e+01
  3,796453177929e-01;  1,584745693207e+01
  3,987738490105e-01;  1,744952583313e+01
  4,163838326931e-01;  1,922507095337e+01
  4,330673217773e-01;  2,116033744812e+01
  4,487825334072e-01;  2,319526672363e+01
  4,630836844444e-01;  2,517380523682e+01
  4,764235019684e-01;  2,701164627075e+01
  4,883771240711e-01;  2,872943305969e+01
  4,997037947178e-01;  3,033835411072e+01
  5,102432966232e-01;  3,184002685547e+01
  5,291210412979e-01;  3,454932785034e+01
  5,453587174416e-01;  3,691428756714e+01
  5,589284300804e-01;  3,894751358032e+01
  5,704083442688e-01;  4,068191146851e+01
  5,838596224785e-01;  4,281117630005e+01
  5,947126150131e-01;  4,445901870728e+01
  6,052312254906e-01;  4,607766723633e+01
  6,153249144554e-01;  4,763341903687e+01
  6,244991421700e-01;  4,892010116577e+01
  6,287344098091e-01;  4,877973175049e+01
  6,292917132378e-01;  4,671412658691e+01
  6,158264875412e-01;  4,348600769043e+01
  5,958898663521e-01;  4,154163360596e+01
  5,771653652191e-01;  3,941860198975e+01
  5,603703856468e-01;  3,714321136475e+01
  5,450592041016e-01;  3,474512481689e+01
  5,313153266907e-01;  3,234981155396e+01
  5,190273523331e-01;  3,019406509399e+01
  5,079305768013e-01;  2,836034584045e+01
  4,891503453255e-01;  2,542855262756e+01
  4,733515083790e-01;  2,319357681274e+01
  4,602833688259e-01;  2,143782997131e+01
  4,485456943512e-01;  2,000824546814e+01
  4,384589791298e-01;  1,882240676880e+01
  4,254326224327e-01;  1,736506652832e+01
  4,143497645855e-01;  1,621561813354e+01
  4,027374982834e-01;  1,502235889435e+01
  3,910276889801e-01;  1,391596412659e+01
  3,807180523872e-01;  1,297344017029e+01
  3,705129325390e-01;  1,209708881378e+01
  3,619587123394e-01;  1,139807796478e+01
  3,560167253017e-01;  1,094243812561e+01
  3,520461320877e-01;  1,066915416718e+01
  3,506041765213e-01;  1,249530410767e+01
  3,660477399826e-01;  1,483442306519e+01
  3,859355747700e-01;  1,630776977539e+01
  4,044371843338e-01;  1,796492385864e+01
  4,218172729015e-01;  1,979265975952e+01
  4,381733834743e-01;  2,176990318298e+01
  4,534358084202e-01;  2,380706214905e+01
  4,674583077431e-01;  2,574609375000e+01
  4,804846644402e-01;  2,754774475098e+01
  4,921108782291e-01;  2,923432350159e+01
  5,032215714455e-01;  3,081147384644e+01
  5,134963989258e-01;  3,228131866455e+01
  5,320328474045e-01;  3,493936538696e+01
  5,477828979492e-01;  3,725352859497e+01
  5,610182285309e-01;  3,923950195313e+01
  5,721707344055e-01;  4,093345642090e+01
  5,852180123329e-01;  4,301259613037e+01
  5,958132743835e-01;  4,461260223389e+01
  6,059626936913e-01;  4,618840408325e+01
  6,171430349350e-01;  4,787972640991e+01
  6,253558993340e-01;  4,900693130493e+01
  6,292429566383e-01;  4,734996032715e+01
  6,061716675758e-01;  4,253264236450e+01
  5,863116979599e-01;  4,049601364136e+01
  5,686320662498e-01;  3,829442214966e+01
  5,526172518730e-01;  3,595177078247e+01
  5,380374789238e-01;  3,352809143066e+01
  5,250738263130e-01;  3,122657966614e+01
  5,134336948395e-01;  2,923715782166e+01
  5,029498934746e-01;  2,754417610168e+01
  4,850613176823e-01;  2,481128883362e+01
  4,700008928776e-01;  2,271063423157e+01
  4,573228359222e-01;  2,104814529419e+01
  4,459334611893e-01;  1,969089889526e+01
  4,318413138390e-01;  1,804713058472e+01
  4,196996390820e-01;  1,675651741028e+01
  4,069519042969e-01;  1,542434120178e+01
  3,966213762760e-01;  1,442074966431e+01
  3,864301741123e-01;  1,348527908325e+01
  3,760508596897e-01;  1,255820083618e+01
  3,655113577843e-01;  1,166835117340e+01
  3,585384190083e-01;  1,111729812622e+01
  3,538433611393e-01;  1,078081512451e+01
  3,508201241493e-01;  1,268997669220e+01
  3,699277937412e-01;  1,511077499390e+01
  3,898156285286e-01;  1,662097358704e+01
  4,079689383507e-01;  1,831340217590e+01
  4,251748919487e-01;  2,017207908630e+01
  4,413637816906e-01;  2,217246627808e+01
  4,563615322113e-01;  2,420077133179e+01
  4,701750278473e-01;  2,611372756958e+01
  4,829784929752e-01;  2,789148712158e+01
  4,944584071636e-01;  2,955605506897e+01
  5,053810477257e-01;  3,111353302002e+01
  5,154817104340e-01;  3,256419754028e+01
  5,337185859680e-01;  3,518464660645e+01
  5,491900444031e-01;  3,746449661255e+01
  5,622581839561e-01;  3,941912460327e+01
  5,731807947159e-01;  4,108459472656e+01
  5,860539078712e-01;  4,312822341919e+01
  5,964541435242e-01;  4,469965744019e+01
  6,083032488823e-01;  4,655391693115e+01
  6,186128854752e-01;  4,808317184448e+01
  6,260176897049e-01;  4,908374023438e+01
  6,294031739235e-01;  4,629702758789e+01
  6,103651523590e-01;  4,292776870728e+01
  5,902822613716e-01;  4,092854309082e+01
  5,721846818924e-01;  3,875864791870e+01
  5,558773279190e-01;  3,644095230103e+01
  5,409632325172e-01;  3,402260208130e+01
  5,276860594749e-01;  3,167477226257e+01
  5,158091187477e-01;  2,961928939819e+01
  5,050745606422e-01;  2,787090301514e+01
  4,868306815624e-01;  2,505613517761e+01
  4,714846313000e-01;  2,290008926392e+01
  4,586672484875e-01;  2,120189094543e+01
  4,471176862717e-01;  1,981621932983e+01
  4,328513741493e-01;  1,814660644531e+01
  4,205703735352e-01;  1,683869934082e+01
  4,105672538280e-01;  1,578767299652e+01
  3,996167480946e-01;  1,469589805603e+01
  3,887289166451e-01;  1,368005847931e+01
  3,777366280556e-01;  1,268921089172e+01
  3,674827218056e-01;  1,182462310791e+01
  3,600221574306e-01;  1,122004985809e+01
  3,548673689365e-01;  1,083537101746e+01
  3,513495326042e-01;  1,133285903931e+01
  3,510709106922e-01;  1,205182266235e+01
  3,762668073177e-01;  1,555456256866e+01
  3,957924246788e-01;  1,712140274048e+01
  4,135765433311e-01;  1,886508178711e+01
  4,304063320160e-01;  2,077259635925e+01
  4,463235735893e-01;  2,279925155640e+01
  4,608545601368e-01;  2,480327224731e+01
  4,744242727757e-01;  2,667078399658e+01
  4,867610037327e-01;  2,841232872009e+01
  4,981155395508e-01;  3,004370117188e+01
  5,087595582008e-01;  3,156717491150e+01
  5,277487635612e-01;  3,431718444824e+01
  5,443835258484e-01;  3,671475982666e+01
  5,581064820290e-01;  3,877820968628e+01
  5,698162317276e-01;  4,054480743408e+01
  5,834416747093e-01;  4,270618438721e+01
  5,944131016731e-01;  4,437853622437e+01
  6,050919294357e-01;  4,601955795288e+01
  6,153528094292e-01;  4,759895324707e+01
  6,246384382248e-01;  4,890608978271e+01
  6,289643049240e-01;  4,890490341187e+01
  6,295146346092e-01;  4,697998428345e+01
  6,194069981575e-01;  4,385324096680e+01
  6,002366542816e-01;  4,194798278809e+01
  5,810175538063e-01;  3,985980224609e+01
  5,638881921768e-01;  3,761111450195e+01
  5,482983589172e-01;  3,523249816895e+01
  5,342410802841e-01;  3,281788253784e+01
  5,216605067253e-01;  3,059935188293e+01
  5,103547573090e-01;  2,870575714111e+01
  5,002610683441e-01;  2,708683395386e+01
  4,828252494335e-01;  2,446147727966e+01
  4,682454764843e-01;  2,243586730957e+01
  4,557763934135e-01;  2,082868385315e+01
  4,446238577366e-01;  1,951013755798e+01
  4,308103621006e-01;  1,790668106079e+01
  4,188428223133e-01;  1,664793586731e+01
  4,063737392426e-01;  1,534121131897e+01
  3,961825072765e-01;  1,435800170898e+01
  3,861515223980e-01;  1,343386363983e+01
  3,759115338326e-01;  1,251836872101e+01
  3,655322492123e-01;  1,164634895325e+01
  3,586498796940e-01;  1,110668849945e+01
  3,539478480816e-01;  1,076902198792e+01
  3,512798845768e-01;  1,269547271729e+01
  3,704153895378e-01;  1,512028884888e+01
  3,903101980686e-01;  1,663175010681e+01
  4,084704816341e-01;  1,832545280457e+01
  4,256834089756e-01;  2,018640327454e+01
  4,418305158615e-01;  2,219106101990e+01
  4,568003714085e-01;  2,421976280212e+01
  4,706278145313e-01;  2,613193321228e+01
  4,833616316319e-01;  2,790772247314e+01
  4,949947893620e-01;  2,957017517090e+01
  5,058338046074e-01;  3,112586402893e+01
  5,158509016037e-01;  3,257609939575e+01
  5,339832901955e-01;  3,519548797607e+01
  5,495383143425e-01;  3,747066116333e+01
  5,625855922699e-01;  3,942446899414e+01
  5,734803676605e-01;  4,109356689453e+01
  5,863465070724e-01;  4,313928985596e+01
  5,967676043510e-01;  4,470882034302e+01
  6,085400581360e-01;  4,655838012695e+01
  6,188427209854e-01;  4,809154510498e+01
  6,262615323067e-01;  4,908294296265e+01
  6,296051740646e-01;  4,630167007446e+01
  6,106089949608e-01;  4,293219757080e+01
  5,904982089996e-01;  4,093273925781e+01
  5,724076032639e-01;  3,876081466675e+01
  5,560863614082e-01;  3,644330215454e+01
  5,411722064018e-01;  3,402547836304e+01
  5,279299020767e-01;  3,167643928528e+01
  5,160877108574e-01;  2,961692047119e+01
  5,052974820137e-01;  2,786651611328e+01
  4,871162772179e-01;  2,505106163025e+01
  4,716936051846e-01;  2,289629364014e+01
  4,589110612869e-01;  2,119859504700e+01
  4,474102556705e-01;  1,981233978271e+01
  4,331439435482e-01;  1,814613533020e+01
  4,208838343620e-01;  1,683520317078e+01
  4,108319580555e-01;  1,578496837616e+01
  3,999302089214e-01;  1,469348716736e+01
  3,890632987022e-01;  1,367855453491e+01
  3,780361711979e-01;  1,269026184082e+01
  3,677961826324e-01;  1,182629776001e+01
  3,603565394878e-01;  1,122085762024e+01
  3,551668822765e-01;  1,083437633514e+01
  3,516769409180e-01;  1,139099025726e+01
  3,514052629471e-01;  1,213524818420e+01
  3,786491751671e-01;  1,570187854767e+01
  3,979518711567e-01;  1,728572082520e+01
  4,156872332096e-01;  1,904585647583e+01
  4,324264526367e-01;  2,097123146057e+01
  4,481556117535e-01;  2,300432014465e+01
  4,625751674175e-01;  2,499903488159e+01
  4,760264456272e-01;  2,685383033752e+01
  4,882029592991e-01;  2,858313751221e+01
  4,996341168880e-01;  3,020174598694e+01
  5,101736187935e-01;  3,171655082703e+01
  5,288981795311e-01;  3,445136642456e+01
  5,454074740410e-01;  3,683430480957e+01
  5,590329170227e-01;  3,888259887695e+01
  5,706521868706e-01;  4,063634109497e+01
  5,841174125671e-01;  4,278035736084e+01
  5,949912667274e-01;  4,443322753906e+01
  6,055307984352e-01;  4,605645751953e+01
  6,157498359680e-01;  4,762381744385e+01
  6,249170899391e-01;  4,891086196899e+01
  6,292220354080e-01;  4,877838897705e+01
  6,297444701195e-01;  4,671395492554e+01
  6,162792444229e-01;  4,348666000366e+01
  5,963844656944e-01;  4,154182434082e+01
  5,776529908180e-01;  3,941863250732e+01
  5,608580112457e-01;  3,714248657227e+01
  5,455259084702e-01;  3,474524688721e+01
  5,317959785461e-01;  3,234864425659e+01
  5,195498466492e-01;  3,019238471985e+01
  5,084878802299e-01;  2,835761451721e+01
  4,897424578667e-01;  2,542093658447e+01
  4,738878905773e-01;  2,318303108215e+01
  4,608406424522e-01;  2,142635726929e+01
  4,491378068924e-01;  2,000139427185e+01
  4,390859305859e-01;  1,881680870056e+01
  4,260874092579e-01;  1,736202430725e+01
  4,149766862392e-01;  1,621077156067e+01
  4,033574759960e-01;  1,501143360138e+01
  3,917242884636e-01;  1,391015338898e+01
  3,814146518707e-01;  1,296922302246e+01
  3,712722063065e-01;  1,209212589264e+01
  3,627597987652e-01;  1,139027404785e+01
  3,568665981293e-01;  1,093635940552e+01
  3,529168963432e-01;  1,066556549072e+01
  3,515028059483e-01;  1,249615669250e+01
  3,669184744358e-01;  1,483472537994e+01
  3,867506086826e-01;  1,630607986450e+01
  4,052522182465e-01;  1,796235656738e+01
  4,226183593273e-01;  1,979139900208e+01
  4,389535784721e-01;  2,177341079712e+01
  4,541811645031e-01;  2,381211090088e+01
  4,682036638260e-01;  2,575386810303e+01
  4,811603724957e-01;  2,755551719666e+01
  4,929607212543e-01;  2,924098777771e+01
  5,041271448135e-01;  3,082013320923e+01
  5,142974853516e-01;  3,229335784912e+01
  5,325204730034e-01;  3,495570373535e+01
  5,484237670898e-01;  3,726868438721e+01
  5,616939663887e-01;  3,925439071655e+01
  5,727977156639e-01;  4,095181274414e+01
  5,858798027039e-01;  4,302780151367e+01
  5,964192748070e-01;  4,462277984619e+01
  6,064921021461e-01;  4,619598007202e+01
  6,177073121071e-01;  4,789466094971e+01
  6,258435249329e-01;  4,900825119019e+01
  6,297096610069e-01;  4,747673797607e+01
  6,295912265778e-01;  4,615236663818e+01
  6,087490320206e-01;  4,273438262939e+01
  5,887706875801e-01;  4,071533966064e+01
  5,708402395248e-01;  3,852854156494e+01
  5,546582937241e-01;  3,619881057739e+01
  5,399322509766e-01;  3,377655792236e+01
  5,268501639366e-01;  3,144756698608e+01
  5,151264071465e-01;  2,942207717896e+01
  5,044963955879e-01;  2,769860839844e+01
  4,864405691624e-01;  2,492397499084e+01
  4,712060093880e-01;  2,279531860352e+01
  4,585418701172e-01;  2,111319732666e+01
  4,470828473568e-01;  1,974300384521e+01
  4,329210221767e-01;  1,809034729004e+01
  4,207445085049e-01;  1,679115676880e+01
  4,079062342644e-01;  1,544449329376e+01
  3,975269496441e-01;  1,443213272095e+01
  3,873009085655e-01;  1,348208713531e+01
  3,769007027149e-01;  1,254914760590e+01
  3,664169311523e-01;  1,166724205017e+01
  3,594997227192e-01;  1,111963844299e+01
  3,547628521919e-01;  1,077495956421e+01
  3,521784842014e-01;  1,280093765259e+01
  3,731948137283e-01;  1,527004718781e+01
  3,929921090603e-01;  1,680324554443e+01
  4,110130667686e-01;  1,851566314697e+01
  4,280866682529e-01;  2,039414978027e+01
  4,441710710526e-01;  2,240857315063e+01
  4,589389264584e-01;  2,443462944031e+01
  4,726827740669e-01;  2,633366775513e+01
  4,852215349674e-01;  2,809721946716e+01
  4,967920184135e-01;  2,974750900269e+01
  5,076798200607e-01;  3,129122924805e+01
  5,267874598503e-01;  3,407699203491e+01
  5,434430837631e-01;  3,651082992554e+01
  5,575700998306e-01;  3,860266113281e+01
  5,695027709007e-01;  4,039775848389e+01
  5,833511352539e-01;  4,260277557373e+01
  5,944827795029e-01;  4,430345153809e+01
  6,052869558334e-01;  4,597656250000e+01
  6,156662702560e-01;  4,758172988892e+01
  6,250424385071e-01;  4,889925003052e+01
  6,293265223503e-01;  4,910170745850e+01
  6,298071742058e-01;  4,615337371826e+01
  6,089719533920e-01;  4,273606109619e+01
  5,889587402344e-01;  4,071677780151e+01
  5,710701346397e-01;  3,852897644043e+01
  5,549021363258e-01;  3,619752883911e+01
  5,401621460915e-01;  3,377333068848e+01
  5,270591378212e-01;  3,144438362122e+01
  5,153214931488e-01;  2,941752243042e+01
  5,047471523285e-01;  2,769332885742e+01
  4,866634905338e-01;  2,491600799561e+01
  4,714498221874e-01;  2,278939056396e+01
  4,587717354298e-01;  2,111013031006e+01
  4,473266601563e-01;  1,974067687988e+01
  4,331996738911e-01;  1,808701896667e+01
  4,209744036198e-01;  1,679050254822e+01
  4,081639945507e-01;  1,545147705078e+01
  3,977846801281e-01;  1,444223022461e+01
  3,875238299370e-01;  1,348721027374e+01
  3,771445155144e-01;  1,255099773407e+01
  3,665910661221e-01;  1,166396427155e+01
  3,597295880318e-01;  1,111760330200e+01
  3,550066649914e-01;  1,077409744263e+01
  3,519904017448e-01;  1,268940639496e+01
  3,561560511589e-01;  1,379837417603e+01
  3,710910975933e-01;  1,511663341522e+01
  3,909998238087e-01;  1,662748908997e+01
  4,091740548611e-01;  1,832163047791e+01
  4,263660609722e-01;  2,018350410461e+01
  4,425828456879e-01;  2,219000434875e+01
  4,574899971485e-01;  2,422429847717e+01
  4,712896049023e-01;  2,614074897766e+01
  4,839746356010e-01;  2,791721725464e+01
  4,956426322460e-01;  2,957924270630e+01
  5,066140294075e-01;  3,113228225708e+01
  5,166867971420e-01;  3,258143997192e+01
  5,346102714539e-01;  3,520626068115e+01
  5,499911308289e-01;  3,748474502563e+01
  5,632473230362e-01;  3,943724060059e+01
  5,741212368011e-01;  4,111087417603e+01
  5,869594812393e-01;  4,315902709961e+01
  5,973387956619e-01;  4,472898101807e+01
  6,090486049652e-01;  4,657739257813e+01
  6,193233728409e-01;  4,809476470947e+01
  6,266794800758e-01;  4,908795547485e+01
  6,299883127213e-01;  4,711005020142e+01
  6,027583479881e-01;  4,214978027344e+01
  5,833163261414e-01;  4,007786560059e+01
  5,659989118576e-01;  3,784341430664e+01
  5,502488613129e-01;  3,547368240356e+01
  5,360173583031e-01;  3,305134582520e+01
  5,233880877495e-01;  3,079927825928e+01
  5,119917392731e-01;  2,887039947510e+01
  5,017448067665e-01;  2,722230529785e+01
  4,841487705708e-01;  2,455856132507e+01
  4,693948626518e-01;  2,250472640991e+01
  4,569536149502e-01;  2,087866973877e+01
  4,457384049892e-01;  1,954957008362e+01
  4,318413138390e-01;  1,793801307678e+01
  4,198737740517e-01;  1,667294502258e+01
  4,073350429535e-01;  1,535972595215e+01
  3,970880806446e-01;  1,436769485474e+01
  3,870431780815e-01;  1,343059349060e+01
  3,768310546875e-01;  1,251776027679e+01
  3,663960397243e-01;  1,164508724213e+01
  3,595902919769e-01;  1,110974502563e+01
  3,549091517925e-01;  1,076583957672e+01
  3,520461320877e-01;  1,250167942047e+01
  3,674896955490e-01;  1,484504508972e+01
  3,873426914215e-01;  1,631882667542e+01
  4,058234095573e-01;  1,797751808167e+01
  4,231756329536e-01;  1,980496978760e+01
  4,395526349545e-01;  2,178775024414e+01
  4,547732770443e-01;  2,382932281494e+01
  4,686912894249e-01;  2,577388381958e+01
  4,816688895226e-01;  2,757714080811e+01
  4,934274554253e-01;  2,926254653931e+01
  5,046147704124e-01;  3,083711814880e+01
  5,149105191231e-01;  3,230558395386e+01
  5,330777168274e-01;  3,496386337280e+01
  5,486745238304e-01;  3,727840423584e+01
  5,621049404144e-01;  3,926038742065e+01
  5,732296109200e-01;  4,095874786377e+01
  5,862977504730e-01;  4,304361724854e+01
  5,968024134636e-01;  4,463854598999e+01
  6,068682670593e-01;  4,620451736450e+01
  6,180555820465e-01;  4,789898681641e+01
  6,261361241341e-01;  4,902010726929e+01
  6,299534440041e-01;  4,747571945190e+01
  6,298350691795e-01;  4,615086746216e+01
  6,090276837349e-01;  4,273309707642e+01
  5,890005230904e-01;  4,071513748169e+01
  5,711188912392e-01;  3,852671051025e+01
  5,549508929253e-01;  3,619611358643e+01
  5,401969552040e-01;  3,377252578735e+01
  5,271148681641e-01;  3,144347381592e+01
  5,154259800911e-01;  2,941858100891e+01
  5,047959089279e-01;  2,769442558289e+01
  4,866774082184e-01;  2,491811561584e+01
  4,714707136154e-01;  2,278724098206e+01
  4,588414132595e-01;  2,110464286804e+01
  4,473963081837e-01;  1,973308944702e+01
  4,332554042339e-01;  1,807860183716e+01
  4,211137294769e-01;  1,678251266479e+01
  4,082545340061e-01;  1,544378852844e+01
  3,979240059853e-01;  1,443047809601e+01
  3,876700997353e-01;  1,347391223907e+01
  3,773256242275e-01;  1,254346275330e+01
  3,667861223221e-01;  1,165697956085e+01
  3,599734008312e-01;  1,111232757568e+01
  3,552853167057e-01;  1,077492427826e+01
  3,523247838020e-01;  1,196553993225e+01
  3,754657208920e-01;  1,540572261810e+01
  3,951097428799e-01;  1,695566177368e+01
  4,129983782768e-01;  1,868302536011e+01
  4,299535453320e-01;  2,057970046997e+01
  4,459613263607e-01;  2,260392570496e+01
  4,605898559093e-01;  2,462325477600e+01
  4,742292463779e-01;  2,651171684265e+01
  4,866147339344e-01;  2,826840591431e+01
  4,981851875782e-01;  2,991064453125e+01
  5,089824795723e-01;  3,144350242615e+01
  5,280622243881e-01;  3,420808792114e+01
  5,444740653038e-01;  3,662310791016e+01
  5,583015084267e-01;  3,869966506958e+01
  5,702551007271e-01;  4,047499084473e+01
  5,839989781380e-01;  4,266695404053e+01
  5,950748324394e-01;  4,435359954834e+01
  6,057397723198e-01;  4,600952148438e+01
  6,160842180252e-01;  4,760408782959e+01
  6,253210902214e-01;  4,890484619141e+01
  6,296051740646e-01;  4,877577209473e+01
  6,301624178886e-01;  4,670933532715e+01
  6,166763305664e-01;  4,348093032837e+01
  5,967884659767e-01;  4,153800201416e+01
  5,780569911003e-01;  3,941463088989e+01
  5,612968802452e-01;  3,713972473145e+01
  5,459647774696e-01;  3,473929977417e+01
  5,322487950325e-01;  3,234069061279e+01
  5,200374722481e-01;  3,018250846863e+01
  5,089615583420e-01;  2,834659004211e+01
  4,901395142078e-01;  2,540940475464e+01
  4,743615984917e-01;  2,316699409485e+01
  4,613282680511e-01;  2,140616226196e+01
  4,496950805187e-01;  1,998150253296e+01
  4,396223127842e-01;  1,879703521729e+01
  4,266516566277e-01;  1,734140777588e+01
  4,155827462673e-01;  1,619505500793e+01
  4,040401279926e-01;  1,500025749207e+01
  3,924208879471e-01;  1,389396953583e+01
  3,820903599262e-01;  1,295075511932e+01
  3,720802664757e-01;  1,207908916473e+01
  3,635817766190e-01;  1,138404941559e+01
  3,577443063259e-01;  1,093264102936e+01
  3,537876307964e-01;  1,066279125214e+01
  3,525128662586e-01;  1,269565010071e+01
  3,716483712196e-01;  1,512362861633e+01
  3,915780186653e-01;  1,663652801514e+01
  4,097104370594e-01;  1,833055686951e+01
  4,268676042557e-01;  2,019332504272e+01
  4,430843889713e-01;  2,219976425171e+01
  4,580473005772e-01;  2,423551750183e+01
  4,718259871006e-01;  2,615369987488e+01
  4,844761788845e-01;  2,793319702148e+01
  4,961302280426e-01;  2,959959411621e+01
  5,071086287498e-01;  3,115533638000e+01
  5,171883702278e-01;  3,260387420654e+01
  5,351884365082e-01;  3,522419357300e+01
  5,503742098808e-01;  3,750397491455e+01
  5,634563565254e-01;  3,945140457153e+01
  5,744834542274e-01;  4,111758804321e+01
  5,873426198959e-01;  4,316954421997e+01
  5,976871252060e-01;  4,474163055420e+01
  6,093968749046e-01;  4,659017562866e+01
  6,196229457855e-01;  4,810313415527e+01
  6,269580721855e-01;  4,909439849854e+01
  6,302320957184e-01;  4,723271179199e+01
  6,050919294357e-01;  4,234367370605e+01
  5,854409337044e-01;  4,028890609741e+01
  5,679145455360e-01;  3,807136917114e+01
  5,520600080490e-01;  3,571361923218e+01
  5,376682877541e-01;  3,328924560547e+01
  5,248996615410e-01;  3,101026153564e+01
  5,133849382401e-01;  2,904833030701e+01
  5,029987096786e-01;  2,737541389465e+01
  4,852842390537e-01;  2,467316627502e+01
  4,703213274479e-01;  2,259234619141e+01
  4,578313529491e-01;  2,094515419006e+01
  4,465604126453e-01;  1,959959793091e+01
  4,326075613499e-01;  1,797450637817e+01
  4,206261038780e-01;  1,669710731506e+01
  4,079759120941e-01;  1,537674999237e+01
  3,977498710155e-01;  1,437918376923e+01
  3,876492083073e-01;  1,344212722778e+01
  3,774092197418e-01;  1,252273750305e+01
  3,669742047787e-01;  1,163654804230e+01
  3,602311611176e-01;  1,110724544525e+01
  3,555500209332e-01;  1,076153373718e+01
  3,526382446289e-01;  1,240459442139e+01
  3,663124442101e-01;  1,470732116699e+01
  3,859495222569e-01;  1,616458892822e+01
  4,046182930470e-01;  1,780751419067e+01
  4,220750331879e-01;  1,962214660645e+01
  4,385913312435e-01;  2,159248352051e+01
  4,539512991905e-01;  2,363611602783e+01
  4,680086076260e-01;  2,559877204895e+01
  4,810628592968e-01;  2,741795730591e+01
  4,928701519966e-01;  2,911800956726e+01
  5,041062831879e-01;  3,070593452454e+01
  5,144367814064e-01;  3,218623733521e+01
  5,328478813171e-01;  3,485533142090e+01
  5,485282540321e-01;  3,718427658081e+01
  5,617496371269e-01;  3,918074798584e+01
  5,731250643730e-01;  4,088941574097e+01
  5,863674283028e-01;  4,298979187012e+01
  5,969765782356e-01;  4,460466766357e+01
  6,070493459702e-01;  4,618784713745e+01
  6,170594692230e-01;  4,771308898926e+01
  6,258783936501e-01;  4,894775772095e+01
  6,299534440041e-01;  4,847951507568e+01
  6,301136612892e-01;  4,614800262451e+01
  6,093063354492e-01;  4,273306274414e+01
  5,892861485481e-01;  4,071495819092e+01
  5,714184045792e-01;  3,852713394165e+01
  5,552643537521e-01;  3,619516372681e+01
  5,405243635178e-01;  3,377223587036e+01
  5,274770855904e-01;  3,144275665283e+01
  5,157185196877e-01;  2,941638183594e+01
  5,050745606422e-01;  2,769164085388e+01
  4,870117902756e-01;  2,491235542297e+01
  4,718190133572e-01;  2,277714157104e+01
  4,591339826584e-01;  2,109477996826e+01
  4,477097988129e-01;  1,972311592102e+01
  4,336176216602e-01;  1,807251167297e+01
  4,214550554752e-01;  1,677211189270e+01
  4,086376726627e-01;  1,542940998077e+01
  3,983419537544e-01;  1,441672992706e+01
  3,881228864193e-01;  1,346551418304e+01
  3,778062760830e-01;  1,253639030457e+01
  3,673016130924e-01;  1,165348243713e+01
  3,605167567730e-01;  1,111395263672e+01
  3,557938337326e-01;  1,077338218689e+01
  3,528333008289e-01;  1,204721927643e+01
  3,779874145985e-01;  1,555116844177e+01
  3,974990844727e-01;  1,712144088745e+01
  4,152832031250e-01;  1,887088775635e+01
  4,321478009224e-01;  2,078395271301e+01
  4,480859637260e-01;  2,281646728516e+01
  4,626100063324e-01;  2,482942008972e+01
  4,761448800564e-01;  2,670465660095e+01
  4,883283674717e-01;  2,845263481140e+01
  4,998291730881e-01;  3,008731842041e+01
  5,105010271072e-01;  3,161231994629e+01
  5,294693708420e-01;  3,435851669312e+01
  5,457418560982e-01;  3,674825668335e+01
  5,593324899673e-01;  3,880602645874e+01
  5,710004568100e-01;  4,056655502319e+01
  5,848140120506e-01;  4,273677062988e+01
  5,957923531532e-01;  4,441714096069e+01
  6,062761545181e-01;  4,605767440796e+01
  6,165857911110e-01;  4,763184356689e+01
  6,257390379906e-01;  4,892035293579e+01
  6,298977136612e-01;  4,895684814453e+01
  6,304550170898e-01;  4,710467147827e+01
  6,033155918121e-01;  4,214397430420e+01
  5,839084386826e-01;  4,007364273071e+01
  5,665561556816e-01;  3,784100341797e+01
  5,508409738541e-01;  3,547213745117e+01
  5,366234183311e-01;  3,305128097534e+01
  5,240289568901e-01;  3,079974746704e+01
  5,125977993011e-01;  2,887097358704e+01
  5,023021101952e-01;  2,722218704224e+01
  4,847617745399e-01;  2,455744171143e+01
  4,699800014496e-01;  2,249968910217e+01
  4,575735926628e-01;  2,086993789673e+01
  4,463444650173e-01;  1,953834724426e+01
  4,325239658356e-01;  1,792582511902e+01
  4,205703735352e-01;  1,665624618530e+01
  4,079759120941e-01;  1,534721755981e+01
  3,978752493858e-01;  1,435675811768e+01
  3,877885341644e-01;  1,341949176788e+01
  3,776321411133e-01;  1,250200557709e+01
  3,672528564930e-01;  1,163228893280e+01
  3,605446219444e-01;  1,109704017639e+01
  3,558983206749e-01;  1,075910377502e+01
  3,532651960850e-01;  1,205375766754e+01
  3,538154959679e-01;  1,300878524780e+01
  3,784402012825e-01;  1,556548595428e+01
  3,979379534721e-01;  1,713632202148e+01
  4,157150983810e-01;  1,888390541077e+01
  4,325796961784e-01;  2,079740715027e+01
  4,485178291798e-01;  2,283170700073e+01
  4,630488455296e-01;  2,484486579895e+01
  4,765489101410e-01;  2,672090148926e+01
  4,887114763260e-01;  2,846759223938e+01
  5,002053380013e-01;  3,010241889954e+01
  5,108841657639e-01;  3,162568855286e+01
  5,298525094986e-01;  3,437144851685e+01
  5,461598038673e-01;  3,675954055786e+01
  5,596947073936e-01;  3,881526184082e+01
  5,712791085243e-01;  4,057745742798e+01
  5,851274728775e-01;  4,274629211426e+01
  5,960918664932e-01;  4,442881774902e+01
  6,065756678581e-01;  4,606737518311e+01
  6,168295741081e-01;  4,763971328735e+01
  6,259271502495e-01;  4,892324447632e+01
  6,301067471504e-01;  4,863633346558e+01
  6,305107474327e-01;  4,643616104126e+01
  6,134092807770e-01;  4,311303329468e+01
  5,933333635330e-01;  4,113085937500e+01
  5,750198364258e-01;  3,897330093384e+01
  5,585244297981e-01;  3,666605758667e+01
  5,435405969620e-01;  3,424976730347e+01
  5,301450490952e-01;  3,188131713867e+01
  5,181636214256e-01;  2,978837013245e+01
  5,073036551476e-01;  2,800568389893e+01
  4,889413714409e-01;  2,514294052124e+01
  4,734211862087e-01;  2,295347785950e+01
  4,606177210808e-01;  2,123293113708e+01
  4,491029679775e-01;  1,983458518982e+01
  4,348018467426e-01;  1,815862655640e+01
  4,225765764713e-01;  1,684017181396e+01
  4,124341309071e-01;  1,578671646118e+01
  4,015811383724e-01;  1,469348144531e+01
  3,907142281532e-01;  1,367454910278e+01
  3,796662092209e-01;  1,267118740082e+01
  3,695516288280e-01;  1,180409240723e+01
  3,622373640537e-01;  1,121482181549e+01
  3,570825457573e-01;  1,082953834534e+01
  3,535786569118e-01;  1,145629310608e+01
  3,533208966255e-01;  1,222588729858e+01
  3,636026680470e-01;  1,444469356537e+01
  3,825710117817e-01;  1,586509895325e+01
  4,015950858593e-01;  1,747257232666e+01
  4,192050397396e-01;  1,925498580933e+01
  4,358885288239e-01;  2,119967842102e+01
  4,515828788280e-01;  2,324291419983e+01
  4,659048914909e-01;  2,523221015930e+01
  4,791820347309e-01;  2,707986259460e+01
  4,911286830902e-01;  2,880407714844e+01
  5,024483799934e-01;  3,041856765747e+01
  5,129600167274e-01;  3,192198181152e+01
  5,316845178604e-01;  3,463064193726e+01
  5,476714372635e-01;  3,698402786255e+01
  5,610182285309e-01;  3,900715637207e+01
  5,723448991776e-01;  4,074017715454e+01
  5,859355330467e-01;  4,287131881714e+01
  5,967815518379e-01;  4,452082824707e+01
  6,070284843445e-01;  4,613511276245e+01
  6,171291470528e-01;  4,768068313599e+01
  6,261013150215e-01;  4,893910598755e+01
  6,302181482315e-01;  4,890997695923e+01
  6,307545304298e-01;  4,698463058472e+01
  6,206399798393e-01;  4,385835647583e+01
  6,015392541885e-01;  4,195375061035e+01
  5,823410749435e-01;  3,986408996582e+01
  5,651490688324e-01;  3,761431884766e+01
  5,495662093163e-01;  3,523130035400e+01
  5,355785489082e-01;  3,281165695190e+01
  5,230188965797e-01;  3,058775901794e+01
  5,117061734200e-01;  2,868787574768e+01
  5,015915632248e-01;  2,706254577637e+01
  4,842045009136e-01;  2,443116569519e+01
  4,695689976215e-01;  2,239974021912e+01
  4,572531580925e-01;  2,078811645508e+01
  4,461424350739e-01;  1,946963310242e+01
  4,323916137218e-01;  1,786991119385e+01
  4,205355346203e-01;  1,661229705811e+01
  4,080455601215e-01;  1,531037902832e+01
  3,979797363281e-01;  1,432881546021e+01
  3,862560093403e-01;  1,324864673615e+01
  3,754378557205e-01;  1,228608894348e+01
  3,659989833832e-01;  1,149864673615e+01
  3,597992658615e-01;  1,101406478882e+01
  3,554733991623e-01;  1,070849609375e+01
  3,535786569118e-01;  1,214061927795e+01
  3,808086216450e-01;  1,571558856964e+01
  4,000764787197e-01;  1,730685234070e+01
  4,178118407726e-01;  1,907298088074e+01
  4,345301687717e-01;  2,100355720520e+01
  4,503847062588e-01;  2,304336166382e+01
  4,647555053234e-01;  2,504675865173e+01
  4,781719744205e-01;  2,690918350220e+01
  4,902091622353e-01;  2,864599609375e+01
  5,015985369682e-01;  3,027278327942e+01
  5,122076869011e-01;  3,178769302368e+01
  5,310158133507e-01;  3,451668167114e+01
  5,471698641777e-01;  3,688866424561e+01
  5,606350898743e-01;  3,892229843140e+01
  5,719966292381e-01;  4,066685485840e+01
  5,855663418770e-01;  4,281335067749e+01
  5,966073870659e-01;  4,447376632690e+01
  6,069727540016e-01;  4,610489654541e+01
  6,171291470528e-01;  4,766233444214e+01
  6,262058019638e-01;  4,893676376343e+01
  6,302669644356e-01;  4,884282684326e+01
  6,308242082596e-01;  4,684701156616e+01
  6,191143989563e-01;  4,367085647583e+01
  5,995540022850e-01;  4,174739074707e+01
  5,805786848068e-01;  3,964132690430e+01
  5,636304616928e-01;  3,737874984741e+01
  5,482147932053e-01;  3,498786163330e+01
  5,343455672264e-01;  3,257836914063e+01
  5,219182372093e-01;  3,038671875000e+01
  5,107309222221e-01;  2,851775169373e+01
  5,007207989693e-01;  2,691586685181e+01
  4,835079014301e-01;  2,431992340088e+01
  4,690117239952e-01;  2,231004333496e+01
  4,567307233810e-01;  2,071224975586e+01
  4,457244873047e-01;  1,940412330627e+01
  4,320851266384e-01;  1,781904029846e+01
  4,202917218208e-01;  1,657343482971e+01
  4,078853428364e-01;  1,528555488586e+01
  3,956600725651e-01;  1,410056495667e+01
  3,846329450607e-01;  1,308700656891e+01
  3,743441998959e-01;  1,217378330231e+01
  3,653720319271e-01;  1,143467617035e+01
  3,594022095203e-01;  1,097254085541e+01
  3,552853167057e-01;  1,068517684937e+01
  3,537179827690e-01;  1,196989822388e+01
  3,768380284309e-01;  1,541712474823e+01
  3,964750766754e-01;  1,697026634216e+01
  4,143985211849e-01;  1,870267105103e+01
  4,313119053841e-01;  2,060275268555e+01
  4,473475515842e-01;  2,263121032715e+01
  4,620178937912e-01;  2,465329360962e+01
  4,756781458855e-01;  2,654286193848e+01
  4,879243373871e-01;  2,830358314514e+01
  4,994738996029e-01;  2,995226478577e+01
  5,102015137672e-01;  3,148919487000e+01
  5,292952060699e-01;  3,425739669800e+01
  5,458115339279e-01;  3,666427993774e+01
  5,594857335091e-01;  3,872949218750e+01
  5,710910558701e-01;  4,049851608276e+01
  5,847164392471e-01;  4,267945861816e+01
  5,960361361504e-01;  4,437257766724e+01
  6,066453456879e-01;  4,604140472412e+01
  6,169897913933e-01;  4,763095855713e+01
  6,261013150215e-01;  4,891840362549e+01
  6,302808523178e-01;  4,896005249023e+01
  6,308381557465e-01;  4,710765075684e+01
  6,036778092384e-01;  4,214715957642e+01
  5,842567086220e-01;  4,007400512695e+01
  5,669602155685e-01;  3,784018707275e+01
  5,512589216232e-01;  3,547064590454e+01
  5,370274186134e-01;  3,304650878906e+01
  5,243633389473e-01;  3,079366302490e+01
  5,129669904709e-01;  2,886331748962e+01
  5,027200579643e-01;  2,721355056763e+01
  4,851936697960e-01;  2,454225349426e+01
  4,704049229622e-01;  2,248226547241e+01
  4,580403268337e-01;  2,085150337219e+01
  4,468529820442e-01;  1,952026748657e+01
  4,330255389214e-01;  1,790750122070e+01
  4,211624860764e-01;  1,664246940613e+01
  4,085679948330e-01;  1,533234691620e+01
  3,984673619270e-01;  1,434342098236e+01
  3,884502947330e-01;  1,340838527679e+01
  3,782590925694e-01;  1,249342632294e+01
  3,679285347462e-01;  1,162436580658e+01
  3,613108694553e-01;  1,109719085693e+01
  3,566785156727e-01;  1,076391983032e+01
  3,540941178799e-01;  1,280028152466e+01
  3,750825822353e-01;  1,527319240570e+01
  3,948311209679e-01;  1,680935859680e+01
  4,128799438477e-01;  1,852488327026e+01
  4,298978149891e-01;  2,040848350525e+01
  4,460449218750e-01;  2,242831993103e+01
  4,608545601368e-01;  2,445764350891e+01
  4,746123552322e-01;  2,636283493042e+01
  4,869978427887e-01;  2,813634300232e+01
  4,986031651497e-01;  2,979597854614e+01
  5,093864798546e-01;  3,134692001343e+01
  5,285986065865e-01;  3,413528060913e+01
  5,452890992165e-01;  3,656315994263e+01
  5,591025948524e-01;  3,864432525635e+01
  5,707566738129e-01;  4,042261123657e+01
  5,844866037369e-01;  4,261443328857e+01
  5,957366228104e-01;  4,432138824463e+01
  6,066244244576e-01;  4,601076507568e+01
  6,169897913933e-01;  4,761693954468e+01
  6,261848807335e-01;  4,891865158081e+01
  6,303365826607e-01;  4,890406417847e+01
  6,309078335762e-01;  4,697732925415e+01
  6,208001971245e-01;  4,384664154053e+01
  6,016786098480e-01;  4,193980789185e+01
  5,824595093727e-01;  3,985033416748e+01
  5,653371214867e-01;  3,760060882568e+01
  5,497403144836e-01;  3,521970748901e+01
  5,357178449631e-01;  3,280038833618e+01
  5,232208967209e-01;  3,057747268677e+01
  5,119360089302e-01;  2,867761993408e+01
  5,018144845963e-01;  2,705158996582e+01
  4,844483137131e-01;  2,442053604126e+01
  4,698267281055e-01;  2,238830375671e+01
  4,574969708920e-01;  2,077420806885e+01
  4,464001953602e-01;  1,945400810242e+01
  4,327120482922e-01;  1,785628128052e+01
  4,208629429340e-01;  1,660292434692e+01
  4,083938598633e-01;  1,530470752716e+01
  3,983419537544e-01;  1,432458019257e+01
  3,866739571095e-01;  1,324335479736e+01
  3,758558332920e-01;  1,227904891968e+01
  3,664517700672e-01;  1,148691654205e+01
  3,603565394878e-01;  1,100867748260e+01
  3,560864031315e-01;  1,070558834076e+01
  3,541359305382e-01;  1,205295467377e+01
  3,793318271637e-01;  1,556581306458e+01
  3,987877964973e-01;  1,714100074768e+01
  4,165928065777e-01;  1,889228248596e+01
  4,333947300911e-01;  2,080828094482e+01
  4,493537545204e-01;  2,284641647339e+01
  4,638847708702e-01;  2,486023139954e+01
  4,774335920811e-01;  2,673653984070e+01
  4,895613193512e-01;  2,848731613159e+01
  5,010412335396e-01;  3,012618064880e+01
  5,116155743599e-01;  3,165359306335e+01
  5,305699706078e-01;  3,440290832520e+01
  5,469260811806e-01;  3,679663085938e+01
  5,605654716492e-01;  3,884738540649e+01
  5,719826817513e-01;  4,059678649902e+01
  5,854409337044e-01;  4,274566650391e+01
  5,963984131813e-01;  4,442004013062e+01
  6,071329712868e-01;  4,607728576660e+01
  6,173729300499e-01;  4,766021728516e+01
  6,263799071312e-01;  4,893272781372e+01
  6,304898262024e-01;  4,878010559082e+01
  6,310331821442e-01;  4,671183013916e+01
  6,175679564476e-01;  4,348483276367e+01
  5,977219343185e-01;  4,153965377808e+01
  5,790113210678e-01;  3,941648864746e+01
  5,622164011002e-01;  3,713803100586e+01
  5,468982458115e-01;  3,473623275757e+01
  5,332100987434e-01;  3,233763504028e+01
  5,209778547287e-01;  3,017711830139e+01
  5,099158883095e-01;  2,833900833130e+01
  4,911704659462e-01;  2,539288902283e+01
  4,753716588020e-01;  2,314595031738e+01
  4,623940587044e-01;  2,138124656677e+01
  4,507748186588e-01;  1,995487022400e+01
  4,406881034374e-01;  1,877395439148e+01
  4,278497993946e-01;  1,732444763184e+01
  4,167739152908e-01;  1,617935562134e+01
  4,052800834179e-01;  1,498041057587e+01
  3,937444388866e-01;  1,387372493744e+01
  3,833790719509e-01;  1,292982482910e+01
  3,725330531597e-01;  1,197938346863e+01
  3,644246757030e-01;  1,131421470642e+01
  3,589076101780e-01;  1,089803600311e+01
  3,551181256771e-01;  1,071259403229e+01
  3,542055785656e-01;  1,231695747375e+01
  3,661592006683e-01;  1,457983589172e+01
  3,854758143425e-01;  1,601982879639e+01
  4,042909145355e-01;  1,765049171448e+01
  4,218521118164e-01;  1,945219612122e+01
  4,384171962738e-01;  2,141484069824e+01
  4,539373517036e-01;  2,346446037292e+01
  4,681688249111e-01;  2,544428253174e+01
  4,813205897808e-01;  2,727931594849e+01
  4,931696951389e-01;  2,899332618713e+01
  5,043849349022e-01;  3,059827995300e+01
  5,147503018379e-01;  3,209320068359e+01
  5,333215594292e-01;  3,478716659546e+01
  5,491551756859e-01;  3,712543106079e+01
  5,625159144402e-01;  3,912579727173e+01
  5,735988020897e-01;  4,083567810059e+01
  5,867505073547e-01;  4,293407058716e+01
  5,974432826042e-01;  4,456135177612e+01
  6,077947020531e-01;  4,618108367920e+01
  6,178953647614e-01;  4,772752761841e+01
  6,266237497330e-01;  4,895389938354e+01
  6,306291818619e-01;  4,863879776001e+01
  6,310541033745e-01;  4,643576049805e+01
  6,139874458313e-01;  4,311096191406e+01
  5,938906669617e-01;  4,112839508057e+01
  5,755980014801e-01;  3,897109985352e+01
  5,591374039650e-01;  3,666473007202e+01
  5,441327095032e-01;  3,424875640869e+01
  5,307511091232e-01;  3,187986564636e+01
  5,187835693359e-01;  2,978526878357e+01
  5,079445242882e-01;  2,800353050232e+01
  4,895822405815e-01;  2,514075088501e+01
  4,740620553493e-01;  2,295048522949e+01
  4,612794816494e-01;  2,122492218018e+01
  4,498135149479e-01;  1,982510185242e+01
  4,354775547981e-01;  1,814650154114e+01
  4,233567714691e-01;  1,682904243469e+01
  4,131655395031e-01;  1,577792549133e+01
  4,023822247982e-01;  1,468394565582e+01
  3,915153145790e-01;  1,365906620026e+01
  3,805230259895e-01;  1,265982341766e+01
  3,704920113087e-01;  1,180614852905e+01
  3,631568551064e-01;  1,120984554291e+01
  3,580577671528e-01;  1,082564544678e+01
  3,545608520508e-01;  1,152048301697e+01
  3,542752563953e-01;  1,231364917755e+01
  3,661940097809e-01;  1,457579040527e+01
  3,855454921722e-01;  1,601776313782e+01
  4,043675363064e-01;  1,764612197876e+01
  4,219008684158e-01;  1,944809150696e+01
  4,384520053864e-01;  2,141020202637e+01
  4,539861381054e-01;  2,345886611938e+01
  4,682036638260e-01;  2,543870544434e+01
  4,813902378082e-01;  2,727448654175e+01
  4,932741820812e-01;  2,899071502686e+01
  5,044894218445e-01;  3,059599113464e+01
  5,148547887802e-01;  3,209135055542e+01
  5,333703160286e-01;  3,478946685791e+01
  5,492109060287e-01;  3,713181686401e+01
  5,626064538956e-01;  3,913526535034e+01
  5,737171769142e-01;  4,084632873535e+01
  5,868341326714e-01;  4,293765640259e+01
  5,974432826042e-01;  4,455110549927e+01
  6,076763272285e-01;  4,616418838501e+01
  6,179998517036e-01;  4,773393249512e+01
  6,266585588455e-01;  4,895596694946e+01
  6,306639909744e-01;  4,847586059570e+01
  6,308799386024e-01;  4,614117431641e+01
  6,100168824196e-01;  4,272216796875e+01
  5,900384783745e-01;  4,070093536377e+01
  5,721846818924e-01;  3,851269531250e+01
  5,560514926910e-01;  3,617890167236e+01
  5,413463711739e-01;  3,375483703613e+01
  5,282781720161e-01;  3,142556762695e+01
  5,165544748306e-01;  2,939660263062e+01
  5,059661865234e-01;  2,767036056519e+01
  4,879312813282e-01;  2,488731575012e+01
  4,727385044098e-01;  2,275494003296e+01
  4,601092040539e-01;  2,106912612915e+01
  4,487546980381e-01;  1,969525527954e+01
  4,346764683723e-01;  1,804726791382e+01
  4,226740896702e-01;  1,675035095215e+01
  4,126291573048e-01;  1,571659183502e+01
  4,019851684570e-01;  1,463446331024e+01
  3,912227451801e-01;  1,362001323700e+01
  3,803697526455e-01;  1,263344287872e+01
  3,695376813412e-01;  1,170475101471e+01
  3,626204729080e-01;  1,114913272858e+01
  3,577234148979e-01;  1,079361438751e+01
  3,547419607639e-01;  1,279875946045e+01
  3,757443726063e-01;  1,527609348297e+01
  3,954928815365e-01;  1,681408691406e+01
  4,135486781597e-01;  1,853294181824e+01
  4,305456280708e-01;  2,042107200623e+01
  4,466927647591e-01;  2,244518280029e+01
  4,614606201649e-01;  2,447831726074e+01
  4,752462506294e-01;  2,638474845886e+01
  4,876456856728e-01;  2,815725708008e+01
  4,992091953754e-01;  2,981565284729e+01
  5,099785923958e-01;  3,136385917664e+01
  5,291698575020e-01;  3,415481185913e+01
  5,457418560982e-01;  3,658201599121e+01
  5,596598982811e-01;  3,866504669189e+01
  5,713835954666e-01;  4,044610977173e+01
  5,850229859352e-01;  4,263082122803e+01
  5,960361361504e-01;  4,431377410889e+01
  6,067289113998e-01;  4,598699188232e+01
  6,174426078796e-01;  4,762915039063e+01
  6,265540719032e-01;  4,893297576904e+01
  6,306500434875e-01;  4,890286254883e+01
  6,312212944031e-01;  4,697755432129e+01
  6,210927367210e-01;  4,384951019287e+01
  6,020268797874e-01;  4,194252777100e+01
  5,828287005424e-01;  3,985177230835e+01
  5,656993985176e-01;  3,760293197632e+01
  5,501095056534e-01;  3,522032928467e+01
  5,360800623894e-01;  3,280316543579e+01
  5,235900878906e-01;  3,057970237732e+01
  5,123539566994e-01;  2,868061828613e+01
  5,021836757660e-01;  2,705528640747e+01
  4,848662614822e-01;  2,442049217224e+01
  4,702168405056e-01;  2,238551330566e+01
  4,579010009766e-01;  2,076983642578e+01
  4,468042254448e-01;  1,944880676270e+01
  4,331300258636e-01;  1,785021209717e+01
  4,213227033615e-01;  1,659674453735e+01
  4,088814854622e-01;  1,529762458801e+01
  3,988156616688e-01;  1,431624507904e+01
  3,871615827084e-01;  1,323111152649e+01
  3,764131069183e-01;  1,226841545105e+01
  3,670299351215e-01;  1,148682403564e+01
  3,609277606010e-01;  1,100820446014e+01
  3,566575944424e-01;  1,070320701599e+01
  3,547419607639e-01;  1,222581863403e+01
  3,650655448437e-01;  1,444445800781e+01
  3,839990496635e-01;  1,586743068695e+01
  4,030091762543e-01;  1,747972869873e+01
  4,206330776215e-01;  1,926712036133e+01
  4,372887015343e-01;  2,121740722656e+01
  4,529412388802e-01;  2,326613044739e+01
  4,672493338585e-01;  2,525891876221e+01
  4,805403947830e-01;  2,710965919495e+01
  4,924870431423e-01;  2,883793449402e+01
  5,038485527039e-01;  3,045453071594e+01
  5,142278075218e-01;  3,196143913269e+01
  5,328896641731e-01;  3,467903137207e+01
  5,488765835762e-01;  3,703937530518e+01
  5,623417496681e-01;  3,905946350098e+01
  5,735988020897e-01;  4,078146362305e+01
  5,867853760719e-01;  4,289146804810e+01
  5,974432826042e-01;  4,450755691528e+01
  6,076344847679e-01;  4,611584854126e+01
  6,179859042168e-01;  4,770005035400e+01
  6,269372105598e-01;  4,897047042847e+01
  6,308381557465e-01;  4,856156921387e+01
  6,311933994293e-01;  4,628932571411e+01
  6,122459769249e-01;  4,291563796997e+01
  5,921978950500e-01;  4,091394424438e+01
  5,740933418274e-01;  3,874058151245e+01
  5,577930212021e-01;  3,642098999023e+01
  5,429485440254e-01;  3,399919891357e+01
  5,297271013260e-01;  3,164903640747e+01
  5,179337263107e-01;  2,958748245239e+01
  5,071782469749e-01;  2,783289909363e+01
  4,889970719814e-01;  2,500884819031e+01
  4,736301600933e-01;  2,284774780273e+01
  4,609660208225e-01;  2,114146232605e+01
  4,495557844639e-01;  1,975514411926e+01
  4,353730678558e-01;  1,809390640259e+01
  4,233010411263e-01;  1,678441047668e+01
  4,132003784180e-01;  1,574177360535e+01
  4,024867117405e-01;  1,465262985229e+01
  3,916894793510e-01;  1,363557624817e+01
  3,807668387890e-01;  1,263962554932e+01
  3,699347376823e-01;  1,171274280548e+01
  3,630036115646e-01;  1,115779018402e+01
  3,581274151802e-01;  1,079670047760e+01
  3,547489345074e-01;  1,222230148315e+01
  3,649958670139e-01;  1,443901348114e+01
  3,839642107487e-01;  1,585957431793e+01
  4,029325544834e-01;  1,747055816650e+01
  4,205982387066e-01;  1,925658035278e+01
  4,371772408485e-01;  2,120577049255e+01
  4,528367519379e-01;  2,325438880920e+01
  4,671936035156e-01;  2,524592018127e+01
  4,805055558681e-01;  2,709758186340e+01
  4,924730956554e-01;  2,882729530334e+01
  5,038136839867e-01;  3,044541931152e+01
  5,142417550087e-01;  3,195323371887e+01
  5,329174995422e-01;  3,467272949219e+01
  5,488765835762e-01;  3,703313064575e+01
  5,623069405556e-01;  3,905516433716e+01
  5,735778808594e-01;  4,078178405762e+01
  5,868898630142e-01;  4,289953231812e+01
  5,975686907768e-01;  4,452136611938e+01
  6,076344847679e-01;  4,612003326416e+01
  6,178466081619e-01;  4,767451477051e+01
  6,269720196724e-01;  4,897258377075e+01
  6,308729648590e-01;  4,856373977661e+01
  6,312282681465e-01;  4,629322052002e+01
  6,122807860374e-01;  4,291960906982e+01
  5,922327637672e-01;  4,091735076904e+01
  5,741351842880e-01;  3,874496459961e+01
  5,578417778015e-01;  3,642492675781e+01
  5,429973006248e-01;  3,400364303589e+01
  5,297758579254e-01;  3,165179252625e+01
  5,179685354233e-01;  2,958918571472e+01
  5,072548985481e-01;  2,783356094360e+01
  4,890806674957e-01;  2,501240348816e+01
  4,736789166927e-01;  2,284979629517e+01
  4,610287249088e-01;  2,114352416992e+01
  4,496254324913e-01;  1,975797843933e+01
  4,354287981987e-01;  1,809307289124e+01
  4,233567714691e-01;  1,678412055969e+01
  4,132352173328e-01;  1,574053955078e+01
  4,025772809982e-01;  1,465218639374e+01
  3,917242884636e-01;  1,363239574432e+01
  3,808364868164e-01;  1,263660144806e+01
  3,700531721115e-01;  1,171108436584e+01
  3,630872070789e-01;  1,115315055847e+01
  3,582319319248e-01;  1,079639625549e+01
  3,549718558788e-01;  1,259921169281e+01
  3,721777796745e-01;  1,498979568481e+01
  3,920447230339e-01;  1,648756217957e+01
  4,103582501411e-01;  1,817157363892e+01
  4,275642037392e-01;  2,002573585510e+01
  4,438157975674e-01;  2,202919578552e+01
  4,588831961155e-01;  2,407671165466e+01
  4,729056954384e-01;  2,601339912415e+01
  4,856116175652e-01;  2,781266212463e+01
  4,973144531250e-01;  2,949635505676e+01
  5,082510113716e-01;  3,107063293457e+01
  5,183238387108e-01;  3,253690719604e+01
  5,364910364151e-01;  3,518243789673e+01
  5,518510341644e-01;  3,747517776489e+01
  5,649052262306e-01;  3,943541717529e+01
  5,757234096527e-01;  4,110745239258e+01
  5,885965228081e-01;  4,315428924561e+01
  5,988574028015e-01;  4,471847534180e+01
  6,104208827019e-01;  4,656253051758e+01
  6,208419799805e-01;  4,810858535767e+01
  6,282467842102e-01;  4,912642288208e+01
  6,313118338585e-01;  4,671261215210e+01
  6,178605556488e-01;  4,348367309570e+01
  5,980353951454e-01;  4,153703689575e+01
  5,793108940125e-01;  3,941080856323e+01
  5,625298619270e-01;  3,713216018677e+01
  5,472465157509e-01;  3,473097610474e+01
  5,335723161697e-01;  3,233015823364e+01
  5,213261246681e-01;  3,016781997681e+01
  5,103198885918e-01;  2,832811355591e+01
  4,915536046028e-01;  2,538178634644e+01
  4,758244454861e-01;  2,313556098938e+01
  4,628468453884e-01;  2,137071990967e+01
  4,512763619423e-01;  1,994132041931e+01
  4,411408901215e-01;  1,875771713257e+01
  4,283931553364e-01;  1,730260467529e+01
  4,173451364040e-01;  1,615809059143e+01
  4,058861136436e-01;  1,496771717072e+01
  3,943226039410e-01;  1,386613273621e+01
  3,840617239475e-01;  1,292107486725e+01
  3,732226788998e-01;  1,197324752808e+01
  3,651421666145e-01;  1,131099033356e+01
  3,596460223198e-01;  1,089550685883e+01
  3,558774292469e-01;  1,069847393036e+01
  3,549718558788e-01;  1,222405719757e+01
  3,652745187283e-01;  1,443867683411e+01
  3,842080235481e-01;  1,585951232910e+01
  4,032111763954e-01;  1,747115707397e+01
  4,208211600780e-01;  1,925813484192e+01
  4,374210536480e-01;  2,120664787292e+01
  4,529969692230e-01;  2,325494766235e+01
  4,674025774002e-01;  2,524768066406e+01
  4,807493686676e-01;  2,710028648376e+01
  4,927029907703e-01;  2,882966041565e+01
  5,040366053581e-01;  3,044915580750e+01
  5,144716501236e-01;  3,195918273926e+01
  5,331125855446e-01;  3,467687988281e+01
  5,490716099739e-01;  3,703801727295e+01
  5,625159144402e-01;  3,906013870239e+01
  5,737729072571e-01;  4,078838729858e+01
  5,870779156685e-01;  4,290552520752e+01
  5,977637171745e-01;  4,453291320801e+01
  6,078783273697e-01;  4,613049316406e+01
  6,179510951042e-01;  4,767680358887e+01
  6,269024014473e-01;  4,896103668213e+01
  6,310123205185e-01;  4,746644210815e+01
  6,309356689453e-01;  4,613799667358e+01
  6,100934743881e-01;  4,271396636963e+01
  5,901290178299e-01;  4,069231796265e+01
  5,722891688347e-01;  3,850243377686e+01
  5,561351180077e-01;  3,617019653320e+01
  5,414299368858e-01;  3,374414062500e+01
  5,283826589584e-01;  3,141333770752e+01
  5,166937708855e-01;  2,938470268250e+01
  5,061054825783e-01;  2,765641975403e+01
  4,881124198437e-01;  2,487442398071e+01
  4,729335606098e-01;  2,273856735229e+01
  4,603181779385e-01;  2,105224990845e+01
  4,489984810352e-01;  1,968105316162e+01
  4,349411725998e-01;  1,802902030945e+01
  4,229527413845e-01;  1,673115539551e+01
  4,101005196571e-01;  1,539246654510e+01
  3,999650478363e-01;  1,438612651825e+01
  3,898434937000e-01;  1,343872070313e+01
  3,795338571072e-01;  1,251053905487e+01
  3,691824078560e-01;  1,163582134247e+01
  3,625856339931e-01;  1,110547828674e+01
  3,578836321831e-01;  1,076276874542e+01
  3,552156388760e-01;  1,205493164063e+01
  3,803558349609e-01;  1,556739234924e+01
  3,997630178928e-01;  1,714410781860e+01
  4,175680279732e-01;  1,889800834656e+01
  4,343560338020e-01;  2,081889533997e+01
  4,501896798611e-01;  2,285948753357e+01
  4,648042619228e-01;  2,487679290771e+01
  4,783600568771e-01;  2,675709342957e+01
  4,905226230621e-01;  2,850932884216e+01
  5,019955635071e-01;  3,014848518372e+01
  5,125908255577e-01;  3,167805671692e+01
  5,314894914627e-01;  3,443157196045e+01
  5,477271676064e-01;  3,682511520386e+01
  5,613316893578e-01;  3,887797927856e+01
  5,728116035461e-01;  4,063370895386e+01
  5,863674283028e-01;  4,278812408447e+01
  5,972203612328e-01;  4,444426345825e+01
  6,075509190559e-01;  4,606538009644e+01
  6,177003383636e-01;  4,763050842285e+01
  6,268327236176e-01;  4,892750549316e+01
  6,311376690865e-01;  4,770687103271e+01
  6,312978863716e-01;  4,644507980347e+01
  6,142173409462e-01;  4,311801528931e+01
  5,941135287285e-01;  4,113320922852e+01
  5,758069753647e-01;  3,897551345825e+01
  5,593603253365e-01;  3,666618347168e+01
  5,443208217621e-01;  3,424560165405e+01
  5,310158133507e-01;  3,187274551392e+01
  5,190830826759e-01;  2,977528190613e+01
  5,082092285156e-01;  2,799002265930e+01
  4,898678362370e-01;  2,512615203857e+01
  4,743615984917e-01;  2,293647193909e+01
  4,616068899632e-01;  2,120940780640e+01
  4,501827061176e-01;  1,980925369263e+01
  4,358746111393e-01;  1,813060379028e+01
  4,237747192383e-01;  1,680992507935e+01
  4,136183261871e-01;  1,575958251953e+01
  4,028907418251e-01;  1,466016864777e+01
  3,920934796333e-01;  1,363599586487e+01
  3,811499476433e-01;  1,264368534088e+01
  3,703527152538e-01;  1,171687126160e+01
  3,633658289909e-01;  1,115437412262e+01
  3,585105538368e-01;  1,079241561890e+01
  3,551459908485e-01;  1,240167617798e+01
  3,687505424023e-01;  1,470636177063e+01
  3,883875906467e-01;  1,616609001160e+01
  4,069936871529e-01;  1,781357383728e+01
  4,244295060635e-01;  1,963385581970e+01
  4,408901035786e-01;  2,161197853088e+01
  4,562222063541e-01;  2,366415023804e+01
  4,703979492188e-01;  2,563145256042e+01
  4,833964407444e-01;  2,745804405212e+01
  4,952037632465e-01;  2,916537284851e+01
  5,063771605492e-01;  3,076089668274e+01
  5,166310667992e-01;  3,224713134766e+01
  5,350421667099e-01;  3,492932128906e+01
  5,506528615952e-01;  3,725551223755e+01
  5,639091134071e-01;  3,924806976318e+01
  5,749223232269e-01;  4,095111465454e+01
  5,880392193794e-01;  4,303725051880e+01
  5,985299944878e-01;  4,463504791260e+01
  6,102676391602e-01;  4,651030349731e+01
  6,207235455513e-01;  4,807257843018e+01
  6,281422972679e-01;  4,909329986572e+01
  6,313118338585e-01;  4,710545349121e+01
  6,041515469551e-01;  4,213873672485e+01
  5,847095251083e-01;  4,006362152100e+01
  5,674478411674e-01;  3,782740020752e+01
  5,517465472221e-01;  3,545464324951e+01
  5,375499129295e-01;  3,302968597412e+01
  5,249136090279e-01;  3,077489662170e+01
  5,135730504990e-01;  2,884371948242e+01
  5,033539533615e-01;  2,719377326965e+01
  4,858415126801e-01;  2,452466011047e+01
  4,710875749588e-01;  2,246700096130e+01
  4,587160050869e-01;  2,083382225037e+01
  4,476053118706e-01;  1,950188255310e+01
  4,338405430317e-01;  1,788572692871e+01
  4,220193028450e-01;  1,661822700500e+01
  4,094387590885e-01;  1,530899238586e+01
  3,972134888172e-01;  1,411019515991e+01
  3,861515223980e-01;  1,309152984619e+01
  3,758906424046e-01;  1,217654037476e+01
  3,669254481792e-01;  1,142690086365e+01
  3,610670566559e-01;  1,096991539001e+01
  3,569223284721e-01;  1,067800521851e+01
  3,553758561611e-01;  1,222023296356e+01
  3,656576275826e-01;  1,443997764587e+01
  3,845702409744e-01;  1,586103057861e+01
  4,035803675652e-01;  1,747247505188e+01
  4,212251603603e-01;  1,926075553894e+01
  4,378459751606e-01;  2,121231079102e+01
  4,533800780773e-01;  2,326227569580e+01
  4,677299857140e-01;  2,525608825684e+01
  4,810976684093e-01;  2,711007118225e+01
  4,930303692818e-01;  2,884009933472e+01
  5,043849349022e-01;  3,045822334290e+01
  5,147851109505e-01;  3,196510505676e+01
  5,334399938583e-01;  3,468361282349e+01
  5,493502616882e-01;  3,704368209839e+01
  5,627945661545e-01;  3,906449127197e+01
  5,740515589714e-01;  4,079147338867e+01
  5,873426198959e-01;  4,291466903687e+01
  5,980353951454e-01;  4,454346084595e+01
  6,081778407097e-01;  4,614881515503e+01
  6,194487810135e-01;  4,786835098267e+01
  6,275989413261e-01;  4,900589370728e+01
  6,314998865128e-01;  4,794347381592e+01
  6,318342685699e-01;  4,674178314209e+01
  6,184735298157e-01;  4,351721572876e+01
  5,986484289169e-01;  4,157478332520e+01
  5,799168944359e-01;  3,945174026489e+01
  5,631219744682e-01;  3,717236328125e+01
  5,477759242058e-01;  3,476580810547e+01
  5,341156721115e-01;  3,236080169678e+01
  5,218694806099e-01;  3,019384765625e+01
  5,108423829079e-01;  2,834959602356e+01
  4,920412003994e-01;  2,539767265320e+01
  4,762563407421e-01;  2,314608383179e+01
  4,633135497570e-01;  2,137710380554e+01
  4,517709612846e-01;  1,994873237610e+01
  4,416633248329e-01;  1,876451492310e+01
  4,288598895073e-01;  1,730922508240e+01
  4,178188145161e-01;  1,616281700134e+01
  4,063389003277e-01;  1,496280288696e+01
  3,948241472244e-01;  1,385712337494e+01
  3,845145106316e-01;  1,291565322876e+01
  3,737869262695e-01;  1,197313117981e+01
  3,656994402409e-01;  1,129753303528e+01
  3,603008091450e-01;  1,089320278168e+01
  3,565391898155e-01;  1,074438381195e+01
  3,556684553623e-01;  1,249982166290e+01
  3,583782017231e-01;  1,356698322296e+01
  3,710493147373e-01;  1,484917545319e+01
  3,908396065235e-01;  1,632948875427e+01
  4,092576503754e-01;  1,799693870544e+01
  4,265889823437e-01;  1,983431816101e+01
  4,429590106010e-01;  2,182593917847e+01
  4,580821096897e-01;  2,387646102905e+01
  4,721742570400e-01;  2,583079910278e+01
  4,850195050240e-01;  2,764326858521e+01
  4,967710971832e-01;  2,933944511414e+01
  5,078539848328e-01;  3,092354011536e+01
  5,179894566536e-01;  3,240042495728e+01
  5,362681746483e-01;  3,506276321411e+01
  5,517325997353e-01;  3,737255477905e+01
  5,648494958878e-01;  3,935042953491e+01
  5,757373571396e-01;  4,103940963745e+01
  5,887706875801e-01;  4,310909271240e+01
  5,991499423981e-01;  4,469591140747e+01
  6,108597517014e-01;  4,655975723267e+01
  6,210997104645e-01;  4,808873748779e+01
  6,284000277519e-01;  4,908495712280e+01
  6,316462159157e-01;  4,631944656372e+01
  6,130470633507e-01;  4,295372772217e+01
  5,929641723633e-01;  4,095333480835e+01
  5,748805403709e-01;  3,878215408325e+01
  5,585592389107e-01;  3,646307754517e+01
  5,437008142471e-01;  3,403906631470e+01
  5,304724574089e-01;  3,168077659607e+01
  5,186442732811e-01;  2,961080551147e+01
  5,079305768013e-01;  2,785137176514e+01
  4,897215366364e-01;  2,501970481873e+01
  4,743615984917e-01;  2,285133552551e+01
  4,616974592209e-01;  2,114267921448e+01
  4,503220319748e-01;  1,975563240051e+01
  4,361393153667e-01;  1,809188270569e+01
  4,241230189800e-01;  1,678548812866e+01
  4,139666259289e-01;  1,573976325989e+01
  4,033086895943e-01;  1,464652347565e+01
  3,925253748894e-01;  1,362636470795e+01
  3,815888166428e-01;  1,263408279419e+01
  3,708751499653e-01;  1,170701980591e+01
  3,639231026173e-01;  1,115418815613e+01
  3,590817749500e-01;  1,079295635223e+01
  3,558216989040e-01;  1,259313678741e+01
  3,730485439301e-01;  1,498493957520e+01
  3,928667008877e-01;  1,648388099670e+01
  4,111384451389e-01;  1,816809463501e+01
  4,283652901649e-01;  2,002392959595e+01
  4,446378052235e-01;  2,202831268311e+01
  4,596006870270e-01;  2,407752799988e+01
  4,736022949219e-01;  2,601880645752e+01
  4,863221645355e-01;  2,781984138489e+01
  4,980458915234e-01;  2,950469589233e+01
  5,090172886848e-01;  3,107878303528e+01
  5,190482735634e-01;  3,254541397095e+01
  5,372015833855e-01;  3,519094085693e+01
  5,525197386742e-01;  3,748089218140e+01
  5,655460953712e-01;  3,943970108032e+01
  5,763015747070e-01;  4,111425399780e+01
  5,892443656921e-01;  4,316666793823e+01
  5,995540022850e-01;  4,474418640137e+01
  6,111384034157e-01;  4,659644317627e+01
  6,212390661240e-01;  4,810807037354e+01
  6,285045742989e-01;  4,908467483521e+01
  6,319875121117e-01;  4,700779342651e+01
  6,031762957573e-01;  4,198404312134e+01
  5,839641690254e-01;  3,989550399780e+01
  5,667999982834e-01;  3,764751052856e+01
  5,511892437935e-01;  3,526584625244e+01
  5,371458530426e-01;  3,284453964233e+01
  5,246767997742e-01;  3,061374473572e+01
  5,133640170097e-01;  2,870748519897e+01
  5,032285451889e-01;  2,707660865784e+01
  4,858972430229e-01;  2,443769264221e+01
  4,712060093880e-01;  2,240065002441e+01
  4,589807391167e-01;  2,078284072876e+01
  4,478839337826e-01;  1,945834922791e+01
  4,341749250889e-01;  1,785523986816e+01
  4,224511981010e-01;  1,659132194519e+01
  4,099124372005e-01;  1,529020404816e+01
  3,977359235287e-01;  1,409755516052e+01
  3,867227435112e-01;  1,308223152161e+01
  3,764479160309e-01;  1,217082786560e+01
  3,675314784050e-01;  1,142304515839e+01
  3,617636561394e-01;  1,096880149841e+01
  3,576049804688e-01;  1,067879772186e+01
  3,560864031315e-01;  1,222178745270e+01
  3,663403093815e-01;  1,444178390503e+01
  3,852529227734e-01;  1,586398410797e+01
  4,042421281338e-01;  1,747689247131e+01
  4,218521118164e-01;  1,926395606995e+01
  4,384520053864e-01;  2,121526527405e+01
  4,539930820465e-01;  2,326567649841e+01
  4,683429896832e-01;  2,526095008850e+01
  4,816201329231e-01;  2,711492347717e+01
  4,935667514801e-01;  2,884551429749e+01
  5,049073696136e-01;  3,046269226074e+01
  5,153423547745e-01;  3,197060585022e+01
  5,339624285698e-01;  3,468856430054e+01
  5,498378872871e-01;  3,704930496216e+01
  5,632821917534e-01;  3,906910705566e+01
  5,745043754578e-01;  4,079845809937e+01
  5,877745151520e-01;  4,291987228394e+01
  5,984742641449e-01;  4,454979324341e+01
  6,086167097092e-01;  4,615740966797e+01
  6,186267733574e-01;  4,768667984009e+01
  6,274248361588e-01;  4,893171691895e+01
  6,314163208008e-01;  4,885918426514e+01
  6,319875121117e-01;  4,687887191772e+01
  6,206469535828e-01;  4,370813369751e+01
  6,011770367622e-01;  4,178486633301e+01
  5,822156667709e-01;  3,967871093750e+01
  5,652117729187e-01;  3,741598510742e+01
  5,497751832008e-01;  3,502402114868e+01
  5,358920097351e-01;  3,260935974121e+01
  5,235413312912e-01;  3,040594863892e+01
  5,124096870422e-01;  2,852801322937e+01
  5,023717284203e-01;  2,691953659058e+01
  4,851588308811e-01;  2,431518745422e+01
  4,706626534462e-01;  2,230163955688e+01
  4,584931135178e-01;  2,069924736023e+01
  4,475356340408e-01;  1,938915634155e+01
  4,339311122894e-01;  1,780494880676e+01
  4,222421944141e-01;  1,655541419983e+01
  4,097870588303e-01;  1,526576042175e+01
  3,977010846138e-01;  1,407772636414e+01
  3,867227435112e-01;  1,306192207336e+01
  3,765524029732e-01;  1,216215610504e+01
  3,676011562347e-01;  1,141625976563e+01
  3,618751168251e-01;  1,096769905090e+01
  3,577582240105e-01;  1,068021011353e+01
  3,562117815018e-01;  1,204735469818e+01
  3,812614083290e-01;  1,555859851837e+01
  4,006198346615e-01;  1,713185310364e+01
  4,184387922287e-01;  1,888515090942e+01
  4,352267682552e-01;  2,080553817749e+01
  4,510813057423e-01;  2,284622383118e+01
  4,655565917492e-01;  2,486473846436e+01
  4,791402518749e-01;  2,674675941467e+01
  4,912819266319e-01;  2,849905204773e+01
  5,028036236763e-01;  3,013746833801e+01
  5,133779644966e-01;  3,166798400879e+01
  5,322209000587e-01;  3,442716598511e+01
  5,484237670898e-01;  3,682250976563e+01
  5,620770454407e-01;  3,887464904785e+01
  5,735569596291e-01;  4,063346481323e+01
  5,870431065559e-01;  4,279401779175e+01
  5,979518294334e-01;  4,445778656006e+01
  6,082475185394e-01;  4,609660720825e+01
  6,184735298157e-01;  4,765586090088e+01
  6,273412108421e-01;  4,891487884521e+01
  6,313953995705e-01;  4,911242294312e+01
  6,318551898003e-01;  4,618153762817e+01
  6,114448904991e-01;  4,277024841309e+01
  5,915222167969e-01;  4,075470352173e+01
  5,736266374588e-01;  3,856944656372e+01
  5,574586391449e-01;  3,623700332642e+01
  5,427604317665e-01;  3,381158065796e+01
  5,296713709831e-01;  3,147378730774e+01
  5,180034041405e-01;  2,943756675720e+01
  5,073733329773e-01;  2,770462989807e+01
  4,893384277821e-01;  2,491337203979e+01
  4,741108119488e-01;  2,276741790771e+01
  4,615372419357e-01;  2,107454681396e+01
  4,502523541451e-01;  1,969882583618e+01
  4,361393153667e-01;  1,804452896118e+01
  4,241926670074e-01;  1,674325752258e+01
  4,141059517860e-01;  1,570547580719e+01
  4,035176932812e-01;  1,461945819855e+01
  3,928179442883e-01;  1,360711669922e+01
  3,819510340691e-01;  1,262151813507e+01
  3,712930977345e-01;  1,170871543884e+01
  3,643549978733e-01;  1,114512443542e+01
  3,595693707466e-01;  1,078786659241e+01
  3,565182983875e-01;  1,213654804230e+01
  3,836298286915e-01;  1,571536445618e+01
  4,027583897114e-01;  1,730913352966e+01
  4,204728603363e-01;  1,907927703857e+01
  4,371772408485e-01;  2,101825714111e+01
  4,528576433659e-01;  2,306594276428e+01
  4,672075212002e-01;  2,507445716858e+01
  4,806588292122e-01;  2,694232559204e+01
  4,927308559418e-01;  2,868567657471e+01
  5,041620135307e-01;  3,031456375122e+01
  5,146248936653e-01;  3,183370208740e+01
  5,333563685417e-01;  3,457196426392e+01
  5,493641495705e-01;  3,694652557373e+01
  5,628851056099e-01;  3,897983551025e+01
  5,742048025131e-01;  4,072106933594e+01
  5,876003503799e-01;  4,286163711548e+01
  5,984045863152e-01;  4,451107406616e+01
  6,085749268532e-01;  4,613196945190e+01
  6,187103986740e-01;  4,768245697021e+01
  6,274596452713e-01;  4,892231750488e+01
  6,315347552299e-01;  4,910942840576e+01
  6,320293545723e-01;  4,618253707886e+01
  6,116051077843e-01;  4,277300262451e+01
  5,916754603386e-01;  4,075576400757e+01
  5,737520456314e-01;  3,856862640381e+01
  5,575839877129e-01;  3,623696136475e+01
  5,428788661957e-01;  3,381130218506e+01
  5,298455357552e-01;  3,147585678101e+01
  5,181427001953e-01;  2,943921661377e+01
  5,075126290321e-01;  2,770627784729e+01
  4,895125627518e-01;  2,491390419006e+01
  4,742919206619e-01;  2,277247047424e+01
  4,616974592209e-01;  2,107979583740e+01
  4,504404366016e-01;  1,970044326782e+01
  4,363343715668e-01;  1,804507064819e+01
  4,243668317795e-01;  1,674221611023e+01
  4,142801165581e-01;  1,570474720001e+01
  4,037057757378e-01;  1,462015438080e+01
  3,929990828037e-01;  1,361146831512e+01
  3,821112513542e-01;  1,262530326843e+01
  3,714463710785e-01;  1,170687007904e+01
  3,645221889019e-01;  1,114675617218e+01
  3,597086966038e-01;  1,079150867462e+01
  3,566785156727e-01;  1,205059909821e+01
  3,816933035851e-01;  1,556667423248e+01
  4,010726213455e-01;  1,713992309570e+01
  4,188358485699e-01;  1,889331436157e+01
  4,356447160244e-01;  2,081344604492e+01
  4,514435529709e-01;  2,285359001160e+01
  4,659048914909e-01;  2,487216186523e+01
  4,794606864452e-01;  2,675387763977e+01
  4,915814697742e-01;  2,850855255127e+01
  5,031101107597e-01;  3,014673423767e+01
  5,136705636978e-01;  3,167552947998e+01
  5,325344204903e-01;  3,443586349487e+01
  5,487511754036e-01;  3,683174896240e+01
  5,623766183853e-01;  3,888309097290e+01
  5,737868547440e-01;  4,064031982422e+01
  5,873078107834e-01;  4,279823303223e+01
  5,981956124306e-01;  4,445925521851e+01
  6,084564924240e-01;  4,610079956055e+01
  6,187103986740e-01;  4,766786575317e+01
  6,274944543839e-01;  4,890999221802e+01
  6,315695643425e-01;  4,914582443237e+01
  6,321895718575e-01;  4,632493972778e+01
  6,136600375175e-01;  4,295915603638e+01
  5,936607718468e-01;  4,096123123169e+01
  5,755631923676e-01;  3,879094314575e+01
  5,592210292816e-01;  3,647340393066e+01
  5,444113612175e-01;  3,405103302002e+01
  5,311899781227e-01;  3,169504547119e+01
  5,193756818771e-01;  2,962536239624e+01
  5,086480975151e-01;  2,786450767517e+01
  4,904599487782e-01;  2,503274917603e+01
  4,751069545746e-01;  2,286148071289e+01
  4,624288678169e-01;  2,115001487732e+01
  4,511231184006e-01;  1,975827598572e+01
  4,369055628777e-01;  1,809095191956e+01
  4,249241054058e-01;  1,677963829041e+01
  4,147537946701e-01;  1,573706531525e+01
  4,041237235069e-01;  1,464614200592e+01
  3,933613002300e-01;  1,362790870667e+01
  3,824247419834e-01;  1,263637733459e+01
  3,717319667339e-01;  1,171051216125e+01
  3,647590279579e-01;  1,115003013611e+01
  3,599525094032e-01;  1,079570198059e+01
  3,568108677864e-01;  1,269052696228e+01
  3,609486520290e-01;  1,380164527893e+01
  3,758279681206e-01;  1,512539196014e+01
  3,955625593662e-01;  1,664323425293e+01
  4,137158691883e-01;  1,834448242188e+01
  4,308381974697e-01;  2,021579933167e+01
  4,470201432705e-01;  2,223211288452e+01
  4,618089199066e-01;  2,427664566040e+01
  4,756642282009e-01;  2,620454216003e+01
  4,881681501865e-01;  2,799483680725e+01
  4,998918473721e-01;  2,967049026489e+01
  5,107239484787e-01;  3,123355865479e+01
  5,300266146660e-01;  3,404819488525e+01
  5,466474294662e-01;  3,649634170532e+01
  5,605515241623e-01;  3,859727478027e+01
  5,723448991776e-01;  4,039945983887e+01
  5,861723423004e-01;  4,261436080933e+01
  5,973248481750e-01;  4,432353591919e+01
  6,079201102257e-01;  4,600265502930e+01
  6,184039115906e-01;  4,760792541504e+01
  6,273412108421e-01;  4,888295364380e+01
  6,315556168556e-01;  4,929015350342e+01
  6,324054598808e-01;  4,714297866821e+01
  6,057885289192e-01;  4,219324874878e+01
  5,863813161850e-01;  4,012361145020e+01
  5,690082311630e-01;  3,789149856567e+01
  5,532999634743e-01;  3,552128601074e+01
  5,390824079514e-01;  3,309546279907e+01
  5,264670252800e-01;  3,083240699768e+01
  5,151055455208e-01;  2,889058876038e+01
  5,048446655273e-01;  2,723139381409e+01
  4,874088466167e-01;  2,454958343506e+01
  4,725434780121e-01;  2,248267173767e+01
  4,602485299110e-01;  2,084587478638e+01
  4,491726458073e-01;  1,950827980042e+01
  4,353730678558e-01;  1,789715003967e+01
  4,236214756966e-01;  1,662866401672e+01
  4,109712541103e-01;  1,532130146027e+01
  3,987808227539e-01;  1,412056159973e+01
  3,876492083073e-01;  1,309135055542e+01
  3,774022758007e-01;  1,218074035645e+01
  3,684231340885e-01;  1,142618656158e+01
  3,626553118229e-01;  1,097597217560e+01
  3,585593104362e-01;  1,068109607697e+01
  3,569780290127e-01;  1,231541633606e+01
  3,688062727451e-01;  1,457895851135e+01
  3,880880475044e-01;  1,602070045471e+01
  4,068334698677e-01;  1,765176963806e+01
  4,243389666080e-01;  1,945613479614e+01
  4,408901035786e-01;  2,142200660706e+01
  4,562918543816e-01;  2,347397994995e+01
  4,704327881336e-01;  2,545699691772e+01
  4,835706055164e-01;  2,729752731323e+01
  4,954824149609e-01;  2,901733398438e+01
  5,067185163498e-01;  3,062514305115e+01
  5,170142054558e-01;  3,212204360962e+01
  5,354949235916e-01;  3,482287216187e+01
  5,511962175369e-01;  3,716506576538e+01
  5,645221471786e-01;  3,916952133179e+01
  5,755492448807e-01;  4,088491439819e+01
  5,888054966927e-01;  4,299177932739e+01
  5,993589162827e-01;  4,461133193970e+01
  6,112776994705e-01;  4,652693939209e+01
  6,217127442360e-01;  4,808675765991e+01
  6,288388967514e-01;  4,905513763428e+01
  6,324263811111e-01;  4,750731277466e+01
  6,323079466820e-01;  4,618876647949e+01
  6,119673252106e-01;  4,277825164795e+01
  5,919889211655e-01;  4,076131057739e+01
  5,740794539452e-01;  3,857489395142e+01
  5,579671263695e-01;  3,624304962158e+01
  5,432620048523e-01;  3,381573867798e+01
  5,302147269249e-01;  3,147842025757e+01
  5,185258388519e-01;  2,943862342834e+01
  5,078748464584e-01;  2,770336914063e+01
  4,899165928364e-01;  2,490934944153e+01
  4,746680855751e-01;  2,276648139954e+01
  4,621154069901e-01;  2,107129096985e+01
  4,508444666862e-01;  1,969462394714e+01
  4,367523193359e-01;  1,804123878479e+01
  4,248405098915e-01;  1,673710632324e+01
  4,147329032421e-01;  1,570204353333e+01
  4,041933715343e-01;  1,461883640289e+01
  3,934657871723e-01;  1,360875988007e+01
  3,825779855251e-01;  1,261951351166e+01
  3,719896972179e-01;  1,169779109955e+01
  3,650585711002e-01;  1,114254379272e+01
  3,603356480598e-01;  1,079571819305e+01
  3,572706282139e-01;  1,205088424683e+01
  3,822714686394e-01;  1,556787586212e+01
  4,015741646290e-01;  1,714367866516e+01
  4,194140136242e-01;  1,889733695984e+01
  4,361671805382e-01;  2,081805610657e+01
  4,520217180252e-01;  2,286076164246e+01
  4,663925170898e-01;  2,487999725342e+01
  4,799273908138e-01;  2,676286697388e+01
  4,921387434006e-01;  2,851698303223e+01
  5,036186575890e-01;  3,015564537048e+01
  5,141720771790e-01;  3,168358421326e+01
  5,330219864845e-01;  3,444039535522e+01
  5,491551756859e-01;  3,683385086060e+01
  5,627945661545e-01;  3,888574981689e+01
  5,741909146309e-01;  4,064543914795e+01
  5,877257585526e-01;  4,280887222290e+01
  5,985578298569e-01;  4,446997451782e+01
  6,088047623634e-01;  4,610630798340e+01
  6,191143989563e-01;  4,768418884277e+01
  6,278288364410e-01;  4,891554260254e+01
  6,318342685699e-01;  4,927674865723e+01
  6,327050328255e-01;  4,701688385010e+01
  6,040121912956e-01;  4,199296569824e+01
  5,847930908203e-01;  3,990779113770e+01
  5,676010847092e-01;  3,766014862061e+01
  5,520809292793e-01;  3,527951431274e+01
  5,380166172981e-01;  3,285673904419e+01
  5,255962610245e-01;  3,062335586548e+01
  5,143392682076e-01;  2,871177673340e+01
  5,042037963867e-01;  2,707747840881e+01
  4,868864119053e-01;  2,443711090088e+01
  4,721812307835e-01;  2,239684677124e+01
  4,599907994270e-01;  2,077495384216e+01
  4,489636719227e-01;  1,945148086548e+01
  4,352685809135e-01;  1,785047721863e+01
  4,235657453537e-01;  1,658696746826e+01
  4,110060930252e-01;  1,528791618347e+01
  3,988992571831e-01;  1,409854221344e+01
  3,878233432770e-01;  1,307408428192e+01
  3,776460587978e-01;  1,216711807251e+01
  3,686948120594e-01;  1,141756153107e+01
  3,629687726498e-01;  1,097657680511e+01
  3,588797450066e-01;  1,067714691162e+01
  3,573402762413e-01;  1,231012630463e+01
  3,691754639149e-01;  1,457490158081e+01
  3,884224295616e-01;  1,601712799072e+01
  4,071678519249e-01;  1,764773559570e+01
  4,246733188629e-01;  1,945304870605e+01
  4,412384033203e-01;  2,142065811157e+01
  4,566192626953e-01;  2,347552680969e+01
  4,707462489605e-01;  2,545815277100e+01
  4,838144183159e-01;  2,730052185059e+01
  4,957749843597e-01;  2,902124023438e+01
  5,069971680641e-01;  3,062906455994e+01
  5,172928571701e-01;  3,212594604492e+01
  5,357944369316e-01;  3,482699203491e+01
  5,514957308769e-01;  3,716844558716e+01
  5,647798776627e-01;  3,917301177979e+01
  5,758069753647e-01;  4,088889694214e+01
  5,890702009201e-01;  4,299786758423e+01
  5,996236205101e-01;  4,461551284790e+01
  6,114727258682e-01;  4,652833557129e+01
  6,219565272331e-01;  4,809595108032e+01
  6,290827393532e-01;  4,906140899658e+01
  6,325656771660e-01;  4,815022277832e+01
  6,328095197678e-01;  4,701448059082e+01
  6,041515469551e-01;  4,199175643921e+01
  5,849533081055e-01;  3,990562438965e+01
  5,677891373634e-01;  3,766014480591e+01
  5,522689819336e-01;  3,528096771240e+01
  5,382255911827e-01;  3,285944366455e+01
  5,257495641708e-01;  3,062689018250e+01
  5,145273804665e-01;  2,871734428406e+01
  5,043779611588e-01;  2,708366012573e+01
  4,870605468750e-01;  2,443966674805e+01
  4,723762869835e-01;  2,239743041992e+01
  4,601649343967e-01;  2,077570343018e+01
  4,491726458073e-01;  1,945089721680e+01
  4,354984462261e-01;  1,785361289978e+01
  4,238095581532e-01;  1,659458160400e+01
  4,112150669098e-01;  1,529130840302e+01
  3,991082310677e-01;  1,409642601013e+01
  3,880462646484e-01;  1,307468223572e+01
  3,778411149979e-01;  1,216551113129e+01
  3,689246773720e-01;  1,142401313782e+01
  3,631568551064e-01;  1,097585296631e+01
  3,590469360352e-01;  1,067552566528e+01
  3,574796020985e-01;  1,231295013428e+01
  3,692938685417e-01;  1,457682895660e+01
  3,885826468468e-01;  1,601738166809e+01
  4,073419868946e-01;  1,764700317383e+01
  4,248474836349e-01;  1,945241355896e+01
  4,413777291775e-01;  2,141822242737e+01
  4,567585885525e-01;  2,347118186951e+01
  4,708507359028e-01;  2,545501899719e+01
  4,839537143707e-01;  2,729790115356e+01
  4,959560930729e-01;  2,901936912537e+01
  5,071573853493e-01;  3,062687110901e+01
  5,174112915993e-01;  3,212466430664e+01
  5,359477400780e-01;  3,482948684692e+01
  5,515793561935e-01;  3,717125320435e+01
  5,649331212044e-01;  3,917585754395e+01
  5,759323835373e-01;  4,088953781128e+01
  5,891746878624e-01;  4,299491119385e+01
  5,997490286827e-01;  4,461290740967e+01
  6,115911602974e-01;  4,652861404419e+01
  6,220610141754e-01;  4,809534454346e+01
  6,292011141777e-01;  4,905957794189e+01
  6,326702237129e-01;  4,805524444580e+01
  6,329488158226e-01;  4,688871383667e+01
  6,216430664063e-01;  4,372019577026e+01
  6,022358536720e-01;  4,179974746704e+01
  5,832605957985e-01;  3,969647216797e+01
  5,662775635719e-01;  3,743471527100e+01
  5,508757829666e-01;  3,504359817505e+01
  5,369856357574e-01;  3,262941741943e+01
  5,247046351433e-01;  3,042757606506e+01
  5,135521292686e-01;  2,854835891724e+01
  5,035420060158e-01;  2,693871116638e+01
  4,863778948784e-01;  2,433041000366e+01
  4,717772006989e-01;  2,230915832520e+01
  4,596912562847e-01;  2,070796203613e+01
  4,487198591232e-01;  1,939358139038e+01
  4,351501464844e-01;  1,780668449402e+01
  4,235309064388e-01;  1,655983734131e+01
  4,110060930252e-01;  1,526137542725e+01
  3,989480137825e-01;  1,407098102570e+01
  3,879975080490e-01;  1,305585098267e+01
  3,778759539127e-01;  1,215922737122e+01
  3,689595162868e-01;  1,141857433319e+01
  3,632265031338e-01;  1,097051811218e+01
  3,591375052929e-01;  1,067582321167e+01
  3,575840890408e-01;  1,221687889099e+01
  3,678171038628e-01;  1,443807315826e+01
  3,866460919380e-01;  1,585995578766e+01
  4,056005179882e-01;  1,746998786926e+01
  4,231895804405e-01;  1,925988006592e+01
  4,398034214973e-01;  2,121239280701e+01
  4,553653895855e-01;  2,326316642761e+01
  4,695759713650e-01;  2,526108551025e+01
  4,827834367752e-01;  2,711689567566e+01
  4,947997331619e-01;  2,884860610962e+01
  5,061264038086e-01;  3,046636581421e+01
  5,164917707443e-01;  3,197398757935e+01
  5,350769758224e-01;  3,469651031494e+01
  5,509315133095e-01;  3,705685043335e+01
  5,643827915192e-01;  3,907794570923e+01
  5,755144357681e-01;  4,080834960938e+01
  5,888542532921e-01;  4,293366241455e+01
  5,994982719421e-01;  4,456674957275e+01
  6,114309430122e-01;  4,650369262695e+01
  6,220262050629e-01;  4,809125137329e+01
  6,292011141777e-01;  4,906612014771e+01
  6,325796246529e-01;  4,761442565918e+01
  6,326423287392e-01;  4,632379531860e+01
  6,141616106033e-01;  4,295719146729e+01
  5,941692590714e-01;  4,096009063721e+01
  5,760647058487e-01;  3,879225540161e+01
  5,597782731056e-01;  3,647594833374e+01
  5,449477434158e-01;  3,405348587036e+01
  5,317611694336e-01;  3,169608879089e+01
  5,199886560440e-01;  2,962631607056e+01
  5,092889666557e-01;  2,786362457275e+01
  4,911008179188e-01;  2,503001403809e+01
  4,757338762283e-01;  2,285898780823e+01
  4,631045758724e-01;  2,114302444458e+01
  4,518545269966e-01;  1,975188255310e+01
  4,376021623611e-01;  1,808615493774e+01
  4,256764352322e-01;  1,677076530457e+01
  4,155130684376e-01;  1,572633552551e+01
  4,049248099327e-01;  1,463584995270e+01
  3,941623866558e-01;  1,362287616730e+01
  3,832258284092e-01;  1,262890148163e+01
  3,726375401020e-01;  1,171364498138e+01
  3,656297624111e-01;  1,115080738068e+01
  3,608580827713e-01;  1,078758525848e+01
  3,579114973545e-01;  1,279296493530e+01
  3,787327706814e-01;  1,526861381531e+01
  3,983489274979e-01;  1,680577278137e+01
  4,163629412651e-01;  1,852557563782e+01
  4,333250522614e-01;  2,041464805603e+01
  4,494582414627e-01;  2,244149208069e+01
  4,641076922417e-01;  2,447963714600e+01
  4,777331054211e-01;  2,639257049561e+01
  4,901185929775e-01;  2,817303276062e+01
  5,017865896225e-01;  2,983712387085e+01
  5,125211477280e-01;  3,138977050781e+01
  5,316636562347e-01;  3,418665313721e+01
  5,480963587761e-01;  3,661651992798e+01
  5,618889927864e-01;  3,870251464844e+01
  5,734943151474e-01;  4,048768997192e+01
  5,872172713280e-01;  4,268535614014e+01
  5,982304215431e-01;  4,437376785278e+01
  6,086654663086e-01;  4,604018402100e+01
  6,191701292992e-01;  4,764466857910e+01
  6,280865669250e-01;  4,891834259033e+01
  6,320293545723e-01;  4,928839111328e+01
  6,328582763672e-01;  4,713397979736e+01
  6,062064766884e-01;  4,218330764771e+01
  5,868132114410e-01;  4,011343383789e+01
  5,694819092751e-01;  3,788349914551e+01
  5,538363456726e-01;  3,551465225220e+01
  5,396187901497e-01;  3,309014129639e+01
  5,270591378212e-01;  3,082980346680e+01
  5,157185196877e-01;  2,889227867126e+01
  5,054925084114e-01;  2,723493194580e+01
  4,880009591579e-01;  2,455608367920e+01
  4,731564819813e-01;  2,249073219299e+01
  4,608963727951e-01;  2,084829711914e+01
  4,498274326324e-01;  1,950987243652e+01
  4,360348284245e-01;  1,789424896240e+01
  4,243319928646e-01;  1,662203598022e+01
  4,116469621658e-01;  1,531654739380e+01
  3,995122611523e-01;  1,411617946625e+01
  3,883945643902e-01;  1,308274269104e+01
  3,782451450825e-01;  1,217244911194e+01
  3,692869246006e-01;  1,142528629303e+01
  3,635399937630e-01;  1,096877479553e+01
  3,594509661198e-01;  1,067604827881e+01
  3,579045236111e-01;  1,230833911896e+01
  3,696978986263e-01;  1,457155227661e+01
  3,889588117599e-01;  1,601482391357e+01
  4,076693952084e-01;  1,764546775818e+01
  4,251957833767e-01;  1,945058631897e+01
  4,417399466038e-01;  2,141767501831e+01
  4,570929408073e-01;  2,347350311279e+01
  4,712338745594e-01;  2,545929718018e+01
  4,842323660851e-01;  2,730244445801e+01
  4,962277710438e-01;  2,902443122864e+01
  5,074708461761e-01;  3,063272285461e+01
  5,177317261696e-01;  3,212960433960e+01
  5,362124443054e-01;  3,483092498779e+01
  5,518718957901e-01;  3,717239761353e+01
  5,651978254318e-01;  3,917578125000e+01
  5,762110352516e-01;  4,089123535156e+01
  5,894463658333e-01;  4,299583816528e+01
  5,999719500542e-01;  4,461389541626e+01
  6,118210554123e-01;  4,652769851685e+01
  6,223396658897e-01;  4,810503768921e+01
  6,294658780098e-01;  4,907524871826e+01
  6,329140067101e-01;  4,761526107788e+01
  6,329349279404e-01;  4,632475280762e+01
  6,143705844879e-01;  4,295970916748e+01
  5,943573713303e-01;  4,096059799194e+01
  5,763294100761e-01;  3,879144287109e+01
  5,600221157074e-01;  3,647242355347e+01
  5,452124476433e-01;  3,404985427856e+01
  5,320258736610e-01;  3,169281768799e+01
  5,202115774155e-01;  2,962278556824e+01
  5,095327496529e-01;  2,786009025574e+01
  4,913585484028e-01;  2,502572059631e+01
  4,760125279427e-01;  2,285623741150e+01
  4,633832275867e-01;  2,114250946045e+01
  4,521122872829e-01;  1,975174331665e+01
  4,378808140755e-01;  1,808612823486e+01
  4,259690046310e-01;  1,677353096008e+01
  4,158126115799e-01;  1,572865390778e+01
  4,052034318447e-01;  1,463541698456e+01
  3,944758474827e-01;  1,361398029327e+01
  3,835323154926e-01;  1,262402534485e+01
  3,729997575283e-01;  1,170520114899e+01
  3,660129010677e-01;  1,114772415161e+01
  3,612969517708e-01;  1,079003620148e+01
  3,582458496094e-01;  1,204877758026e+01
  3,832118809223e-01;  1,556809139252e+01
  4,024797379971e-01;  1,714497566223e+01
  4,202778041363e-01;  1,889899063110e+01
  4,370727539063e-01;  2,082038879395e+01
  4,528924822807e-01;  2,286297798157e+01
  4,673329293728e-01;  2,488521957397e+01
  4,806797206402e-01;  2,676962661743e+01
  4,928562343121e-01;  2,852507591248e+01
  5,043709874153e-01;  3,016651725769e+01
  5,149105191231e-01;  3,169537734985e+01
  5,338091850281e-01;  3,445393371582e+01
  5,498657226563e-01;  3,684963989258e+01
  5,634772181511e-01;  3,890302276611e+01
  5,748665928841e-01;  4,066110229492e+01
  5,883666276932e-01;  4,281824111938e+01
  5,991499423981e-01;  4,447583389282e+01
  6,093272566795e-01;  4,611347961426e+01
  6,196577548981e-01;  4,769160079956e+01
  6,284209489822e-01;  4,893714141846e+01
  6,323358416557e-01;  4,925754547119e+01
  6,331926584244e-01;  4,687500000000e+01
  6,217405796051e-01;  4,370176315308e+01
  6,023403406143e-01;  4,178012466431e+01
  5,834347009659e-01;  3,967757034302e+01
  5,664516687393e-01;  3,741652297974e+01
  5,510847568512e-01;  3,502555465698e+01
  5,372503399849e-01;  3,261141204834e+01
  5,249345302582e-01;  3,041079139709e+01
  5,138655900955e-01;  2,853264236450e+01
  5,038206577301e-01;  2,692358779907e+01
  4,866774082184e-01;  2,431783485413e+01
  4,721255004406e-01;  2,230056381226e+01
  4,600047171116e-01;  2,069431304932e+01
  4,491169154644e-01;  1,938158226013e+01
  4,355332851410e-01;  1,779502105713e+01
  4,239140450954e-01;  1,654315757751e+01
  4,114240705967e-01;  1,525445270538e+01
  3,994356095791e-01;  1,406721591949e+01
  3,884851336479e-01;  1,304779815674e+01
  3,784193098545e-01;  1,214958572388e+01
  3,695516288280e-01;  1,141322135925e+01
  3,638534545898e-01;  1,096885681152e+01
  3,597644269466e-01;  1,067771816254e+01
  3,582946062088e-01;  1,259591007233e+01
  3,754518032074e-01;  1,499179458618e+01
  3,951654732227e-01;  1,649166107178e+01
  4,134023785591e-01;  1,817392349243e+01
  4,306153059006e-01;  2,002891159058e+01
  4,469156563282e-01;  2,203439521790e+01
  4,618089199066e-01;  2,408533096313e+01
  4,756433367729e-01;  2,602879524231e+01
  4,882029592991e-01;  2,783281517029e+01
  5,000103116035e-01;  2,951873207092e+01
  5,109747052193e-01;  3,109167671204e+01
  5,303609967232e-01;  3,392747879028e+01
  5,470653772354e-01;  3,639833068848e+01
  5,610669851303e-01;  3,851685333252e+01
  5,728812813759e-01;  4,032992553711e+01
  5,867992639542e-01;  4,255787658691e+01
  5,980353951454e-01;  4,427658462524e+01
  6,086097359657e-01;  4,597402572632e+01
  6,192537546158e-01;  4,761610412598e+01
  6,283304095268e-01;  4,891426467896e+01
  6,323218941689e-01;  4,930022048950e+01
  6,331926584244e-01;  4,725729370117e+01
  6,085052490234e-01;  4,237574768066e+01
  5,889030098915e-01;  4,032220840454e+01
  5,714184045792e-01;  3,810647964478e+01
  5,556126236916e-01;  3,574926376343e+01
  5,412906408310e-01;  3,332217407227e+01
  5,285568237305e-01;  3,103532218933e+01
  5,171604752541e-01;  2,906472015381e+01
  5,067812204361e-01;  2,738088226318e+01
  4,891642630100e-01;  2,466376686096e+01
  4,742013812065e-01;  2,257317543030e+01
  4,618158638477e-01;  2,091465950012e+01
  4,507887363434e-01;  1,956249427795e+01
  4,369055628777e-01;  1,793639373779e+01
  4,251470267773e-01;  1,665423393250e+01
  4,123644530773e-01;  1,533413028717e+01
  4,002227783203e-01;  1,412891387939e+01
  3,891120553017e-01;  1,309779453278e+01
  3,788024187088e-01;  1,217714214325e+01
  3,698859810829e-01;  1,142568969727e+01
  3,641321063042e-01;  1,098067474365e+01
  3,600012660027e-01;  1,068342113495e+01
  3,584269583225e-01;  1,204584121704e+01
  3,833860456944e-01;  1,556208419800e+01
  4,026539027691e-01;  1,713864707947e+01
  4,204519391060e-01;  1,889229965210e+01
  4,372468888760e-01;  2,081329917908e+01
  4,530875086784e-01;  2,285498619080e+01
  4,674931466579e-01;  2,487615966797e+01
  4,808678030968e-01;  2,676146888733e+01
  4,930094778538e-01;  2,851873779297e+01
  5,045590400696e-01;  3,016044998169e+01
  5,150846242905e-01;  3,168840980530e+01
  5,339832901955e-01;  3,444710159302e+01
  5,500259399414e-01;  3,684265518188e+01
  5,636513829231e-01;  3,889710998535e+01
  5,750268101692e-01;  4,065505981445e+01
  5,885407924652e-01;  4,281618881226e+01
  5,993658900261e-01;  4,447797012329e+01
  6,094665527344e-01;  4,611777114868e+01
  6,198109984398e-01;  4,769295883179e+01
  6,286090612411e-01;  4,894263458252e+01
  6,324960589409e-01;  4,920663833618e+01
  6,332831978798e-01;  4,660190963745e+01
  6,183551549911e-01;  4,333017730713e+01
  5,984045863152e-01;  4,136876296997e+01
  5,799656510353e-01;  3,923126220703e+01
  5,633518099785e-01;  3,694091796875e+01
  5,482983589172e-01;  3,453301239014e+01
  5,347704887390e-01;  3,214204025269e+01
  5,227541923523e-01;  3,000629043579e+01
  5,118872523308e-01;  2,818626022339e+01
  4,932951033115e-01;  2,527274131775e+01
  4,777261614799e-01;  2,304957771301e+01
  4,649157226086e-01;  2,129511642456e+01
  4,535263776779e-01;  1,987634468079e+01
  4,434535801411e-01;  1,870320701599e+01
  4,308660626411e-01;  1,725768089294e+01
  4,199434220791e-01;  1,611985015869e+01
  4,084983468056e-01;  1,492923259735e+01
  3,971368670464e-01;  1,383013439178e+01
  3,868968784809e-01;  1,289132690430e+01
  3,763434290886e-01;  1,195792770386e+01
  3,682629168034e-01;  1,129103946686e+01
  3,630523681641e-01;  1,089030075073e+01
  3,592907488346e-01;  1,084055137634e+01
  3,586986362934e-01;  1,196796894073e+01
  3,816097080708e-01;  1,542426681519e+01
  4,010726213455e-01;  1,698174858093e+01
  4,189264178276e-01;  1,871714973450e+01
  4,357840418816e-01;  2,062241744995e+01
  4,517570137978e-01;  2,265919685364e+01
  4,663019478321e-01;  2,468962860107e+01
  4,797532558441e-01;  2,658859252930e+01
  4,919645786285e-01;  2,835651969910e+01
  5,036186575890e-01;  3,000948524475e+01
  5,142417550087e-01;  3,154950714111e+01
  5,332658290863e-01;  3,432703018188e+01
  5,494547486305e-01;  3,674104309082e+01
  5,631637573242e-01;  3,880812072754e+01
  5,746227502823e-01;  4,057855224609e+01
  5,882273316383e-01;  4,275505447388e+01
  5,991221070290e-01;  4,442941665649e+01
  6,093760132790e-01;  4,608890914917e+01
  6,197971105576e-01;  4,768284988403e+01
  6,285951137543e-01;  4,893416595459e+01
  6,325238943100e-01;  4,910437011719e+01
  6,329906582832e-01;  4,616884231567e+01
  6,124758720398e-01;  4,275437545776e+01
  5,925810337067e-01;  4,073641204834e+01
  5,747411847115e-01;  3,855070114136e+01
  5,586289167404e-01;  3,621871948242e+01
  5,440282225609e-01;  3,379401397705e+01
  5,309810042381e-01;  3,145954895020e+01
  5,193756818771e-01;  2,942478942871e+01
  5,087804198265e-01;  2,769160842896e+01
  4,908012747765e-01;  2,490213584900e+01
  4,755806326866e-01;  2,276157951355e+01
  4,630488455296e-01;  2,106375885010e+01
  4,518823921680e-01;  1,968616485596e+01
  4,377972185612e-01;  1,803197860718e+01
  4,259690046310e-01;  1,672551918030e+01
  4,158683419228e-01;  1,568894863129e+01
  4,053288400173e-01;  1,460232543945e+01
  3,946848213673e-01;  1,359103107452e+01
  3,838179111481e-01;  1,260634803772e+01
  3,733828961849e-01;  1,169332981110e+01
  3,664308488369e-01;  1,113468837738e+01
  3,617984950542e-01;  1,079186630249e+01
  3,587334752083e-01;  1,204578876495e+01
  3,836646676064e-01;  1,556404209137e+01
  4,029116332531e-01;  1,714084243774e+01
  4,207166731358e-01;  1,889235877991e+01
  4,374767839909e-01;  2,081337356567e+01
  4,533452689648e-01;  2,285676574707e+01
  4,677508771420e-01;  2,487804985046e+01
  4,810976684093e-01;  2,676342391968e+01
  4,932184517384e-01;  2,852013206482e+01
  5,047332048416e-01;  3,016103744507e+01
  5,153145194054e-01;  3,169088363647e+01
  5,341714024544e-01;  3,444626998901e+01
  5,502558350563e-01;  3,684434127808e+01
  5,638951659203e-01;  3,889563369751e+01
  5,752357840538e-01;  4,065449142456e+01
  5,887358188629e-01;  4,281642532349e+01
  5,995540022850e-01;  4,447703170776e+01
  6,096755266190e-01;  4,612053680420e+01
  6,199851632118e-01;  4,769742584229e+01
  6,287483572960e-01;  4,894030380249e+01
  6,326493024826e-01;  4,914440155029e+01
  6,333041191101e-01;  4,631597900391e+01
  6,146283149719e-01;  4,294981002808e+01
  5,946360230446e-01;  4,095197677612e+01
  5,766429305077e-01;  3,878116226196e+01
  5,603355765343e-01;  3,646130371094e+01
  5,455607771873e-01;  3,403752136230e+01
  5,324229598045e-01;  3,168209075928e+01
  5,206295251846e-01;  2,961359786987e+01
  5,099646449089e-01;  2,785256958008e+01
  4,917974174023e-01;  2,502068710327e+01
  4,764862060547e-01;  2,285097694397e+01
  4,638708233833e-01;  2,113678169250e+01
  4,526556134224e-01;  1,974683570862e+01
  4,383684098721e-01;  1,808133888245e+01
  4,265123307705e-01;  1,676319503784e+01
  4,163559675217e-01;  1,571877861023e+01
  4,057955443859e-01;  1,462649345398e+01
  3,951027989388e-01;  1,360965728760e+01
  3,841453194618e-01;  1,261563587189e+01
  3,736754655838e-01;  1,170264053345e+01
  3,667303919792e-01;  1,113560676575e+01
  3,620771467686e-01;  1,079596805573e+01
  3,587334752083e-01;  1,239365100861e+01
  3,721986711025e-01;  1,470043277740e+01
  3,916964232922e-01;  1,616240882874e+01
  4,102328717709e-01;  1,781026458740e+01
  4,275990426540e-01;  1,963022422791e+01
  4,440735578537e-01;  2,161166191101e+01
  4,593220651150e-01;  2,366726684570e+01
  4,733933210373e-01;  2,564029502869e+01
  4,861131608486e-01;  2,747274398804e+01
  4,980249702930e-01;  2,918351745605e+01
  5,092123150826e-01;  3,078050041199e+01
  5,194035172462e-01;  3,226728057861e+01
  5,377588868141e-01;  3,495262908936e+01
  5,532512068748e-01;  3,728086090088e+01
  5,664516687393e-01;  3,927233123779e+01
  5,772907137871e-01;  4,097406387329e+01
  5,904773473740e-01;  4,306501770020e+01
  6,008217930794e-01;  4,466876220703e+01
  6,125803589821e-01;  4,656335449219e+01
  6,229526400566e-01;  4,812500381470e+01
  6,300231218338e-01;  4,909095764160e+01
  6,334364414215e-01;  4,761567306519e+01
  6,334573626518e-01;  4,632403182983e+01
  6,148234009743e-01;  4,295801544189e+01
  5,948798060417e-01;  4,096023178101e+01
  5,768309831619e-01;  3,879066467285e+01
  5,605584979057e-01;  3,647293853760e+01
  5,457697510719e-01;  3,404982376099e+01
  5,325970649719e-01;  3,169465065002e+01
  5,208385586739e-01;  2,962526130676e+01
  5,101457834244e-01;  2,786169433594e+01
  4,919715523720e-01;  2,502748107910e+01
  4,766394495964e-01;  2,285774230957e+01
  4,640449881554e-01;  2,114203262329e+01
  4,528297781944e-01;  1,974906730652e+01
  4,385425746441e-01;  1,808024024963e+01
  4,267004132271e-01;  1,676518249512e+01
  4,165092110634e-01;  1,572001934052e+01
  4,059557616711e-01;  1,462664031982e+01
  3,952421247959e-01;  1,360742759705e+01
  3,842985630035e-01;  1,261583709717e+01
  3,738705217838e-01;  1,170694351196e+01
  3,668836653233e-01;  1,114119338989e+01
  3,622373640537e-01;  1,079410934448e+01
  3,590956926346e-01;  1,269178581238e+01
  3,779943585396e-01;  1,512899589539e+01
  3,976593017578e-01;  1,664961051941e+01
  4,157708287239e-01;  1,835070991516e+01
  4,328235089779e-01;  2,022169303894e+01
  4,490054547787e-01;  2,223856163025e+01
  4,637802839279e-01;  2,428460884094e+01
  4,775380790234e-01;  2,621312332153e+01
  4,898190796375e-01;  2,800600814819e+01
  5,016333460808e-01;  2,968330001831e+01
  5,124654173851e-01;  3,124674034119e+01
  5,317681431770e-01;  3,406343841553e+01
  5,483192801476e-01;  3,651560974121e+01
  5,621815323830e-01;  3,861618423462e+01
  5,738565325737e-01;  4,041707992554e+01
  5,876909494400e-01;  4,262596893311e+01
  5,987668037415e-01;  4,432980346680e+01
  6,092088222504e-01;  4,601461791992e+01
  6,197971105576e-01;  4,763750457764e+01
  6,287483572960e-01;  4,891933822632e+01
  6,327398419380e-01;  4,917420196533e+01
  6,334921717644e-01;  4,645815658569e+01
  6,166693568230e-01;  4,313798904419e+01
  5,966909527779e-01;  4,115861511230e+01
  5,784540772438e-01;  3,900477600098e+01
  5,620422363281e-01;  3,670066452026e+01
  5,471280813217e-01;  3,428406524658e+01
  5,338161587715e-01;  3,191048240662e+01
  5,219182372093e-01;  2,980862617493e+01
  5,111558437347e-01;  2,801853561401e+01
  4,927587211132e-01;  2,514353179932e+01
  4,773430228233e-01;  2,294574356079e+01
  4,646371006966e-01;  2,120903015137e+01
  4,533174037933e-01;  1,980513954163e+01
  4,389953613281e-01;  1,812580299377e+01
  4,270626604557e-01;  1,680106544495e+01
  4,168575108051e-01;  1,574976348877e+01
  4,062483310699e-01;  1,465052509308e+01
  3,954859077930e-01;  1,363054180145e+01
  3,844587802887e-01;  1,262957763672e+01
  3,739750087261e-01;  1,170046901703e+01
  3,670229613781e-01;  1,113556766510e+01
  3,623906075954e-01;  1,079325485229e+01
  3,592350184917e-01;  1,268721294403e+01
  3,781824409962e-01;  1,512380123138e+01
  3,978334367275e-01;  1,664463806152e+01
  4,159449636936e-01;  1,834553337097e+01
  4,329837262630e-01;  2,021708869934e+01
  4,492144286633e-01;  2,223552322388e+01
  4,640240967274e-01;  2,428310012817e+01
  4,777191877365e-01;  2,621394157410e+01
  4,900141060352e-01;  2,800870704651e+01
  5,017865896225e-01;  2,968654632568e+01
  5,126605033875e-01;  3,125183486938e+01
  5,319423079491e-01;  3,406772613525e+01
  5,484585762024e-01;  3,652394485474e+01
  5,623208880424e-01;  3,862545394897e+01
  5,740028023720e-01;  4,042761611938e+01
  5,878441929817e-01;  4,263858795166e+01
  5,988922119141e-01;  4,434003067017e+01
  6,093063354492e-01;  4,601954650879e+01
  6,198597550392e-01;  4,763813400269e+01
  6,287831664085e-01;  4,892176055908e+01
  6,327885985374e-01;  4,923090362549e+01
  6,336454153061e-01;  4,673501586914e+01
  6,204240322113e-01;  4,351242065430e+01
  6,007173061371e-01;  4,156991958618e+01
  5,821111798286e-01;  3,944709777832e+01
  5,653162598610e-01;  3,717071914673e+01
  5,501234531403e-01;  3,477054977417e+01
  5,364701747894e-01;  3,236845397949e+01
  5,243214964867e-01;  3,020067596436e+01
  5,133640170097e-01;  2,835348892212e+01
  4,945977330208e-01;  2,539649391174e+01
  4,789243042469e-01;  2,314426422119e+01
  4,659815132618e-01;  2,137203979492e+01
  4,545712769032e-01;  1,993859291077e+01
  4,443800449371e-01;  1,875567817688e+01
  4,317855834961e-01;  1,729658126831e+01
  4,208141863346e-01;  1,614676094055e+01
  4,093203246593e-01;  1,494683456421e+01
  3,979240059853e-01;  1,384667873383e+01
  3,875934779644e-01;  1,289416408539e+01
  3,770539760590e-01;  1,195871734619e+01
  3,690291643143e-01;  1,129450035095e+01
  3,637838065624e-01;  1,089103507996e+01
  3,600918352604e-01;  1,068211555481e+01
  3,591723144054e-01;  1,212555122375e+01
  3,861236572266e-01;  1,570655155182e+01
  4,051964879036e-01;  1,730079460144e+01
  4,228761196136e-01;  1,907090568542e+01
  4,395665824413e-01;  2,100791740417e+01
  4,552469551563e-01;  2,305793762207e+01
  4,695829451084e-01;  2,506970596313e+01
  4,827485978603e-01;  2,694204521179e+01
  4,947161376476e-01;  2,868809890747e+01
  5,061751604080e-01;  3,031877899170e+01
  5,166659355164e-01;  3,183784675598e+01
  5,354252457619e-01;  3,457995986938e+01
  5,513216257095e-01;  3,695954132080e+01
  5,648216605186e-01;  3,899723434448e+01
  5,760577917099e-01;  4,074085617065e+01
  5,894324183464e-01;  4,288295745850e+01
  6,001251935959e-01;  4,452944183350e+01
  6,101770997047e-01;  4,615885925293e+01
  6,204240322113e-01;  4,771630859375e+01
  6,290478706360e-01;  4,894514465332e+01
  6,329627633095e-01;  4,911056900024e+01
  6,334434151649e-01;  4,617581176758e+01
  6,129077672958e-01;  4,276134872437e+01
  5,930547118187e-01;  4,074430847168e+01
  5,752288103104e-01;  3,855783462524e+01
  5,591165423393e-01;  3,622529602051e+01
  5,445297956467e-01;  3,379844284058e+01
  5,315173864365e-01;  3,146250343323e+01
  5,198633074760e-01;  2,942771911621e+01
  5,092889666557e-01;  2,769130706787e+01
  4,913446307182e-01;  2,489477729797e+01
  4,761587977409e-01;  2,275044059753e+01
  4,636479318142e-01;  2,105251502991e+01
  4,524814784527e-01;  1,967370796204e+01
  4,383823573589e-01;  1,802151679993e+01
  4,265959262848e-01;  1,671816062927e+01
  4,164952933788e-01;  1,568473720551e+01
  4,060254395008e-01;  1,460129261017e+01
  3,953675031662e-01;  1,359005928040e+01
  3,844797015190e-01;  1,260127162933e+01
  3,741282522678e-01;  1,169347763062e+01
  3,671622872353e-01;  1,113263416290e+01
  3,625995814800e-01;  1,078778648376e+01
  3,596042096615e-01;  1,279181575775e+01
  3,803419172764e-01;  1,527001667023e+01
  3,999162614346e-01;  1,680973815918e+01
  4,178954362869e-01;  1,852824783325e+01
  4,348297119141e-01;  2,041512107849e+01
  4,509420096874e-01;  2,244152450562e+01
  4,656053483486e-01;  2,448111915588e+01
  4,791820347309e-01;  2,639518165588e+01
  4,913724958897e-01;  2,817587471008e+01
  5,030265450478e-01;  2,984121131897e+01
  5,138098597527e-01;  3,139392280579e+01
  5,329662561417e-01;  3,419107055664e+01
  5,493363142014e-01;  3,662788772583e+01
  5,631428360939e-01;  3,871437835693e+01
  5,746784806252e-01;  4,050207138062e+01
  5,884014368057e-01;  4,269790267944e+01
  5,993589162827e-01;  4,438931274414e+01
  6,096894741058e-01;  4,605842208862e+01
  6,201453804970e-01;  4,766355895996e+01
  6,289782524109e-01;  4,892664337158e+01
  6,329836845398e-01;  4,920736694336e+01
  6,337847709656e-01;  4,660129547119e+01
  6,187869906425e-01;  4,333102035522e+01
  5,988922119141e-01;  4,136776351929e+01
  5,804741978645e-01;  3,922928619385e+01
  5,638673305511e-01;  3,693879318237e+01
  5,488556623459e-01;  3,452812194824e+01
  5,353486537933e-01;  3,213840866089e+01
  5,233463048935e-01;  3,000258064270e+01
  5,124933123589e-01;  2,818368530273e+01
  4,939568638802e-01;  2,526495552063e+01
  4,784018397331e-01;  2,304141998291e+01
  4,655635654926e-01;  2,128548049927e+01
  4,542368948460e-01;  1,986834907532e+01
  4,441362321377e-01;  1,869481849670e+01
  4,316462576389e-01;  1,724998283386e+01
  4,207375645638e-01;  1,610575294495e+01
  4,093342721462e-01;  1,491345882416e+01
  3,980284929276e-01;  1,381986141205e+01
  3,877676129341e-01;  1,287553977966e+01
  3,772977888584e-01;  1,194734001160e+01
  3,693287074566e-01;  1,127824115753e+01
  3,641669154167e-01;  1,088982677460e+01
  3,604610264301e-01;  1,072056865692e+01
  3,595693707466e-01;  1,239578628540e+01
  3,730345964432e-01;  1,470667839050e+01
  3,924766182899e-01;  1,616996955872e+01
  4,110130667686e-01;  1,781916046143e+01
  4,283652901649e-01;  1,964177513123e+01
  4,448258876801e-01;  2,162301635742e+01
  4,600534737110e-01;  2,367969703674e+01
  4,740899205208e-01;  2,565367507935e+01
  4,867749512196e-01;  2,748687934875e+01
  4,985822737217e-01;  2,919867897034e+01
  5,097696185112e-01;  3,079408836365e+01
  5,199747681618e-01;  3,228027725220e+01
  5,383718609810e-01;  3,496438598633e+01
  5,537736415863e-01;  3,729257965088e+01
  5,669602155685e-01;  3,928602218628e+01
  5,777783393860e-01;  4,098832702637e+01
  5,909788608551e-01;  4,307925796509e+01
  6,013094186783e-01;  4,468250274658e+01
  6,129983067513e-01;  4,657550811768e+01
  6,232939958572e-01;  4,812796783447e+01
  6,303853392601e-01;  4,908105468750e+01
  6,338195800781e-01;  4,713160324097e+01
  6,070772409439e-01;  4,217877578735e+01
  5,877397060394e-01;  4,010973739624e+01
  5,704710483551e-01;  3,787712860107e+01
  5,548464059830e-01;  3,550757598877e+01
  5,406776070595e-01;  3,308160018921e+01
  5,281179547310e-01;  3,082093238831e+01
  5,168679356575e-01;  2,888054466248e+01
  5,066070556641e-01;  2,722113227844e+01
  4,891642630100e-01;  2,454003143311e+01
  4,743615984917e-01;  2,247076034546e+01
  4,621502459049e-01;  2,082816314697e+01
  4,512067139149e-01;  1,948942184448e+01
  4,374140799046e-01;  1,787913322449e+01
  4,257948398590e-01;  1,660641860962e+01
  4,131307303905e-01;  1,529916381836e+01
  4,010935127735e-01;  1,410220623016e+01
  3,900524675846e-01;  1,307404422760e+01
  3,798403441906e-01;  1,215376186371e+01
  3,710632324219e-01;  1,140847015381e+01
  3,653371930122e-01;  1,096312236786e+01
  3,613805472851e-01;  1,068626785278e+01
  3,598131835461e-01;  1,195612430573e+01
  3,600848615170e-01;  1,288799571991e+01
  3,826197683811e-01;  1,540769672394e+01
  4,020269513130e-01;  1,696530342102e+01
  4,199016392231e-01;  1,870090103149e+01
  4,367453455925e-01;  2,060509300232e+01
  4,526834785938e-01;  2,263957595825e+01
  4,672632515430e-01;  2,467209434509e+01
  4,807145595551e-01;  2,657385444641e+01
  4,927308559418e-01;  2,834394454956e+01
  5,042665004730e-01;  2,999872779846e+01
  5,150637626648e-01;  3,154121780396e+01
  5,341226458549e-01;  3,432147216797e+01
  5,502697229385e-01;  3,674047851563e+01
  5,639996528625e-01;  3,881375885010e+01
  5,753890275955e-01;  4,058837890625e+01
  5,890284180641e-01;  4,276754379272e+01
  5,998813509941e-01;  4,443859863281e+01
  6,100726127625e-01;  4,609545135498e+01
  6,204727888107e-01;  4,768543624878e+01
  6,292011141777e-01;  4,892790222168e+01
  6,331926584244e-01;  4,917507934570e+01
  6,339101195335e-01;  4,646859741211e+01
  6,171709299088e-01;  4,315130233765e+01
  5,972343087196e-01;  4,117236328125e+01
  5,790113210678e-01;  3,901910018921e+01
  5,625995397568e-01;  3,671479415894e+01
  5,476993322372e-01;  3,429835510254e+01
  5,343734025955e-01;  3,192293548584e+01
  5,224755406380e-01;  2,981867599487e+01
  5,117270350456e-01;  2,802613449097e+01
  4,933438599110e-01;  2,514935874939e+01
  4,779281616211e-01;  2,295139312744e+01
  4,652292132378e-01;  2,121225547791e+01
  4,540140032768e-01;  1,980582618713e+01
  4,439620971680e-01;  1,864040565491e+01
  4,315626621246e-01;  1,720505905151e+01
  4,206888079643e-01;  1,607452011108e+01
  4,093342721462e-01;  1,489397811890e+01
  3,980981707573e-01;  1,380284690857e+01
  3,879069387913e-01;  1,285923862457e+01
  3,774928152561e-01;  1,193007659912e+01
  3,695725202560e-01;  1,127892780304e+01
  3,644316196442e-01;  1,088136005402e+01
  3,607884347439e-01;  1,081081390381e+01
  3,602450788021e-01;  1,279368114471e+01
  3,809688389301e-01;  1,527562999725e+01
  4,004735648632e-01;  1,681665992737e+01
  4,184387922287e-01;  1,853670883179e+01
  4,353660941124e-01;  2,042465782166e+01
  4,514435529709e-01;  2,245086669922e+01
  4,661487042904e-01;  2,449052810669e+01
  4,797184169292e-01;  2,640616607666e+01
  4,918949306011e-01;  2,818777847290e+01
  5,034793615341e-01;  2,985477256775e+01
  5,142626762390e-01;  3,140676307678e+01
  5,334399938583e-01;  3,420161437988e+01
  5,497472882271e-01;  3,663543701172e+01
  5,635259747505e-01;  3,872264099121e+01
  5,750616192818e-01;  4,051151275635e+01
  5,887637138367e-01;  4,270564270020e+01
  5,997281074524e-01;  4,439382171631e+01
  6,100099086761e-01;  4,606259918213e+01
  6,204727888107e-01;  4,766939544678e+01
  6,293056607246e-01;  4,892421340942e+01
  6,332622766495e-01;  4,923304748535e+01
  6,340982317924e-01;  4,674432373047e+01
  6,209046840668e-01;  4,352392578125e+01
  6,012745499611e-01;  4,158224487305e+01
  5,826336145401e-01;  3,946088790894e+01
  5,658874511719e-01;  3,718605041504e+01
  5,507016181946e-01;  3,478352737427e+01
  5,370274186134e-01;  3,238027954102e+01
  5,249136090279e-01;  3,021281814575e+01
  5,139422416687e-01;  2,836375045776e+01
  4,951758980751e-01;  2,540039253235e+01
  4,795512259007e-01;  2,314738845825e+01
  4,665736258030e-01;  2,136921310425e+01
  4,552330374718e-01;  1,993436622620e+01
  4,450418353081e-01;  1,874811935425e+01
  4,325030744076e-01;  1,729054069519e+01
  4,215804338455e-01;  1,613662910461e+01
  4,099960327148e-01;  1,493827724457e+01
  3,986902534962e-01;  1,383627319336e+01
  3,883945643902e-01;  1,288113021851e+01
  3,778898715973e-01;  1,195234012604e+01
  3,698859810829e-01;  1,128535652161e+01
  3,647241890430e-01;  1,088736820221e+01
  3,610670566559e-01;  1,069418239594e+01
  3,601266741753e-01;  1,221318244934e+01
  3,702760636806e-01;  1,443358707428e+01
  3,890145421028e-01;  1,585770130157e+01
  4,078992903233e-01;  1,747266578674e+01
  4,254744052887e-01;  1,926178932190e+01
  4,420882463455e-01;  2,121375274658e+01
  4,575596749783e-01;  2,326824951172e+01
  4,718747437000e-01;  2,527016448975e+01
  4,848244786263e-01;  2,713143730164e+01
  4,967571794987e-01;  2,886664390564e+01
  5,080072283745e-01;  3,048805618286e+01
  5,183725953102e-01;  3,199717903137e+01
  5,370274186134e-01;  3,471952819824e+01
  5,527287125587e-01;  3,708111572266e+01
  5,661243200302e-01;  3,910350799561e+01
  5,771166086197e-01;  4,083288192749e+01
  5,904912352562e-01;  4,295354843140e+01
  6,010307669640e-01;  4,457976531982e+01
  6,129286289215e-01;  4,650897979736e+01
  6,234681606293e-01;  4,810075759888e+01
  6,306152343750e-01;  4,907319641113e+01
  6,340633630753e-01;  4,737870788574e+01
  6,114796996117e-01;  4,257341003418e+01
  5,917451381683e-01;  4,053786087036e+01
  5,741490721703e-01;  3,833648300171e+01
  5,582248568535e-01;  3,599223709106e+01
  5,437635183334e-01;  3,356530761719e+01
  5,309252738953e-01;  3,125341033936e+01
  5,194453597069e-01;  2,924853324890e+01
  5,089755058289e-01;  2,753724479675e+01
  4,911844134331e-01;  2,477688217163e+01
  4,761239886284e-01;  2,265877723694e+01
  4,637315273285e-01;  2,097994995117e+01
  4,526904523373e-01;  1,961474037170e+01
  4,386819005013e-01;  1,797747039795e+01
  4,269929826260e-01;  1,668056106567e+01
  4,169480800629e-01;  1,564796161652e+01
  4,065130352974e-01;  1,456446266174e+01
  3,959386944771e-01;  1,356164932251e+01
  3,851553797722e-01;  1,258343124390e+01
  3,749084472656e-01;  1,168333148956e+01
  3,679982125759e-01;  1,112605857849e+01
  3,634563982487e-01;  1,079438304901e+01
  3,604052960873e-01;  1,204437541962e+01
  3,852529227734e-01;  1,556285095215e+01
  4,044441580772e-01;  1,714030647278e+01
  4,222004115582e-01;  1,889466857910e+01
  4,389535784721e-01;  2,081478500366e+01
  4,547384381294e-01;  2,285751533508e+01
  4,692137241364e-01;  2,488007164001e+01
  4,824908673763e-01;  2,676736068726e+01
  4,945071637630e-01;  2,852705001831e+01
  5,058826208115e-01;  3,017178535461e+01
  5,165057182312e-01;  3,170268249512e+01
  5,354252457619e-01;  3,446358871460e+01
  5,514400601387e-01;  3,686363983154e+01
  5,650027990341e-01;  3,892025375366e+01
  5,763155221939e-01;  4,067889404297e+01
  5,898295044899e-01;  4,283618927002e+01
  6,005291938782e-01;  4,449114990234e+01
  6,105950474739e-01;  4,613162231445e+01
  6,209255456924e-01;  4,771148681641e+01
  6,295703649521e-01;  4,894057846069e+01
  6,334713101387e-01;  4,910997772217e+01
  6,339310407639e-01;  4,618049621582e+01
  6,134789586067e-01;  4,277064514160e+01
  5,936607718468e-01;  4,075449752808e+01
  5,758418440819e-01;  3,856895065308e+01
  5,597782731056e-01;  3,623759078979e+01
  5,451427698135e-01;  3,381122970581e+01
  5,321443080902e-01;  3,147531509399e+01
  5,205389857292e-01;  2,943593788147e+01
  5,099855661392e-01;  2,769809913635e+01
  4,920063912868e-01;  2,489946556091e+01
  4,768136143684e-01;  2,275342559814e+01
  4,643445312977e-01;  2,105277633667e+01
  4,532825648785e-01;  1,967419624329e+01
  4,390998482704e-01;  1,802222061157e+01
  4,273761212826e-01;  1,671311187744e+01
  4,172754585743e-01;  1,567388439178e+01
  4,068195521832e-01;  1,458807086945e+01
  3,962173461914e-01;  1,358187961578e+01
  3,853295445442e-01;  1,259129428864e+01
  3,750756382942e-01;  1,168551063538e+01
  3,681375384331e-01;  1,112516975403e+01
  3,636096417904e-01;  1,079295444489e+01
  3,603356480598e-01;  1,249058628082e+01
  3,755423426628e-01;  1,484293460846e+01
  3,951236903667e-01;  1,632670593262e+01
  4,134511649609e-01;  1,799535369873e+01
  4,306779801846e-01;  1,983430480957e+01
  4,470689296722e-01;  2,182932853699e+01
  4,621084332466e-01;  2,388386154175e+01
  4,760612845421e-01;  2,584379768372e+01
  4,886000156403e-01;  2,766423606873e+01
  5,003585815430e-01;  2,936359214783e+01
  5,113857388496e-01;  3,095020294189e+01
  5,214724540710e-01;  3,242796707153e+01
  5,397302508354e-01;  3,509550857544e+01
  5,549926757813e-01;  3,740492630005e+01
  5,680887103081e-01;  3,938180160522e+01
  5,787187814713e-01;  4,107154083252e+01
  5,917659997940e-01;  4,313793563843e+01
  6,020268797874e-01;  4,472366714478e+01
  6,136252284050e-01;  4,660076141357e+01
  6,238721609116e-01;  4,814714050293e+01
  6,307893991470e-01;  4,909362030029e+01
  6,342166662216e-01;  4,713171768188e+01
  6,075091362000e-01;  4,218282699585e+01
  5,881716012955e-01;  4,011306381226e+01
  5,709099173546e-01;  3,788066101074e+01
  5,553200840950e-01;  3,551130294800e+01
  5,411861538887e-01;  3,308447265625e+01
  5,286822319031e-01;  3,082622337341e+01
  5,174043178558e-01;  2,888726615906e+01
  5,071434378624e-01;  2,722764396667e+01
  4,897215366364e-01;  2,454514122009e+01
  4,749327898026e-01;  2,247688484192e+01
  4,627562761307e-01;  2,083313941956e+01
  4,518545269966e-01;  1,949636650085e+01
  4,379992187023e-01;  1,788202476501e+01
  4,264217913151e-01;  1,660457611084e+01
  4,137088954449e-01;  1,529360771179e+01
  4,017553031445e-01;  1,408903217316e+01
  3,907490670681e-01;  1,306081295013e+01
  3,805717825890e-01;  1,214684200287e+01
  3,718643188477e-01;  1,140957260132e+01
  3,661382794380e-01;  1,096323776245e+01
  3,621816337109e-01;  1,068187332153e+01
  3,606142699718e-01;  1,204040527344e+01
  3,854270577431e-01;  1,555979633331e+01
  4,046392142773e-01;  1,713631439209e+01
  4,224093854427e-01;  1,889052391052e+01
  4,391277134418e-01;  2,081127548218e+01
  4,549474418163e-01;  2,285497665405e+01
  4,693878889084e-01;  2,487912559509e+01
  4,826789498329e-01;  2,676732063293e+01
  4,947509765625e-01;  2,852650260925e+01
  5,061960816383e-01;  3,016971969604e+01
  5,167007446289e-01;  3,170129966736e+01
  5,355646014214e-01;  3,446064758301e+01
  5,515584349632e-01;  3,685907745361e+01
  5,651630163193e-01;  3,891277313232e+01
  5,764200091362e-01;  4,067165374756e+01
  5,899200439453e-01;  4,282962036133e+01
  6,006336808205e-01;  4,448898696899e+01
  6,107900738716e-01;  4,613313293457e+01
  6,210997104645e-01;  4,771055603027e+01
  6,297096610069e-01;  4,894184875488e+01
  6,336245536804e-01;  4,901683044434e+01
  6,342027187347e-01;  4,725685119629e+01
  6,095362305641e-01;  4,237922668457e+01
  5,900036096573e-01;  4,032573318481e+01
  5,725608468056e-01;  3,810913848877e+01
  5,568177700043e-01;  3,575094223022e+01
  5,425305366516e-01;  3,332339477539e+01
  5,298803448677e-01;  3,103765487671e+01
  5,184840559959e-01;  2,906571769714e+01
  5,081534981728e-01;  2,738003730774e+01
  4,905574619770e-01;  2,466083717346e+01
  4,756084978580e-01;  2,256973266602e+01
  4,633274972439e-01;  2,090913963318e+01
  4,523769915104e-01;  1,956035614014e+01
  4,384032487869e-01;  1,793587684631e+01
  4,268188476563e-01;  1,665022277832e+01
  4,139875471592e-01;  1,532635021210e+01
  4,019642770290e-01;  1,411423683167e+01
  3,908883929253e-01;  1,308128261566e+01
  3,806623518467e-01;  1,215817165375e+01
  3,719061017036e-01;  1,141271114349e+01
  3,661382794380e-01;  1,096311283112e+01
  3,622373640537e-01;  1,068435287476e+01
  3,607466220856e-01;  1,278547382355e+01
  3,814564645290e-01;  1,526431274414e+01
  4,009124040604e-01;  1,680401229858e+01
  4,188915789127e-01;  1,852087783813e+01
  4,358188807964e-01;  2,040742492676e+01
  4,518823921680e-01;  2,243226051331e+01
  4,665457606316e-01;  2,447272300720e+01
  4,801224470139e-01;  2,638980102539e+01
  4,922432303429e-01;  2,817231750488e+01
  5,037928223610e-01;  2,983703804016e+01
  5,145412683487e-01;  3,138864135742e+01
  5,337882637978e-01;  3,418874740601e+01
  5,500956177711e-01;  3,662646865845e+01
  5,638951659203e-01;  3,871868515015e+01
  5,753890275955e-01;  4,050760650635e+01
  5,891189575195e-01;  4,270348358154e+01
  6,000624895096e-01;  4,438837432861e+01
  6,103373169899e-01;  4,605564880371e+01
  6,208559274673e-01;  4,766670227051e+01
  6,296399831772e-01;  4,893012237549e+01
  6,335757970810e-01;  4,917801666260e+01
  6,343280673027e-01;  4,646713256836e+01
  6,175401210785e-01;  4,315080642700e+01
  5,976174473763e-01;  4,117007064819e+01
  5,794432163239e-01;  3,901627349854e+01
  5,630174875259e-01;  3,671192169189e+01
  5,481520891190e-01;  3,429479980469e+01
  5,348401069641e-01;  3,192161941528e+01
  5,229770541191e-01;  2,981754875183e+01
  5,122355818748e-01;  2,802380561829e+01
  4,938662946224e-01;  2,514599227905e+01
  4,785063266754e-01;  2,294807243347e+01
  4,657864868641e-01;  2,121193885803e+01
  4,546270072460e-01;  1,980665779114e+01
  4,445333182812e-01;  1,864267921448e+01
  4,321687221527e-01;  1,720674514771e+01
  4,213714599609e-01;  1,607056236267e+01
  4,099960327148e-01;  1,489077281952e+01
  3,987808227539e-01;  1,380087757111e+01
  3,886244297028e-01;  1,285492324829e+01
  3,782242536545e-01;  1,193040847778e+01
  3,703387677670e-01;  1,126990890503e+01
  3,651978969574e-01;  1,087731456757e+01
  3,615964949131e-01;  1,080709457397e+01
  3,610810041428e-01;  1,278988838196e+01
  3,817141950130e-01;  1,527212142944e+01
  4,011910557747e-01;  1,681077194214e+01
  4,191841483116e-01;  1,853109359741e+01
  4,361323416233e-01;  2,041950798035e+01
  4,521610438824e-01;  2,244573020935e+01
  4,668244123459e-01;  2,448650360107e+01
  4,803801774979e-01;  2,640301322937e+01
  4,925566911697e-01;  2,818665122986e+01
  5,040853619576e-01;  2,985216903687e+01
  5,148408412933e-01;  3,140326499939e+01
  5,340181589127e-01;  3,420424270630e+01
  5,503185391426e-01;  3,664102554321e+01
  5,641180872917e-01;  3,873246765137e+01
  5,755980014801e-01;  4,051957702637e+01
  5,892931222916e-01;  4,271531295776e+01
  6,002017855644e-01;  4,439774703979e+01
  6,104766130447e-01;  4,606538009644e+01
  6,209255456924e-01;  4,767116546631e+01
  6,297096610069e-01;  4,892906951904e+01
  6,336802840233e-01;  4,917954254150e+01
  6,343977451324e-01;  4,646781158447e+01
  6,176446080208e-01;  4,315171813965e+01
  5,977219343185e-01;  4,117291259766e+01
  5,795128941536e-01;  3,902013397217e+01
  5,631219744682e-01;  3,671449661255e+01
  5,482635498047e-01;  3,429726409912e+01
  5,349307060242e-01;  3,192288398743e+01
  5,230885148048e-01;  2,981965446472e+01
  5,123400688171e-01;  2,802746963501e+01
  4,939707815647e-01;  2,514678382874e+01
  4,786108136177e-01;  2,294414520264e+01
  4,659118652344e-01;  2,120562553406e+01
  4,546896815300e-01;  1,980080032349e+01
  4,403398036957e-01;  1,812174606323e+01
  4,285463988781e-01;  1,679609107971e+01
  4,183064401150e-01;  1,574170589447e+01
  4,076763689518e-01;  1,463675785065e+01
  3,969835937023e-01;  1,361490726471e+01
  3,860470354557e-01;  1,260892009735e+01
  3,756677508354e-01;  1,170526504517e+01
  3,686948120594e-01;  1,113019275665e+01
  3,641669154167e-01;  1,079454612732e+01
  3,608580827713e-01;  1,239055252075e+01
  3,742675781250e-01;  1,470000553131e+01
  3,936468958855e-01;  1,616326522827e+01
  4,121485054493e-01;  1,781385231018e+01
  4,294450283051e-01;  1,963675689697e+01
  4,459404349327e-01;  2,161775779724e+01
  4,611123204231e-01;  2,367350959778e+01
  4,751905500889e-01;  2,564799880981e+01
  4,877850115299e-01;  2,748293685913e+01
  4,995574951172e-01;  2,919620513916e+01
  5,105846524239e-01;  3,079367446899e+01
  5,208106637001e-01;  3,228298568726e+01
  5,392983555794e-01;  3,497080612183e+01
  5,546931624413e-01;  3,729940795898e+01
  5,678448677063e-01;  3,929672241211e+01
  5,785794258118e-01;  4,100038528442e+01
  5,917659997940e-01;  4,308432006836e+01
  6,020826101303e-01;  4,468379592896e+01
  6,137366890907e-01;  4,657902908325e+01
  6,240254044533e-01;  4,813727951050e+01
  6,310123205185e-01;  4,908407592773e+01
  6,344256401062e-01;  4,674008178711e+01
  6,212599277496e-01;  4,352231979370e+01
  6,016576886177e-01;  4,157897949219e+01
  5,830167531967e-01;  3,945734786987e+01
  5,662775635719e-01;  3,718074798584e+01
  5,511335134506e-01;  3,477910995483e+01
  5,374802350998e-01;  3,237606048584e+01
  5,254012346268e-01;  3,020850563049e+01
  5,144786238670e-01;  2,835968589783e+01
  4,956774413586e-01;  2,539711761475e+01
  4,800876080990e-01;  2,314340400696e+01
  4,671100080013e-01;  2,136668586731e+01
  4,558251500130e-01;  1,993541717529e+01
  4,456339180470e-01;  1,875126647949e+01
  4,331091046333e-01;  1,729446411133e+01
  4,222421944141e-01;  1,614197921753e+01
  4,106577932835e-01;  1,494002246857e+01
  3,993868529797e-01;  1,383742141724e+01
  3,890911638737e-01;  1,288278770447e+01
  3,786073625088e-01;  1,194432258606e+01
  3,706452846527e-01;  1,128171825409e+01
  3,654765188694e-01;  1,088325977325e+01
  3,618333339691e-01;  1,074142646790e+01
  3,609974086285e-01;  1,249209117889e+01
  3,761832118034e-01;  1,484347915649e+01
  3,957227766514e-01;  1,632684135437e+01
  4,140641689301e-01;  1,799527931213e+01
  4,312561750412e-01;  1,983312416077e+01
  4,476470947266e-01;  2,182643699646e+01
  4,626448154449e-01;  2,388027954102e+01
  4,766185581684e-01;  2,584063148499e+01
  4,891085326672e-01;  2,766112327576e+01
  5,008322596550e-01;  2,936232376099e+01
  5,117688179016e-01;  3,094965934753e+01
  5,219112634659e-01;  3,242874908447e+01
  5,402178764343e-01;  3,509660720825e+01
  5,554663538933e-01;  3,741054534912e+01
  5,684718489647e-01;  3,939133834839e+01
  5,791019201279e-01;  4,108153152466e+01
  5,921978950500e-01;  4,314896011353e+01
  6,024100184441e-01;  4,473460388184e+01
  6,139596104622e-01;  4,661208724976e+01
  6,241856217384e-01;  4,814967727661e+01
  6,310958862305e-01;  4,908717727661e+01
  6,345301270485e-01;  4,687533950806e+01
  6,230641007423e-01;  4,370756912231e+01
  6,037822961807e-01;  4,178657150269e+01
  5,849115252495e-01;  3,968238830566e+01
  5,679981112480e-01;  3,742091369629e+01
  5,527078509331e-01;  3,503073883057e+01
  5,388664603233e-01;  3,261947250366e+01
  5,266690254211e-01;  3,042114257813e+01
  5,156279802322e-01;  2,854073905945e+01
  5,055900216103e-01;  2,692731475830e+01
  4,885373413563e-01;  2,431646537781e+01
  4,740272164345e-01;  2,229480552673e+01
  4,619900286198e-01;  2,068496513367e+01
  4,512067139149e-01;  1,937084770203e+01
  4,376021623611e-01;  1,778648948669e+01
  4,261779785156e-01;  1,653034400940e+01
  4,136322736740e-01;  1,523694419861e+01
  4,017761945724e-01;  1,404959678650e+01
  3,908674716949e-01;  1,303391361237e+01
  3,808225691319e-01;  1,213052749634e+01
  3,722335100174e-01;  1,139954566956e+01
  3,665005266666e-01;  1,094799232483e+01
  3,626483380795e-01;  1,067565441132e+01
  3,611367344856e-01;  1,230661869049e+01
  3,727977573872e-01;  1,457226085663e+01
  3,918705880642e-01;  1,601607322693e+01
  4,105602800846e-01;  1,764927864075e+01
  4,279821515083e-01;  1,945559501648e+01
  4,445333182812e-01;  2,142078208923e+01
  4,598584473133e-01;  2,347342491150e+01
  4,740063250065e-01;  2,546030998230e+01
  4,867749512196e-01;  2,730664253235e+01
  4,986031651497e-01;  2,902912521362e+01
  5,097138881683e-01;  3,063746070862e+01
  5,199747681618e-01;  3,213595962524e+01
  5,385460257530e-01;  3,484060668945e+01
  5,541080236435e-01;  3,718788146973e+01
  5,673711895943e-01;  3,919959640503e+01
  5,782172083855e-01;  4,091805648804e+01
  5,914874076843e-01;  4,302121734619e+01
  6,018736362457e-01;  4,463351440430e+01
  6,136600375175e-01;  4,654710769653e+01
  6,240463256836e-01;  4,812178039551e+01
  6,310680508614e-01;  4,907521438599e+01
  6,345649361610e-01;  4,700708007813e+01
  6,058582067490e-01;  4,199041366577e+01
  5,867574810982e-01;  3,990426254272e+01
  5,696908831596e-01;  3,765777969360e+01
  5,542403459549e-01;  3,527614974976e+01
  5,402666330338e-01;  3,285457611084e+01
  5,278741717339e-01;  3,062385177612e+01
  5,167773962021e-01;  2,871277618408e+01
  5,066210031509e-01;  2,707589721680e+01
  4,894080758095e-01;  2,442630386353e+01
  4,747586548328e-01;  2,238135337830e+01
  4,626657366753e-01;  2,075574111938e+01
  4,517848789692e-01;  1,943150329590e+01
  4,381246268749e-01;  1,783473014832e+01
  4,266307651997e-01;  1,656755065918e+01
  4,139666259289e-01;  1,526483535767e+01
  4,020896553993e-01;  1,406640529633e+01
  3,911670148373e-01;  1,304192161560e+01
  3,810802996159e-01;  1,214395523071e+01
  3,723519444466e-01;  1,140450572968e+01
  3,666259050369e-01;  1,095687484741e+01
  3,627737164497e-01;  1,068320751190e+01
  3,612412214279e-01;  1,204072570801e+01
  3,859495222569e-01;  1,555516242981e+01
  4,051477313042e-01;  1,713311958313e+01
  4,228830635548e-01;  1,888762664795e+01
  4,396362304688e-01;  2,080874633789e+01
  4,553862810135e-01;  2,284930610657e+01
  4,698755145073e-01;  2,487316703796e+01
  4,831178188324e-01;  2,676094436646e+01
  4,951341152191e-01;  2,852060127258e+01
  5,064746737480e-01;  3,016488265991e+01
  5,169793963432e-01;  3,169701957703e+01
  5,359477400780e-01;  3,445755386353e+01
  5,519555211067e-01;  3,685605239868e+01
  5,655460953712e-01;  3,891500854492e+01
  5,767334699631e-01;  4,067342758179e+01
  5,902613997459e-01;  4,283046340942e+01
  6,009610891342e-01;  4,448751068115e+01
  6,110478043556e-01;  4,612788772583e+01
  6,213992834091e-01;  4,771133041382e+01
  6,299883127213e-01;  4,893878173828e+01
  6,339240670204e-01;  4,918035125732e+01
  6,346624493599e-01;  4,647008132935e+01
  6,179232597351e-01;  4,315583038330e+01
  5,980005860329e-01;  4,117681884766e+01
  5,798124074936e-01;  3,902396011353e+01
  5,634145140648e-01;  3,672077560425e+01
  5,485561490059e-01;  3,430417633057e+01
  5,352789759636e-01;  3,193161201477e+01
  5,234368443489e-01;  2,982956123352e+01
  5,127022862434e-01;  2,803597450256e+01
  4,943608939648e-01;  2,515613174438e+01
  4,789591133595e-01;  2,295746612549e+01
  4,662392735481e-01;  2,121714973450e+01
  4,550519287586e-01;  1,981102943420e+01
  4,450418353081e-01;  1,864606666565e+01
  4,326772391796e-01;  1,721230506897e+01
  4,219078421593e-01;  1,607708168030e+01
  4,104627668858e-01;  1,488920974731e+01
  3,992963135242e-01;  1,379465961456e+01
  3,890981376171e-01;  1,285070514679e+01
  3,787257969379e-01;  1,193201541901e+01
  3,708612322807e-01;  1,126861190796e+01
  3,657551705837e-01;  1,087610244751e+01
  3,621467947960e-01;  1,075912189484e+01
  3,613944649696e-01;  1,258631992340e+01
  3,783566057682e-01;  1,498054885864e+01
  3,979309797287e-01;  1,648351097107e+01
  4,161400198936e-01;  1,816811180115e+01
  4,332205653191e-01;  2,002204895020e+01
  4,495279192924e-01;  2,202604675293e+01
  4,643863141537e-01;  2,407811164856e+01
  4,781858921051e-01;  2,602420997620e+01
  4,905574619770e-01;  2,783255577087e+01
  5,021557807922e-01;  2,952224159241e+01
  5,130227208138e-01;  3,109690475464e+01
  5,231303572655e-01;  3,256579971313e+01
  5,412975549698e-01;  3,521787643433e+01
  5,564206838608e-01;  3,751505661011e+01
  5,693286657333e-01;  3,947966003418e+01
  5,798124074936e-01;  4,115517807007e+01
  5,928109288216e-01;  4,320352172852e+01
  6,029185652733e-01;  4,477410125732e+01
  6,143775582314e-01;  4,663773345947e+01
  6,245339512825e-01;  4,816636276245e+01
  6,313605904579e-01;  4,909494781494e+01
  6,346415877342e-01;  4,646933746338e+01
  6,179232597351e-01;  4,315517044067e+01
  5,980005860329e-01;  4,117598342896e+01
  5,798124074936e-01;  3,902243041992e+01
  5,634354352951e-01;  3,671814346313e+01
  5,485561490059e-01;  3,430089569092e+01
  5,352789759636e-01;  3,192622375488e+01
  5,234507918358e-01;  2,982275581360e+01
  5,127231478691e-01;  2,802898597717e+01
  4,943748116493e-01;  2,514747047424e+01
  4,790148437023e-01;  2,294501876831e+01
  4,662740826607e-01;  2,120583343506e+01
  4,551146030426e-01;  1,979993057251e+01
  4,451114833355e-01;  1,863940811157e+01
  4,327608048916e-01;  1,720863533020e+01
  4,219984114170e-01;  1,607537078857e+01
  4,105324149132e-01;  1,488840293884e+01
  3,993868529797e-01;  1,379580593109e+01
  3,891956508160e-01;  1,285034847260e+01
  3,788999617100e-01;  1,192292976379e+01
  3,710283935070e-01;  1,127021026611e+01
  3,659084141254e-01;  1,087704563141e+01
  3,623209297657e-01;  1,080666732788e+01
  3,618263602257e-01;  1,278900814056e+01
  3,824316859245e-01;  1,526880741119e+01
  4,018528163433e-01;  1,680961608887e+01
  4,198459088802e-01;  1,853032493591e+01
  4,367592930794e-01;  2,041810226440e+01
  4,527670741081e-01;  2,244453048706e+01
  4,674374163151e-01;  2,448455619812e+01
  4,809722900391e-01;  2,640279769897e+01
  4,931139647961e-01;  2,818711090088e+01
  5,045590400696e-01;  2,985466194153e+01
  5,152378678322e-01;  3,140838623047e+01
  5,345196723938e-01;  3,420964813232e+01
  5,507922172546e-01;  3,664849853516e+01
  5,645709037781e-01;  3,874011993408e+01
  5,760020613670e-01;  4,052635192871e+01
  5,896901488304e-01;  4,271577835083e+01
  6,005988717079e-01;  4,439885711670e+01
  6,108388304710e-01;  4,606821060181e+01
  6,212947964668e-01;  4,767623901367e+01
  6,300370693207e-01;  4,892639923096e+01
  6,340215802193e-01;  4,914251327515e+01
  6,346206665039e-01;  4,632822036743e+01
  6,160632967949e-01;  4,296678543091e+01
  5,961894392967e-01;  4,096965789795e+01
  5,782102346420e-01;  3,880082702637e+01
  5,619865059853e-01;  3,648316192627e+01
  5,472674369812e-01;  3,406058883667e+01
  5,341504812241e-01;  3,170308876038e+01
  5,224267840385e-01;  2,963132858276e+01
  5,118315219879e-01;  2,786579704285e+01
  4,936433732510e-01;  2,502617835999e+01
  4,784018397331e-01;  2,285259246826e+01
  4,657864868641e-01;  2,113270568848e+01
  4,546896815300e-01;  1,974194717407e+01
  4,404233992100e-01;  1,807617187500e+01
  4,287066161633e-01;  1,675683403015e+01
  4,185502529144e-01;  1,571090221405e+01
  4,080107212067e-01;  1,461122322083e+01
  3,974154889584e-01;  1,359063911438e+01
  3,864998221397e-01;  1,259034156799e+01
  3,762180507183e-01;  1,169050884247e+01
  3,692869246006e-01;  1,112166309357e+01
  3,647938668728e-01;  1,079011440277e+01
  3,616521954536e-01;  1,258505630493e+01
  3,786073625088e-01;  1,498017883301e+01
  3,981817364693e-01;  1,648208045959e+01
  4,163629412651e-01;  1,816785240173e+01
  4,334504604340e-01;  2,002220344543e+01
  4,497368931770e-01;  2,202626419067e+01
  4,646162092686e-01;  2,407761955261e+01
  4,784297049046e-01;  2,602456092834e+01
  4,907664358616e-01;  2,783380889893e+01
  5,024135708809e-01;  2,952390861511e+01
  5,132316946983e-01;  3,109930992126e+01
  5,233184099197e-01;  3,256694793701e+01
  5,415065884590e-01;  3,521684265137e+01
  5,565948486328e-01;  3,751369476318e+01
  5,694888830185e-01;  3,947968292236e+01
  5,800074934959e-01;  4,115475463867e+01
  5,930199027061e-01;  4,320557785034e+01
  6,030718088150e-01;  4,477762985229e+01
  6,145517230034e-01;  4,664324951172e+01
  6,246732473373e-01;  4,817501449585e+01
  6,314511299133e-01;  4,908939361572e+01
  6,348644495010e-01;  4,674208068848e+01
  6,217127442360e-01;  4,352574157715e+01
  6,021453142166e-01;  4,158697891235e+01
  5,835391879082e-01;  3,946798324585e+01
  5,668139457703e-01;  3,719575119019e+01
  5,516908168793e-01;  3,479521560669e+01
  5,380653738976e-01;  3,239380645752e+01
  5,259933471680e-01;  3,022552871704e+01
  5,150707364082e-01;  2,837541198730e+01
  4,962765276432e-01;  2,540924453735e+01
  4,806657731533e-01;  2,315015792847e+01
  4,676812291145e-01;  2,136835861206e+01
  4,563963413239e-01;  1,993253898621e+01
  4,462608695030e-01;  1,874773597717e+01
  4,337917864323e-01;  1,729083442688e+01
  4,229039847851e-01;  1,613663482666e+01
  4,112986624241e-01;  1,493552970886e+01
  4,000486433506e-01;  1,382896232605e+01
  3,898225724697e-01;  1,288055515289e+01
  3,793179094791e-01;  1,194418525696e+01
  3,714324235916e-01;  1,127750301361e+01
  3,662427961826e-01;  1,088059997559e+01
  3,626553118229e-01;  1,068319225311e+01
  3,617984950542e-01;  1,212164211273e+01
  3,884920775890e-01;  1,570371627808e+01
  4,075161516666e-01;  1,730060958862e+01
  4,251261055470e-01;  1,907183456421e+01
  4,418305158615e-01;  2,100887680054e+01
  4,573646187782e-01;  2,305647850037e+01
  4,717423915863e-01;  2,506940460205e+01
  4,848035871983e-01;  2,694414138794e+01
  4,967362880707e-01;  2,869057464600e+01
  5,079723596573e-01;  3,032219505310e+01
  5,184074044228e-01;  3,184315299988e+01
  5,372712612152e-01;  3,458449554443e+01
  5,530909895897e-01;  3,697002410889e+01
  5,665770769119e-01;  3,901578521729e+01
  5,776599645615e-01;  4,076171493530e+01
  5,910694003105e-01;  4,290134048462e+01
  6,016437411308e-01;  4,454083633423e+01
  6,136461496353e-01;  4,648940277100e+01
  6,242413520813e-01;  4,809148025513e+01
  6,313257813454e-01;  4,906294250488e+01
  6,348296403885e-01;  4,750322723389e+01
  6,346973180771e-01;  4,618483734131e+01
  6,143357753754e-01;  4,277750015259e+01
  5,945663452148e-01;  4,076219558716e+01
  5,767613053322e-01;  3,857784652710e+01
  5,606838464737e-01;  3,624604415894e+01
  5,461180210114e-01;  3,381982803345e+01
  5,331752896309e-01;  3,148451614380e+01
  5,215699672699e-01;  2,944663810730e+01
  5,110304355621e-01;  2,770678138733e+01
  4,930860996246e-01;  2,490263938904e+01
  4,779630005360e-01;  2,275247764587e+01
  4,654729962349e-01;  2,105208969116e+01
  4,544319510460e-01;  1,967426109314e+01
  4,402979910374e-01;  1,802394676208e+01
  4,286508858204e-01;  1,672006797791e+01
  4,185641705990e-01;  1,567947864532e+01
  4,080455601215e-01;  1,459186553955e+01
  3,975060582161e-01;  1,358192825317e+01
  3,866182267666e-01;  1,258769798279e+01
  3,763921856880e-01;  1,168667411804e+01
  3,694680333138e-01;  1,111699008942e+01
  3,650028407574e-01;  1,078745746613e+01
  3,619029819965e-01;  1,258183956146e+01
  3,788442313671e-01;  1,497430038452e+01
  3,983837664127e-01;  1,647737121582e+01
  4,166067242622e-01;  1,816311454773e+01
  4,336733520031e-01;  2,001966857910e+01
  4,499458670616e-01;  2,202490615845e+01
  4,648391008377e-01;  2,407766151428e+01
  4,786526262760e-01;  2,602587699890e+01
  4,909545183182e-01;  2,783612442017e+01
  5,025876760483e-01;  2,952721405029e+01
  5,134058594704e-01;  3,110375595093e+01
  5,234925746918e-01;  3,257423400879e+01
  5,416668057442e-01;  3,522481918335e+01
  5,567690134048e-01;  3,751823806763e+01
  5,696560144424e-01;  3,948122787476e+01
  5,801119804382e-01;  4,115668869019e+01
  5,931104421616e-01;  4,320640945435e+01
  6,032111048698e-01;  4,477748489380e+01
  6,147049665451e-01;  4,664050674438e+01
  6,248126029968e-01;  4,817287063599e+01
  6,315765380859e-01;  4,908895492554e+01
  6,350107789040e-01;  4,674853134155e+01
  6,218311190605e-01;  4,353146362305e+01
  6,023055315018e-01;  4,159217453003e+01
  5,836785435677e-01;  3,947247314453e+01
  5,669532418251e-01;  3,719707870483e+01
  5,518022775650e-01;  3,479457473755e+01
  5,381907820702e-01;  3,239273452759e+01
  5,260978341103e-01;  3,022488212585e+01
  5,151752233505e-01;  2,837506675720e+01
  4,964088797569e-01;  2,540681076050e+01
  4,808399379253e-01;  2,314875030518e+01
  4,678205549717e-01;  2,137074661255e+01
  4,565913975239e-01;  1,993368911743e+01
  4,464559257030e-01;  1,874504089355e+01
  4,339450299740e-01;  1,728765869141e+01
  4,231129586697e-01;  1,613211059570e+01
  4,114728271961e-01;  1,493492889404e+01
  4,002576172352e-01;  1,383389759064e+01
  3,900176286697e-01;  1,288261413574e+01
  3,794641792774e-01;  1,194603919983e+01
  3,716065883636e-01;  1,128219318390e+01
  3,664030134678e-01;  1,087793922424e+01
  3,628433942795e-01;  1,070771503448e+01
  3,619378209114e-01;  1,229856872559e+01
  3,736127912998e-01;  1,456235694885e+01
  3,926716744900e-01;  1,600605010986e+01
  4,113126099110e-01;  1,763826370239e+01
  4,286996722221e-01;  1,944463920593e+01
  4,452577531338e-01;  2,141114616394e+01
  4,605410993099e-01;  2,346476173401e+01
  4,746820330620e-01;  2,545284461975e+01
  4,874158203602e-01;  2,730160522461e+01
  4,992300868034e-01;  2,902827644348e+01
  5,103060007095e-01;  3,063828849792e+01
  5,205459594727e-01;  3,213860702515e+01
  5,391729474068e-01;  3,484533691406e+01
  5,546931624413e-01;  3,719239807129e+01
  5,679354667664e-01;  3,920660018921e+01
  5,787535905838e-01;  4,092628860474e+01
  5,920098423958e-01;  4,303088378906e+01
  6,023752093315e-01;  4,464469528198e+01
  6,141337752342e-01;  4,655473327637e+01
  6,245339512825e-01;  4,812928390503e+01
  6,314790248871e-01;  4,907763671875e+01
  6,349341273308e-01;  4,687896347046e+01
  6,234890222549e-01;  4,371189498901e+01
  6,042211651802e-01;  4,179041290283e+01
  5,853852033615e-01;  3,968667984009e+01
  5,684857368469e-01;  3,742533493042e+01
  5,531885027885e-01;  3,503268051147e+01
  5,394306778908e-01;  3,262074661255e+01
  5,271915197372e-01;  3,042192459106e+01
  5,161922574043e-01;  2,854195022583e+01
  5,061681866646e-01;  2,692826843262e+01
  4,891503453255e-01;  2,431521797180e+01
  4,746053814888e-01;  2,229361915588e+01
  4,626169502735e-01;  2,068344879150e+01
  4,518545269966e-01;  1,936696052551e+01
  4,382639229298e-01;  1,778083801270e+01
  4,268745779991e-01;  1,652328872681e+01
  4,143149256706e-01;  1,522656917572e+01
  4,025772809982e-01;  1,403898620605e+01
  3,916894793510e-01;  1,302420711517e+01
  3,816724121571e-01;  1,212045288086e+01
  3,731390833855e-01;  1,139489746094e+01
  3,674130737782e-01;  1,094493103027e+01
  3,636096417904e-01;  1,067465305328e+01
  3,621607124805e-01;  1,248862075806e+01
  3,772699236870e-01;  1,484178447723e+01
  3,967537283897e-01;  1,632689285278e+01
  4,151090681553e-01;  1,799514770508e+01
  4,322453439236e-01;  1,983279991150e+01
  4,486571550369e-01;  2,182559776306e+01
  4,636200666428e-01;  2,387959480286e+01
  4,775728881359e-01;  2,584214210510e+01
  4,899792969227e-01;  2,766558456421e+01
  5,017030239105e-01;  2,936799049377e+01
  5,125560164452e-01;  3,095509338379e+01
  5,226914882660e-01;  3,243433380127e+01
  5,410189628601e-01;  3,510511016846e+01
  5,562604665756e-01;  3,741736984253e+01
  5,692380666733e-01;  3,939770889282e+01
  5,798333287239e-01;  4,108518600464e+01
  5,928596854210e-01;  4,314887237549e+01
  6,030718088150e-01;  4,473167800903e+01
  6,146562099457e-01;  4,661347961426e+01
  6,248474121094e-01;  4,816135787964e+01
  6,316601037979e-01;  4,908702087402e+01
  6,351082921028e-01;  4,688027191162e+01
  6,236423254013e-01;  4,371592330933e+01
  6,044301390648e-01;  4,179651641846e+01
  5,855802297592e-01;  3,969327545166e+01
  5,686808228493e-01;  3,743309020996e+01
  5,534183382988e-01;  3,504098510742e+01
  5,395978689194e-01;  3,262800979614e+01
  5,273865461349e-01;  3,042912864685e+01
  5,163803100586e-01;  2,854937553406e+01
  5,063562989235e-01;  2,693460655212e+01
  4,893035888672e-01;  2,431588172913e+01
  4,747586548328e-01;  2,229065513611e+01
  4,628050327301e-01;  2,067555618286e+01
  4,520426094532e-01;  1,936093521118e+01
  4,384589791298e-01;  1,777736473083e+01
  4,270974993706e-01;  1,652260780334e+01
  4,145378470421e-01;  1,523282432556e+01
  4,027653634548e-01;  1,404310321808e+01
  3,918845057487e-01;  1,302273082733e+01
  3,818604946136e-01;  1,212551498413e+01
  3,732923567295e-01;  1,139430522919e+01
  3,675663173199e-01;  1,094475936890e+01
  3,637838065624e-01;  1,067459583282e+01
  3,623209297657e-01;  1,239673900604e+01
  3,756677508354e-01;  1,470612335205e+01
  3,949843645096e-01;  1,617068672180e+01
  4,134511649609e-01;  1,782291793823e+01
  4,306989014149e-01;  1,964461326599e+01
  4,471734166145e-01;  2,162439537048e+01
  4,622965157032e-01;  2,368066596985e+01
  4,763538539410e-01;  2,565568542480e+01
  4,889204502106e-01;  2,749023437500e+01
  5,006790161133e-01;  2,920401954651e+01
  5,116295218468e-01;  3,080218315125e+01
  5,218207240105e-01;  3,229166030884e+01
  5,402874946594e-01;  3,498035049438e+01
  5,556683540344e-01;  3,730923843384e+01
  5,687713623047e-01;  3,930599594116e+01
  5,794501900673e-01;  4,100974273682e+01
  5,926159024239e-01;  4,309082031250e+01
  6,028836965561e-01;  4,468956375122e+01
  6,145517230034e-01;  4,658671188354e+01
  6,248264908791e-01;  4,814549255371e+01
  6,316949725151e-01;  4,908036041260e+01
  6,351082921028e-01;  4,674165725708e+01
  6,219913363457e-01;  4,352661895752e+01
  6,024448275566e-01;  4,158742904663e+01
  5,838527083397e-01;  3,946818161011e+01
  5,671482682228e-01;  3,719313812256e+01
  5,520390868187e-01;  3,479372406006e+01
  5,383858084679e-01;  3,239188766479e+01
  5,263068079948e-01;  3,022473526001e+01
  5,154190063477e-01;  2,837417984009e+01
  4,966178536415e-01;  2,540830993652e+01
  4,810698032379e-01;  2,314635086060e+01
  4,680713117123e-01;  2,136442375183e+01
  4,568143188953e-01;  1,992921066284e+01
  4,466648995876e-01;  1,874131584167e+01
  4,342236816883e-01;  1,728690719604e+01
  4,234055280685e-01;  1,613430786133e+01
  4,117514491081e-01;  1,493372917175e+01
  4,005919694901e-01;  1,382786273956e+01
  3,903101980686e-01;  1,287671470642e+01
  3,798403441906e-01;  1,194361400604e+01
  3,719757795334e-01;  1,128118038177e+01
  3,667443394661e-01;  1,087485408783e+01
  3,632265031338e-01;  1,080687141418e+01
  3,626970946789e-01;  1,278507423401e+01
  3,832536637783e-01;  1,526582908630e+01
  4,026887416840e-01;  1,680774497986e+01
  4,206330776215e-01;  1,853077125549e+01
  4,375812709332e-01;  2,042053031921e+01
  4,535542428493e-01;  2,244659614563e+01
  4,682245552540e-01;  2,448737525940e+01
  4,817246198654e-01;  2,640624046326e+01
  4,938454031944e-01;  2,819229125977e+01
  5,053043961525e-01;  2,985892486572e+01
  5,158996582031e-01;  3,141208457947e+01
  5,352023839951e-01;  3,421395111084e+01
  5,514400601387e-01;  3,664722824097e+01
  5,651978254318e-01;  3,874027633667e+01
  5,766289830208e-01;  4,052977752686e+01
  5,902822613716e-01;  4,272426223755e+01
  6,011770367622e-01;  4,441000747681e+01
  6,113473773003e-01;  4,607836151123e+01
  6,218520402908e-01;  4,768165206909e+01
  6,305107474327e-01;  4,892721557617e+01
  6,344465017319e-01;  4,906318664551e+01
  6,350386142731e-01;  4,738156127930e+01
  6,125106811523e-01;  4,258374786377e+01
  5,928944945335e-01;  4,054982376099e+01
  5,752984881401e-01;  3,834893035889e+01
  5,594300031662e-01;  3,600518035889e+01
  5,450243949890e-01;  3,357609558105e+01
  5,322487950325e-01;  3,126441574097e+01
  5,207479596138e-01;  2,925926399231e+01
  5,103687047958e-01;  2,754618835449e+01
  4,925985038280e-01;  2,478348731995e+01
  4,776216447353e-01;  2,266150474548e+01
  4,652152657509e-01;  2,097816467285e+01
  4,542577862740e-01;  1,961350250244e+01
  4,402353167534e-01;  1,797618103027e+01
  4,286508858204e-01;  1,667734336853e+01
  4,186338484287e-01;  1,564573669434e+01
  4,082197248936e-01;  1,456062889099e+01
  3,977637887001e-01;  1,355621623993e+01
  3,869526088238e-01;  1,256588459015e+01
  3,768310546875e-01;  1,166656017303e+01
  3,700044155121e-01;  1,111357498169e+01
  3,655461966991e-01;  1,077762031555e+01
  3,626344203949e-01;  1,221550941467e+01
  3,727141618729e-01;  1,443907260895e+01
  3,913133144379e-01;  1,586679458618e+01
  4,101632237434e-01;  1,748353576660e+01
  4,275990426540e-01;  1,927204322815e+01
  4,442128837109e-01;  2,122396850586e+01
  4,596494734287e-01;  2,327628135681e+01
  4,739157557487e-01;  2,527907180786e+01
  4,867540299892e-01;  2,714045333862e+01
  4,986379742622e-01;  2,887623405457e+01
  5,097138881683e-01;  3,049665069580e+01
  5,200095772743e-01;  3,200667572021e+01
  5,387759208679e-01;  3,473078536987e+01
  5,544145107269e-01;  3,709492492676e+01
  5,677613019943e-01;  3,912230682373e+01
  5,786700248718e-01;  4,085469055176e+01
  5,919889211655e-01;  4,297620010376e+01
  6,024587750435e-01;  4,460225677490e+01
  6,143078804016e-01;  4,653293228149e+01
  6,247220039368e-01;  4,811512756348e+01
  6,317089200020e-01;  4,907274627686e+01
  6,352127790451e-01;  4,701118087769e+01
  6,065756678581e-01;  4,199734878540e+01
  5,874958634377e-01;  3,991188812256e+01
  5,704362392426e-01;  3,766650772095e+01
  5,550344586372e-01;  3,528550338745e+01
  5,411025285721e-01;  3,286404037476e+01
  5,287309885025e-01;  3,063326454163e+01
  5,176342129707e-01;  2,872403144836e+01
  5,074917078018e-01;  2,708348464966e+01
  4,902788102627e-01;  2,443036842346e+01
  4,756084978580e-01;  2,238196372986e+01
  4,635573625565e-01;  2,075098609924e+01
  4,528158307076e-01;  1,942554283142e+01
  4,390998482704e-01;  1,782966804504e+01
  4,276895821095e-01;  1,656047439575e+01
  4,149906337261e-01;  1,525290393829e+01
  4,032390415668e-01;  1,405300807953e+01
  3,922955095768e-01;  1,303370666504e+01
  3,822296857834e-01;  1,212917709351e+01
  3,736963570118e-01;  1,139797019958e+01
  3,679285347462e-01;  1,094608020782e+01
  3,641669154167e-01;  1,067650032043e+01
  3,626901507378e-01;  1,221059226990e+01
  3,727141618729e-01;  1,443501663208e+01
  3,913481235504e-01;  1,586163616180e+01
  4,101632237434e-01;  1,747720146179e+01
  4,275990426540e-01;  1,926798057556e+01
  4,442546665668e-01;  2,122012138367e+01
  4,596494734287e-01;  2,327273559570e+01
  4,739157557487e-01;  2,527447128296e+01
  4,867749512196e-01;  2,713651466370e+01
  4,986379742622e-01;  2,887379264832e+01
  5,097138881683e-01;  3,049378967285e+01
  5,200304985046e-01;  3,200283050537e+01
  5,388246774673e-01;  3,472585678101e+01
  5,544493198395e-01;  3,708834457397e+01
  5,677961111069e-01;  3,911576080322e+01
  5,786839127541e-01;  4,084887695313e+01
  5,920098423958e-01;  4,297110366821e+01
  6,025145053864e-01;  4,459832000732e+01
  6,143427491188e-01;  4,652947616577e+01
  6,247916817665e-01;  4,811038589478e+01
  6,317994594574e-01;  4,907236862183e+01
  6,352475881577e-01;  4,688138198853e+01
  6,237816214561e-01;  4,371775054932e+01
  6,045694947243e-01;  4,179814910889e+01
  5,857683420181e-01;  3,969567871094e+01
  5,688688755035e-01;  3,743543624878e+01
  5,536273717880e-01;  3,504310226440e+01
  5,398417115211e-01;  3,262975311279e+01
  5,275955200195e-01;  3,042951965332e+01
  5,166380405426e-01;  2,854913711548e+01
  5,066000819206e-01;  2,693392181396e+01
  4,895474016666e-01;  2,431713294983e+01
  4,750024676323e-01;  2,229470443726e+01
  4,630697369576e-01;  2,068274116516e+01
  4,523421525955e-01;  1,936838722229e+01
  4,387515485287e-01;  1,778384971619e+01
  4,273830950260e-01;  1,652279281616e+01
  4,148025512695e-01;  1,522582054138e+01
  4,030927717686e-01;  1,403390502930e+01
  3,921910226345e-01;  1,301448535919e+01
  3,812405169010e-01;  1,203091335297e+01
  3,730345964432e-01;  1,133411598206e+01
  3,675454258919e-01;  1,090444278717e+01
  3,639649152756e-01;  1,067283630371e+01
  3,631150722504e-01;  1,279428958893e+01
  3,836646676064e-01;  1,527687835693e+01
  4,031066894531e-01;  1,681964302063e+01
  4,210301339626e-01;  1,854094696045e+01
  4,379295706749e-01;  2,043230438232e+01
  4,539025425911e-01;  2,245858573914e+01
  4,685519635677e-01;  2,449944686890e+01
  4,820380806923e-01;  2,641771507263e+01
  4,941588640213e-01;  2,820227813721e+01
  5,056248307228e-01;  2,986881256104e+01
  5,162131190300e-01;  3,142161750793e+01
  5,354949235916e-01;  3,422180175781e+01
  5,516977906227e-01;  3,665693283081e+01
  5,654277205467e-01;  3,874700546265e+01
  5,768170356750e-01;  4,053483200073e+01
  5,904982089996e-01;  4,272812652588e+01
  6,013512015343e-01;  4,440966796875e+01
  6,115354299545e-01;  4,607880020142e+01
  6,220052838326e-01;  4,768511199951e+01
  6,306291818619e-01;  4,892827606201e+01
  6,346346139908e-01;  4,906342315674e+01
  6,351918578148e-01;  4,738067626953e+01
  6,126848459244e-01;  4,258312225342e+01
  5,930686593056e-01;  4,055194473267e+01
  5,754865407944e-01;  3,835419845581e+01
  5,596389770508e-01;  3,600877380371e+01
  5,452263951302e-01;  3,358121490479e+01
  5,324925780296e-01;  3,126991653442e+01
  5,209778547287e-01;  2,926588249207e+01
  5,105915665627e-01;  2,755204582214e+01
  4,927726387978e-01;  2,478606605530e+01
  4,778097271919e-01;  2,266038322449e+01
  4,654381871223e-01;  2,097644615173e+01
  4,545015990734e-01;  1,961001205444e+01
  4,404790997505e-01;  1,797326278687e+01
  4,289295375347e-01;  1,667385482788e+01
  4,189124703407e-01;  1,564082145691e+01
  4,084983468056e-01;  1,455378913879e+01
  3,980424404144e-01;  1,354872035980e+01
  3,872800171375e-01;  1,256301403046e+01
  3,771654069424e-01;  1,167079257965e+01
  3,703317940235e-01;  1,110772132874e+01
  3,658735752106e-01;  1,077600193024e+01
  3,630384504795e-01;  1,221339416504e+01
  3,730624616146e-01;  1,443593120575e+01
  3,916406929493e-01;  1,586210346222e+01
  4,104557931423e-01;  1,747921752930e+01
  4,279682338238e-01;  1,926953125000e+01
  4,445472359657e-01;  2,122335243225e+01
  4,599629342556e-01;  2,327682113647e+01
  4,742292463779e-01;  2,527790832520e+01
  4,870535731316e-01;  2,714103507996e+01
  4,989514648914e-01;  2,887823104858e+01
  5,100134015083e-01;  3,050022697449e+01
  5,202882289886e-01;  3,201023483276e+01
  5,390127301216e-01;  3,473284912109e+01
  5,546792149544e-01;  3,709251403809e+01
  5,680190324783e-01;  3,911965179443e+01
  5,788928866386e-01;  4,085210800171e+01
  5,922188162804e-01;  4,297148132324e+01
  6,026886701584e-01;  4,460171127319e+01
  6,145517230034e-01;  4,653080368042e+01
  6,249867081642e-01;  4,811478805542e+01
  6,319387555122e-01;  4,907593154907e+01
  6,354217529297e-01;  4,687533569336e+01
  6,239348649979e-01;  4,370927047729e+01
  6,047575473785e-01;  4,178913879395e+01
  5,859215855598e-01;  3,968722534180e+01
  5,690500140190e-01;  3,742708969116e+01
  5,538154244423e-01;  3,503716278076e+01
  5,400367379189e-01;  3,262530517578e+01
  5,278184413910e-01;  3,042656135559e+01
  5,168679356575e-01;  2,854766654968e+01
  5,068299770355e-01;  2,693418312073e+01
  4,897912144661e-01;  2,431963920593e+01
  4,752462506294e-01;  2,229316902161e+01
  4,633135497570e-01;  2,067890357971e+01
  4,525650739670e-01;  1,936278915405e+01
  4,389953613281e-01;  1,777957534790e+01
  4,276408255100e-01;  1,652131462097e+01
  4,150463640690e-01;  1,522299671173e+01
  4,033574759960e-01;  1,403415870667e+01
  3,925114572048e-01;  1,301894760132e+01
  3,824734985828e-01;  1,211463928223e+01
  3,740098476410e-01;  1,139788436890e+01
  3,682420253754e-01;  1,093919563293e+01
  3,645012974739e-01;  1,067168712616e+01
  3,631359636784e-01;  1,258922386169e+01
  3,800145089626e-01;  1,498684692383e+01
  3,995401263237e-01;  1,649297904968e+01
  4,177561104298e-01;  1,817921447754e+01
  4,347739815712e-01;  2,003729820251e+01
  4,510255753994e-01;  2,204277420044e+01
  4,658840000629e-01;  2,409443283081e+01
  4,796487689018e-01;  2,604203987122e+01
  4,919645786285e-01;  2,785068893433e+01
  5,035838484764e-01;  2,954102134705e+01
  5,142765641212e-01;  3,111747360229e+01
  5,243493914604e-01;  3,258760070801e+01
  5,425166487694e-01;  3,523774337769e+01
  5,576049089432e-01;  3,752996063232e+01
  5,704292654991e-01;  3,949570465088e+01
  5,808781981468e-01;  4,117274093628e+01
  5,938419103622e-01;  4,321750259399e+01
  6,039077043533e-01;  4,479214859009e+01
  6,153876185417e-01;  4,665681838989e+01
  6,254395246506e-01;  4,818035507202e+01
  6,321477293968e-01;  4,909547805786e+01
  6,354914307594e-01;  4,661035537720e+01
  6,205981969833e-01;  4,334476089478e+01
  6,008775234222e-01;  4,138573837280e+01
  5,824595093727e-01;  3,925110626221e+01
  5,659431815147e-01;  3,696121215820e+01
  5,510150790215e-01;  3,455200576782e+01
  5,375777482986e-01;  3,216336441040e+01
  5,256241559982e-01;  3,002763557434e+01
  5,148268938065e-01;  2,820639801025e+01
  4,962904453278e-01;  2,528176879883e+01
  4,808538556099e-01;  2,305114555359e+01
  4,679598510265e-01;  2,129048156738e+01
  4,568352103233e-01;  1,986555671692e+01
  4,467484951019e-01;  1,868878936768e+01
  4,343281686306e-01;  1,724249649048e+01
  4,236493408680e-01;  1,609150886536e+01
  4,120649397373e-01;  1,489942550659e+01
  4,009890258312e-01;  1,380324745178e+01
  3,908187150955e-01;  1,285637283325e+01
  3,804045915604e-01;  1,192569637299e+01
  3,726375401020e-01;  1,126367282867e+01
  3,674409389496e-01;  1,086935806274e+01
  3,639927804470e-01;  1,078138256073e+01
  3,633449375629e-01;  1,268802070618e+01
  3,820485770702e-01;  1,512596035004e+01
  4,015254080296e-01;  1,664952659607e+01
  4,195533394814e-01;  1,835355567932e+01
  4,365503191948e-01;  2,022634124756e+01
  4,526834785938e-01;  2,224379730225e+01
  4,674234688282e-01;  2,429079246521e+01
  4,810419380665e-01;  2,622352218628e+01
  4,932672381401e-01;  2,802193832397e+01
  5,047889351845e-01;  2,970130157471e+01
  5,154468417168e-01;  3,126736450195e+01
  5,348540544510e-01;  3,408965682983e+01
  5,512449741364e-01;  3,654167938232e+01
  5,650933384895e-01;  3,864994812012e+01
  5,765384435654e-01;  4,044900131226e+01
  5,903519392014e-01;  4,265645980835e+01
  6,013094186783e-01;  4,435024642944e+01
  6,115911602974e-01;  4,603937530518e+01
  6,221794486046e-01;  4,766824722290e+01
  6,308381557465e-01;  4,891936492920e+01
  6,348435878754e-01;  4,910635757446e+01
  6,353381872177e-01;  4,618384933472e+01
  6,149626970291e-01;  4,277779388428e+01
  5,951932668686e-01;  4,076351165771e+01
  5,774579048157e-01;  3,858061218262e+01
  5,614292025566e-01;  3,625019836426e+01
  5,468982458115e-01;  3,382513427734e+01
  5,339763760567e-01;  3,149153518677e+01
  5,224058628082e-01;  2,945502853394e+01
  5,119151473045e-01;  2,771531295776e+01
  4,939429163933e-01;  2,491180801392e+01
  4,788198173046e-01;  2,275972747803e+01
  4,663298130035e-01;  2,105454254150e+01
  4,553375244141e-01;  1,967303085327e+01
  4,412105381489e-01;  1,802151298523e+01
  4,296261370182e-01;  1,671476745605e+01
  4,195742309093e-01;  1,567373561859e+01
  4,090695679188e-01;  1,457773685455e+01
  3,985927402973e-01;  1,356387329102e+01
  3,877536952496e-01;  1,257223892212e+01
  3,776321411133e-01;  1,167947673798e+01
  3,708055019379e-01;  1,111187839508e+01
  3,662776052952e-01;  1,077396011353e+01
  3,634563982487e-01;  1,195501995087e+01
  3,860540091991e-01;  1,541164112091e+01
  4,053218662739e-01;  1,697169303894e+01
  4,231408238411e-01;  1,870968437195e+01
  4,399636387825e-01;  2,061733818054e+01
  4,557833373547e-01;  2,265401458740e+01
  4,703073799610e-01;  2,468850326538e+01
  4,836542010307e-01;  2,659241104126e+01
  4,957610368729e-01;  2,836576080322e+01
  5,071225166321e-01;  3,002089309692e+01
  5,175715088844e-01;  3,156372833252e+01
  5,366791486740e-01;  3,434676361084e+01
  5,527566075325e-01;  3,676379013062e+01
  5,664168596268e-01;  3,883702850342e+01
  5,776529908180e-01;  4,061286163330e+01
  5,912644863129e-01;  4,278806304932e+01
  6,019920706749e-01;  4,445493316650e+01
  6,120787858963e-01;  4,611223602295e+01
  6,224929094315e-01;  4,770870590210e+01
  6,310123205185e-01;  4,893714141846e+01
  6,349480748177e-01;  4,918169784546e+01
  6,356655359268e-01;  4,647375869751e+01
  6,189681291580e-01;  4,316281509399e+01
  5,991290807724e-01;  4,118660736084e+01
  5,809966325760e-01;  3,903652954102e+01
  5,646335482597e-01;  3,673562240601e+01
  5,498448014259e-01;  3,431954956055e+01
  5,365467667580e-01;  3,194613838196e+01
  5,247394442558e-01;  2,984254074097e+01
  5,140815377235e-01;  2,804820823669e+01
  4,957192540169e-01;  2,516246604919e+01
  4,803871512413e-01;  2,295526123047e+01
  4,676185250282e-01;  2,120905303955e+01
  4,565356671810e-01;  1,979886817932e+01
  4,421509504318e-01;  1,812045860291e+01
  4,304968714714e-01;  1,679393386841e+01
  4,203474521637e-01;  1,574134731293e+01
  4,096825718880e-01;  1,462906074524e+01
  3,991082310677e-01;  1,360180377960e+01
  3,881507515907e-01;  1,259614181519e+01
  3,779107928276e-01;  1,169654464722e+01
  3,710283935070e-01;  1,111580848694e+01
  3,665005266666e-01;  1,078209972382e+01
  3,633658289909e-01;  1,248727703094e+01
  3,784541189671e-01;  1,483961868286e+01
  3,978961408138e-01;  1,632486343384e+01
  4,162096679211e-01;  1,799405097961e+01
  4,333668649197e-01;  1,983338928223e+01
  4,497020542622e-01;  2,182789039612e+01
  4,646858572960e-01;  2,388212203979e+01
  4,785829484463e-01;  2,584581184387e+01
  4,909893572330e-01;  2,766921615601e+01
  5,027130842209e-01;  2,937211608887e+01
  5,134824514389e-01;  3,095952224731e+01
  5,235831141472e-01;  3,243991851807e+01
  5,419105887413e-01;  3,510854721069e+01
  5,571033358574e-01;  3,742114257813e+01
  5,700600743294e-01;  3,940298080444e+01
  5,805996060371e-01;  4,109388351440e+01
  5,936677455902e-01;  4,315861511230e+01
  6,038032174110e-01;  4,474129486084e+01
  6,153876185417e-01;  4,662152099609e+01
  6,255230903625e-01;  4,816420364380e+01
  6,323009729385e-01;  4,908746337891e+01
  6,356655359268e-01;  4,661150360107e+01
  6,207584142685e-01;  4,334953689575e+01
  6,010655760765e-01;  4,139281463623e+01
  5,827032923698e-01;  3,925928115845e+01
  5,661521553993e-01;  3,697050094604e+01
  5,512380003929e-01;  3,456021118164e+01
  5,377867221832e-01;  3,217111968994e+01
  5,258749127388e-01;  3,003599548340e+01
  5,151055455208e-01;  2,821257591248e+01
  4,964994490147e-01;  2,528473663330e+01
  4,810837507248e-01;  2,304689788818e+01
  4,681897461414e-01;  2,128207778931e+01
  4,570790231228e-01;  1,985885429382e+01
  4,470271170139e-01;  1,868416976929e+01
  4,346416294575e-01;  1,724055099487e+01
  4,239279627800e-01;  1,609241867065e+01
  4,123784005642e-01;  1,489750003815e+01
  4,012815952301e-01;  1,380208778381e+01
  3,910973668098e-01;  1,285458755493e+01
  3,807111084461e-01;  1,192193889618e+01
  3,729788661003e-01;  1,127360820770e+01
  3,677543997765e-01;  1,086562824249e+01
  3,642923235893e-01;  1,069052600861e+01
  3,634563982487e-01;  1,220620155334e+01
  3,734804093838e-01;  1,442754077911e+01
  3,920656144619e-01;  1,585172462463e+01
  4,108598232269e-01;  1,746600914001e+01
  4,283165335655e-01;  1,925681877136e+01
  4,449303746223e-01;  2,121094512939e+01
  4,602972865105e-01;  2,326317024231e+01
  4,745635986328e-01;  2,526542282104e+01
  4,874018728733e-01;  2,712881660461e+01
  4,993136823177e-01;  2,886670684814e+01
  5,103617310524e-01;  3,048849105835e+01
  5,206156373024e-01;  3,200102996826e+01
  5,393819212914e-01;  3,472819900513e+01
  5,550274848938e-01;  3,708869934082e+01
  5,683185458183e-01;  3,911818313599e+01
  5,791854858398e-01;  4,085280990601e+01
  5,925462245941e-01;  4,297353744507e+01
  6,029673218727e-01;  4,460145187378e+01
  6,148094534874e-01;  4,653120040894e+01
  6,252444982529e-01;  4,811195373535e+01
  6,322174072266e-01;  4,907796096802e+01
  6,356655359268e-01;  4,674091339111e+01
  6,225068569183e-01;  4,352520751953e+01
  6,029812097549e-01;  4,158683776855e+01
  5,844099521637e-01;  3,946879959106e+01
  5,677334070206e-01;  3,719622802734e+01
  5,526869297028e-01;  3,479695510864e+01
  5,391102433205e-01;  3,239732742310e+01
  5,270173549652e-01;  3,023049736023e+01
  5,161643624306e-01;  2,838092422485e+01
  4,974050223827e-01;  2,541247367859e+01
  4,818499982357e-01;  2,314946937561e+01
  4,688515067101e-01;  2,136575889587e+01
  4,576014578342e-01;  1,992390441895e+01
  4,475356340408e-01;  1,873708152771e+01
  4,350595772266e-01;  1,728273391724e+01
  4,242971539497e-01;  1,612734603882e+01
  4,126291573048e-01;  1,492635345459e+01
  4,015114903450e-01;  1,382092571259e+01
  3,913063406944e-01;  1,286497879028e+01
  3,808713257313e-01;  1,193089771271e+01
  3,731390833855e-01;  1,127679347992e+01
  3,678449690342e-01;  1,086673355103e+01
  3,644316196442e-01;  1,080152606964e+01
  3,639509677887e-01;  1,278554153442e+01
  3,844309151173e-01;  1,526859378815e+01
  4,038172066212e-01;  1,681055450439e+01
  4,217615425587e-01;  1,853298759460e+01
  4,386400878429e-01;  2,042356300354e+01
  4,545643031597e-01;  2,245073509216e+01
  4,692137241364e-01;  2,449243354797e+01
  4,826998412609e-01;  2,641210746765e+01
  4,948554635048e-01;  2,819792938232e+01
  5,063144564629e-01;  2,986660575867e+01
  5,167912840843e-01;  3,142079162598e+01
  5,360800623894e-01;  3,422333145142e+01
  5,523037910461e-01;  3,665686035156e+01
  5,660685896873e-01;  3,875023269653e+01
  5,773603916168e-01;  4,053715515137e+01
  5,910624861717e-01;  4,272724151611e+01
  6,018666625023e-01;  4,441076660156e+01
  6,120439767838e-01;  4,608455657959e+01
  6,225346922874e-01;  4,769442749023e+01
  6,311168074608e-01;  4,892614364624e+01
  6,350873708725e-01;  4,906357192993e+01
  6,356655359268e-01;  4,738272094727e+01
  6,131515502930e-01;  4,258950042725e+01
  5,935702323914e-01;  4,055976104736e+01
  5,759950876236e-01;  3,836336898804e+01
  5,601405501366e-01;  3,601988220215e+01
  5,457836389542e-01;  3,359319686890e+01
  5,330011248589e-01;  3,128256034851e+01
  5,215699672699e-01;  2,927818489075e+01
  5,112046003342e-01;  2,756404876709e+01
  4,933995902538e-01;  2,479587554932e+01
  4,783809483051e-01;  2,266594314575e+01
  4,660511910915e-01;  2,097352218628e+01
  4,550937116146e-01;  1,960476875305e+01
  4,410990774632e-01;  1,796616363525e+01
  4,296052455902e-01;  1,666857719421e+01
  4,166833758354e-01;  1,533699131012e+01
  4,047645926476e-01;  1,411170768738e+01
  3,936747610569e-01;  1,306855106354e+01
  3,834696114063e-01;  1,215067195892e+01
  3,749154210091e-01;  1,141622543335e+01
  3,690431118011e-01;  1,094872093201e+01
  3,653163015842e-01;  1,067781925201e+01
  3,638395369053e-01;  1,221545410156e+01
  3,738635480404e-01;  1,443755912781e+01
  3,924278616905e-01;  1,586372280121e+01
  4,112220406532e-01;  1,748019218445e+01
  4,286648333073e-01;  1,927065658569e+01
  4,452786743641e-01;  2,122454833984e+01
  4,606246948242e-01;  2,327639007568e+01
  4,748701155186e-01;  2,527784729004e+01
  4,876805245876e-01;  2,714104652405e+01
  4,996132254601e-01;  2,887784957886e+01
  5,106194615364e-01;  3,049978828430e+01
  5,208454728127e-01;  3,201198959351e+01
  5,396257638931e-01;  3,473685836792e+01
  5,552364587784e-01;  3,709717559814e+01
  5,685414671898e-01;  3,912845993042e+01
  5,793805122375e-01;  4,086282348633e+01
  5,927203893661e-01;  4,298196792603e+01
  6,031762957573e-01;  4,460896682739e+01
  6,149836182594e-01;  4,653427505493e+01
  6,254255771637e-01;  4,811983108521e+01
  6,323358416557e-01;  4,907638168335e+01
  6,357909440994e-01;  4,687995147705e+01
  6,243528127670e-01;  4,371619415283e+01
  6,051754951477e-01;  4,179735565186e+01
  5,863604545593e-01;  3,969707107544e+01
  5,694819092751e-01;  3,743998718262e+01
  5,542682409286e-01;  3,505079650879e+01
  5,405383110046e-01;  3,263944244385e+01
  5,283269286156e-01;  3,044085121155e+01
  5,173346400261e-01;  2,856149291992e+01
  5,073314905167e-01;  2,694756889343e+01
  4,902997314930e-01;  2,433099746704e+01
  4,757687151432e-01;  2,230165100098e+01
  4,638151228428e-01;  2,068327522278e+01
  4,530875086784e-01;  1,936337280273e+01
  4,395177960396e-01;  1,777492713928e+01
  4,282329380512e-01;  1,651670455933e+01
  4,156523942947e-01;  1,522304153442e+01
  4,039843976498e-01;  1,403350162506e+01
  3,931523263454e-01;  1,301328849792e+01
  3,831004202366e-01;  1,210855197906e+01
  3,747203648090e-01;  1,139016151428e+01
  3,689943253994e-01;  1,092769050598e+01
  3,653023838997e-01;  1,066882324219e+01
  3,638534545898e-01;  1,239196491241e+01
  3,771654069424e-01;  1,470331954956e+01
  3,963984549046e-01;  1,616887474060e+01
  4,148791730404e-01;  1,782149696350e+01
  4,320921003819e-01;  1,964667320251e+01
  4,485178291798e-01;  2,162893295288e+01
  4,636200666428e-01;  2,368481445313e+01
  4,776773750782e-01;  2,566175460815e+01
  4,901882708073e-01;  2,749955177307e+01
  5,019816756248e-01;  2,921377372742e+01
  5,128346085548e-01;  3,081223869324e+01
  5,229701399803e-01;  3,230315017700e+01
  5,414159893990e-01;  3,498907852173e+01
  5,567132830620e-01;  3,731461334229e+01
  5,697953701019e-01;  3,931273269653e+01
  5,804114937782e-01;  4,101688766479e+01
  5,935910940170e-01;  4,309869766235e+01
  6,037892699242e-01;  4,469966125488e+01
  6,154572963715e-01;  4,659626770020e+01
  6,257042288780e-01;  4,814883422852e+01
  6,324751377106e-01;  4,909207153320e+01
  6,358397006989e-01;  4,660868835449e+01
  6,209464669228e-01;  4,334494018555e+01
  6,012188196182e-01;  4,138707351685e+01
  5,829122662544e-01;  3,925254058838e+01
  5,663750767708e-01;  3,696496582031e+01
  5,514469742775e-01;  3,455628204346e+01
  5,380514264107e-01;  3,216807556152e+01
  5,261326432228e-01;  3,003251075745e+01
  5,153493285179e-01;  2,821096801758e+01
  4,968129098415e-01;  2,528263854980e+01
  4,813832938671e-01;  2,304714965820e+01
  4,684683680534e-01;  2,128158187866e+01
  4,573924839497e-01;  1,985570335388e+01
  4,473405778408e-01;  1,867921829224e+01
  4,349550902843e-01;  1,723849296570e+01
  4,242762625217e-01;  1,609337615967e+01
  4,127058088779e-01;  1,490076255798e+01
  4,016159772873e-01;  1,379753971100e+01
  3,914944231510e-01;  1,284616279602e+01
  3,811151385307e-01;  1,192233467102e+01
  3,734177350998e-01;  1,127314472198e+01
  3,681584298611e-01;  1,086603260040e+01
  3,646963238716e-01;  1,077756214142e+01
  3,640763759613e-01;  1,268323802948e+01
  3,827660679817e-01;  1,512130641937e+01
  4,022011160851e-01;  1,664486312866e+01
  4,202429652214e-01;  1,834976196289e+01
  4,372120797634e-01;  2,022459411621e+01
  4,533104300499e-01;  2,224113845825e+01
  4,680643379688e-01;  2,429073524475e+01
  4,816479980946e-01;  2,622504043579e+01
  4,938593208790e-01;  2,802296447754e+01
  5,053601264954e-01;  2,970247650146e+01
  5,159693360329e-01;  3,126788330078e+01
  5,259863734245e-01;  3,272979354858e+01
  5,440003871918e-01;  3,536220550537e+01
  5,589145421982e-01;  3,763712692261e+01
  5,716274380684e-01;  3,958847808838e+01
  5,818882584572e-01;  4,125338363647e+01
  5,948101282120e-01;  4,327988815308e+01
  6,073697805405e-01;  4,527746582031e+01
  6,179510951042e-01;  4,696615600586e+01
  6,286786794662e-01;  4,857522964478e+01
  6,338543891907e-01;  4,924089431763e+01
  6,356655359268e-01;  4,618437576294e+01
  6,153110265732e-01;  4,278108596802e+01
  5,955764055252e-01;  4,076817321777e+01
  5,778410434723e-01;  3,858728027344e+01
  5,618332624435e-01;  3,625880813599e+01
  5,473370552063e-01;  3,383430480957e+01
  5,344221591949e-01;  3,150076484680e+01
  5,228377580643e-01;  2,946332359314e+01
  5,123539566994e-01;  2,772345924377e+01
  4,944096505642e-01;  2,491606521606e+01
  4,793074131012e-01;  2,276140975952e+01
  4,668313860893e-01;  2,104957962036e+01
  4,558251500130e-01;  1,966356277466e+01
  4,417329728603e-01;  1,801204681396e+01
  4,302182495594e-01;  1,670406150818e+01
  4,201663434505e-01;  1,566404724121e+01
  4,096964895725e-01;  1,456753444672e+01
  3,992475569248e-01;  1,355810642242e+01
  3,884502947330e-01;  1,256651115417e+01
  3,783496320248e-01;  1,167309284210e+01
  3,715369105339e-01;  1,111094093323e+01
  3,670229613781e-01;  1,077247238159e+01
  3,640275895596e-01;  1,258127498627e+01
  3,808852434158e-01;  1,497670841217e+01
  4,003690779209e-01;  1,648075866699e+01
  4,185223877430e-01;  1,816736793518e+01
  4,355750679970e-01;  2,002409744263e+01
  4,517918527126e-01;  2,203027343750e+01
  4,666363298893e-01;  2,408260536194e+01
  4,804010689259e-01;  2,603141784668e+01
  4,926960170269e-01;  2,784336471558e+01
  5,042804479599e-01;  2,953579902649e+01
  5,149592757225e-01;  3,111300468445e+01
  5,250111222267e-01;  3,258351898193e+01
  5,431993007660e-01;  3,523380661011e+01
  5,582597255707e-01;  3,752686691284e+01
  5,710840821266e-01;  3,949526977539e+01
  5,814703106880e-01;  4,117191696167e+01
  5,944827795029e-01;  4,321598052979e+01
  6,044858694077e-01;  4,478662872314e+01
  6,159449219704e-01;  4,665535354614e+01
  6,259967684746e-01;  4,819219970703e+01
  6,326144933701e-01;  4,909320068359e+01
  6,359093785286e-01;  4,647433853149e+01
  6,192467808723e-01;  4,316474151611e+01
  5,994634032249e-01;  4,118819046021e+01
  5,813379883766e-01;  3,903829574585e+01
  5,649679303169e-01;  3,673703765869e+01
  5,501931309700e-01;  3,432036209106e+01
  5,369508266449e-01;  3,194790649414e+01
  5,251225829124e-01;  2,984489822388e+01
  5,144786238670e-01;  2,805242347717e+01
  4,961163103580e-01;  2,516674613953e+01
  4,808190464973e-01;  2,295743942261e+01
  4,680852591991e-01;  2,120828819275e+01
  4,570024013519e-01;  1,979787063599e+01
  4,426385760307e-01;  1,811437225342e+01
  4,310193359852e-01;  1,678622055054e+01
  4,208977818489e-01;  1,573222064972e+01
  4,102398455143e-01;  1,462516593933e+01
  3,996863961220e-01;  1,359732818604e+01
  3,887985944748e-01;  1,258700847626e+01
  3,785725533962e-01;  1,168972682953e+01
  3,716762363911e-01;  1,112344455719e+01
  3,671274483204e-01;  1,077772235870e+01
  3,643062412739e-01;  1,195626449585e+01
  3,645570278168e-01;  1,288899898529e+01
  3,868690133095e-01;  1,541295146942e+01
  4,061159789562e-01;  1,697356987000e+01
  4,239070713520e-01;  1,871426773071e+01
  4,407298862934e-01;  2,062223052979e+01
  4,565147757530e-01;  2,265923309326e+01
  4,710597097874e-01;  2,469433403015e+01
  4,843159615993e-01;  2,659998512268e+01
  4,964437186718e-01;  2,837395477295e+01
  5,077633857727e-01;  3,003205490112e+01
  5,181844830513e-01;  3,157655906677e+01
  5,372921228409e-01;  3,435858535767e+01
  5,533347725868e-01;  3,677207565308e+01
  5,669950246811e-01;  3,884692764282e+01
  5,781266689301e-01;  4,061906433105e+01
  5,917311906815e-01;  4,278827667236e+01
  6,024587750435e-01;  4,445579147339e+01
  6,125316023827e-01;  4,611551666260e+01
  6,229665875435e-01;  4,771443176270e+01
  6,313953995705e-01;  4,893453598022e+01
  6,353520750999e-01;  4,885275650024e+01
  6,359233260155e-01;  4,687783432007e+01
  6,244921684265e-01;  4,371150207520e+01
  6,053009033203e-01;  4,179338836670e+01
  5,865554809570e-01;  3,969346237183e+01
  5,696699619293e-01;  3,743718719482e+01
  5,544772148132e-01;  3,504809188843e+01
  5,407333374023e-01;  3,263768386841e+01
  5,285359025002e-01;  3,043988418579e+01
  5,175853967667e-01;  2,856011772156e+01
  5,075613856316e-01;  2,694619560242e+01
  4,905574619770e-01;  2,433068084717e+01
  4,760125279427e-01;  2,230356025696e+01
  4,640798270702e-01;  2,068283081055e+01
  4,533800780773e-01;  1,936266517639e+01
  4,397825300694e-01;  1,777543830872e+01
  4,285603463650e-01;  1,651502799988e+01
  4,159310460091e-01;  1,521934509277e+01
  4,042630493641e-01;  1,402543544769e+01
  3,934657871723e-01;  1,301531982422e+01
  3,834278285503e-01;  1,211146831512e+01
  3,750547468662e-01;  1,138456153870e+01
  3,693565726280e-01;  1,093065071106e+01
  3,656297624111e-01;  1,066350746155e+01
  3,645639717579e-01;  1,279153156281e+01
  3,850439190865e-01;  1,527516651154e+01
  4,044162929058e-01;  1,681885528564e+01
  4,223188459873e-01;  1,854302787781e+01
  4,391834437847e-01;  2,043455886841e+01
  4,551076591015e-01;  2,246249771118e+01
  4,697361886501e-01;  2,450367736816e+01
  4,831804931164e-01;  2,642386054993e+01
  4,953291416168e-01;  2,821048545837e+01
  5,067533254623e-01;  2,987856864929e+01
  5,172231793404e-01;  3,143161010742e+01
  5,365049839020e-01;  3,423201751709e+01
  5,526729822159e-01;  3,666018295288e+01
  5,664168596268e-01;  3,875114822388e+01
  5,776738524437e-01;  4,053688049316e+01
  5,913968086243e-01;  4,272371673584e+01
  6,021801233292e-01;  4,440842819214e+01
  6,123782992363e-01;  4,607961273193e+01
  6,228621006012e-01;  4,769097900391e+01
  6,314163208008e-01;  4,892795181274e+01
  6,354008316994e-01;  4,906835937500e+01
  6,359441876411e-01;  4,738742446899e+01
  6,134650111198e-01;  4,258959579468e+01
  5,939045548439e-01;  4,055896377563e+01
  5,763433575630e-01;  3,836282730103e+01
  5,605097413063e-01;  3,602046203613e+01
  5,461528897285e-01;  3,359228897095e+01
  5,333981513977e-01;  3,128025245667e+01
  5,219879150391e-01;  2,927550697327e+01
  5,116016268730e-01;  2,756094360352e+01
  4,938314557076e-01;  2,479520416260e+01
  4,788824915886e-01;  2,266931533813e+01
  4,665039777756e-01;  2,097810745239e+01
  4,555743634701e-01;  1,960736465454e+01
  4,415727555752e-01;  1,796805953979e+01
  4,301137626171e-01;  1,666906738281e+01
  4,172058105469e-01;  1,533561992645e+01
  4,052940011024e-01;  1,410971355438e+01
  3,942111432552e-01;  1,307133293152e+01
  3,839920759201e-01;  1,214066886902e+01
  3,755075335503e-01;  1,141313648224e+01
  3,696700334549e-01;  1,094837951660e+01
  3,658944964409e-01;  1,067738533020e+01
  3,644246757030e-01;  1,203650093079e+01
  3,890145421028e-01;  1,555938720703e+01
  4,080943167210e-01;  1,713982963562e+01
  4,257878959179e-01;  1,889711380005e+01
  4,425410330296e-01;  2,082126045227e+01
  4,581308662891e-01;  2,286539840698e+01
  4,725922346115e-01;  2,489113426208e+01
  4,856952130795e-01;  2,678153800964e+01
  4,977672398090e-01;  2,854221916199e+01
  5,090381503105e-01;  3,018736839294e+01
  5,194035172462e-01;  3,171870803833e+01
  5,383231043816e-01;  3,448055648804e+01
  5,541706681252e-01;  3,687597274780e+01
  5,677403807640e-01;  3,893476104736e+01
  5,787535905838e-01;  4,069887161255e+01
  5,922745466232e-01;  4,285596466064e+01
  6,028628349304e-01;  4,451540374756e+01
  6,149348616600e-01;  4,648870086670e+01
  6,254743337631e-01;  4,809288406372e+01
  6,324611902237e-01;  4,905822372437e+01
  6,360138654709e-01;  4,738439559937e+01
  6,135555505753e-01;  4,259045791626e+01
  5,939881801605e-01;  4,055971145630e+01
  5,764339566231e-01;  3,836277389526e+01
  5,605933070183e-01;  3,602168655396e+01
  5,462782382965e-01;  3,359495162964e+01
  5,335026383400e-01;  3,128436660767e+01
  5,220506191254e-01;  2,927987289429e+01
  5,117061734200e-01;  2,756681060791e+01
  4,939220249653e-01;  2,480013847351e+01
  4,789591133595e-01;  2,267395210266e+01
  4,665875732899e-01;  2,098368644714e+01
  4,556858241558e-01;  1,961232185364e+01
  4,416284859180e-01;  1,797367477417e+01
  4,301694929600e-01;  1,667234230042e+01
  4,172615408897e-01;  1,533829212189e+01
  4,053567051888e-01;  1,410779285431e+01
  3,942668735981e-01;  1,306849098206e+01
  3,840408325195e-01;  1,214225387573e+01
  3,755980730057e-01;  1,141632652283e+01
  3,697257637978e-01;  1,094754219055e+01
  3,659780621529e-01;  1,067232418060e+01
  3,646197021008e-01;  1,258892250061e+01
  3,814425170422e-01;  1,498707580566e+01
  4,009124040604e-01;  1,649296188354e+01
  4,191005527973e-01;  1,818194961548e+01
  4,360975325108e-01;  2,004048156738e+01
  4,523561000824e-01;  2,204670524597e+01
  4,671727120876e-01;  2,409794807434e+01
  4,808678030968e-01;  2,604702186584e+01
  4,931836426258e-01;  2,785758781433e+01
  5,048237442970e-01;  2,954775619507e+01
  5,154468417168e-01;  3,112288665771e+01
  5,349028110504e-01;  3,396266937256e+01
  5,514191389084e-01;  3,642917633057e+01
  5,653719902039e-01;  3,855502700806e+01
  5,769076347351e-01;  4,037121582031e+01
  5,908046960831e-01;  4,260179138184e+01
  6,017970442772e-01;  4,431594085693e+01
  6,121484637260e-01;  4,601923370361e+01
  6,227367520332e-01;  4,765597915649e+01
  6,314511299133e-01;  4,891185760498e+01
  6,354705095291e-01;  4,920716094971e+01
  6,362925171852e-01;  4,661979293823e+01
  6,214340925217e-01;  4,336012268066e+01
  6,017621755600e-01;  4,140397262573e+01
  5,834347009659e-01;  3,927285385132e+01
  5,668975114822e-01;  3,698508453369e+01
  5,519833564758e-01;  3,457637023926e+01
  5,385599732399e-01;  3,218656158447e+01
  5,266411900520e-01;  3,004983139038e+01
  5,159066319466e-01;  2,822633743286e+01
  4,973005354404e-01;  2,529258346558e+01
  4,819057285786e-01;  2,305568313599e+01
  4,690326154232e-01;  2,128784942627e+01
  4,578801095486e-01;  1,986170005798e+01
  4,478630423546e-01;  1,868332672119e+01
  4,355332851410e-01;  1,724003791809e+01
  4,248683750629e-01;  1,609082984924e+01
  4,132700264454e-01;  1,489576530457e+01
  4,022289812565e-01;  1,379353046417e+01
  3,921213448048e-01;  1,284728336334e+01
  3,816863298416e-01;  1,191726684570e+01
  3,740446567535e-01;  1,127140808105e+01
  3,687992990017e-01;  1,086318206787e+01
  3,653511404991e-01;  1,080441474915e+01
  3,648774623871e-01;  1,278759384155e+01
  3,853574097157e-01;  1,527027225494e+01
  4,047227799892e-01;  1,681347084045e+01
  4,226323068142e-01;  1,853555679321e+01
  4,394760131836e-01;  2,042680358887e+01
  4,554002285004e-01;  2,245384597778e+01
  4,700148105621e-01;  2,449660873413e+01
  4,834800362587e-01;  2,641829109192e+01
  4,956356585026e-01;  2,820452117920e+01
  5,070667862892e-01;  2,987303352356e+01
  5,175575613976e-01;  3,142850303650e+01
  5,367836356163e-01;  3,423188781738e+01
  5,529865026474e-01;  3,666522979736e+01
  5,666955113411e-01;  3,875690460205e+01
  5,779664516449e-01;  4,054333877563e+01
  5,916615128517e-01;  4,273006057739e+01
  6,024587750435e-01;  4,441279983521e+01
  6,126151680946e-01;  4,608854293823e+01
  6,230710744858e-01;  4,769447326660e+01
  6,316392421722e-01;  4,892390060425e+01
  6,355959177017e-01;  4,910617446899e+01
  6,360347867012e-01;  4,618980407715e+01
  6,157637834549e-01;  4,278842163086e+01
  5,960292220116e-01;  4,077677536011e+01
  5,783634781837e-01;  3,859514236450e+01
  5,622999668121e-01;  3,626805877686e+01
  5,478038191795e-01;  3,384341430664e+01
  5,349097847939e-01;  3,150880050659e+01
  5,233463048935e-01;  2,947128486633e+01
  5,128764510155e-01;  2,773141288757e+01
  4,949111938477e-01;  2,492559432983e+01
  4,798646867275e-01;  2,277123069763e+01
  4,673538208008e-01;  2,106166839600e+01
  4,563615322113e-01;  1,967733001709e+01
  4,422345459461e-01;  1,801922035217e+01
  4,307197928429e-01;  1,670939064026e+01
  4,177421927452e-01;  1,536668300629e+01
  4,057607352734e-01;  1,413264083862e+01
  3,946430385113e-01;  1,308457756042e+01
  3,843403756618e-01;  1,215385913849e+01
  3,758418858051e-01;  1,141598987579e+01
  3,699834942818e-01;  1,095030307770e+01
  3,661870658398e-01;  1,067621231079e+01
  3,647241890430e-01;  1,230273246765e+01
  3,763852417469e-01;  1,457160663605e+01
  3,953187465668e-01;  1,601923370361e+01
  4,139039516449e-01;  1,765509605408e+01
  4,312213361263e-01;  1,946320152283e+01
  4,477376639843e-01;  2,143095016479e+01
  4,629443585873e-01;  2,348770141602e+01
  4,770713448524e-01;  2,547847747803e+01
  4,897215366364e-01;  2,732959747314e+01
  5,016124844551e-01;  2,905640411377e+01
  5,125211477280e-01;  3,066703224182e+01
  5,226078629494e-01;  3,216824340820e+01
  5,412139892578e-01;  3,487215423584e+01
  5,566296577454e-01;  3,721294021606e+01
  5,697953701019e-01;  3,922527313232e+01
  5,804741978645e-01;  4,094246292114e+01
  5,937513113022e-01;  4,304066085815e+01
  6,040470004082e-01;  4,465792846680e+01
  6,158404350281e-01;  4,656974792480e+01
  6,261013150215e-01;  4,813912582397e+01
  6,329140067101e-01;  4,907521057129e+01
  6,363621354103e-01;  4,701661300659e+01
  6,078713536263e-01;  4,201016235352e+01
  5,888542532921e-01;  3,992933273315e+01
  5,717945694923e-01;  3,768758010864e+01
  5,564276576042e-01;  3,530759811401e+01
  5,425235629082e-01;  3,288847351074e+01
  5,302286744118e-01;  3,065845489502e+01
  5,191109776497e-01;  2,874604606628e+01
  5,090103149414e-01;  2,710493087769e+01
  4,917764961720e-01;  2,444815826416e+01
  4,771688580513e-01;  2,239468574524e+01
  4,651595354080e-01;  2,075739097595e+01
  4,544319510460e-01;  1,942732810974e+01
  4,407229125500e-01;  1,782937431335e+01
  4,294171631336e-01;  1,655701255798e+01
  4,167321324348e-01;  1,525000000000e+01
  4,050153791904e-01;  1,404543590546e+01
  3,941623866558e-01;  1,302396583557e+01
  3,840617239475e-01;  1,211117744446e+01
  3,757373988628e-01;  1,140038108826e+01
  3,699138462543e-01;  1,093627166748e+01
  3,661870658398e-01;  1,066779136658e+01
  3,649819493294e-01;  1,268499660492e+01
  3,836298286915e-01;  1,512769222260e+01
  4,030370414257e-01;  1,665179443359e+01
  4,210997819901e-01;  1,835717964172e+01
  4,380479753017e-01;  2,023317527771e+01
  4,541254341602e-01;  2,225139236450e+01
  4,688515067101e-01;  2,429944801331e+01
  4,824212193489e-01;  2,623434448242e+01
  4,946255981922e-01;  2,803455352783e+01
  5,061612129211e-01;  2,971521949768e+01
  5,167007446289e-01;  3,128067588806e+01
  5,360382795334e-01;  3,410308456421e+01
  5,523595213890e-01;  3,655127334595e+01
  5,662426948547e-01;  3,865953445435e+01
  5,776042342186e-01;  4,046221160889e+01
  5,914316773415e-01;  4,266894149780e+01
  6,022846102715e-01;  4,437002182007e+01
  6,125316023827e-01;  4,605889129639e+01
  6,230710744858e-01;  4,767803573608e+01
  6,316601037979e-01;  4,891772842407e+01
  6,356655359268e-01;  4,923126602173e+01
  6,364875435829e-01;  4,675157546997e+01
  6,234124302864e-01;  4,354016113281e+01
  6,039913296700e-01;  4,160456085205e+01
  5,853852033615e-01;  3,948767089844e+01
  5,687086582184e-01;  3,721717834473e+01
  5,536621809006e-01;  3,481795501709e+01
  5,401203036308e-01;  3,241743087769e+01
  5,280483365059e-01;  3,024944877625e+01
  5,171744227409e-01;  2,839850997925e+01
  4,984150826931e-01;  2,542763900757e+01
  4,829645454884e-01;  2,316068458557e+01
  4,698615670204e-01;  2,137114524841e+01
  4,586811959743e-01;  1,992944335938e+01
  4,486153721809e-01;  1,873865890503e+01
  4,361741542816e-01;  1,728412246704e+01
  4,254604876041e-01;  1,612694740295e+01
  4,137506783009e-01;  1,492346954346e+01
  4,027166068554e-01;  1,380972194672e+01
  3,925253748894e-01;  1,285595130920e+01
  3,820555210114e-01;  1,191991138458e+01
  3,744417130947e-01;  1,127883434296e+01
  3,691545426846e-01;  1,085725116730e+01
  3,657342791557e-01;  1,086402034760e+01
  3,651769757271e-01;  1,204281425476e+01
  3,897598981857e-01;  1,556911659241e+01
  4,088536202908e-01;  1,715017318726e+01
  4,265193045139e-01;  1,890851402283e+01
  4,432585239410e-01;  2,083470153809e+01
  4,588483870029e-01;  2,288005256653e+01
  4,733027517796e-01;  2,490549087524e+01
  4,863569736481e-01;  2,679825401306e+01
  4,984429478645e-01;  2,856040191650e+01
  5,096790194511e-01;  3,020514488220e+01
  5,199398994446e-01;  3,173758316040e+01
  5,389082431793e-01;  3,450093078613e+01
  5,547419190407e-01;  3,689181518555e+01
  5,682628750801e-01;  3,894971847534e+01
  5,792551636696e-01;  4,070972442627e+01
  5,928109288216e-01;  4,286104583740e+01
  6,033504605293e-01;  4,451780319214e+01
  6,154572963715e-01;  4,648502349854e+01
  6,259410977364e-01;  4,809571075439e+01
  6,329140067101e-01;  4,905386734009e+01
  6,364875435829e-01;  4,714265060425e+01
  6,100168824196e-01;  4,220309066772e+01
  5,908046960831e-01;  4,013751602173e+01
  5,735709071159e-01;  3,791161727905e+01
  5,580507516861e-01;  3,554524230957e+01
  5,440073609352e-01;  3,312260437012e+01
  5,315521955490e-01;  3,086369132996e+01
  5,203857421875e-01;  2,892156600952e+01
  5,101945400238e-01;  2,725624656677e+01
  4,927865862846e-01;  2,456611824036e+01
  4,780674874783e-01;  2,248820495605e+01
  4,659257829189e-01;  2,083065986633e+01
  4,551285505295e-01;  1,948401451111e+01
  4,413150250912e-01;  1,786896514893e+01
  4,300092756748e-01;  1,658701705933e+01
  4,172406494617e-01;  1,527321910858e+01
  4,054820835590e-01;  1,406223678589e+01
  3,945803344250e-01;  1,302837753296e+01
  3,844587802887e-01;  1,211676406860e+01
  3,761135637760e-01;  1,139951229095e+01
  3,703317940235e-01;  1,093492698669e+01
  3,666050136089e-01;  1,066968727112e+01
  3,651769757271e-01;  1,239341259003e+01
  3,784541189671e-01;  1,470557212830e+01
  3,976871669292e-01;  1,617350578308e+01
  4,161191284657e-01;  1,782790565491e+01
  4,333250522614e-01;  1,965210342407e+01
  4,497368931770e-01;  2,163622474670e+01
  4,648391008377e-01;  2,369385910034e+01
  4,788476824760e-01;  2,567227363586e+01
  4,913237094879e-01;  2,751208877563e+01
  5,031101107597e-01;  2,922902297974e+01
  5,139143466949e-01;  3,082842445374e+01
  5,239802002907e-01;  3,231996154785e+01
  5,424469709396e-01;  3,500702667236e+01
  5,577303171158e-01;  3,733136749268e+01
  5,707566738129e-01;  3,932932662964e+01
  5,812961459160e-01;  4,103252410889e+01
  5,944827795029e-01;  4,310948944092e+01
  6,046391129494e-01;  4,470751190186e+01
  6,163071393967e-01;  4,660542297363e+01
  6,264843940735e-01;  4,816007232666e+01
  6,331926584244e-01;  4,908303833008e+01
  6,366199254990e-01;  4,701823806763e+01
  6,081569790840e-01;  4,200996017456e+01
  5,891259312630e-01;  3,992724227905e+01
  5,721080899239e-01;  3,768515396118e+01
  5,567411184311e-01;  3,530711364746e+01
  5,428370833397e-01;  3,288816070557e+01
  5,305212140083e-01;  3,065662384033e+01
  5,194592475891e-01;  2,874433517456e+01
  5,093585848808e-01;  2,710395622253e+01
  4,921596348286e-01;  2,444419479370e+01
  4,775450229645e-01;  2,238970947266e+01
  4,654729962349e-01;  2,075190544128e+01
  4,547802507877e-01;  1,941864967346e+01
  4,410712122917e-01;  1,782116699219e+01
  4,298002719879e-01;  1,655207061768e+01
  4,171222150326e-01;  1,524359321594e+01
  4,054333269596e-01;  1,403665256500e+01
  3,945803344250e-01;  1,301531505585e+01
  3,845145106316e-01;  1,210811328888e+01
  3,762041032314e-01;  1,140093994141e+01
  3,704223632813e-01;  1,093479824066e+01
  3,666886091232e-01;  1,066367721558e+01
  3,655461966991e-01;  1,204594993591e+01
  3,900942504406e-01;  1,557617855072e+01
  4,091810286045e-01;  1,715878295898e+01
  4,268467128277e-01;  1,891801834106e+01
  4,435859322548e-01;  2,084392738342e+01
  4,591618478298e-01;  2,288850975037e+01
  4,736022949219e-01;  2,491291236877e+01
  4,866704642773e-01;  2,680612945557e+01
  4,987076520920e-01;  2,856820487976e+01
  5,098880529404e-01;  3,021336746216e+01
  5,201697945595e-01;  3,174540138245e+01
  5,391868948936e-01;  3,450712585449e+01
  5,550414323807e-01;  3,689929962158e+01
  5,685066580772e-01;  3,895836639404e+01
  5,794501900673e-01;  4,071725082397e+01
  5,930338501930e-01;  4,286550140381e+01
  6,035594344139e-01;  4,452405166626e+01
  6,135764718056e-01;  4,616911697388e+01
  6,238025426865e-01;  4,774683380127e+01
  6,320919990540e-01;  4,894072723389e+01
  6,360138654709e-01;  4,897309875488e+01
  6,365711092949e-01;  4,714524459839e+01
  6,101213693619e-01;  4,220724487305e+01
  5,909440517426e-01;  4,014168548584e+01
  5,737102627754e-01;  3,791394805908e+01
  5,581900477409e-01;  3,554761886597e+01
  5,441814661026e-01;  3,312280273438e+01
  5,317054390907e-01;  3,086247253418e+01
  5,204902291298e-01;  2,891983032227e+01
  5,103129744530e-01;  2,725454902649e+01
  4,929258823395e-01;  2,455991554260e+01
  4,781928658485e-01;  2,248243713379e+01
  4,660511910915e-01;  2,082745933533e+01
  4,553026854992e-01;  1,948266410828e+01
  4,414543509483e-01;  1,787110710144e+01
  4,301834106445e-01;  1,659078216553e+01
  4,174147844315e-01;  1,527453708649e+01
  4,056562483311e-01;  1,405785083771e+01
  3,947544991970e-01;  1,302170276642e+01
  3,846677839756e-01;  1,211038780212e+01
  3,763225376606e-01;  1,139485073090e+01
  3,706104457378e-01;  1,093645572662e+01
  3,668836653233e-01;  1,066319942474e+01
  3,656994402409e-01;  1,204589748383e+01
  3,902684152126e-01;  1,557392215729e+01
  4,093412458897e-01;  1,715553474426e+01
  4,270069301128e-01;  1,891458892822e+01
  4,437252581120e-01;  2,083946990967e+01
  4,593359827995e-01;  2,288534927368e+01
  4,737555384636e-01;  2,491132926941e+01
  4,868237078190e-01;  2,680589866638e+01
  4,988608956337e-01;  2,856871604919e+01
  5,100691318512e-01;  3,021467781067e+01
  5,203230381012e-01;  3,174879837036e+01
  5,393471121788e-01;  3,451256179810e+01
  5,551946759224e-01;  3,690633392334e+01
  5,686459541321e-01;  3,896484756470e+01
  5,796243548393e-01;  4,072441482544e+01
  5,931591987610e-01;  4,287445068359e+01
  6,036778092384e-01;  4,453157424927e+01
  6,157707571983e-01;  4,649492263794e+01
  6,262196898460e-01;  4,810084533691e+01
  6,331577897072e-01;  4,905901718140e+01
  6,366756558418e-01;  4,751054763794e+01
  6,365572214127e-01;  4,619607543945e+01
  6,163210868835e-01;  4,279518127441e+01
  5,966213345528e-01;  4,078560256958e+01
  5,789347290993e-01;  3,860478210449e+01
  5,628920793533e-01;  3,627621841431e+01
  5,484167933464e-01;  3,385197448730e+01
  5,355088710785e-01;  3,151651573181e+01
  5,239174962044e-01;  2,947715950012e+01
  5,135033726692e-01;  2,773371124268e+01
  4,954893589020e-01;  2,492275810242e+01
  4,804359078407e-01;  2,276332473755e+01
  4,679459333420e-01;  2,105188179016e+01
  4,570232927799e-01;  1,966654014587e+01
  4,428963065147e-01;  1,801473999023e+01
  4,314024448395e-01;  1,670499992371e+01
  4,184805750847e-01;  1,536104583740e+01
  4,065130352974e-01;  1,412585258484e+01
  3,953953683376e-01;  1,307229614258e+01
  3,851205706596e-01;  1,214549922943e+01
  3,766359984875e-01;  1,141408920288e+01
  3,708403110504e-01;  1,094760513306e+01
  3,670578002930e-01;  1,066696071625e+01
  3,658735752106e-01;  1,269194316864e+01
  3,845005929470e-01;  1,513587951660e+01
  4,038938581944e-01;  1,666324806213e+01
  4,219565987587e-01;  1,837182617188e+01
  4,388839006424e-01;  2,025032997131e+01
  4,549265205860e-01;  2,227026367188e+01
  4,696317017078e-01;  2,431928062439e+01
  4,832014143467e-01;  2,625628089905e+01
  4,954266846180e-01;  2,805603790283e+01
  5,069414377213e-01;  2,973616218567e+01
  5,174321532249e-01;  3,130161666870e+01
  5,368045568466e-01;  3,412334823608e+01
  5,530909895897e-01;  3,656964492798e+01
  5,668696761131e-01;  3,867810058594e+01
  5,782102346420e-01;  4,048117828369e+01
  5,920446515083e-01;  4,268796157837e+01
  6,028419137001e-01;  4,438252258301e+01
  6,130540370941e-01;  4,606421279907e+01
  6,236074566841e-01;  4,768655014038e+01
  6,320919990540e-01;  4,892462539673e+01
  6,361183524132e-01;  4,923538589478e+01
  6,368846297264e-01;  4,675724411011e+01
  6,238721609116e-01;  4,354711914063e+01
  6,044301390648e-01;  4,161027526855e+01
  5,858728289604e-01;  3,949442672729e+01
  5,691823363304e-01;  3,722286224365e+01
  5,541288852692e-01;  3,482433700562e+01
  5,405591726303e-01;  3,242181015015e+01
  5,285150408745e-01;  3,025287055969e+01
  5,176620483398e-01;  2,840093612671e+01
  4,989235997200e-01;  2,542577362061e+01
  4,834661185741e-01;  2,315902137756e+01
  4,703352451324e-01;  2,137019729614e+01
  4,591688215733e-01;  1,992885208130e+01
  4,446378052235e-01;  1,821860313416e+01
  4,329837262630e-01;  1,686659431458e+01
  4,227994978428e-01;  1,579156589508e+01
  4,118907749653e-01;  1,466163158417e+01
  4,013582170010e-01;  1,362366867065e+01
  3,903589546680e-01;  1,260285091400e+01
  3,800562918186e-01;  1,169015312195e+01
  3,732575178146e-01;  1,112874507904e+01
  3,686251342297e-01;  1,077099037170e+01
  3,658735752106e-01;  1,230784702301e+01
  3,774649500847e-01;  1,458111763000e+01
  3,963984549046e-01;  1,603111076355e+01
  4,150045514107e-01;  1,766903305054e+01
  4,322662353516e-01;  1,947747039795e+01
  4,487964808941e-01;  2,144733428955e+01
  4,639683663845e-01;  2,350487709045e+01
  4,780814051628e-01;  2,549697685242e+01
  4,906898140907e-01;  2,734867668152e+01
  5,025389194489e-01;  2,907620048523e+01
  5,134058594704e-01;  3,068654823303e+01
  5,235134363174e-01;  3,218848800659e+01
  5,421195626259e-01;  3,489359283447e+01
  5,575143694878e-01;  3,723650360107e+01
  5,706521868706e-01;  3,925230026245e+01
  5,812404751778e-01;  4,096989059448e+01
  5,945385098457e-01;  4,306446075439e+01
  6,047227382660e-01;  4,467909622192e+01
  6,165021657944e-01;  4,658683776855e+01
  6,266933679581e-01;  4,815041351318e+01
  6,334155797958e-01;  4,908385086060e+01
  6,368149518967e-01;  4,714398193359e+01
  6,104000210762e-01;  4,220602035522e+01
  5,912227034569e-01;  4,014070892334e+01
  5,740097761154e-01;  3,791258621216e+01
  5,585035085678e-01;  3,554577255249e+01
  5,444740653038e-01;  3,312308502197e+01
  5,320398211479e-01;  3,086476516724e+01
  5,208036899567e-01;  2,892257690430e+01
  5,106612443924e-01;  2,725674057007e+01
  4,932602643967e-01;  2,456232070923e+01
  4,785551130772e-01;  2,248623466492e+01
  4,663437604904e-01;  2,083238220215e+01
  4,556300938129e-01;  1,948532104492e+01
  4,418026506901e-01;  1,787402343750e+01
  4,305317103863e-01;  1,659589958191e+01
  4,177630841732e-01;  1,527900886536e+01
  4,059836268425e-01;  1,406054115295e+01
  3,950679600239e-01;  1,303175067902e+01
  3,849115669727e-01;  1,211205196381e+01
  3,765872418880e-01;  1,139564609528e+01
  3,708890974522e-01;  1,093555927277e+01
  3,671274483204e-01;  1,066524600983e+01
  3,657690882683e-01;  1,249193382263e+01
  3,808016479015e-01;  1,485167026520e+01
  4,001670479774e-01;  1,633895683289e+01
  4,184527099133e-01;  1,801010704041e+01
  4,355541765690e-01;  1,985455131531e+01
  4,518406093121e-01;  2,185165405273e+01
  4,667756557465e-01;  2,390874290466e+01
  4,806239902973e-01;  2,587317085266e+01
  4,930443167686e-01;  2,769807624817e+01
  5,047192573547e-01;  2,940142822266e+01
  5,154120326042e-01;  3,098838806152e+01
  5,254430174828e-01;  3,246848297119e+01
  5,437356829643e-01;  3,513711929321e+01
  5,588726997375e-01;  3,744380569458e+01
  5,717458128929e-01;  3,942759323120e+01
  5,821321010590e-01;  4,111667633057e+01
  5,952489972115e-01;  4,317542266846e+01
  6,052660942078e-01;  4,476223754883e+01
  6,168992519379e-01;  4,664200973511e+01
  6,269232630730e-01;  4,818002700806e+01
  6,335409283638e-01;  4,908485412598e+01
  6,369542479515e-01;  4,689001083374e+01
  6,256067156792e-01;  4,373216247559e+01
  6,064851284027e-01;  4,181643295288e+01
  5,876979231834e-01;  3,971840667725e+01
  5,708541870117e-01;  3,746157073975e+01
  5,556265711784e-01;  3,507216262817e+01
  5,418966412544e-01;  3,266043090820e+01
  5,297340750694e-01;  3,045918846130e+01
  5,187975168228e-01;  2,857637023926e+01
  5,087595582008e-01;  2,695842170715e+01
  4,917068481445e-01;  2,433487319946e+01
  4,772455096245e-01;  2,230403709412e+01
  4,652640223503e-01;  2,068382644653e+01
  4,546409249306e-01;  1,936334037781e+01
  4,410015642643e-01;  1,777642822266e+01
  4,298211932182e-01;  1,651351165771e+01
  4,172754585743e-01;  1,521618175507e+01
  4,056214094162e-01;  1,402199459076e+01
  3,948032557964e-01;  1,300356388092e+01
  3,847722709179e-01;  1,209068107605e+01
  3,765524029732e-01;  1,138814163208e+01
  3,708194196224e-01;  1,092975616455e+01
  3,670926392078e-01;  1,066033840179e+01
  3,660756051540e-01;  1,279320907593e+01
  3,865207135677e-01;  1,528010463715e+01
  4,058791399002e-01;  1,682530784607e+01
  4,237329363823e-01;  1,854898834229e+01
  4,406462907791e-01;  2,044397163391e+01
  4,565286934376e-01;  2,247512817383e+01
  4,711572527885e-01;  2,451976394653e+01
  4,845249354839e-01;  2,644185447693e+01
  4,967014491558e-01;  2,822857856750e+01
  5,081117153168e-01;  2,989495849609e+01
  5,185676217079e-01;  3,144902420044e+01
  5,377240180969e-01;  3,425221633911e+01
  5,538781285286e-01;  3,668130874634e+01
  5,675662755966e-01;  3,877049636841e+01
  5,787535905838e-01;  4,055850982666e+01
  5,924765467644e-01;  4,274598693848e+01
  6,032111048698e-01;  4,442851257324e+01
  6,134023070335e-01;  4,609761047363e+01
  6,237676739693e-01;  4,770405578613e+01
  6,322522163391e-01;  4,893070220947e+01
  6,361880302429e-01;  4,927626419067e+01
  6,370239257813e-01;  4,702376556396e+01
  6,086445450783e-01;  4,201755142212e+01
  5,895996093750e-01;  3,993578338623e+01
  5,725399255753e-01;  3,769449234009e+01
  5,571939349174e-01;  3,531790161133e+01
  5,433107614517e-01;  3,289867401123e+01
  5,310088396072e-01;  3,066684532166e+01
  5,199468731880e-01;  2,875430870056e+01
  5,098253488541e-01;  2,711153030396e+01
  4,925985038280e-01;  2,445291328430e+01
  4,780117571354e-01;  2,239968299866e+01
  4,659467041492e-01;  2,076216697693e+01
  4,552678763866e-01;  1,942955970764e+01
  4,415379464626e-01;  1,783016967773e+01
  4,302878975868e-01;  1,655860900879e+01
  4,176237583160e-01;  1,524926090240e+01
  4,059209525585e-01;  1,404337310791e+01
  3,950331211090e-01;  1,301386642456e+01
  3,849603533745e-01;  1,210451889038e+01
  3,766569197178e-01;  1,139078330994e+01
  3,709587454796e-01;  1,093380260468e+01
  3,671831786633e-01;  1,066307258606e+01
  3,660477399826e-01;  1,204749011993e+01
  3,906167149544e-01;  1,557986927032e+01
  4,096686244011e-01;  1,716417503357e+01
  4,273203909397e-01;  1,892283058167e+01
  4,440526664257e-01;  2,084900665283e+01
  4,596494734287e-01;  2,289416694641e+01
  4,740690290928e-01;  2,492089080811e+01
  4,870884120464e-01;  2,681400108337e+01
  4,991534650326e-01;  2,857672500610e+01
  5,103268623352e-01;  3,022232818604e+01
  5,206364989281e-01;  3,175467109680e+01
  5,396048426628e-01;  3,451464080811e+01
  5,554245710373e-01;  3,690620040894e+01
  5,688758492470e-01;  3,896580886841e+01
  5,798333287239e-01;  4,072673416138e+01
  5,934169888496e-01;  4,287672042847e+01
  6,039077043533e-01;  4,453306961060e+01
  6,160145401955e-01;  4,650078582764e+01
  6,263799071312e-01;  4,809881591797e+01
  6,333667635918e-01;  4,905298614502e+01
  6,368637084961e-01;  4,761985778809e+01
  6,369054913521e-01;  4,633600616455e+01
  6,185153722763e-01;  4,298087692261e+01
  5,988016724586e-01;  4,098876953125e+01
  5,808921456337e-01;  3,882483291626e+01
  5,646892786026e-01;  3,651095199585e+01
  5,500746965408e-01;  3,409061431885e+01
  5,369856357574e-01;  3,173623657227e+01
  5,254012346268e-01;  2,966516494751e+01
  5,148408412933e-01;  2,789725303650e+01
  4,966387450695e-01;  2,504368019104e+01
  4,815504550934e-01;  2,285959434509e+01
  4,688375592232e-01;  2,112824249268e+01
  4,579149186611e-01;  1,972896957397e+01
  4,436137974262e-01;  1,806288528442e+01
  4,321687221527e-01;  1,674521446228e+01
  4,221655726433e-01;  1,570122337341e+01
  4,115076363087e-01;  1,459520435333e+01
  4,010587036610e-01;  1,357004928589e+01
  3,902266025543e-01;  1,256045532227e+01
  3,801050484180e-01;  1,167052650452e+01
  3,734177350998e-01;  1,111413860321e+01
  3,688201904297e-01;  1,076511096954e+01
  3,660477399826e-01;  1,230174541473e+01
  3,676359653473e-01;  1,332841491699e+01
  3,776739239693e-01;  1,457444667816e+01
  3,966074287891e-01;  1,602482604980e+01
  4,152135550976e-01;  1,766186904907e+01
  4,324891567230e-01;  1,947354125977e+01
  4,490054547787e-01;  2,144466781616e+01
  4,641633927822e-01;  2,350222587585e+01
  4,782694876194e-01;  2,549493598938e+01
  4,908848702908e-01;  2,734764862061e+01
  5,027478933334e-01;  2,907493591309e+01
  5,136008858681e-01;  3,068628501892e+01
  5,237224698067e-01;  3,218835830688e+01
  5,423215627670e-01;  3,489485931396e+01
  5,577093958855e-01;  3,723669052124e+01
  5,708054304123e-01;  3,925095748901e+01
  5,814006924629e-01;  4,097049713135e+01
  5,947056412697e-01;  4,306310272217e+01
  6,048969030380e-01;  4,467417907715e+01
  6,167111396790e-01;  4,658809661865e+01
  6,268327236176e-01;  4,815232849121e+01
  6,335896849632e-01;  4,907612991333e+01
  6,370239257813e-01;  4,739349746704e+01
  6,147049665451e-01;  4,260530090332e+01
  5,951584577560e-01;  4,057705688477e+01
  5,776111483574e-01;  3,838164901733e+01
  5,617635846138e-01;  3,604153442383e+01
  5,474764108658e-01;  3,361455917358e+01
  5,347008109093e-01;  3,130078315735e+01
  5,232766270638e-01;  2,929342842102e+01
  5,128973126411e-01;  2,757745742798e+01
  4,951201677322e-01;  2,480394363403e+01
  4,802269339561e-01;  2,267103958130e+01
  4,677717685699e-01;  2,097685050964e+01
  4,569396972656e-01;  1,960725784302e+01
  4,429032802582e-01;  1,796786689758e+01
  4,315208792686e-01;  1,667107582092e+01
  4,186547398567e-01;  1,533872032166e+01
  4,067011177540e-01;  1,410644531250e+01
  3,956949114799e-01;  1,305623817444e+01
  3,854340314865e-01;  1,212168884277e+01
  3,770539760590e-01;  1,140160369873e+01
  3,713766932487e-01;  1,094050979614e+01
  3,675454258919e-01;  1,066142177582e+01
  3,665283918381e-01;  1,279711914063e+01
  3,869943916798e-01;  1,528589725494e+01
  4,063319265842e-01;  1,683298301697e+01
  4,241996407509e-01;  1,855834960938e+01
  4,411130249500e-01;  2,045242309570e+01
  4,569675624371e-01;  2,248366928101e+01
  4,715821743011e-01;  2,452719306946e+01
  4,849428832531e-01;  2,644926452637e+01
  4,971542358398e-01;  2,823554801941e+01
  5,085644721985e-01;  2,990388679504e+01
  5,189995169640e-01;  3,145944404602e+01
  5,381768345833e-01;  3,426061630249e+01
  5,542612671852e-01;  3,669066238403e+01
  5,679563283920e-01;  3,878077697754e+01
  5,791019201279e-01;  4,057054138184e+01
  5,928457379341e-01;  4,275510787964e+01
  6,035385131836e-01;  4,443424224854e+01
  6,136739850044e-01;  4,610404205322e+01
  6,240950822830e-01;  4,771935653687e+01
  6,324751377106e-01;  4,892949295044e+01
  6,364178657532e-01;  4,917549514771e+01
  6,371005773544e-01;  4,647993087769e+01
  6,205633282661e-01;  4,317346572876e+01
  6,008357405663e-01;  4,119993591309e+01
  5,827520489693e-01;  3,905276489258e+01
  5,663750767708e-01;  3,675371932983e+01
  5,516420602798e-01;  3,433949279785e+01
  5,384136438370e-01;  3,196538352966e+01
  5,266411900520e-01;  2,986229705811e+01
  5,159763097763e-01;  2,806727600098e+01
  4,976139962673e-01;  2,517394638062e+01
  4,823724627495e-01;  2,296287345886e+01
  4,695341587067e-01;  2,120940017700e+01
  4,585418701172e-01;  1,979687690735e+01
  4,441501796246e-01;  1,811103820801e+01
  4,326841831207e-01;  1,678456497192e+01
  4,225904941559e-01;  1,572802925110e+01
  4,118211269379e-01;  1,461496925354e+01
  4,014070034027e-01;  1,358755016327e+01
  3,905191719532e-01;  1,257411766052e+01
  3,803488612175e-01;  1,167160224915e+01
  3,736406266689e-01;  1,111043167114e+01
  3,690431118011e-01;  1,075931549072e+01
  3,663751482964e-01;  1,249789142609e+01
  3,814285993576e-01;  1,486029434204e+01
  4,007730782032e-01;  1,635021972656e+01
  4,190796613693e-01;  1,802362060547e+01
  4,361810982227e-01;  1,986891555786e+01
  4,524745047092e-01;  2,186785507202e+01
  4,673816859722e-01;  2,392662429810e+01
  4,812161028385e-01;  2,589182853699e+01
  4,935806989670e-01;  2,771771812439e+01
  5,052905082703e-01;  2,942063331604e+01
  5,159901976585e-01;  3,100710105896e+01
  5,260003209114e-01;  3,248734664917e+01
  5,442093610764e-01;  3,515218353271e+01
  5,593603253365e-01;  3,745531082153e+01
  5,721846818924e-01;  3,943579483032e+01
  5,825639963150e-01;  4,112490844727e+01
  5,957157015800e-01;  4,318265533447e+01
  6,083659529686e-01;  4,521738433838e+01
  6,191701292992e-01;  4,693666839600e+01
  6,298977136612e-01;  4,856957244873e+01
  6,351222395897e-01;  4,921955871582e+01
  6,372468471527e-01;  4,715081405640e+01
  6,108736991882e-01;  4,221680450439e+01
  5,916545987129e-01;  4,015246963501e+01
  5,744764804840e-01;  3,792631912231e+01
  5,589563250542e-01;  3,555890274048e+01
  5,449337959290e-01;  3,313461685181e+01
  5,324786901474e-01;  3,087379455566e+01
  5,212913155556e-01;  2,892914009094e+01
  5,111140608788e-01;  2,726204681396e+01
  4,936921596527e-01;  2,456520271301e+01
  4,790078997612e-01;  2,248528862000e+01
  4,668313860893e-01;  2,082706260681e+01
  4,561037719250e-01;  1,948113822937e+01
  4,422554373741e-01;  1,787027359009e+01
  4,309984147549e-01;  1,658913421631e+01
  4,182855486870e-01;  1,527366256714e+01
  4,064921438694e-01;  1,405654048920e+01
  3,956043422222e-01;  1,302332019806e+01
  3,854827880859e-01;  1,210818767548e+01
  3,771793544292e-01;  1,138921070099e+01
  3,715229928493e-01;  1,093131542206e+01
  3,677404522896e-01;  1,065756893158e+01
  3,666537702084e-01;  1,240522670746e+01
  3,799657523632e-01;  1,472558975220e+01
  3,991500139236e-01;  1,619690322876e+01
  4,175958931446e-01;  1,785439682007e+01
  4,347879290581e-01;  1,968323898315e+01
  4,511788487434e-01;  2,166966629028e+01
  4,662183821201e-01;  2,372919654846e+01
  4,801712036133e-01;  2,570828056335e+01
  4,926611781120e-01;  2,754785156250e+01
  5,044406652451e-01;  2,926442909241e+01
  5,151891112328e-01;  3,086354446411e+01
  5,252340435982e-01;  3,235459899902e+01
  5,436520576477e-01;  3,503923797607e+01
  5,588866472244e-01;  3,736165618896e+01
  5,718364119530e-01;  3,936003494263e+01
  5,823062658310e-01;  4,106150817871e+01
  5,954928398132e-01;  4,313538360596e+01
  6,055656075478e-01;  4,473296737671e+01
  6,172336339951e-01;  4,662337875366e+01
  6,273064017296e-01;  4,817717361450e+01
  6,339170932770e-01;  4,908183288574e+01
  6,373373866081e-01;  4,727260589600e+01
  6,129983067513e-01;  4,240961456299e+01
  5,936120152473e-01;  4,036233139038e+01
  5,762388706207e-01;  3,814992141724e+01
  5,605584979057e-01;  3,579650115967e+01
  5,463966727257e-01;  3,336907196045e+01
  5,338022112846e-01;  3,108031463623e+01
  5,225103497505e-01;  2,910374832153e+01
  5,122843384743e-01;  2,741203689575e+01
  4,946534633636e-01;  2,467810821533e+01
  4,798437952995e-01;  2,257257652283e+01
  4,675279557705e-01;  2,089756584167e+01
  4,567794799805e-01;  1,953998565674e+01
  4,428475499153e-01;  1,791501045227e+01
  4,315417706966e-01;  1,662816429138e+01
  4,187383353710e-01;  1,530056476593e+01
  4,068613350391e-01;  1,407839393616e+01
  3,959386944771e-01;  1,304590892792e+01
  3,857196271420e-01;  1,211650466919e+01
  3,774022758007e-01;  1,139435386658e+01
  3,716901838779e-01;  1,093538761139e+01
  3,679285347462e-01;  1,065768146515e+01
  3,668975830078e-01;  1,279600334167e+01
  3,873636126518e-01;  1,528525543213e+01
  4,066941738129e-01;  1,683197593689e+01
  4,245827794075e-01;  1,855838394165e+01
  4,414613246918e-01;  2,045555877686e+01
  4,573297798634e-01;  2,248735237122e+01
  4,719304740429e-01;  2,453206443787e+01
  4,852772653103e-01;  2,645343017578e+01
  4,975025355816e-01;  2,824028015137e+01
  5,088640451431e-01;  2,990786361694e+01
  5,192781686783e-01;  3,146435356140e+01
  5,384554862976e-01;  3,426649856567e+01
  5,545886754990e-01;  3,669677734375e+01
  5,682628750801e-01;  3,878912734985e+01
  5,793944597244e-01;  4,057799530029e+01
  5,931591987610e-01;  4,276355743408e+01
  6,038171648979e-01;  4,444513702393e+01
  6,139386892319e-01;  4,611405563354e+01
  6,242901086807e-01;  4,771926879883e+01
  6,327189803123e-01;  4,892797851563e+01
  6,366756558418e-01;  4,917942810059e+01
  6,373373866081e-01;  4,647984695435e+01
  6,207792758942e-01;  4,317129898071e+01
  6,011004447937e-01;  4,119551086426e+01
  5,829610228539e-01;  3,904622650146e+01
  5,665840506554e-01;  3,674544906616e+01
  5,518649816513e-01;  3,432990646362e+01
  5,386435389519e-01;  3,195479011536e+01
  5,268641114235e-01;  2,984838867188e+01
  5,162410140038e-01;  2,805100059509e+01
  4,978926181793e-01;  2,516090774536e+01
  4,826789498329e-01;  2,295205497742e+01
  4,698267281055e-01;  2,120533752441e+01
  4,588692784309e-01;  1,979333877563e+01
  4,445054531097e-01;  1,811199188232e+01
  4,330046176910e-01;  1,678248596191e+01
  4,229387938976e-01;  1,572448062897e+01
  4,121903181076e-01;  1,461268711090e+01
  4,017901122570e-01;  1,358550548553e+01
  3,909232020378e-01;  1,257405281067e+01
  3,807250261307e-01;  1,167430210114e+01
  3,740307390690e-01;  1,111373043060e+01
  3,694053292274e-01;  1,075834369659e+01
  3,669533133507e-01;  1,196565532684e+01
  3,672249913216e-01;  1,290257167816e+01
  3,895021378994e-01;  1,543488311768e+01
  4,087142944336e-01;  1,700109863281e+01
  4,264705479145e-01;  1,874475288391e+01
  4,432724714279e-01;  2,065805053711e+01
  4,589528739452e-01;  2,269874763489e+01
  4,735186994076e-01;  2,473542594910e+01
  4,866565167904e-01;  2,664446830750e+01
  4,988260567188e-01;  2,842133331299e+01
  5,101040005684e-01;  3,007755851746e+01
  5,203927159309e-01;  3,162352943420e+01
  5,394655466080e-01;  3,440581130981e+01
  5,554245710373e-01;  3,681570434570e+01
  5,689803361893e-01;  3,889030456543e+01
  5,799935460091e-01;  4,065987014771e+01
  5,936259627342e-01;  4,282596206665e+01
  6,042003035545e-01;  4,449485015869e+01
  6,142591238022e-01;  4,615071868896e+01
  6,245687603951e-01;  4,774739074707e+01
  6,328095197678e-01;  4,893411254883e+01
  6,367801427841e-01;  4,917993164063e+01
  6,374279260635e-01;  4,648591613770e+01
  6,209116578102e-01;  4,318147277832e+01
  6,011840105057e-01;  4,120714950562e+01
  5,830516219139e-01;  3,905886459351e+01
  5,667094588280e-01;  3,675820541382e+01
  5,519415736198e-01;  3,434303283691e+01
  5,387132167816e-01;  3,196769142151e+01
  5,269685983658e-01;  2,986170005798e+01
  5,163245797157e-01;  2,806504249573e+01
  4,979622960091e-01;  2,517139625549e+01
  4,827346801758e-01;  2,295773506165e+01
  4,698964059353e-01;  2,120846557617e+01
  4,589250087738e-01;  1,979651832581e+01
  4,445542097092e-01;  1,811370658875e+01
  4,330394566059e-01;  1,678790283203e+01
  4,229875504971e-01;  1,572848701477e+01
  4,121903181076e-01;  1,461469173431e+01
  4,017901122570e-01;  1,358806705475e+01
  3,909232020378e-01;  1,257679080963e+01
  3,807319998741e-01;  1,167297649384e+01
  3,740586042404e-01;  1,111086940765e+01
  3,694471418858e-01;  1,075387668610e+01
  3,669881522655e-01;  1,204775047302e+01
  3,915362060070e-01;  1,558423614502e+01
  4,106299281120e-01;  1,716916847229e+01
  4,282468855381e-01;  1,893033599854e+01
  4,450139701366e-01;  2,085889053345e+01
  4,605410993099e-01;  2,290501976013e+01
  4,749676287174e-01;  2,493104743958e+01
  4,879591464996e-01;  2,682465934753e+01
  5,000311732292e-01;  2,858741950989e+01
  5,112185478210e-01;  3,023248481750e+01
  5,214375853539e-01;  3,176630592346e+01
  5,403919816017e-01;  3,453063583374e+01
  5,562256574631e-01;  3,692234802246e+01
  5,696769356728e-01;  3,898563385010e+01
  5,805299282074e-01;  4,074502944946e+01
  5,941344499588e-01;  4,288977050781e+01
  6,045694947243e-01;  4,454294204712e+01
  6,166206002235e-01;  4,650635910034e+01
  6,270556449890e-01;  4,811468505859e+01
  6,339240670204e-01;  4,906062698364e+01
  6,373721957207e-01;  4,785082244873e+01
  6,375812292099e-01;  4,662665176392e+01
  6,228621006012e-01;  4,337050247192e+01
  6,032807826996e-01;  4,141580963135e+01
  5,849463343620e-01;  3,928289794922e+01
  5,684161186218e-01;  3,699691009521e+01
  5,535159111023e-01;  3,459008407593e+01
  5,401203036308e-01;  3,220037078857e+01
  5,282085537910e-01;  3,006157302856e+01
  5,174739956856e-01;  2,823463821411e+01
  4,989375174046e-01;  2,529757499695e+01
  4,836263358593e-01;  2,305359077454e+01
  4,705930054188e-01;  2,128416061401e+01
  4,595519304276e-01;  1,985480308533e+01
  4,451114833355e-01;  1,815787506104e+01
  4,335758388042e-01;  1,682642173767e+01
  4,235100150108e-01;  1,575813198090e+01
  4,125873744488e-01;  1,463820838928e+01
  4,021732509136e-01;  1,360435485840e+01
  3,912506103516e-01;  1,258984279633e+01
  3,809967041016e-01;  1,168092632294e+01
  3,743024170399e-01;  1,112078380585e+01
  3,696700334549e-01;  1,076031303406e+01
  3,671065568924e-01;  1,269456291199e+01
  3,857266008854e-01;  1,514248752594e+01
  4,051477313042e-01;  1,667062187195e+01
  4,231756329536e-01;  1,837845993042e+01
  4,401029646397e-01;  2,025753974915e+01
  4,560968279839e-01;  2,228052330017e+01
  4,708298444748e-01;  2,433031082153e+01
  4,843020141125e-01;  2,626605796814e+01
  4,966039359570e-01;  2,806668472290e+01
  5,080977678299e-01;  2,974683952332e+01
  5,185676217079e-01;  3,131241035461e+01
  5,378285050392e-01;  3,413533401489e+01
  5,540661811829e-01;  3,658406829834e+01
  5,678797364235e-01;  3,869307327271e+01
  5,791019201279e-01;  4,049864959717e+01
  5,929989814758e-01;  4,270278930664e+01
  6,037335395813e-01;  4,440105819702e+01
  6,139386892319e-01;  4,608454513550e+01
  6,244085431099e-01;  4,770703506470e+01
  6,328234672546e-01;  4,891964340210e+01
  6,367940306664e-01;  4,923379135132e+01
  6,375812292099e-01;  4,676060104370e+01
  6,245687603951e-01;  4,355127334595e+01
  6,051964163780e-01;  4,161354827881e+01
  5,866947770119e-01;  3,949790191650e+01
  5,699834227562e-01;  3,722628784180e+01
  5,549508929253e-01;  3,482749938965e+01
  5,413951277733e-01;  3,242581176758e+01
  5,293579101563e-01;  3,025462722778e+01
  5,185118913651e-01;  2,840204620361e+01
  4,997873604298e-01;  2,542482948303e+01
  4,843368530273e-01;  2,315657043457e+01
  4,711920619011e-01;  2,136714744568e+01
  4,601579606533e-01;  1,992335319519e+01
  4,501060843468e-01;  1,873224258423e+01
  4,376370012760e-01;  1,727991485596e+01
  4,270278215408e-01;  1,612115859985e+01
  4,152553379536e-01;  1,491791152954e+01
  4,043326973915e-01;  1,380316925049e+01
  3,941275477409e-01;  1,284245967865e+01
  3,836925327778e-01;  1,190662384033e+01
  3,761692941189e-01;  1,126509952545e+01
  3,709935843945e-01;  1,085782623291e+01
  3,675314784050e-01;  1,121172714233e+01
  3,673503696918e-01;  1,279511833191e+01
  3,878303170204e-01;  1,528455352783e+01
  4,071678519249e-01;  1,683141708374e+01
  4,250355660915e-01;  1,855870819092e+01
  4,419141113758e-01;  2,045442771912e+01
  4,577477574348e-01;  2,248451614380e+01
  4,723623394966e-01;  2,452878379822e+01
  4,857091605663e-01;  2,645225334167e+01
  4,979204833508e-01;  2,824135398865e+01
  5,092750191689e-01;  2,991073036194e+01
  5,196473598480e-01;  3,146697616577e+01
  5,389082431793e-01;  3,427125549316e+01
  5,549717545509e-01;  3,669993209839e+01
  5,686459541321e-01;  3,879572677612e+01
  5,797288417816e-01;  4,058525848389e+01
  5,935075283051e-01;  4,277128219604e+01
  6,041515469551e-01;  4,445499420166e+01
  6,142730712891e-01;  4,612327194214e+01
  6,246036291122e-01;  4,772746658325e+01
  6,329279541969e-01;  4,892601013184e+01
  6,369054913521e-01;  4,920731353760e+01
  6,376717686653e-01;  4,662594985962e+01
  6,229317784309e-01;  4,336960220337e+01
  6,033643484116e-01;  4,141543197632e+01
  5,850717425346e-01;  3,928362274170e+01
  5,684857368469e-01;  3,699813079834e+01
  5,536412596703e-01;  3,458981704712e+01
  5,402109026909e-01;  3,219959640503e+01
  5,283339023590e-01;  3,005925750732e+01
  5,176132917404e-01;  2,823218345642e+01
  4,990420043468e-01;  2,529553985596e+01
  4,837308228016e-01;  2,305287742615e+01
  4,707114100456e-01;  2,128100967407e+01
  4,596912562847e-01;  1,985201644897e+01
  4,452508091927e-01;  1,815441894531e+01
  4,337290823460e-01;  1,681910514832e+01
  4,236493408680e-01;  1,575506591797e+01
  4,127824306488e-01;  1,463878154755e+01
  4,023473858833e-01;  1,360470104218e+01
  3,914456665516e-01;  1,258965587616e+01
  3,811290562153e-01;  1,167403888702e+01
  3,744626343250e-01;  1,112523460388e+01
  3,698302507401e-01;  1,076415634155e+01
  3,670578002930e-01;  1,221750164032e+01
  3,955764770508e-01;  1,587807464600e+01
  4,143079817295e-01;  1,749707984924e+01
  4,316741228104e-01;  1,929098892212e+01
  4,482949376106e-01;  2,124770545959e+01
  4,635852277279e-01;  2,330376434326e+01
  4,778027832508e-01;  2,530880165100e+01
  4,905017316341e-01;  2,717404747009e+01
  5,024831891060e-01;  2,891467857361e+01
  5,134615898132e-01;  3,053751373291e+01
  5,235831141472e-01;  3,204938507080e+01
  5,422240495682e-01;  3,477575683594e+01
  5,577790737152e-01;  3,713394165039e+01
  5,709656476974e-01;  3,916288757324e+01
  5,816096663475e-01;  4,089507675171e+01
  5,950052142143e-01;  4,300772476196e+01
  6,052660942078e-01;  4,463497543335e+01
  6,171639561653e-01;  4,656749725342e+01
  6,273551583290e-01;  4,814284515381e+01
  6,341469883919e-01;  4,907402038574e+01
  6,375463604927e-01;  4,739812088013e+01
  6,152622103691e-01;  4,260947418213e+01
  5,957505702972e-01;  4,058171081543e+01
  5,781893730164e-01;  3,838555145264e+01
  5,623696446419e-01;  3,604484939575e+01
  5,480685234070e-01;  3,361838912964e+01
  5,353068709373e-01;  3,130503845215e+01
  5,239174962044e-01;  2,929471588135e+01
  5,135521292686e-01;  2,757558631897e+01
  4,957819283009e-01;  2,480165290833e+01
  4,808886945248e-01;  2,266839408875e+01
  4,684335589409e-01;  2,097218704224e+01
  4,576154053211e-01;  1,959822463989e+01
  4,435789585114e-01;  1,795802688599e+01
  4,322732090950e-01;  1,666024398804e+01
  4,194349348545e-01;  1,532696151733e+01
  4,075022041798e-01;  1,409794616699e+01
  3,965099155903e-01;  1,305270862579e+01
  3,862838745117e-01;  1,212078094482e+01
  3,779456019402e-01;  1,139716815948e+01
  3,722822666168e-01;  1,094150543213e+01
  3,684579730034e-01;  1,066123771667e+01
  3,673016130924e-01;  1,196102905273e+01
  3,675732910633e-01;  1,289764118195e+01
  3,898365199566e-01;  1,543046379089e+01
  4,090556204319e-01;  1,699563026428e+01
  4,268327653408e-01;  1,873863792419e+01
  4,436068236828e-01;  2,065190696716e+01
  4,593011736870e-01;  2,269161224365e+01
  4,738461077213e-01;  2,473007011414e+01
  4,869769513607e-01;  2,663998985291e+01
  4,991395473480e-01;  2,841650772095e+01
  5,104313492775e-01;  3,007366943359e+01
  5,207061767578e-01;  3,161830139160e+01
  5,397790074348e-01;  3,440158081055e+01
  5,557240843773e-01;  3,681211090088e+01
  5,692729353905e-01;  3,888765716553e+01
  5,802512764931e-01;  4,066143798828e+01
  5,939254760742e-01;  4,282697677612e+01
  6,044440865517e-01;  4,449567794800e+01
  6,144959926605e-01;  4,614884948730e+01
  6,248126029968e-01;  4,774199295044e+01
  6,330533027649e-01;  4,893279266357e+01
  6,369891166687e-01;  4,918114471436e+01
  6,376926302910e-01;  4,648740005493e+01
  6,211414933205e-01;  4,318324279785e+01
  6,015183925629e-01;  4,120901489258e+01
  5,833789706230e-01;  3,905880355835e+01
  5,670229196548e-01;  3,675733184814e+01
  5,522689819336e-01;  3,434084701538e+01
  5,390406250954e-01;  3,196532058716e+01
  5,272820591927e-01;  2,985995864868e+01
  5,166519880295e-01;  2,806175613403e+01
  4,982896745205e-01;  2,516769981384e+01
  4,831178188324e-01;  2,295426750183e+01
  4,702447056770e-01;  2,120576858521e+01
  4,592733085155e-01;  1,979210853577e+01
  4,449164271355e-01;  1,810873031616e+01
  4,334713518620e-01;  1,678411674500e+01
  4,234403669834e-01;  1,572731304169e+01
  4,126222133636e-01;  1,461561584473e+01
  4,022428989410e-01;  1,358280754089e+01
  3,913759887218e-01;  1,256879806519e+01
  3,812196254730e-01;  1,166687774658e+01
  3,745462298393e-01;  1,111700248718e+01
  3,699486851692e-01;  1,075816440582e+01
  3,674409389496e-01;  1,222296428680e+01
  3,775346279144e-01;  1,445562553406e+01
  3,960153460503e-01;  1,588674449921e+01
  4,147816598415e-01;  1,750935745239e+01
  4,321408569813e-01;  1,930592346191e+01
  4,487407505512e-01;  2,126630973816e+01
  4,640240967274e-01;  2,332383155823e+01
  4,781998395920e-01;  2,532736587524e+01
  4,909196794033e-01;  2,719417190552e+01
  5,028663277626e-01;  2,893346595764e+01
  5,138446688652e-01;  3,055618286133e+01
  5,239244699478e-01;  3,206874847412e+01
  5,425514578819e-01;  3,479321289063e+01
  5,580785870552e-01;  3,714863967896e+01
  5,712581872940e-01;  3,917956161499e+01
  5,818882584572e-01;  4,091089630127e+01
  5,952629446983e-01;  4,302042388916e+01
  6,055098772049e-01;  4,464721679688e+01
  6,173868775368e-01;  4,657518005371e+01
  6,275641322136e-01;  4,815076446533e+01
  6,342514753342e-01;  4,906781387329e+01
  6,376857161522e-01;  4,751704025269e+01
  6,375672817230e-01;  4,620105361938e+01
  6,174356341362e-01;  4,280115890503e+01
  5,978264212608e-01;  4,079008483887e+01
  5,801050066948e-01;  3,860971069336e+01
  5,640763044357e-01;  3,628194427490e+01
  5,496358275414e-01;  3,385751342773e+01
  5,367069840431e-01;  3,152135658264e+01
  5,252062082291e-01;  2,947893905640e+01
  5,147711634636e-01;  2,773458290100e+01
  4,968129098415e-01;  2,492316436768e+01
  4,818499982357e-01;  2,276547622681e+01
  4,692346453667e-01;  2,105033683777e+01
  4,584164917469e-01;  1,966088676453e+01
  4,442059099674e-01;  1,800899505615e+01
  4,329001307487e-01;  1,670176506042e+01
  4,199712872505e-01;  1,535991477966e+01
  4,079410731792e-01;  1,411776924133e+01
  3,969139456749e-01;  1,306619548798e+01
  3,866739571095e-01;  1,213155269623e+01
  3,782730102539e-01;  1,140657329559e+01
  3,725957572460e-01;  1,094808769226e+01
  3,687296211720e-01;  1,065943717957e+01
  3,675454258919e-01;  1,231077957153e+01
  3,792064487934e-01;  1,458490562439e+01
  3,980911970139e-01;  1,603561401367e+01
  4,167112410069e-01;  1,767471504211e+01
  4,339728951454e-01;  1,948769378662e+01
  4,504334926605e-01;  2,146173286438e+01
  4,656053483486e-01;  2,352086067200e+01
  4,796487689018e-01;  2,551305007935e+01
  4,922571480274e-01;  2,736694717407e+01
  5,041062831879e-01;  2,909345054626e+01
  5,149592757225e-01;  3,070524215698e+01
  5,249902606010e-01;  3,220904159546e+01
  5,435475707054e-01;  3,491806030273e+01
  5,589284300804e-01;  3,725838851929e+01
  5,719757080078e-01;  3,927748107910e+01
  5,825291275978e-01;  4,099729537964e+01
  5,957853794098e-01;  4,308815765381e+01
  6,059069633484e-01;  4,470173263550e+01
  6,177211999893e-01;  4,660908126831e+01
  6,277382969856e-01;  4,816368484497e+01
  6,344116926193e-01;  4,907948684692e+01
  6,377902030945e-01;  4,727638244629e+01
  6,135207414627e-01;  4,241579055786e+01
  5,941623449326e-01;  4,036765289307e+01
  5,768100619316e-01;  3,815587997437e+01
  5,611157417297e-01;  3,580195999146e+01
  5,469748377800e-01;  3,337493515015e+01
  5,343873500824e-01;  3,108477210999e+01
  5,231024622917e-01;  2,910835075378e+01
  5,128764510155e-01;  2,741710281372e+01
  4,952943325043e-01;  2,468030929565e+01
  4,805264770985e-01;  2,257401275635e+01
  4,681897461414e-01;  2,089700126648e+01
  4,574551880360e-01;  1,953705024719e+01
  4,434535801411e-01;  1,790996742249e+01
  4,322523176670e-01;  1,662318229675e+01
  4,195045828819e-01;  1,529834270477e+01
  4,076276123524e-01;  1,407477092743e+01
  3,967049717903e-01;  1,303543853760e+01
  3,865276873112e-01;  1,210842609406e+01
  3,782381713390e-01;  1,139066123962e+01
  3,726654052734e-01;  1,094068145752e+01
  3,687574863434e-01;  1,066173934937e+01
  3,676150739193e-01;  1,240042972565e+01
  3,809618651867e-01;  1,471870040894e+01
  4,001252651215e-01;  1,619027328491e+01
  4,185711443424e-01;  1,784635162354e+01
  4,357283115387e-01;  1,967695617676e+01
  4,521262049675e-01;  2,166631698608e+01
  4,671727120876e-01;  2,372729110718e+01
  4,810767769814e-01;  2,570820236206e+01
  4,935667514801e-01;  2,754965400696e+01
  5,053949952126e-01;  2,926701736450e+01
  5,161434412003e-01;  3,086750984192e+01
  5,261605381966e-01;  3,235942077637e+01
  5,444670915604e-01;  3,504647827148e+01
  5,596877336502e-01;  3,736572647095e+01
  5,726026296616e-01;  3,936459350586e+01
  5,830516219139e-01;  4,106666946411e+01
  5,962381958961e-01;  4,314244079590e+01
  6,062412858009e-01;  4,474498748779e+01
  6,179650425911e-01;  4,663853073120e+01
  6,279681921005e-01;  4,818080520630e+01
  6,345301270485e-01;  4,907534790039e+01
  6,378946900368e-01;  4,752093505859e+01
  6,377762556076e-01;  4,620659255981e+01
  6,176794171333e-01;  4,280787658691e+01
  5,980493426323e-01;  4,079592132568e+01
  5,803487896919e-01;  3,861612701416e+01
  5,643410086632e-01;  3,628843307495e+01
  5,498935580254e-01;  3,386268234253e+01
  5,369856357574e-01;  3,152647018433e+01
  5,254499912262e-01;  2,948332214355e+01
  5,150567889214e-01;  2,773774719238e+01
  4,970567226410e-01;  2,492433738708e+01
  4,821286499500e-01;  2,276467323303e+01
  4,694784283638e-01;  2,104949951172e+01
  4,586811959743e-01;  1,966161155701e+01
  4,444845318794e-01;  1,800919151306e+01
  4,331927001476e-01;  1,670274162292e+01
  4,202847778797e-01;  1,535888576508e+01
  4,082336425781e-01;  1,411981964111e+01
  3,971925675869e-01;  1,307115650177e+01
  3,868968784809e-01;  1,213339138031e+01
  3,785237967968e-01;  1,140694332123e+01
  3,728604614735e-01;  1,095067977905e+01
  3,689595162868e-01;  1,065722274780e+01
  3,678031563759e-01;  1,212935829163e+01
  3,943783342838e-01;  1,572732639313e+01
  4,132770001888e-01;  1,732950019836e+01
  4,307685494423e-01;  1,910862159729e+01
  4,474520385265e-01;  2,105373954773e+01
  4,628398716450e-01;  2,310846900940e+01
  4,771340489388e-01;  2,512737464905e+01
  4,899932146072e-01;  2,700918579102e+01
  5,019816756248e-01;  2,876105499268e+01
  5,131132602692e-01;  3,039524841309e+01
  5,231999754906e-01;  3,191845893860e+01
  5,420290231705e-01;  3,466656494141e+01
  5,576328039169e-01;  3,704288864136e+01
  5,709308385849e-01;  3,908689498901e+01
  5,816444754601e-01;  4,083189392090e+01
  5,951654314995e-01;  4,296018218994e+01
  6,054750680923e-01;  4,459854125977e+01
  6,174634695053e-01;  4,654344177246e+01
  6,277591586113e-01;  4,813340759277e+01
  6,344813704491e-01;  4,905711746216e+01
  6,379294991493e-01;  4,763248062134e+01
  6,379712820053e-01;  4,634968566895e+01
  6,196786761284e-01;  4,299700927734e+01
  6,000346541405e-01;  4,100369644165e+01
  5,821251273155e-01;  3,883993148804e+01
  5,658874511719e-01;  3,652730941772e+01
  5,513216257095e-01;  3,410826873779e+01
  5,382395386696e-01;  3,175099754333e+01
  5,265994071960e-01;  2,967605972290e+01
  5,161365270615e-01;  2,790500831604e+01
  4,979622960091e-01;  2,505183219910e+01
  4,829088151455e-01;  2,286800765991e+01
  4,701262712479e-01;  2,113298606873e+01
  4,592384696007e-01;  1,972886085510e+01
  4,449512660503e-01;  1,805623626709e+01
  4,336106777191e-01;  1,673638534546e+01
  4,206539690495e-01;  1,538686275482e+01
  4,085122942924e-01;  1,413926219940e+01
  3,974503278732e-01;  1,308265686035e+01
  3,871058523655e-01;  1,214337921143e+01
  3,786770403385e-01;  1,141092109680e+01
  3,729997575283e-01;  1,095195770264e+01
  3,690779209137e-01;  1,066481494904e+01
  3,679285347462e-01;  1,204257678986e+01
  3,751940429211e-01;  1,418482303619e+01
  3,924975097179e-01;  1,557647609711e+01
  4,115564227104e-01;  1,716160011292e+01
  4,291454851627e-01;  1,892241477966e+01
  4,459055960178e-01;  2,085086822510e+01
  4,613909423351e-01;  2,290039825439e+01
  4,758523106575e-01;  2,492784309387e+01
  4,888090193272e-01;  2,682340049744e+01
  5,009019374847e-01;  2,858813858032e+01
  5,120683908463e-01;  3,023550033569e+01
  5,222595930099e-01;  3,177121353149e+01
  5,412279367447e-01;  3,453541564941e+01
  5,570267438889e-01;  3,692775344849e+01
  5,704083442688e-01;  3,898990631104e+01
  5,812473893166e-01;  4,075059509277e+01
  5,948101282120e-01;  4,289419555664e+01
  6,052660942078e-01;  4,455339431763e+01
  6,173381209373e-01;  4,652001571655e+01
  6,276825666428e-01;  4,812021636963e+01
  6,344465017319e-01;  4,904977416992e+01
  6,379643082619e-01;  4,774369812012e+01
  6,381036639214e-01;  4,649213790894e+01
  6,216291189194e-01;  4,318847274780e+01
  6,019711494446e-01;  4,121415710449e+01
  5,838665962219e-01;  3,906675720215e+01
  5,674756765366e-01;  3,676543045044e+01
  5,528053641319e-01;  3,434943008423e+01
  5,395630598068e-01;  3,197289085388e+01
  5,277905464172e-01;  2,986401367188e+01
  5,171953439713e-01;  2,806566810608e+01
  4,988469779491e-01;  2,516557502747e+01
  4,836959838867e-01;  2,294791984558e+01
  4,707880318165e-01;  2,119608306885e+01
  4,599002301693e-01;  1,978102302551e+01
  4,455085396767e-01;  1,810194587708e+01
  4,340843558311e-01;  1,678130912781e+01
  4,210719168186e-01;  1,542085456848e+01
  4,110200405121e-01;  1,438020610809e+01
  3,993729352951e-01;  1,325213813782e+01
  3,884502947330e-01;  1,224308967590e+01
  3,796313703060e-01;  1,147874832153e+01
  3,736754655838e-01;  1,099582099915e+01
  3,695307075977e-01;  1,068751811981e+01
  3,680469691753e-01;  1,269023704529e+01
  3,866670131683e-01;  1,513492870331e+01
  4,060533046722e-01;  1,666401481628e+01
  4,240603148937e-01;  1,837598800659e+01
  4,410294294357e-01;  2,025773429871e+01
  4,569675624371e-01;  2,227978515625e+01
  4,717005789280e-01;  2,433170127869e+01
  4,851170480251e-01;  2,627223014832e+01
  4,974328875542e-01;  2,807507705688e+01
  5,088640451431e-01;  2,975752449036e+01
  5,192920565605e-01;  3,132722473145e+01
  5,386295914650e-01;  3,415226745605e+01
  5,548185110092e-01;  3,659723281860e+01
  5,685902237892e-01;  3,870606994629e+01
  5,797427892685e-01;  4,050913619995e+01
  5,936120152473e-01;  4,270924377441e+01
  6,043465733528e-01;  4,440721511841e+01
  6,145656704903e-01;  4,609118652344e+01
  6,249518990517e-01;  4,771007156372e+01
  6,333319544792e-01;  4,891026306152e+01
  6,373165249825e-01;  4,928827285767e+01
  6,381384730339e-01;  4,716089630127e+01
  6,119185686111e-01;  4,222954940796e+01
  5,927691459656e-01;  4,016592788696e+01
  5,755562186241e-01;  3,793854904175e+01
  5,600360631943e-01;  3,557074356079e+01
  5,460274815559e-01;  3,314365005493e+01
  5,336210727692e-01;  3,087972068787e+01
  5,224407315254e-01;  2,893185043335e+01
  5,122843384743e-01;  2,726298713684e+01
  4,948763549328e-01;  2,456011390686e+01
  4,802826642990e-01;  2,247793579102e+01
  4,680295288563e-01;  2,082069587708e+01
  4,573785662651e-01;  1,947409820557e+01
  4,434884190559e-01;  1,786225891113e+01
  4,323776960373e-01;  1,658702278137e+01
  4,196787178516e-01;  1,527185058594e+01
  4,078505039215e-01;  1,405649757385e+01
  3,970184326172e-01;  1,302458953857e+01
  3,868829607964e-01;  1,209858703613e+01
  3,786282837391e-01;  1,138680458069e+01
  3,730554878712e-01;  1,093572425842e+01
  3,691824078560e-01;  1,066061782837e+01
  3,680678606033e-01;  1,240508079529e+01
  3,813937604427e-01;  1,472138023376e+01
  4,005501866341e-01;  1,619254302979e+01
  4,189751744270e-01;  1,784889793396e+01
  4,361671805382e-01;  1,968061065674e+01
  4,525093436241e-01;  2,166858291626e+01
  4,675210118294e-01;  2,372988128662e+01
  4,814250767231e-01;  2,571089553833e+01
  4,939498901367e-01;  2,755075073242e+01
  5,056875348091e-01;  2,926825714111e+01
  5,164569616318e-01;  3,087087440491e+01
  5,360173583031e-01;  3,375748825073e+01
  5,526939034462e-01;  3,625740814209e+01
  5,667651891708e-01;  3,841119766235e+01
  5,783356428146e-01;  4,025931549072e+01
  5,924765467644e-01;  4,251753997803e+01
  6,035037040710e-01;  4,425756454468e+01
  6,139526367188e-01;  4,598728561401e+01
  6,246732473373e-01;  4,765079116821e+01
  6,332762241364e-01;  4,889501953125e+01
  6,373025774956e-01;  4,928524780273e+01
  6,381384730339e-01;  4,715505981445e+01
  6,118837594986e-01;  4,222230148315e+01
  5,927342772484e-01;  4,015739059448e+01
  5,755562186241e-01;  3,792961120605e+01
  5,600360631943e-01;  3,556305694580e+01
  5,460483431816e-01;  3,313892745972e+01
  5,336280465126e-01;  3,087700843811e+01
  5,224407315254e-01;  2,892931175232e+01
  5,122982263565e-01;  2,726127052307e+01
  4,948972761631e-01;  2,456221199036e+01
  4,802965819836e-01;  2,248085784912e+01
  4,680364727974e-01;  2,082087516785e+01
  4,574064314365e-01;  1,947315216064e+01
  4,435441493988e-01;  1,786234474182e+01
  4,324125349522e-01;  1,658326530457e+01
  4,197135567665e-01;  1,527159881592e+01
  4,078853428364e-01;  1,405292034149e+01
  3,970880806446e-01;  1,301743984222e+01
  3,869108259678e-01;  1,209307670593e+01
  3,787257969379e-01;  1,138783359528e+01
  3,731390833855e-01;  1,093506240845e+01
  3,692590594292e-01;  1,066425800323e+01
  3,682420253754e-01;  1,259610557556e+01
  3,850996494293e-01;  1,500245094299e+01
  4,044789969921e-01;  1,651267814636e+01
  4,226323068142e-01;  1,820760154724e+01
  4,396640956402e-01;  2,007191085815e+01
  4,557136893272e-01;  2,208462715149e+01
  4,705372750759e-01;  2,414113807678e+01
  4,841209053993e-01;  2,609425544739e+01
  4,964715838432e-01;  2,790748596191e+01
  5,080072283745e-01;  2,960073471069e+01
  5,185676217079e-01;  3,117970275879e+01
  5,379329919815e-01;  3,402489089966e+01
  5,542891025543e-01;  3,648765182495e+01
  5,681444406509e-01;  3,861148834229e+01
  5,794641375542e-01;  4,043174362183e+01
  5,934030413628e-01;  4,265058898926e+01
  6,042211651802e-01;  4,436059570313e+01
  6,145377755165e-01;  4,605770492554e+01
  6,250563859940e-01;  4,769049072266e+01
  6,334364414215e-01;  4,890568923950e+01
  6,374558210373e-01;  4,927302932739e+01
  6,382917165756e-01;  4,702767181396e+01
  6,100168824196e-01;  4,202256393433e+01
  5,910624861717e-01;  3,993939971924e+01
  5,740445852280e-01;  3,769689559937e+01
  5,587124824524e-01;  3,531770324707e+01
  5,448641777039e-01;  3,289776229858e+01
  5,325970649719e-01;  3,066387748718e+01
  5,215281844139e-01;  2,874944877625e+01
  5,114832520485e-01;  2,710617256165e+01
  4,942912161350e-01;  2,444313812256e+01
  4,797950387001e-01;  2,238820838928e+01
  4,676324725151e-01;  2,074767875671e+01
  4,570790231228e-01;  1,941347312927e+01
  4,432794451714e-01;  1,781663703918e+01
  4,322035312653e-01;  1,654862022400e+01
  4,195951521397e-01;  1,524160003662e+01
  4,078853428364e-01;  1,402874851227e+01
  3,970880806446e-01;  1,300334358215e+01
  3,870153129101e-01;  1,208752441406e+01
  3,788163661957e-01;  1,137638092041e+01
  3,733132481575e-01;  1,093978404999e+01
  3,694123029709e-01;  1,065825653076e+01
  3,683952689171e-01;  1,259556770325e+01
  3,852250576019e-01;  1,500149440765e+01
  4,046392142773e-01;  1,651125335693e+01
  4,227716326714e-01;  1,820425605774e+01
  4,398103654385e-01;  2,007079696655e+01
  4,558530151844e-01;  2,208486747742e+01
  4,706766009331e-01;  2,413985252380e+01
  4,842462837696e-01;  2,609178161621e+01
  4,965969622135e-01;  2,790700531006e+01
  5,081465244293e-01;  2,959964752197e+01
  5,187069177628e-01;  3,117822647095e+01
  5,380584001541e-01;  3,402435302734e+01
  5,544145107269e-01;  3,648744964600e+01
  5,682976841927e-01;  3,861034393311e+01
  5,795546770096e-01;  4,042961883545e+01
  5,935214757919e-01;  4,264876937866e+01
  6,043256521225e-01;  4,436153411865e+01
  6,146422624588e-01;  4,606283950806e+01
  6,251400113106e-01;  4,769987106323e+01
  6,335061192513e-01;  4,890797042847e+01
  6,374906301498e-01;  4,925318527222e+01
  6,382917165756e-01;  4,689603805542e+01
  6,270347237587e-01;  4,373989486694e+01
  6,080663800240e-01;  4,182342529297e+01
  5,893349051476e-01;  3,972580718994e+01
  5,724703073502e-01;  3,746934890747e+01
  5,572844743729e-01;  3,508131790161e+01
  5,436242222786e-01;  3,267171096802e+01
  5,315173864365e-01;  3,046833992004e+01
  5,205181241035e-01;  2,858246231079e+01
  5,016193985939e-01;  2,555824279785e+01
  4,861131608486e-01;  2,325545692444e+01
  4,727872908115e-01;  2,144461441040e+01
  4,617113769054e-01;  1,998122215271e+01
  4,470967948437e-01;  1,825298881531e+01
  4,354566633701e-01;  1,689595031738e+01
  4,253560006618e-01;  1,581450080872e+01
  4,142591953278e-01;  1,468108081818e+01
  4,038102626801e-01;  1,363265991211e+01
  3,928040266037e-01;  1,259971809387e+01
  3,824874162674e-01;  1,168569469452e+01
  3,758001029491e-01;  1,113209152222e+01
  3,711538016796e-01;  1,077121829987e+01
  3,683813214302e-01;  1,259403705597e+01
  3,852250576019e-01;  1,500053119659e+01
  4,045974016190e-01;  1,651033020020e+01
  4,227367937565e-01;  1,820172691345e+01
  4,397755563259e-01;  2,006755447388e+01
  4,558181762695e-01;  2,208035469055e+01
  4,706487357616e-01;  2,413659286499e+01
  4,842462837696e-01;  2,609047126770e+01
  4,965621232986e-01;  2,790460777283e+01
  5,081465244293e-01;  2,959760093689e+01
  5,186511874199e-01;  3,117768096924e+01
  5,380026698112e-01;  3,402130889893e+01
  5,543587803841e-01;  3,648583984375e+01
  5,682419538498e-01;  3,860712432861e+01
  5,795198678970e-01;  4,042399978638e+01
  5,934378504753e-01;  4,264259719849e+01
  6,043047904968e-01;  4,435391998291e+01
  6,146213412285e-01;  4,605693054199e+01
  6,251260638237e-01;  4,769408798218e+01
  6,334851980209e-01;  4,890523910522e+01
  6,375115513802e-01;  4,927582168579e+01
  6,383474469185e-01;  4,702959060669e+01
  6,100865006447e-01;  4,202697372437e+01
  5,911321043968e-01;  3,994551849365e+01
  5,741142630577e-01;  3,770351409912e+01
  5,587821602821e-01;  3,532350158691e+01
  5,449616909027e-01;  3,290404510498e+01
  5,326806902885e-01;  3,067113876343e+01
  5,216187238693e-01;  2,875612258911e+01
  5,115877389908e-01;  2,711230850220e+01
  4,943887591362e-01;  2,445098876953e+01
  4,798646867275e-01;  2,239395713806e+01
  4,677160382271e-01;  2,075644493103e+01
  4,571626186371e-01;  1,942232704163e+01
  4,433839321136e-01;  1,782486915588e+01
  4,322871267796e-01;  1,655759429932e+01
  4,196787178516e-01;  1,524473285675e+01
  4,078853428364e-01;  1,403556251526e+01
  3,971368670464e-01;  1,301434326172e+01
  3,870292305946e-01;  1,209199714661e+01
  3,788720965385e-01;  1,138631629944e+01
  3,732575178146e-01;  1,093589973450e+01
  3,694262206554e-01;  1,066229248047e+01
  3,683116734028e-01;  1,249880599976e+01
  3,833790719509e-01;  1,486180591583e+01
  4,026539027691e-01;  1,635250473022e+01
  4,209395647049e-01;  1,802597999573e+01
  4,379922747612e-01;  1,987171363831e+01
  4,542299211025e-01;  2,186985778809e+01
  4,691440761089e-01;  2,392742919922e+01
  4,828740060329e-01;  2,589342308044e+01
  4,952873587608e-01;  2,772096633911e+01
  5,069622993469e-01;  2,942575073242e+01
  5,175715088844e-01;  3,101591873169e+01
  5,370274186134e-01;  3,387793731689e+01
  5,535437464714e-01;  3,636146545410e+01
  5,675453543663e-01;  3,850298309326e+01
  5,789974331856e-01;  4,033678436279e+01
  5,929989814758e-01;  4,257927703857e+01
  6,039425134659e-01;  4,430438995361e+01
  6,143427491188e-01;  4,601633071899e+01
  6,249518990517e-01;  4,766517257690e+01
  6,334364414215e-01;  4,890016174316e+01
  6,374558210373e-01;  4,925127792358e+01
  6,383126378059e-01;  4,689815139771e+01
  6,270138025284e-01;  4,374353790283e+01
  6,080524325371e-01;  4,182824325562e+01
  5,893209576607e-01;  3,972842788696e+01
  5,724772810936e-01;  3,747182846069e+01
  5,572844743729e-01;  3,508322906494e+01
  5,436102747917e-01;  3,267002868652e+01
  5,314616560936e-01;  3,046735572815e+01
  5,205389857292e-01;  2,858135795593e+01
  5,016193985939e-01;  2,555654525757e+01
  4,861549735069e-01;  2,325427055359e+01
  4,728220999241e-01;  2,144418716431e+01
  4,617462158203e-01;  1,998542022705e+01
  4,471664428711e-01;  1,825635147095e+01
  4,354914724827e-01;  1,690177726746e+01
  4,253908097744e-01;  1,582113265991e+01
  4,142940342426e-01;  1,468840503693e+01
  4,038241803646e-01;  1,363741683960e+01
  3,928040266037e-01;  1,260443782806e+01
  3,824734985828e-01;  1,168327999115e+01
  3,758001029491e-01;  1,112462806702e+01
  3,712025582790e-01;  1,077027511597e+01
  3,685763776302e-01;  1,196175861359e+01
  3,911182582378e-01;  1,543084239960e+01
  4,103164672852e-01;  1,699797439575e+01
  4,280309379101e-01;  1,874301147461e+01
  4,448258876801e-01;  2,065755844116e+01
  4,604644775391e-01;  2,269857025146e+01
  4,749815464020e-01;  2,473715782166e+01
  4,880636334419e-01;  2,664714241028e+01
  5,002540946007e-01;  2,842514991760e+01
  5,115110874176e-01;  3,008324050903e+01
  5,217859148979e-01;  3,162865257263e+01
  5,407890677452e-01;  3,441184616089e+01
  5,566645264626e-01;  3,681850051880e+01
  5,701436400414e-01;  3,889197540283e+01
  5,810871720314e-01;  4,066603851318e+01
  5,947405099869e-01;  4,283020019531e+01
  6,052660942078e-01;  4,450569534302e+01
  6,153667569160e-01;  4,616330718994e+01
  6,255440115929e-01;  4,775011444092e+01
  6,337429285049e-01;  4,892907714844e+01
  6,376508474350e-01;  4,921060180664e+01
  6,384171247482e-01;  4,663338088989e+01
  6,237537264824e-01;  4,338167953491e+01
  6,042699217796e-01;  4,142741012573e+01
  5,859563946724e-01;  3,929542541504e+01
  5,694261789322e-01;  3,700998306274e+01
  5,545817017555e-01;  3,460050201416e+01
  5,412209630013e-01;  3,221005249023e+01
  5,293369889259e-01;  3,006995964050e+01
  5,186372995377e-01;  2,824160957336e+01
  5,001426339149e-01;  2,530275726318e+01
  4,849150180817e-01;  2,305918121338e+01
  4,718120396137e-01;  2,128861045837e+01
  4,608754813671e-01;  1,985797309875e+01
  4,464001953602e-01;  1,816006469727e+01
  4,348854422569e-01;  1,682164573669e+01
  4,218381941319e-01;  1,544672107697e+01
  4,116818010807e-01;  1,439710235596e+01
  4,000277221203e-01;  1,326278495789e+01
  3,890772163868e-01;  1,225162887573e+01
  3,801886439323e-01;  1,147828388214e+01
  3,743233084679e-01;  1,099449062347e+01
  3,701785504818e-01;  1,068491649628e+01
  3,686808645725e-01;  1,231103706360e+01
  3,803209960461e-01;  1,458581829071e+01
  3,991918265820e-01;  1,603681373596e+01
  4,177700579166e-01;  1,767657661438e+01
  4,350317120552e-01;  1,948985481262e+01
  4,514783918858e-01;  2,146212005615e+01
  4,665666520596e-01;  2,352003860474e+01
  4,806030988693e-01;  2,551194953918e+01
  4,931836426258e-01;  2,736694717407e+01
  5,049979090691e-01;  2,909655761719e+01
  5,157951712608e-01;  3,070936775208e+01
  5,354391932487e-01;  3,361702346802e+01
  5,523595213890e-01;  3,613733673096e+01
  5,665910243988e-01;  3,831236648560e+01
  5,782311558723e-01;  4,017724609375e+01
  5,924417376518e-01;  4,245246887207e+01
  6,035594344139e-01;  4,420687866211e+01
  6,140989065170e-01;  4,595514297485e+01
  6,248613595963e-01;  4,763055419922e+01
  6,335200667381e-01;  4,888255691528e+01
  6,376160383224e-01;  4,930701446533e+01
  6,384658813477e-01;  4,740502548218e+01
  6,163071393967e-01;  4,262281417847e+01
  5,968303084373e-01;  4,059412384033e+01
  5,793387293816e-01;  3,839915084839e+01
  5,634632706642e-01;  3,605891799927e+01
  5,492318272591e-01;  3,363458633423e+01
  5,364980101585e-01;  3,132042884827e+01
  5,251086950302e-01;  2,930928802490e+01
  5,148268938065e-01;  2,758906745911e+01
  4,970915317535e-01;  2,481173706055e+01
  4,822679460049e-01;  2,267856407166e+01
  4,696734845638e-01;  2,098044204712e+01
  4,589598178864e-01;  1,960121154785e+01
  4,448606967926e-01;  1,795981407166e+01
  4,336664080620e-01;  1,665970420837e+01
  4,208629429340e-01;  1,532598781586e+01
  4,088954031467e-01;  1,409492301941e+01
  3,979936540127e-01;  1,305313396454e+01
  3,877328038216e-01;  1,212036323547e+01
  3,794223964214e-01;  1,139422321320e+01
  3,738356828690e-01;  1,094869041443e+01
  3,699138462543e-01;  1,065910339355e+01
  3,687296211720e-01;  1,230765342712e+01
  3,803697526455e-01;  1,458267593384e+01
  3,992405831814e-01;  1,603319931030e+01
  4,178257882595e-01;  1,767255592346e+01
  4,350735247135e-01;  1,948662567139e+01
  4,515340924263e-01;  2,145984649658e+01
  4,666154384613e-01;  2,351885414124e+01
  4,806448817253e-01;  2,550865364075e+01
  4,932254254818e-01;  2,736260032654e+01
  5,050118565559e-01;  2,909210205078e+01
  5,158091187477e-01;  3,070513916016e+01
  5,354252457619e-01;  3,361228561401e+01
  5,524291992188e-01;  3,613183212280e+01
  5,666118860245e-01;  3,830806732178e+01
  5,783008337021e-01;  4,017571640015e+01
  5,925113558769e-01;  4,245151901245e+01
  6,035872697830e-01;  4,420711517334e+01
  6,141337752342e-01;  4,595387268066e+01
  6,248961687088e-01;  4,762798309326e+01
  6,335548758507e-01;  4,888003921509e+01
  6,376299858093e-01;  4,931964492798e+01
  6,383892297745e-01;  4,622011184692e+01
  6,183760166168e-01;  4,282505798340e+01
  5,988155603409e-01;  4,081510162354e+01
  5,811359286308e-01;  3,863434982300e+01
  5,650654435158e-01;  3,630522918701e+01
  5,506250262260e-01;  3,388185501099e+01
  5,377379655838e-01;  3,154581642151e+01
  5,262510776520e-01;  2,950032234192e+01
  5,158509016037e-01;  2,775207901001e+01
  4,979831874371e-01;  2,493262672424e+01
  4,830690324306e-01;  2,277174186707e+01
  4,703143537045e-01;  2,105857467651e+01
  4,595519304276e-01;  1,966569900513e+01
  4,453552961349e-01;  1,801256179810e+01
  4,340982735157e-01;  1,670518112183e+01
  4,212112426758e-01;  1,535661792755e+01
  4,091601073742e-01;  1,411361980438e+01
  3,982165753841e-01;  1,306842613220e+01
  3,879069387913e-01;  1,212690734863e+01
  3,796174526215e-01;  1,140042114258e+01
  3,739889264107e-01;  1,094679069519e+01
  3,700740635395e-01;  1,066782665253e+01
  3,690082728863e-01;  1,259810924530e+01
  3,858659267426e-01;  1,500416660309e+01
  4,052312970161e-01;  1,651505088806e+01
  4,233637154102e-01;  1,820856475830e+01
  4,403467476368e-01;  2,007277297974e+01
  4,563754498959e-01;  2,208240509033e+01
  4,711641967297e-01;  2,413720321655e+01
  4,846990704536e-01;  2,608962631226e+01
  4,970497488976e-01;  2,790426826477e+01
  5,085644721985e-01;  2,959770202637e+01
  5,190343260765e-01;  3,117693328857e+01
  5,384206175804e-01;  3,402049255371e+01
  5,548185110092e-01;  3,648351287842e+01
  5,686668753624e-01;  3,861137771606e+01
  5,799378156662e-01;  4,043004989624e+01
  5,938697457314e-01;  4,264935302734e+01
  6,046530604362e-01;  4,436194610596e+01
  6,149348616600e-01;  4,605880355835e+01
  6,254186034203e-01;  4,769185638428e+01
  6,338195800781e-01;  4,890917205811e+01
  6,377902030945e-01;  4,925617599487e+01
  6,385912895203e-01;  4,690814971924e+01
  6,273899674416e-01;  4,375568008423e+01
  6,084495186806e-01;  4,184017562866e+01
  5,897528529167e-01;  3,974122238159e+01
  5,728743076324e-01;  3,748445129395e+01
  5,577024221420e-01;  3,509619522095e+01
  5,440421700478e-01;  3,268414688110e+01
  5,319144129753e-01;  3,048049926758e+01
  5,209778547287e-01;  2,859318923950e+01
  5,021418929100e-01;  2,556674385071e+01
  4,866565167904e-01;  2,326159286499e+01
  4,732609689236e-01;  2,144838333130e+01
  4,621641635895e-01;  1,998176956177e+01
  4,475843906403e-01;  1,825077819824e+01
  4,359303414822e-01;  1,689833259583e+01
  4,258784353733e-01;  1,581436252594e+01
  4,147677123547e-01;  1,468068981171e+01
  4,043466448784e-01;  1,363155841827e+01
  3,933264613152e-01;  1,260021400452e+01
  3,830307722092e-01;  1,167974185944e+01
  3,763782680035e-01;  1,113045883179e+01
  3,717598319054e-01;  1,077048778534e+01
  3,691615164280e-01;  1,196340179443e+01
  3,916406929493e-01;  1,543268299103e+01
  4,108598232269e-01;  1,699733543396e+01
  4,285394549370e-01;  1,874158096313e+01
  4,453274309635e-01;  2,065496253967e+01
  4,609172642231e-01;  2,269423484802e+01
  4,753995239735e-01;  2,473079109192e+01
  4,885164201260e-01;  2,664014244080e+01
  5,006720423698e-01;  2,841796684265e+01
  5,118733048439e-01;  3,007761383057e+01
  5,220296978951e-01;  3,162540245056e+01
  5,411722064018e-01;  3,441230010986e+01
  5,570824742317e-01;  3,682417297363e+01
  5,705825090408e-01;  3,890589141846e+01
  5,815190672874e-01;  4,068138122559e+01
  5,951236486435e-01;  4,284106826782e+01
  6,056143641472e-01;  4,451088714600e+01
  6,156314611435e-01;  4,615843582153e+01
  6,258365511894e-01;  4,774768829346e+01
  6,340633630753e-01;  4,892420578003e+01
  6,379294991493e-01;  4,923482894897e+01
  6,387305855751e-01;  4,677754974365e+01
  6,259062290192e-01;  4,357308197021e+01
  6,066592931747e-01;  4,164046859741e+01
  5,881228446960e-01;  3,953012466431e+01
  5,714323520660e-01;  3,726072311401e+01
  5,563928484917e-01;  3,486228942871e+01
  5,429067015648e-01;  3,246104049683e+01
  5,309043526649e-01;  3,028823280334e+01
  5,200862288475e-01;  2,843015289307e+01
  5,014452934265e-01;  2,544509506226e+01
  4,860435128212e-01;  2,317053985596e+01
  4,727663695812e-01;  2,137462043762e+01
  4,617810547352e-01;  1,992446899414e+01
  4,472360908985e-01;  1,820790863037e+01
  4,356516897678e-01;  1,686087608337e+01
  4,256346225739e-01;  1,578717899323e+01
  4,145935773849e-01;  1,465954971313e+01
  4,042282104492e-01;  1,361826801300e+01
  3,932707309723e-01;  1,259741115570e+01
  3,829610943794e-01;  1,167710876465e+01
  3,763225376606e-01;  1,112295722961e+01
  3,717389404774e-01;  1,076724243164e+01
  3,691615164280e-01;  1,213260078430e+01
  3,956322073936e-01;  1,572985839844e+01
  4,145308732986e-01;  1,733250617981e+01
  4,319875836372e-01;  1,911143302917e+01
  4,486014246941e-01;  2,105447578430e+01
  4,639335274696e-01;  2,310785865784e+01
  4,782207310200e-01;  2,512384605408e+01
  4,910241961479e-01;  2,700499343872e+01
  5,030404925346e-01;  2,875838661194e+01
  5,140397548676e-01;  3,039377212524e+01
  5,240707397461e-01;  3,192008590698e+01
  5,429485440254e-01;  3,466862106323e+01
  5,585941076279e-01;  3,704629135132e+01
  5,718154907227e-01;  3,909783935547e+01
  5,825152397156e-01;  4,084403991699e+01
  5,959804654121e-01;  4,296830368042e+01
  6,061855554581e-01;  4,460798645020e+01
  6,181879639626e-01;  4,654801177979e+01
  6,284000277519e-01;  4,813051605225e+01
  6,351222395897e-01;  4,905365753174e+01
  6,385425329208e-01;  4,764512252808e+01
  6,385773420334e-01;  4,636723709106e+01
  6,204448938370e-01;  4,302202987671e+01
  6,008705496788e-01;  4,103036499023e+01
  5,829610228539e-01;  3,886773681641e+01
  5,667442679405e-01;  3,655470657349e+01
  5,521923303604e-01;  3,413626861572e+01
  5,391451120377e-01;  3,177767753601e+01
  5,275397896767e-01;  2,969943618774e+01
  5,170559883118e-01;  2,792366600037e+01
  4,989514648914e-01;  2,506355476379e+01
  4,839049577713e-01;  2,287332153320e+01
  4,710457921028e-01;  2,113570404053e+01
  4,602485299110e-01;  1,972663116455e+01
  4,459822177887e-01;  1,805630683899e+01
  4,346277117729e-01;  1,673852539063e+01
  4,217127859592e-01;  1,538633155823e+01
  4,096128940582e-01;  1,413611602783e+01
  3,985857665539e-01;  1,308026123047e+01
  3,882203996181e-01;  1,213413047791e+01
  3,799100220203e-01;  1,140947055817e+01
  3,742745518684e-01;  1,095223426819e+01
  3,703178763390e-01;  1,068283367157e+01
  3,694053292274e-01;  1,196761798859e+01
  3,919402360916e-01;  1,543971061707e+01
  4,111384451389e-01;  1,700559997559e+01
  4,288180768490e-01;  1,874925041199e+01
  4,455851614475e-01;  2,066363525391e+01
  4,611819684505e-01;  2,270340538025e+01
  4,756572544575e-01;  2,473772430420e+01
  4,887602329254e-01;  2,664600181580e+01
  5,009019374847e-01;  2,842440032959e+01
  5,121171474457e-01;  3,008408737183e+01
  5,222386717796e-01;  3,163254547119e+01
  5,413463711739e-01;  3,441886520386e+01
  5,573053956032e-01;  3,682985305786e+01
  5,707566738129e-01;  3,891454315186e+01
  5,816444754601e-01;  4,068964767456e+01
  5,952977538109e-01;  4,284636306763e+01
  6,057397723198e-01;  4,451469421387e+01
  6,157847046852e-01;  4,616434478760e+01
  6,259619593620e-01;  4,775295639038e+01
  6,341330409050e-01;  4,892452621460e+01
  6,380339860916e-01;  4,914761734009e+01
  6,386121511459e-01;  4,635838317871e+01
  6,204658150673e-01;  4,301317596436e+01
  6,008705496788e-01;  4,102108001709e+01
  5,829749703407e-01;  3,885863494873e+01
  5,667582154274e-01;  3,654649734497e+01
  5,522480607033e-01;  3,412643051147e+01
  5,392147302628e-01;  3,176912689209e+01
  5,275955200195e-01;  2,969289398193e+01
  5,170769095421e-01;  2,791927337646e+01
  4,990420043468e-01;  2,505826568604e+01
  4,839885532856e-01;  2,286749267578e+01
  4,711154401302e-01;  2,113075637817e+01
  4,602972865105e-01;  1,972408676147e+01
  4,460518956184e-01;  1,805248832703e+01
  4,347252249718e-01;  1,673890113831e+01
  4,218730032444e-01;  1,538700962067e+01
  4,118211269379e-01;  1,435518169403e+01
  4,003133475780e-01;  1,323196697235e+01
  3,894533813000e-01;  1,222912120819e+01
  3,807111084461e-01;  1,146646404266e+01
  3,748387992382e-01;  1,098820781708e+01
  3,707706630230e-01;  1,068357372284e+01
  3,692381381989e-01;  1,221712398529e+01
  3,703875243664e-01;  1,322244262695e+01
  3,977359235287e-01;  1,587841987610e+01
  4,164813458920e-01;  1,749857139587e+01
  4,338335692883e-01;  1,929484176636e+01
  4,503429234028e-01;  2,125384330750e+01
  4,655705392361e-01;  2,330986595154e+01
  4,796975255013e-01;  2,531461715698e+01
  4,924173653126e-01;  2,718209075928e+01
  5,043152570724e-01;  2,892345237732e+01
  5,152378678322e-01;  3,054768943787e+01
  5,348680019379e-01;  3,347613143921e+01
  5,519763827324e-01;  3,601495742798e+01
  5,662984251976e-01;  3,820811843872e+01
  5,780709385872e-01;  4,009069442749e+01
  5,923929810524e-01;  4,238584518433e+01
  6,035594344139e-01;  4,415433120728e+01
  6,141825318336e-01;  4,591328048706e+01
  6,250563859940e-01;  4,761071014404e+01
  6,337638497353e-01;  4,886917114258e+01
  6,378807425499e-01;  4,932119750977e+01
  6,387653946877e-01;  4,636443710327e+01
  6,206051111221e-01;  4,301990509033e+01
  6,010168194771e-01;  4,102958297729e+01
  5,831561088562e-01;  3,886635208130e+01
  5,669323205948e-01;  3,655347061157e+01
  5,524082779884e-01;  3,413299560547e+01
  5,393401384354e-01;  3,177682495117e+01
  5,277557373047e-01;  2,970036125183e+01
  5,172649621964e-01;  2,792463493347e+01
  4,991464912891e-01;  2,506258964539e+01
  4,841139316559e-01;  2,287306404114e+01
  4,712547659874e-01;  2,114043235779e+01
  4,604575037956e-01;  1,973452186584e+01
  4,461703002453e-01;  1,806404495239e+01
  4,348506033421e-01;  1,674736785889e+01
  4,219426810741e-01;  1,538999366760e+01
  4,119256138802e-01;  1,435743427277e+01
  4,003760218620e-01;  1,323329925537e+01
  3,895230591297e-01;  1,222366905212e+01
  3,808016479015e-01;  1,146528530121e+01
  3,749641776085e-01;  1,098680591583e+01
  3,708890974522e-01;  1,067973613739e+01
  3,694262206554e-01;  1,249812412262e+01
  3,844448626041e-01;  1,486146163940e+01
  4,037336409092e-01;  1,635329818726e+01
  4,219844639301e-01;  1,802806282043e+01
  4,390928745270e-01;  1,987714576721e+01
  4,552051723003e-01;  2,187733650208e+01
  4,701192975044e-01;  2,393449020386e+01
  4,837934970856e-01;  2,589917755127e+01
  4,962138235569e-01;  2,772820854187e+01
  5,078539848328e-01;  2,943291282654e+01
  5,184074044228e-01;  3,102291107178e+01
  5,378285050392e-01;  3,388820266724e+01
  5,544145107269e-01;  3,637245941162e+01
  5,683673620224e-01;  3,851616287231e+01
  5,797427892685e-01;  4,035330200195e+01
  5,937304496765e-01;  4,259161376953e+01
  6,046043038368e-01;  4,431706619263e+01
  6,149557232857e-01;  4,602619552612e+01
  6,255230903625e-01;  4,766934585571e+01
  6,339937448502e-01;  4,889649581909e+01
  6,379991769791e-01;  4,928592300415e+01
  6,388141512871e-01;  4,716790771484e+01
  6,127684116364e-01;  4,224673461914e+01
  5,936398506165e-01;  4,018374252319e+01
  5,764408707619e-01;  3,795746231079e+01
  5,609416365623e-01;  3,559192657471e+01
  5,470235943794e-01;  3,316699218750e+01
  5,346032977104e-01;  3,090218162537e+01
  5,234507918358e-01;  2,895163917542e+01
  5,133779644966e-01;  2,727903175354e+01
  4,960048496723e-01;  2,457428550720e+01
  4,813623726368e-01;  2,248674201965e+01
  4,690604805946e-01;  2,082666587830e+01
  4,584861397743e-01;  1,947413444519e+01
  4,445820748806e-01;  1,785939407349e+01
  4,335061907768e-01;  1,658051872253e+01
  4,208977818489e-01;  1,525967597961e+01
  4,091043770313e-01;  1,404408454895e+01
  3,983210623264e-01;  1,301819610596e+01
  3,881995081902e-01;  1,209291553497e+01
  3,800145089626e-01;  1,138491153717e+01
  3,744765520096e-01;  1,093863201141e+01
  3,706313371658e-01;  1,067134094238e+01
  3,698023855686e-01;  1,279194164276e+01
  3,902126848698e-01;  1,528279018402e+01
  4,095084071159e-01;  1,683119010925e+01
  4,273343384266e-01;  1,855986785889e+01
  4,442128837109e-01;  2,045790100098e+01
  4,599141776562e-01;  2,249119567871e+01
  4,745218157768e-01;  2,453791427612e+01
  4,877292811871e-01;  2,646335220337e+01
  4,999754428864e-01;  2,825438308716e+01
  5,112673044205e-01;  2,992500495911e+01
  5,215281844139e-01;  3,148342323303e+01
  5,406706333160e-01;  3,428955841064e+01
  5,567480921745e-01;  3,671934890747e+01
  5,703526139259e-01;  3,881636810303e+01
  5,813658237457e-01;  4,060805892944e+01
  5,950957536697e-01;  4,278725433350e+01
  6,056143641472e-01;  4,446780776978e+01
  6,157498359680e-01;  4,612816238403e+01
  6,260107159615e-01;  4,773268508911e+01
  6,342166662216e-01;  4,891898727417e+01
  6,381245255470e-01;  4,923490905762e+01
  6,389395594597e-01;  4,677676010132e+01
  6,261152029037e-01;  4,357544326782e+01
  6,068961024284e-01;  4,164244842529e+01
  5,884014368057e-01;  3,952956008911e+01
  5,717040300369e-01;  3,725883483887e+01
  5,566923618317e-01;  3,486225509644e+01
  5,431853532791e-01;  3,246123886108e+01
  5,312038660049e-01;  3,028766632080e+01
  5,203996896744e-01;  2,842821311951e+01
  5,017796158791e-01;  2,544228744507e+01
  4,863569736481e-01;  2,316935729980e+01
  4,731216430664e-01;  2,137658309937e+01
  4,621641635895e-01;  1,992312240601e+01
  4,476192295551e-01;  1,820600128174e+01
  4,360557198524e-01;  1,685817146301e+01
  4,230223894119e-01;  1,547388935089e+01
  4,127267003059e-01;  1,442220497131e+01
  4,011074602604e-01;  1,328178024292e+01
  3,900524675846e-01;  1,225976562500e+01
  3,811987042427e-01;  1,148198795319e+01
  3,752985298634e-01;  1,100012302399e+01
  3,711886107922e-01;  1,068298149109e+01
  3,696700334549e-01;  1,250083446503e+01
  3,847234845161e-01;  1,486384868622e+01
  4,039913713932e-01;  1,635430717468e+01
  4,222700595856e-01;  1,802839660645e+01
  4,393018782139e-01;  1,987693214417e+01
  4,554350376129e-01;  2,187635803223e+01
  4,703073799610e-01;  2,393379020691e+01
  4,840025007725e-01;  2,589946746826e+01
  4,964367449284e-01;  2,772649955750e+01
  5,080629587173e-01;  2,943443870544e+01
  5,186163783073e-01;  3,102628326416e+01
  5,380026698112e-01;  3,389298248291e+01
  5,545886754990e-01;  3,637739181519e+01
  5,685414671898e-01;  3,852082443237e+01
  5,799030065536e-01;  4,035771560669e+01
  5,939254760742e-01;  4,258966064453e+01
  6,047784686089e-01;  4,431248855591e+01
  6,151229143143e-01;  4,601860427856e+01
  6,256972551346e-01;  4,766592407227e+01
  6,341469883919e-01;  4,889493560791e+01
  6,381872296333e-01;  4,930422973633e+01
  6,390092372894e-01;  4,729655075073e+01
  6,149278879166e-01;  4,244708633423e+01
  5,956600308418e-01;  4,040390777588e+01
  5,783286690712e-01;  3,819390869141e+01
  5,626273751259e-01;  3,583890151978e+01
  5,485700368881e-01;  3,341208267212e+01
  5,359755754471e-01;  3,112145233154e+01
  5,247185826302e-01;  2,913962554932e+01
  5,145621895790e-01;  2,744100379944e+01
  4,970218837261e-01;  2,469486808777e+01
  4,822818934917e-01;  2,258167648315e+01
  4,698128104210e-01;  2,090167617798e+01
  4,592245221138e-01;  1,953479957581e+01
  4,452647268772e-01;  1,790842628479e+01
  4,341191947460e-01;  1,662298774719e+01
  4,214411079884e-01;  1,529495429993e+01
  4,094875156879e-01;  1,406798267365e+01
  3,986902534962e-01;  1,303557205200e+01
  3,884990513325e-01;  1,210548305511e+01
  3,802931308746e-01;  1,139454078674e+01
  3,747203648090e-01;  1,094225883484e+01
  3,708612322807e-01;  1,065939140320e+01
  3,696700334549e-01;  1,239650630951e+01
  3,829820156097e-01;  1,471263313293e+01
  4,020408987999e-01;  1,618392753601e+01
  4,204728603363e-01;  1,784156417847e+01
  4,375951886177e-01;  1,967398643494e+01
  4,539164602757e-01;  2,166168403625e+01
  4,688932895660e-01;  2,372348785400e+01
  4,827277064323e-01;  2,570346832275e+01
  4,952386021614e-01;  2,754539108276e+01
  5,069762468338e-01;  2,926425743103e+01
  5,176620483398e-01;  3,086742019653e+01
  5,370970964432e-01;  3,375572204590e+01
  5,538363456726e-01;  3,625700759888e+01
  5,679145455360e-01;  3,841382598877e+01
  5,794153809547e-01;  4,026535415649e+01
  5,935214757919e-01;  4,251961517334e+01
  6,044998168945e-01;  4,425791549683e+01
  6,149487495422e-01;  4,598513412476e+01
  6,256136894226e-01;  4,765206527710e+01
  6,340982317924e-01;  4,889220809937e+01
  6,381384730339e-01;  4,929605484009e+01
  6,389743685722e-01;  4,728869628906e+01
  6,149278879166e-01;  4,244118881226e+01
  5,956460833549e-01;  4,039625167847e+01
  5,783286690712e-01;  3,818609619141e+01
  5,626482963562e-01;  3,583285140991e+01
  5,485700368881e-01;  3,340503692627e+01
  5,359895229340e-01;  3,111430168152e+01
  5,247394442558e-01;  2,913440132141e+01
  5,145831108093e-01;  2,743829536438e+01
  4,970497488976e-01;  2,469603729248e+01
  4,823027849197e-01;  2,258414840698e+01
  4,698615670204e-01;  2,090352630615e+01
  4,592384696007e-01;  1,953751373291e+01
  4,452647268772e-01;  1,790929794312e+01
  4,341540038586e-01;  1,662061500549e+01
  4,214898943901e-01;  1,529273509979e+01
  4,095571637154e-01;  1,406274795532e+01
  3,987738490105e-01;  1,303417110443e+01
  3,885686993599e-01;  1,210260391235e+01
  3,803628087044e-01;  1,139152717590e+01
  3,748248517513e-01;  1,094458866119e+01
  3,709239065647e-01;  1,067217826843e+01
  3,701158463955e-01;  1,279407024384e+01
  3,905122280121e-01;  1,528608989716e+01
  4,098079502583e-01;  1,683373641968e+01
  4,276129603386e-01;  1,856103134155e+01
  4,445123970509e-01;  2,046091461182e+01
  4,602206647396e-01;  2,249496269226e+01
  4,748004376888e-01;  2,454076766968e+01
  4,879939854145e-01;  2,646443176270e+01
  5,002192854881e-01;  2,825510215759e+01
  5,115459561348e-01;  2,992674255371e+01
  5,218207240105e-01;  3,148484039307e+01
  5,408935546875e-01;  3,429098129272e+01
  5,569570660591e-01;  3,671885299683e+01
  5,705825090408e-01;  3,881472015381e+01
  5,815399885178e-01;  4,060727691650e+01
  5,952838659286e-01;  4,278427505493e+01
  6,058233380318e-01;  4,446618652344e+01
  6,159240007401e-01;  4,613049697876e+01
  6,262058019638e-01;  4,773750305176e+01
  6,343768835068e-01;  4,891771697998e+01
  6,382986903191e-01;  4,923410797119e+01
  6,390997767448e-01;  4,677950668335e+01
  6,262754201889e-01;  4,357889938354e+01
  6,070772409439e-01;  4,164604568481e+01
  5,885895490646e-01;  3,953260803223e+01
  5,718990564346e-01;  3,726330184937e+01
  5,568943619728e-01;  3,486548233032e+01
  5,434152483940e-01;  3,246270751953e+01
  5,314059257507e-01;  3,028874778748e+01
  5,206086635590e-01;  2,842807388306e+01
  5,019677281380e-01;  2,544058418274e+01
  4,865868687630e-01;  2,316347503662e+01
  4,733097255230e-01;  2,136964225769e+01
  4,623731672764e-01;  1,991913032532e+01
  4,478769600391e-01;  1,820448303223e+01
  4,363273978233e-01;  1,686071586609e+01
  4,233010411263e-01;  1,547317028046e+01
  4,129844307899e-01;  1,441509056091e+01
  4,013860821724e-01;  1,327282428741e+01
  3,904007673264e-01;  1,226111221313e+01
  3,814773559570e-01;  1,148275470734e+01
  3,755980730057e-01;  1,100016498566e+01
  3,715369105339e-01;  1,068460369110e+01
  3,699626028538e-01;  1,230873775482e+01
  3,815748691559e-01;  1,458239841461e+01
  4,003690779209e-01;  1,603407478333e+01
  4,189751744270e-01;  1,767386054993e+01
  4,362020194530e-01;  1,948835563660e+01
  4,525929391384e-01;  2,146267509460e+01
  4,676812291145e-01;  2,352348518372e+01
  4,816479980946e-01;  2,551717567444e+01
  4,942424595356e-01;  2,737202835083e+01
  5,060567259789e-01;  2,910316848755e+01
  5,168400406837e-01;  3,071932601929e+01
  5,363099575043e-01;  3,362640762329e+01
  5,532650947571e-01;  3,614635467529e+01
  5,674826502800e-01;  3,832075119019e+01
  5,790670514107e-01;  4,019020843506e+01
  5,932776331902e-01;  4,246226882935e+01
  6,043256521225e-01;  4,421707153320e+01
  6,148651838303e-01;  4,595652389526e+01
  6,255788207054e-01;  4,763243865967e+01
  6,341469883919e-01;  4,888186264038e+01
  6,382081508636e-01;  4,932626342773e+01
  6,390649676323e-01;  4,636876296997e+01
  6,210021972656e-01;  4,302468109131e+01
  6,014278531075e-01;  4,103550720215e+01
  5,835322737694e-01;  3,887231826782e+01
  5,673503279686e-01;  3,655926132202e+01
  5,528262853622e-01;  3,413941192627e+01
  5,397372245789e-01;  3,178105926514e+01
  5,281667113304e-01;  2,970199584961e+01
  5,177177786827e-01;  2,792560195923e+01
  4,995992779732e-01;  2,506433296204e+01
  4,845806658268e-01;  2,287322235107e+01
  4,717284440994e-01;  2,113758659363e+01
  4,609590470791e-01;  1,973020744324e+01
  4,466927647591e-01;  1,805980300903e+01
  4,353521466255e-01;  1,674339103699e+01
  4,225347638130e-01;  1,538676357269e+01
  4,124480485916e-01;  1,435109901428e+01
  4,009890258312e-01;  1,322880554199e+01
  3,901360630989e-01;  1,223198127747e+01
  3,813728690147e-01;  1,146055412292e+01
  3,755771815777e-01;  1,098641204834e+01
  3,715021014214e-01;  1,068479251862e+01
  3,699904680252e-01;  1,212769412994e+01
  3,964681327343e-01;  1,572417068481e+01
  4,153319597244e-01;  1,732628822327e+01
  4,327677786350e-01;  1,910560035706e+01
  4,493677020073e-01;  2,105059051514e+01
  4,646997749805e-01;  2,310625839233e+01
  4,789521694183e-01;  2,512405586243e+01
  4,917207658291e-01;  2,700520515442e+01
  5,037370920181e-01;  2,875933074951e+01
  5,147503018379e-01;  3,039655494690e+01
  5,248160958290e-01;  3,192340469360e+01
  5,435267090797e-01;  3,467267227173e+01
  5,592001080513e-01;  3,704852676392e+01
  5,723936557770e-01;  3,909831237793e+01
  5,830516219139e-01;  4,084740066528e+01
  5,965167880058e-01;  4,297155761719e+01
  6,067289113998e-01;  4,461283111572e+01
  6,187103986740e-01;  4,655318069458e+01
  6,288876533508e-01;  4,813013076782e+01
  6,355610489845e-01;  4,905738830566e+01
  6,389743685722e-01;  4,740614700317e+01
  6,169270873070e-01;  4,263243484497e+01
  5,975129604340e-01;  4,060600662231e+01
  5,800353288651e-01;  3,841072845459e+01
  5,641807913780e-01;  3,607137680054e+01
  5,499841570854e-01;  3,364607238770e+01
  5,372642874718e-01;  3,133238983154e+01
  5,259028077126e-01;  2,932234001160e+01
  5,156419277191e-01;  2,760018539429e+01
  4,979204833508e-01;  2,481617736816e+01
  4,830829799175e-01;  2,267839622498e+01
  4,705024361610e-01;  2,097991752625e+01
  4,598444998264e-01;  1,960011672974e+01
  4,457871913910e-01;  1,795816040039e+01
  4,346067905426e-01;  1,665981674194e+01
  4,219287335873e-01;  1,532129478455e+01
  4,098706543446e-01;  1,408643245697e+01
  3,990385532379e-01;  1,304925060272e+01
  3,888334333897e-01;  1,211034202576e+01
  3,805787563324e-01;  1,139464950562e+01
  3,749990165234e-01;  1,094507312775e+01
  3,711328804493e-01;  1,068719100952e+01
  3,702273070812e-01;  1,204753303528e+01
  3,947126865387e-01;  1,558198738098e+01
  4,137297868729e-01;  1,716678237915e+01
  4,312492012978e-01;  1,893057632446e+01
  4,479605555534e-01;  2,086052513123e+01
  4,633901715279e-01;  2,290977668762e+01
  4,777470529079e-01;  2,493829536438e+01
  4,906410574913e-01;  2,683298110962e+01
  5,027478933334e-01;  2,859827423096e+01
  5,138586163521e-01;  3,024673461914e+01
  5,239662528038e-01;  3,178345108032e+01
  5,427743792534e-01;  3,454999160767e+01
  5,585941076279e-01;  3,694175338745e+01
  5,719060301781e-01;  3,900624084473e+01
  5,826893448830e-01;  4,076964187622e+01
  5,962242484093e-01;  4,291106414795e+01
  6,065199375153e-01;  4,456826782227e+01
  6,165370345116e-01;  4,619993591309e+01
  6,266028285027e-01;  4,776955032349e+01
  6,346554756165e-01;  4,892902755737e+01
  6,385006904602e-01;  4,911478805542e+01
  6,389604806900e-01;  4,622406005859e+01
  6,190029382706e-01;  4,283333206177e+01
  5,994773507118e-01;  4,082575988770e+01
  5,818116664886e-01;  3,864822387695e+01
  5,658038854599e-01;  3,632058715820e+01
  5,514261126518e-01;  3,389648056030e+01
  5,385320782661e-01;  3,155924797058e+01
  5,270730853081e-01;  2,951321792603e+01
  5,167425274849e-01;  2,776213455200e+01
  4,988330304623e-01;  2,493839836121e+01
  4,838562011719e-01;  2,277289581299e+01
  4,711502790451e-01;  2,105529785156e+01
  4,604575037956e-01;  1,965961647034e+01
  4,462957084179e-01;  1,800514984131e+01
  4,350595772266e-01;  1,669881439209e+01
  4,222909808159e-01;  1,535309600830e+01
  4,101910889149e-01;  1,411172580719e+01
  3,992963135242e-01;  1,306417751312e+01
  3,890214860439e-01;  1,212121200562e+01
  3,807180523872e-01;  1,139621734619e+01
  3,751592338085e-01;  1,094486808777e+01
  3,713070452213e-01;  1,066502761841e+01
  3,701576590538e-01;  1,249371719360e+01
  3,851414620876e-01;  1,485504722595e+01
  4,043745100498e-01;  1,634572601318e+01
  4,226323068142e-01;  1,801858711243e+01
  4,396989345551e-01;  1,986633872986e+01
  4,557972848415e-01;  2,186756324768e+01
  4,706905186176e-01;  2,392784118652e+01
  4,843507707119e-01;  2,589314842224e+01
  4,968059360981e-01;  2,772166633606e+01
  5,084599852562e-01;  2,943041419983e+01
  5,190343260765e-01;  3,102275466919e+01
  5,383022427559e-01;  3,389068984985e+01
  5,549160242081e-01;  3,637718963623e+01
  5,688410401344e-01;  3,851795196533e+01
  5,801815986633e-01;  4,035457229614e+01
  5,942041277885e-01;  4,259014511108e+01
  6,050710082054e-01;  4,431595993042e+01
  6,154224276543e-01;  4,602988052368e+01
  6,259549856186e-01;  4,767380523682e+01
  6,343907713890e-01;  4,889540863037e+01
  6,384171247482e-01;  4,926988220215e+01
  6,392182111740e-01;  4,703935623169e+01
  6,111314296722e-01;  4,204641342163e+01
  5,922675728798e-01;  3,996732330322e+01
  5,752775669098e-01;  3,772829818726e+01
  5,599454641342e-01;  3,535080718994e+01
  5,461667776108e-01;  3,293154144287e+01
  5,339206457138e-01;  3,069849205017e+01
  5,228725671768e-01;  2,877676582336e+01
  5,038833618164e-01;  2,569891929626e+01
  4,882586896420e-01;  2,336225128174e+01
  4,747586548328e-01;  2,152703666687e+01
  4,636757969856e-01;  2,004572105408e+01
  4,490681588650e-01;  1,829883384705e+01
  4,373444318771e-01;  1,693519783020e+01
  4,272716343403e-01;  1,584444713593e+01
  4,160703718662e-01;  1,470515155792e+01
  4,056353271008e-01;  1,364595985413e+01
  3,945942819118e-01;  1,261290168762e+01
  3,841940760612e-01;  1,168820953369e+01
  3,775764107704e-01;  1,113456439972e+01
  3,730137050152e-01;  1,078118324280e+01
  3,702760636806e-01;  1,268582153320e+01
  3,888612687588e-01;  1,513026142120e+01
  4,081500470638e-01;  1,665834999084e+01
  4,261013567448e-01;  1,836776351929e+01
  4,430286586285e-01;  2,024996566772e+01
  4,588762223721e-01;  2,227300834656e+01
  4,735674560070e-01;  2,432448768616e+01
  4,868933558464e-01;  2,626053237915e+01
  4,992300868034e-01;  2,806348419189e+01
  5,106542706490e-01;  2,974786376953e+01
  5,210196375847e-01;  3,131864356995e+01
  5,400924682617e-01;  3,414772033691e+01
  5,564206838608e-01;  3,659597015381e+01
  5,701645612717e-01;  3,871072006226e+01
  5,812265276909e-01;  4,052179336548e+01
  5,950539708138e-01;  4,271974182129e+01
  6,056840419769e-01;  4,441752243042e+01
  6,158752441406e-01;  4,609471511841e+01
  6,262406110764e-01;  4,770981597900e+01
  6,344604492188e-01;  4,890382003784e+01
  6,384658813477e-01;  4,927535629272e+01
  6,392878890038e-01;  4,704606246948e+01
  6,113055944443e-01;  4,205456161499e+01
  5,924068689346e-01;  3,997518920898e+01
  5,753820538521e-01;  3,773528671265e+01
  5,600708723068e-01;  3,535987472534e+01
  5,462921857834e-01;  3,294041442871e+01
  5,340251326561e-01;  3,070578956604e+01
  5,229910016060e-01;  2,878617095947e+01
  5,040087699890e-01;  2,571140098572e+01
  4,883631765842e-01;  2,337723541260e+01
  4,748631417751e-01;  2,154252815247e+01
  4,637872576714e-01;  2,006183624268e+01
  4,537841081619e-01;  1,884425926208e+01
  4,410364031792e-01;  1,736989593506e+01
  4,304968714714e-01;  1,619213294983e+01
  4,185781180859e-01;  1,496693420410e+01
  4,075370430946e-01;  1,383107280731e+01
  3,973527848721e-01;  1,286665630341e+01
  3,867784440517e-01;  1,191431808472e+01
  3,793596923351e-01;  1,126752948761e+01
  3,743024170399e-01;  1,086798095703e+01
  3,707358241081e-01;  1,115610694885e+01
  3,703805804253e-01;  1,268984413147e+01
  3,889309465885e-01;  1,513600730896e+01
  4,082057774067e-01;  1,666455459595e+01
  4,261710047722e-01;  1,837366104126e+01
  4,430983066559e-01;  2,025467491150e+01
  4,589319527149e-01;  2,227786827087e+01
  4,736022949219e-01;  2,432954597473e+01
  4,869281947613e-01;  2,626536750793e+01
  4,992440342903e-01;  2,806719589233e+01
  5,106891393661e-01;  2,974929046631e+01
  5,210544466972e-01;  3,131778907776e+01
  5,401272773743e-01;  3,414563369751e+01
  5,564346313477e-01;  3,659425354004e+01
  5,701297521591e-01;  3,870642852783e+01
  5,812056064606e-01;  4,051558685303e+01
  5,950539708138e-01;  4,271232986450e+01
  6,056979894638e-01;  4,440781021118e+01
  6,159240007401e-01;  4,608634185791e+01
  6,262893676758e-01;  4,771327209473e+01
  6,345509886742e-01;  4,890145111084e+01
  6,385216116905e-01;  4,925257492065e+01
  6,393575072289e-01;  4,691322708130e+01
  6,281841397285e-01;  4,376422882080e+01
  6,093550920486e-01;  4,185185241699e+01
  5,906654000282e-01;  3,975638198853e+01
  5,738356113434e-01;  3,750330734253e+01
  5,586916208267e-01;  3,511765670776e+01
  5,450522303581e-01;  3,270761108398e+01
  5,329453945160e-01;  3,050306892395e+01
  5,220018625259e-01;  2,861245346069e+01
  5,032215714455e-01;  2,558099937439e+01
  4,877014160156e-01;  2,327462387085e+01
  4,743197858334e-01;  2,145878791809e+01
  4,633274972439e-01;  1,999087715149e+01
  4,487546980381e-01;  1,825717926025e+01
  4,370797276497e-01;  1,690302658081e+01
  4,240672886372e-01;  1,550485134125e+01
  4,136322736740e-01;  1,444405841827e+01
  4,020130336285e-01;  1,329567050934e+01
  3,909719586372e-01;  1,226643371582e+01
  3,820346295834e-01;  1,148932361603e+01
  3,761344552040e-01;  1,099987506866e+01
  3,720593750477e-01;  1,069524478912e+01
  3,703317940235e-01;  1,258785057068e+01
  3,870849609375e-01;  1,499036598206e+01
  4,063806831837e-01;  1,649790191650e+01
  4,245131015778e-01;  1,819012641907e+01
  4,414961338043e-01;  2,005424118042e+01
  4,574412405491e-01;  2,206647872925e+01
  4,722230434418e-01;  2,412309837341e+01
  4,857091605663e-01;  2,607442092896e+01
  4,980737566948e-01;  2,788769340515e+01
  5,096094012260e-01;  2,958231353760e+01
  5,200653076172e-01;  3,116350936890e+01
  5,392147302628e-01;  3,401163482666e+01
  5,557032227516e-01;  3,647560501099e+01
  5,695724487305e-01;  3,860235595703e+01
  5,807389020920e-01;  4,042876815796e+01
  5,946917533875e-01;  4,264622497559e+01
  6,054401993752e-01;  4,436013793945e+01
  6,157010793686e-01;  4,605429077148e+01
  6,261848807335e-01;  4,768827819824e+01
  6,345301270485e-01;  4,889590454102e+01
  6,385006904602e-01;  4,930163955688e+01
  6,393784284592e-01;  4,729925155640e+01
  6,153458356857e-01;  4,245494842529e+01
  5,960779786110e-01;  4,041238784790e+01
  5,787814855576e-01;  3,820420074463e+01
  5,631498098373e-01;  3,585208892822e+01
  5,490716099739e-01;  3,342706680298e+01
  5,364980101585e-01;  3,113766860962e+01
  5,252619385719e-01;  2,915374183655e+01
  5,151194930077e-01;  2,745208549500e+01
  4,975582659245e-01;  2,470373916626e+01
  4,828043282032e-01;  2,258836364746e+01
  4,703700840473e-01;  2,090639495850e+01
  4,598305821419e-01;  1,953518867493e+01
  4,458429217339e-01;  1,791305351257e+01
  4,347600638866e-01;  1,662737655640e+01
  4,221516549587e-01;  1,530330562592e+01
  4,101492762566e-01;  1,407421112061e+01
  3,993520438671e-01;  1,303363323212e+01
  3,891956508160e-01;  1,210171127319e+01
  3,809967041016e-01;  1,139147949219e+01
  3,754866123199e-01;  1,094049453735e+01
  3,716205060482e-01;  1,066030979156e+01
  3,704014718533e-01;  1,220840072632e+01
  3,804115653038e-01;  1,443561935425e+01
  3,988017141819e-01;  1,586699867249e+01
  4,174914062023e-01;  1,748737525940e+01
  4,348088204861e-01;  1,928352928162e+01
  4,513181746006e-01;  2,124469566345e+01
  4,665109515190e-01;  2,330486869812e+01
  4,805891513824e-01;  2,531076812744e+01
  4,932672381401e-01;  2,717870712280e+01
  5,052138566971e-01;  2,891933441162e+01
  5,161086320877e-01;  3,054509162903e+01
  5,355994105339e-01;  3,347354125977e+01
  5,527078509331e-01;  3,601361465454e+01
  5,670437812805e-01;  3,819994735718e+01
  5,787675380707e-01;  4,008404922485e+01
  5,930686593056e-01;  4,238157272339e+01
  6,042699217796e-01;  4,415179061890e+01
  6,148791313171e-01;  4,591330337524e+01
  6,257181763649e-01;  4,760771179199e+01
  6,343768835068e-01;  4,887081146240e+01
  6,384519338608e-01;  4,932124328613e+01
  6,393644809723e-01;  4,636869812012e+01
  6,212111711502e-01;  4,302815246582e+01
  6,016925573349e-01;  4,103984069824e+01
  5,838527083397e-01;  3,887940979004e+01
  5,676846504211e-01;  3,656861114502e+01
  5,531885027885e-01;  3,414838409424e+01
  5,401203036308e-01;  3,179193115234e+01
  5,285150408745e-01;  2,971368789673e+01
  5,181009173393e-01;  2,793563270569e+01
  5,000311732292e-01;  2,506772232056e+01
  4,849498569965e-01;  2,287328910828e+01
  4,721115827560e-01;  2,113497352600e+01
  4,613979160786e-01;  1,972806549072e+01
  4,471873342991e-01;  1,805624389648e+01
  4,358467459679e-01;  1,674497032166e+01
  4,230781197548e-01;  1,539053440094e+01
  4,129565656185e-01;  1,435785007477e+01
  4,015114903450e-01;  1,323212814331e+01
  3,906445801258e-01;  1,222862434387e+01
  3,818813860416e-01;  1,146846389771e+01
  3,761135637760e-01;  1,098932361603e+01
  3,720384538174e-01;  1,067980289459e+01
  3,705407977104e-01;  1,221296882629e+01
  3,716553449631e-01;  1,321708011627e+01
  3,988922834396e-01;  1,587139415741e+01
  4,175958931446e-01;  1,749139022827e+01
  4,349272251129e-01;  1,928920555115e+01
  4,514087140560e-01;  2,124975776672e+01
  4,665945172310e-01;  2,330814552307e+01
  4,806936383247e-01;  2,531300354004e+01
  4,933577775955e-01;  2,717819976807e+01
  5,052765607834e-01;  2,891980361938e+01
  5,161643624306e-01;  3,054546928406e+01
  5,261744856834e-01;  3,206126403809e+01
  5,446412563324e-01;  3,479124450684e+01
  5,602171421051e-01;  3,714873123169e+01
  5,732644200325e-01;  3,918419265747e+01
  5,838387608528e-01;  4,092113876343e+01
  5,971994996071e-01;  4,302792739868e+01
  6,073070764542e-01;  4,466003799438e+01
  6,192188858986e-01;  4,658169937134e+01
  6,292707920074e-01;  4,814265441895e+01
  6,359093785286e-01;  4,905540466309e+01
  6,393017768860e-01;  4,776197433472e+01
  6,394481062889e-01;  4,651472854614e+01
  6,231268048286e-01;  4,322209548950e+01
  6,036778092384e-01;  4,125310516357e+01
  5,856150984764e-01;  3,910755157471e+01
  5,692659616470e-01;  3,680999374390e+01
  5,545955896378e-01;  3,439764022827e+01
  5,414299368858e-01;  3,202355575562e+01
  5,297201275826e-01;  2,991251564026e+01
  5,191457867622e-01;  2,810745811462e+01
  5,009019374847e-01;  2,520249748230e+01
  4,857161045074e-01;  2,298150062561e+01
  4,727315604687e-01;  2,122551727295e+01
  4,619551897049e-01;  1,979807281494e+01
  4,476192295551e-01;  1,810908317566e+01
  4,362089633942e-01;  1,678234863281e+01
  4,234055280685e-01;  1,541624641418e+01
  4,132142961025e-01;  1,437379837036e+01
  4,017343819141e-01;  1,324272727966e+01
  3,908674716949e-01;  1,224351692200e+01
  3,820555210114e-01;  1,146860122681e+01
  3,762180507183e-01;  1,098553848267e+01
  3,722335100174e-01;  1,068419551849e+01
  3,707149326801e-01;  1,221207332611e+01
  3,990316092968e-01;  1,587037563324e+01
  4,177213013172e-01;  1,749046707153e+01
  4,350526332855e-01;  1,928546905518e+01
  4,515480399132e-01;  2,124663162231e+01
  4,667199254036e-01;  2,330591011047e+01
  4,808190464973e-01;  2,531344795227e+01
  4,934762120247e-01;  2,718196105957e+01
  5,054298043251e-01;  2,892451667786e+01
  5,162827968597e-01;  3,054997253418e+01
  5,263137817383e-01;  3,206609344482e+01
  5,447805523872e-01;  3,479800033569e+01
  5,603355765343e-01;  3,715689086914e+01
  5,733689069748e-01;  3,919214248657e+01
  5,839223265648e-01;  4,092718505859e+01
  5,972900390625e-01;  4,302973175049e+01
  6,073210239410e-01;  4,465684509277e+01
  6,192676424980e-01;  4,657989883423e+01
  6,293404698372e-01;  4,814093017578e+01
  6,359790563583e-01;  4,905529022217e+01
  6,393714547157e-01;  4,728994369507e+01
  6,153458356857e-01;  4,244747924805e+01
  5,961127877235e-01;  4,040374755859e+01
  5,788511037827e-01;  3,819561004639e+01
  5,632055401802e-01;  3,584469604492e+01
  5,491760969162e-01;  3,342016220093e+01
  5,366024971008e-01;  3,113199996948e+01
  5,253594517708e-01;  2,914905548096e+01
  5,152448415756e-01;  2,744853019714e+01
  4,976975917816e-01;  2,470214080811e+01
  4,829645454884e-01;  2,258862113953e+01
  4,705442488194e-01;  2,090779876709e+01
  4,599838256836e-01;  1,954099464417e+01
  4,460310041904e-01;  1,791714096069e+01
  4,348854422569e-01;  1,663168144226e+01
  4,223048985004e-01;  1,530344009399e+01
  4,103234410286e-01;  1,407137393951e+01
  3,995261788368e-01;  1,303131580353e+01
  3,893697857857e-01;  1,210577774048e+01
  3,811499476433e-01;  1,138545799255e+01
  3,756746947765e-01;  1,093946266174e+01
  3,718155622482e-01;  1,066873550415e+01
  3,708472847939e-01;  1,268664550781e+01
  3,893976509571e-01;  1,513207435608e+01
  4,086585640907e-01;  1,666093444824e+01
  4,266237914562e-01;  1,837082672119e+01
  4,435371756554e-01;  2,025412559509e+01
  4,593220651150e-01;  2,227824401855e+01
  4,739993512630e-01;  2,433116912842e+01
  4,873113334179e-01;  2,626811027527e+01
  4,996271431446e-01;  2,807000923157e+01
  5,110374093056e-01;  2,975440406799e+01
  5,214027762413e-01;  3,132556343079e+01
  5,404268503189e-01;  3,415410995483e+01
  5,567272305489e-01;  3,660037231445e+01
  5,704222917557e-01;  3,870978927612e+01
  5,814703106880e-01;  4,051781463623e+01
  5,952838659286e-01;  4,271052551270e+01
  6,059069633484e-01;  4,440826034546e+01
  6,161678433418e-01;  4,609214401245e+01
  6,264983415604e-01;  4,770980834961e+01
  6,347391009331e-01;  4,889864730835e+01
  6,387096643448e-01;  4,927091217041e+01
  6,395664811134e-01;  4,704635238647e+01
  6,116051077843e-01;  4,205976104736e+01
  5,927342772484e-01;  3,998239135742e+01
  5,757303833961e-01;  3,774489974976e+01
  5,604330897331e-01;  3,537138748169e+01
  5,466544032097e-01;  3,295404052734e+01
  5,344221591949e-01;  3,071773529053e+01
  5,234298706055e-01;  2,879837799072e+01
  5,044615268707e-01;  2,572122383118e+01
  4,887811541557e-01;  2,338432693481e+01
  4,752741158009e-01;  2,154687690735e+01
  4,642539620399e-01;  2,006028938293e+01
  4,496045410633e-01;  1,831082344055e+01
  4,378250837326e-01;  1,694543838501e+01
  4,247987270355e-01;  1,553736972809e+01
  4,142591953278e-01;  1,447093391418e+01
  4,026399552822e-01;  1,331659698486e+01
  3,914944231510e-01;  1,227905273438e+01
  3,824874162674e-01;  1,149353981018e+01
  3,765663504601e-01;  1,100794982910e+01
  3,725121617317e-01;  1,069556140900e+01
  3,707845807076e-01;  1,258399963379e+01
  3,875238299370e-01;  1,498849296570e+01
  4,068125784397e-01;  1,649805831909e+01
  4,248823225498e-01;  1,818832778931e+01
  4,418792724609e-01;  2,005321311951e+01
  4,578382968903e-01;  2,206621360779e+01
  4,725922346115e-01;  2,412409210205e+01
  4,860435128212e-01;  2,607804298401e+01
  4,984429478645e-01;  2,789281272888e+01
  5,099576711655e-01;  2,958688926697e+01
  5,204275250435e-01;  3,116676139832e+01
  5,395351648331e-01;  3,401227951050e+01
  5,559818148613e-01;  3,647675704956e+01
  5,698023438454e-01;  3,860346984863e+01
  5,809826850891e-01;  4,042560577393e+01
  5,949007272720e-01;  4,263734817505e+01
  6,056283116341e-01;  4,435142898560e+01
  6,159588098526e-01;  4,604577636719e+01
  6,264286637306e-01;  4,768704605103e+01
  6,347530484200e-01;  4,888908386230e+01
  6,387793421745e-01;  4,931084060669e+01
  6,396222114563e-01;  4,741876983643e+01
  6,176306605339e-01;  4,265507888794e+01
  5,982583165169e-01;  4,063142013550e+01
  5,808016061783e-01;  3,844012451172e+01
  5,650027990341e-01;  3,610302352905e+01
  5,507991909981e-01;  3,367954635620e+01
  5,380653738976e-01;  3,136673164368e+01
  5,267387032509e-01;  2,935325813293e+01
  5,165126919746e-01;  2,762889480591e+01
  4,987633824348e-01;  2,484095191956e+01
  4,838840663433e-01;  2,269912528992e+01
  4,713104963303e-01;  2,099905967712e+01
  4,607152640820e-01;  1,961399459839e+01
  4,466788172722e-01;  1,796901702881e+01
  4,354566633701e-01;  1,666981697083e+01
  4,228830635548e-01;  1,533181285858e+01
  4,128311872482e-01;  1,431011676788e+01
  4,015462994576e-01;  1,319985485077e+01
  3,908326625824e-01;  1,220863723755e+01
  3,821600079536e-01;  1,145625305176e+01
  3,763921856880e-01;  1,097665023804e+01
  3,724215924740e-01;  1,067717933655e+01
  3,709239065647e-01;  1,248846817017e+01
  3,858868181705e-01;  1,484757804871e+01
  4,050920009613e-01;  1,633798217773e+01
  4,233079850674e-01;  1,801085090637e+01
  4,403676688671e-01;  1,986073112488e+01
  4,564451277256e-01;  2,186291122437e+01
  4,713035225868e-01;  2,392242431641e+01
  4,848871529102e-01;  2,588873863220e+01
  4,973283708096e-01;  2,771617126465e+01
  5,090172886848e-01;  2,942236900330e+01
  5,195428729057e-01;  3,101371192932e+01
  5,386853218079e-01;  3,388138961792e+01
  5,553200840950e-01;  3,636637878418e+01
  5,693077445030e-01;  3,850715637207e+01
  5,805786848068e-01;  4,034587860107e+01
  5,946081280708e-01;  4,257990646362e+01
  6,054611206055e-01;  4,430427169800e+01
  6,158543229103e-01;  4,601531982422e+01
  6,263799071312e-01;  4,766910934448e+01
  6,347739100456e-01;  4,888211059570e+01
  6,388002634048e-01;  4,929568481445e+01
  6,396361589432e-01;  4,729484176636e+01
  6,156592965126e-01;  4,245450592041e+01
  5,964332222939e-01;  4,041302490234e+01
  5,791645646095e-01;  3,820720291138e+01
  5,635399222374e-01;  3,585696792603e+01
  5,495104789734e-01;  3,343435668945e+01
  5,369508266449e-01;  3,114629745483e+01
  5,257286429405e-01;  2,916556358337e+01
  5,156070590019e-01;  2,746638870239e+01
  4,980458915234e-01;  2,471834564209e+01
  4,832919538021e-01;  2,260629844666e+01
  4,708368182182e-01;  2,092398834229e+01
  4,603181779385e-01;  1,955048179626e+01
  4,463444650173e-01;  1,792098999023e+01
  4,351989030838e-01;  1,663073348999e+01
  4,226740896702e-01;  1,530334281921e+01
  4,106717407703e-01;  1,407390022278e+01
  3,999093174934e-01;  1,303718566895e+01
  3,897320330143e-01;  1,210092353821e+01
  3,815191388130e-01;  1,138329315186e+01
  3,760438859463e-01;  1,094001293182e+01
  3,722474575043e-01;  1,066990661621e+01
  3,714045584202e-01;  1,278974246979e+01
  3,917382359505e-01;  1,527832317352e+01
  4,109085798264e-01;  1,682608413696e+01
  4,287135899067e-01;  1,855372238159e+01
  4,455224871635e-01;  2,045180511475e+01
  4,611959159374e-01;  2,248741149902e+01
  4,757965803146e-01;  2,453369140625e+01
  4,888786673546e-01;  2,645635604858e+01
  5,011457204819e-01;  2,824498176575e+01
  5,124654173851e-01;  2,991547966003e+01
  5,227611660957e-01;  3,147359848022e+01
  5,415553450584e-01;  3,428136444092e+01
  5,577024221420e-01;  3,671055221558e+01
  5,712791085243e-01;  3,880444717407e+01
  5,822365880013e-01;  4,059919738770e+01
  5,959455966949e-01;  4,277897262573e+01
  6,064642071724e-01;  4,446300506592e+01
  6,166206002235e-01;  4,612467193604e+01
  6,268466711044e-01;  4,772483444214e+01
  6,350177526474e-01;  4,890874099731e+01
  6,389395594597e-01;  4,920964813232e+01
  6,397058367729e-01;  4,664810180664e+01
  6,251956820488e-01;  4,340491485596e+01
  6,058372855186e-01;  4,145547103882e+01
  5,875934362411e-01;  3,932772064209e+01
  5,711328387260e-01;  3,704624938965e+01
  5,563579797745e-01;  3,464273452759e+01
  5,430460572243e-01;  3,225466918945e+01
  5,312526822090e-01;  3,011378288269e+01
  5,206086635590e-01;  2,828247833252e+01
  5,021627545357e-01;  2,533528518677e+01
  4,868654906750e-01;  2,308442878723e+01
  4,737485945225e-01;  2,130580329895e+01
  4,629304409027e-01;  1,986378097534e+01
  4,485596418381e-01;  1,815776062012e+01
  4,370657801628e-01;  1,682295608521e+01
  4,242275059223e-01;  1,544651699066e+01
  4,139108955860e-01;  1,440202617645e+01
  4,024379551411e-01;  1,326865863800e+01
  3,914456665516e-01;  1,225214958191e+01
  3,825779855251e-01;  1,147247695923e+01
  3,767822980881e-01;  1,099420547485e+01
  3,727698922157e-01;  1,068749141693e+01
  3,712234497070e-01;  1,195728874207e+01
  3,935772478580e-01;  1,541981887817e+01
  4,126848876476e-01;  1,698426437378e+01
  4,303018450737e-01;  1,872680854797e+01
  4,470480084419e-01;  2,063941383362e+01
  4,625890851021e-01;  2,267992019653e+01
  4,770713448524e-01;  2,471792793274e+01
  4,900280535221e-01;  2,662750244141e+01
  5,022533535957e-01;  2,840355682373e+01
  5,134406685829e-01;  3,006383895874e+01
  5,236527919769e-01;  3,161107254028e+01
  5,423772931099e-01;  3,439911270142e+01
  5,583850741386e-01;  3,681069183350e+01
  5,718015432358e-01;  3,888896179199e+01
  5,826893448830e-01;  4,066872406006e+01
  5,963078141212e-01;  4,282891845703e+01
  6,067289113998e-01;  4,450175094604e+01
  6,168504953384e-01;  4,615357971191e+01
  6,270068883896e-01;  4,774255371094e+01
  6,350734829903e-01;  4,890869140625e+01
  6,390092372894e-01;  4,917778778076e+01
  6,397266983986e-01;  4,651243972778e+01
  6,234402656555e-01;  4,322282791138e+01
  6,039704084396e-01;  4,125506591797e+01
  5,859563946724e-01;  3,911069107056e+01
  5,696699619293e-01;  3,681470108032e+01
  5,550344586372e-01;  3,440357971191e+01
  5,418618321419e-01;  3,203112411499e+01
  5,301589965820e-01;  2,991954040527e+01
  5,196124911308e-01;  2,811450767517e+01
  5,013546943665e-01;  2,520489120483e+01
  4,861828386784e-01;  2,298442459106e+01
  4,732191562653e-01;  2,122549438477e+01
  4,624915719032e-01;  1,980057907104e+01
  4,481765031815e-01;  1,811420631409e+01
  4,367662370205e-01;  1,678746032715e+01
  4,239976406097e-01;  1,542011737823e+01
  4,137576520443e-01;  1,437793064117e+01
  4,023125767708e-01;  1,324308872223e+01
  3,914456665516e-01;  1,223887443542e+01
  3,826127946377e-01;  1,146368503571e+01
  3,768519461155e-01;  1,098776721954e+01
  3,728395402431e-01;  1,068738555908e+01
  3,713070452213e-01;  1,204181003571e+01
  3,956530988216e-01;  1,556993198395e+01
  4,146562516689e-01;  1,715329742432e+01
  4,321408569813e-01;  1,891405105591e+01
  4,488103985786e-01;  2,084481430054e+01
  4,642121791840e-01;  2,289359664917e+01
  4,785341918468e-01;  2,492206382751e+01
  4,913724958897e-01;  2,681627845764e+01
  5,034932494164e-01;  2,857999229431e+01
  5,146248936653e-01;  3,022754859924e+01
  5,247255563736e-01;  3,176499938965e+01
  5,433316230774e-01;  3,453359222412e+01
  5,592210292816e-01;  3,692559432983e+01
  5,724772810936e-01;  3,898873519897e+01
  5,832466483116e-01;  4,075527954102e+01
  5,967745780945e-01;  4,289570999146e+01
  6,070423722267e-01;  4,455550384521e+01
  6,170942783356e-01;  4,619207382202e+01
  6,271601319313e-01;  4,776552963257e+01
  6,351431012154e-01;  4,891435241699e+01
  6,390440464020e-01;  4,921025848389e+01
  6,398451328278e-01;  4,665060806274e+01
  6,253141164780e-01;  4,340955352783e+01
  6,059765815735e-01;  4,146220016479e+01
  5,877536535263e-01;  3,933464813232e+01
  5,712721347809e-01;  3,705417633057e+01
  5,564973354340e-01;  3,465163040161e+01
  5,431853532791e-01;  3,226478958130e+01
  5,313362479210e-01;  3,012426185608e+01
  5,207131505013e-01;  2,829129791260e+01
  5,022811889648e-01;  2,534173202515e+01
  4,870187640190e-01;  2,309081077576e+01
  4,738878905773e-01;  2,131374168396e+01
  4,630697369576e-01;  1,987116241455e+01
  4,486850202084e-01;  1,816741561890e+01
  4,371633231640e-01;  1,682911872864e+01
  4,243459403515e-01;  1,544814014435e+01
  4,140153825283e-01;  1,440117073059e+01
  4,025772809982e-01;  1,326519107819e+01
  3,915989100933e-01;  1,225047397614e+01
  3,827312290668e-01;  1,147363376617e+01
  3,769355416298e-01;  1,099987220764e+01
  3,729092180729e-01;  1,069024753571e+01
  3,713418841362e-01;  1,195621299744e+01
  3,936956524849e-01;  1,542112922668e+01
  4,127754569054e-01;  1,698512268066e+01
  4,303854107857e-01;  1,872755050659e+01
  4,471594691277e-01;  2,064058303833e+01
  4,626796543598e-01;  2,268210601807e+01
  4,771549403667e-01;  2,471922492981e+01
  4,901185929775e-01;  2,662853050232e+01
  5,022881627083e-01;  2,840415573120e+01
  5,135451555252e-01;  3,006258773804e+01
  5,237015485764e-01;  3,161096763611e+01
  5,424260497093e-01;  3,439709472656e+01
  5,584338903427e-01;  3,680733871460e+01
  5,718502998352e-01;  3,888610839844e+01
  5,827242136002e-01;  4,066510772705e+01
  5,963635444641e-01;  4,282326507568e+01
  6,067428588867e-01;  4,449546813965e+01
  6,168504953384e-01;  4,614898300171e+01
  6,270207762718e-01;  4,774138259888e+01
  6,351431012154e-01;  4,891489791870e+01
  6,390579938889e-01;  4,923185348511e+01
  6,398800015450e-01;  4,678614425659e+01
  6,270556449890e-01;  4,359443664551e+01
  6,079618930817e-01;  4,166496658325e+01
  5,895648002625e-01;  3,955597686768e+01
  5,729091763496e-01;  3,729042816162e+01
  5,579601526260e-01;  3,489578628540e+01
  5,445088744164e-01;  3,249639511108e+01
  5,325274467468e-01;  3,032308387756e+01
  5,217928886414e-01;  2,846284103394e+01
  5,031867623329e-01;  2,547008323669e+01
  4,877710640430e-01;  2,319032859802e+01
  4,745078682899e-01;  2,139163970947e+01
  4,636757969856e-01;  1,993383216858e+01
  4,491865634918e-01;  1,821408462524e+01
  4,376021623611e-01;  1,686809539795e+01
  4,247290492058e-01;  1,548383235931e+01
  4,143149256706e-01;  1,442849922180e+01
  4,028141200542e-01;  1,328301620483e+01
  3,917730450630e-01;  1,226159095764e+01
  3,828775286674e-01;  1,147900009155e+01
  3,770400285721e-01;  1,100202274323e+01
  3,730137050152e-01;  1,068541145325e+01
  3,714463710785e-01;  1,221349048615e+01
  3,997630178928e-01;  1,587568473816e+01
  4,184527099133e-01;  1,749573898315e+01
  4,356935024261e-01;  1,929155921936e+01
  4,521610438824e-01;  2,125119018555e+01
  4,673468470573e-01;  2,330926513672e+01
  4,813902378082e-01;  2,531465911865e+01
  4,939986467361e-01;  2,718176651001e+01
  5,059174299240e-01;  2,892208480835e+01
  5,168052315712e-01;  3,054584121704e+01
  5,268222689629e-01;  3,205986022949e+01
  5,451427698135e-01;  3,478586196899e+01
  5,607395768166e-01;  3,714218139648e+01
  5,737520456314e-01;  3,917443466187e+01
  5,842915177345e-01;  4,091002655029e+01
  5,976871252060e-01;  4,301552200317e+01
  6,077041625977e-01;  4,465031814575e+01
  6,196856498718e-01;  4,657855224609e+01
  6,297096610069e-01;  4,813599777222e+01
  6,363273262978e-01;  4,905126571655e+01
  6,397545933723e-01;  4,765136718750e+01
  6,398103237152e-01;  4,637698745728e+01
  6,216987967491e-01;  4,304014205933e+01
  6,022637486458e-01;  4,105484390259e+01
  5,844935774803e-01;  3,889620590210e+01
  5,682907104492e-01;  3,658821105957e+01
  5,538293719292e-01;  3,417113494873e+01
  5,408169031143e-01;  3,181612586975e+01
  5,292673707008e-01;  2,973840713501e+01
  5,188323259354e-01;  2,796197509766e+01
  5,007625818253e-01;  2,509528923035e+01
  4,857161045074e-01;  2,289782714844e+01
  4,728569388390e-01;  2,115509414673e+01
  4,621223807335e-01;  1,974188232422e+01
  4,479466378689e-01;  1,806606292725e+01
  4,366269409657e-01;  1,675524520874e+01
  4,239279627800e-01;  1,540074634552e+01
  4,137228131294e-01;  1,436380958557e+01
  4,023473858833e-01;  1,323561286926e+01
  3,914735317230e-01;  1,222683906555e+01
  3,827312290668e-01;  1,146078300476e+01
  3,769842982292e-01;  1,098896408081e+01
  3,729440569878e-01;  1,068729496002e+01
  3,714463710785e-01;  1,203579330444e+01
  3,957506120205e-01;  1,556202697754e+01
  4,147050380707e-01;  1,714327049255e+01
  4,322105050087e-01;  1,890421867371e+01
  4,488661289215e-01;  2,083366203308e+01
  4,642818272114e-01;  2,288179206848e+01
  4,785968959332e-01;  2,491045379639e+01
  4,914212524891e-01;  2,680600166321e+01
  5,035489797592e-01;  2,857127380371e+01
  5,146806240082e-01;  3,021996879578e+01
  5,248021483421e-01;  3,175840568542e+01
  5,433873534203e-01;  3,452922439575e+01
  5,592210292816e-01;  3,691976547241e+01
  5,725120902061e-01;  3,898123550415e+01
  5,832466483116e-01;  4,074594497681e+01
  5,967815518379e-01;  4,288358688354e+01
  6,070772409439e-01;  4,454545211792e+01
  6,171430349350e-01;  4,618552017212e+01
  6,272158622742e-01;  4,776130294800e+01
  6,352127790451e-01;  4,891401290894e+01
  6,391485333443e-01;  4,917858886719e+01
  6,398451328278e-01;  4,651818084717e+01
  6,235447525978e-01;  4,323035049438e+01
  6,041236519814e-01;  4,126343536377e+01
  5,861166119576e-01;  3,912014770508e+01
  5,697883963585e-01;  3,682575988770e+01
  5,551877021790e-01;  3,441648483276e+01
  5,420568585396e-01;  3,204391479492e+01
  5,303819179535e-01;  2,993353271484e+01
  5,198563337326e-01;  2,812799835205e+01
  5,015985369682e-01;  2,521923065186e+01
  4,863569736481e-01;  2,299819374084e+01
  4,734142124653e-01;  2,123857688904e+01
  4,626657366753e-01;  1,980865478516e+01
  4,483645856380e-01;  1,812242698669e+01
  4,369404017925e-01;  1,679732322693e+01
  4,241926670074e-01;  1,543037796021e+01
  4,139108955860e-01;  1,438641452789e+01
  4,025006592274e-01;  1,325261783600e+01
  3,915989100933e-01;  1,224348545074e+01
  3,827521204948e-01;  1,146405029297e+01
  3,769842982292e-01;  1,098848342896e+01
  3,730137050152e-01;  1,068695545197e+01
  3,714811801910e-01;  1,195581340790e+01
  3,938210606575e-01;  1,541962909698e+01
  4,128938615322e-01;  1,698282051086e+01
  4,304690063000e-01;  1,872435951233e+01
  4,472430646420e-01;  2,063697433472e+01
  4,627493023872e-01;  2,267880630493e+01
  4,772106707096e-01;  2,471614265442e+01
  4,901673793793e-01;  2,662666511536e+01
  5,023438930511e-01;  2,840238761902e+01
  5,135660767555e-01;  3,006126976013e+01
  5,237712264061e-01;  3,160925483704e+01
  5,424678921700e-01;  3,439618301392e+01
  5,584896206856e-01;  3,680689620972e+01
  5,718712210655e-01;  3,888317871094e+01
  5,827032923698e-01;  4,066220474243e+01
  5,963426828384e-01;  4,282236099243e+01
  6,067637801170e-01;  4,449608993530e+01
  6,168643832207e-01;  4,614894866943e+01
  6,270556449890e-01;  4,774199676514e+01
  6,351222395897e-01;  4,890722274780e+01
  6,390789151192e-01;  4,920576095581e+01
  6,398451328278e-01;  4,665121841431e+01
  6,253141164780e-01;  4,341372680664e+01
  6,060114502907e-01;  4,146606445313e+01
  5,878372192383e-01;  3,934003448486e+01
  5,713418126106e-01;  3,706160736084e+01
  5,565670132637e-01;  3,466072082520e+01
  5,432550311089e-01;  3,227526473999e+01
  5,314616560936e-01;  3,013511466980e+01
  5,208315849304e-01;  2,830035400391e+01
  5,023856759071e-01;  2,534652900696e+01
  4,870884120464e-01;  2,309311485291e+01
  4,739854335785e-01;  2,131295585632e+01
  4,631603062153e-01;  1,986911201477e+01
  4,488173723221e-01;  1,816682624817e+01
  4,373026192188e-01;  1,683260345459e+01
  4,244852364063e-01;  1,545500659943e+01
  4,141407907009e-01;  1,440422916412e+01
  4,026956856251e-01;  1,326828384399e+01
  3,917242884636e-01;  1,225785923004e+01
  3,828357160091e-01;  1,146763038635e+01
  3,770748674870e-01;  1,099404811859e+01
  3,731042742729e-01;  1,068492412567e+01
  3,715508580208e-01;  1,221576499939e+01
  3,997769653797e-01;  1,587412643433e+01
  4,184736311436e-01;  1,749273681641e+01
  4,357283115387e-01;  1,928793525696e+01
  4,521749615669e-01;  2,124682235718e+01
  4,673120379448e-01;  2,330494689941e+01
  4,813902378082e-01;  2,530968856812e+01
  4,939847290516e-01;  2,717505836487e+01
  5,059383511543e-01;  2,891286468506e+01
  5,168261528015e-01;  3,053757095337e+01
  5,268571376801e-01;  3,205151748657e+01
  5,450940132141e-01;  3,477872085571e+01
  5,607187151909e-01;  3,713402175903e+01
  5,737311244011e-01;  3,916503906250e+01
  5,842915177345e-01;  4,090099334717e+01
  5,976522564888e-01;  4,300701522827e+01
  6,077250838280e-01;  4,464229583740e+01
  6,196856498718e-01;  4,657208251953e+01
  6,297374963760e-01;  4,813072586060e+01
  6,363760828972e-01;  4,905154800415e+01
  6,398451328278e-01;  4,787226104736e+01
  6,400192975998e-01;  4,666000366211e+01
  6,255092024803e-01;  4,342054748535e+01
  6,061995029449e-01;  4,147365951538e+01
  5,879974365234e-01;  3,934732055664e+01
  5,715159773827e-01;  3,706697845459e+01
  5,567341446877e-01;  3,466505050659e+01
  5,434291958809e-01;  3,227786636353e+01
  5,316357612610e-01;  3,013584136963e+01
  5,209918022156e-01;  2,830268096924e+01
  5,025737881660e-01;  2,534974670410e+01
  4,872834682465e-01;  2,309469795227e+01
  4,741665422916e-01;  2,131630134583e+01
  4,633274972439e-01;  1,987072563171e+01
  4,489915370941e-01;  1,816554260254e+01
  4,374976754189e-01;  1,683286476135e+01
  4,246942400932e-01;  1,545372200012e+01
  4,142940342426e-01;  1,440584087372e+01
  4,029046893120e-01;  1,326852035522e+01
  3,919332623482e-01;  1,225238704681e+01
  3,830656111240e-01;  1,146710109711e+01
  3,772699236870e-01;  1,100061893463e+01
  3,732575178146e-01;  1,069615840912e+01
  3,716483712196e-01;  1,268165779114e+01
  3,900803327560e-01;  1,512439727783e+01
  4,093272984028e-01;  1,664918327332e+01
  4,272159039974e-01;  1,835691642761e+01
  4,440944492817e-01;  2,023657989502e+01
  4,598793387413e-01;  2,225917434692e+01
  4,745427072048e-01;  2,431283760071e+01
  4,877850115299e-01;  2,625258636475e+01
  5,000938773155e-01;  2,805498886108e+01
  5,115459561348e-01;  2,973773002625e+01
  5,219043493271e-01;  3,130661964417e+01
  5,408308506012e-01;  3,413469696045e+01
  5,570615530014e-01;  3,658014678955e+01
  5,707566738129e-01;  3,868774795532e+01
  5,817977190018e-01;  4,049520874023e+01
  5,956321358681e-01;  4,269337081909e+01
  6,062273979187e-01;  4,439891815186e+01
  6,165370345116e-01;  4,608266067505e+01
  6,268675327301e-01;  4,770156478882e+01
  6,351291537285e-01;  4,888859176636e+01
  6,390789151192e-01;  4,930997085571e+01
  6,399496197701e-01;  4,742246627808e+01
  6,180277466774e-01;  4,266296768188e+01
  5,987110733986e-01;  4,064080047607e+01
  5,812892317772e-01;  3,845050048828e+01
  5,654903650284e-01;  3,611523056030e+01
  5,513076782227e-01;  3,369269180298e+01
  5,386574864388e-01;  3,138071632385e+01
  5,273168683052e-01;  2,936676788330e+01
  5,171186923981e-01;  2,764094924927e+01
  4,993903040886e-01;  2,485345649719e+01
  4,845806658268e-01;  2,271037864685e+01
  4,719652831554e-01;  2,100624275208e+01
  4,614118635654e-01;  1,961901092529e+01
  4,473754167557e-01;  1,797517395020e+01
  4,361880719662e-01;  1,667742919922e+01
  4,236145019531e-01;  1,534087085724e+01
  4,135835170746e-01;  1,431711769104e+01
  4,023264944553e-01;  1,320804977417e+01
  3,915501534939e-01;  1,221493911743e+01
  3,828566074371e-01;  1,145053195953e+01
  3,771445155144e-01;  1,097707080841e+01
  3,732296526432e-01;  1,068094348907e+01
  3,717110753059e-01;  1,221246623993e+01
  3,999162614346e-01;  1,586789131165e+01
  4,185920357704e-01;  1,748485565186e+01
  4,358397722244e-01;  1,927847862244e+01
  4,522794783115e-01;  2,123573875427e+01
  4,674513339996e-01;  2,329299545288e+01
  4,814947247505e-01;  2,529883003235e+01
  4,941240251064e-01;  2,716507530212e+01
  5,060358643532e-01;  2,890378189087e+01
  5,169097185135e-01;  3,052857398987e+01
  5,269616246223e-01;  3,204418563843e+01
  5,452124476433e-01;  3,477600097656e+01
  5,608232021332e-01;  3,713246536255e+01
  5,738565325737e-01;  3,916422271729e+01
  5,844099521637e-01;  4,090226364136e+01
  5,977567434311e-01;  4,300359344482e+01
  6,078086495399e-01;  4,463979721069e+01
  6,198249459267e-01;  4,657040023804e+01
  6,298280954361e-01;  4,812684249878e+01
  6,365014910698e-01;  4,904155731201e+01
  6,399635672569e-01;  4,798097991943e+01
  6,402282714844e-01;  4,680049133301e+01
  6,274178624153e-01;  4,361111831665e+01
  6,083659529686e-01;  4,168459701538e+01
  5,899478793144e-01;  3,957519912720e+01
  5,732922554016e-01;  3,731042098999e+01
  5,583432912827e-01;  3,491692352295e+01
  5,449129343033e-01;  3,251571273804e+01
  5,329593420029e-01;  3,033978652954e+01
  5,222247838974e-01;  2,847627258301e+01
  5,036047101021e-01;  2,547935867310e+01
  4,881890416145e-01;  2,319818878174e+01
  4,749467372894e-01;  2,139791107178e+01
  4,640937447548e-01;  1,994070816040e+01
  4,496393501759e-01;  1,821825599670e+01
  4,380201399326e-01;  1,687109375000e+01
  4,252166748047e-01;  1,548238372803e+01
  4,147677123547e-01;  1,442874431610e+01
  4,033086895943e-01;  1,328551006317e+01
  3,922606706619e-01;  1,226299476624e+01
  3,833581805229e-01;  1,147774791718e+01
  3,775973021984e-01;  1,100197219849e+01
  3,735222220421e-01;  1,069538402557e+01
  3,719130754471e-01;  1,268307113647e+01
  3,903729021549e-01;  1,512642192841e+01
  4,096059501171e-01;  1,665251922607e+01
  4,274597167969e-01;  1,835952186584e+01
  4,443521797657e-01;  2,023794555664e+01
  4,601161777973e-01;  2,226003456116e+01
  4,747865200043e-01;  2,431241607666e+01
  4,879800677299e-01;  2,625113296509e+01
  5,003237724304e-01;  2,805049896240e+01
  5,117549300194e-01;  2,973128890991e+01
  5,220993757248e-01;  3,129924201965e+01
  5,409840941429e-01;  3,412655639648e+01
  5,572357177734e-01;  3,657687377930e+01
  5,709795951843e-01;  3,868493652344e+01
  5,820276141167e-01;  4,049357604980e+01
  5,958411097527e-01;  4,269357299805e+01
  6,064154505730e-01;  4,439563751221e+01
  6,167598962784e-01;  4,608249282837e+01
  6,270765066147e-01;  4,770036697388e+01
  6,352615356445e-01;  4,888983154297e+01
  6,392669677734e-01;  4,928535842896e+01
  6,401237845421e-01;  4,718144226074e+01
  6,142312884331e-01;  4,227808761597e+01
  5,952072143555e-01;  4,022264099121e+01
  5,781545042992e-01;  3,800458145142e+01
  5,626970529556e-01;  3,564668273926e+01
  5,488486886024e-01;  3,322800064087e+01
  5,364841222763e-01;  3,096684455872e+01
  5,254012346268e-01;  2,901530456543e+01
  5,153772234917e-01;  2,733896636963e+01
  4,979414045811e-01;  2,462505722046e+01
  4,833476841450e-01;  2,253326606750e+01
  4,709900617599e-01;  2,086199951172e+01
  4,605480730534e-01;  1,950080490112e+01
  4,466788172722e-01;  1,788538360596e+01
  4,356307983398e-01;  1,660831451416e+01
  4,231965541840e-01;  1,529058551788e+01
  4,111941754818e-01;  1,406324481964e+01
  4,004944562912e-01;  1,302641773224e+01
  3,904007673264e-01;  1,209163665771e+01
  3,822087943554e-01;  1,137983989716e+01
  3,767962157726e-01;  1,093797206879e+01
  3,730137050152e-01;  1,066499042511e+01
  3,719339668751e-01;  1,258556175232e+01
  3,885826468468e-01;  1,498664283752e+01
  4,077947735786e-01;  1,649396896362e+01
  4,258227050304e-01;  1,818336296082e+01
  4,427848458290e-01;  2,004511260986e+01
  4,586533308029e-01;  2,205780410767e+01
  4,734281599522e-01;  2,411478233337e+01
  4,867749512196e-01;  2,606745910645e+01
  4,991604387760e-01;  2,787964630127e+01
  5,106891393661e-01;  2,957145309448e+01
  5,211450457573e-01;  3,115113258362e+01
  5,401830077171e-01;  3,399622344971e+01
  5,565739274025e-01;  3,646271896362e+01
  5,703526139259e-01;  3,858558273315e+01
  5,815051794052e-01;  4,040715789795e+01
  5,954371094704e-01;  4,262770462036e+01
  6,061646938324e-01;  4,434149169922e+01
  6,165370345116e-01;  4,604261398315e+01
  6,269720196724e-01;  4,767807769775e+01
  6,352615356445e-01;  4,888628768921e+01
  6,392669677734e-01;  4,929965591431e+01
  6,401237845421e-01;  4,730484771729e+01
  6,161817312241e-01;  4,247229003906e+01
  5,970392823219e-01;  4,043434906006e+01
  5,797706246376e-01;  3,823102188110e+01
  5,641668438911e-01;  3,588486862183e+01
  5,501722097397e-01;  3,346487426758e+01
  5,376265048981e-01;  3,117699432373e+01
  5,264949202538e-01;  2,919512557983e+01
  5,163942575455e-01;  2,749433708191e+01
  4,987981915474e-01;  2,474351310730e+01
  4,840791225433e-01;  2,262616348267e+01
  4,715891182423e-01;  2,093576240540e+01
  4,610635638237e-01;  1,955958175659e+01
  4,471455514431e-01;  1,792737197876e+01
  4,360696673393e-01;  1,663899040222e+01
  4,235657453537e-01;  1,531303310394e+01
  4,115076363087e-01;  1,408140468597e+01
  4,007800519466e-01;  1,304104614258e+01
  3,906236588955e-01;  1,210265445709e+01
  3,824038207531e-01;  1,138877105713e+01
  3,769494891167e-01;  1,094320964813e+01
  3,731390833855e-01;  1,066454219818e+01
  3,719061017036e-01;  1,194714069366e+01
  3,941693603992e-01;  1,540372180939e+01
  4,132282435894e-01;  1,696646118164e+01
  4,308033883572e-01;  1,870785331726e+01
  4,475565254688e-01;  2,062086868286e+01
  4,630627930164e-01;  2,266262817383e+01
  4,775241315365e-01;  2,470083808899e+01
  4,904320836067e-01;  2,661115837097e+01
  5,026225447655e-01;  2,838618850708e+01
  5,138586163521e-01;  3,004508972168e+01
  5,240707397461e-01;  3,159365081787e+01
  5,426559448242e-01;  3,438067245483e+01
  5,586776733398e-01;  3,678910446167e+01
  5,721289515495e-01;  3,886629867554e+01
  5,829679965973e-01;  4,064529037476e+01
  5,965864658356e-01;  4,280838394165e+01
  6,070215106010e-01;  4,448664093018e+01
  6,171639561653e-01;  4,614282989502e+01
  6,273412108421e-01;  4,772986221313e+01
  6,354565620422e-01;  4,889973449707e+01
  6,393714547157e-01;  4,927367782593e+01
  6,402282714844e-01;  4,705652236938e+01
  6,123504638672e-01;  4,208643341064e+01
  5,935702323914e-01;  4,001299285889e+01
  5,766359567642e-01;  3,778013992310e+01
  5,613386631012e-01;  3,541032028198e+01
  5,476505160332e-01;  3,299769973755e+01
  5,353974103928e-01;  3,076534461975e+01
  5,244538784027e-01;  2,884345054626e+01
  5,054715871811e-01;  2,575898170471e+01
  4,897563755512e-01;  2,341287040710e+01
  4,763050973415e-01;  2,156952667236e+01
  4,652431309223e-01;  2,007813453674e+01
  4,507190883160e-01;  1,832344627380e+01
  4,389047920704e-01;  1,695738983154e+01
  4,259481132030e-01;  1,554943466187e+01
  4,153598248959e-01;  1,448193931580e+01
  4,037754237652e-01;  1,332226848602e+01
  3,926298618317e-01;  1,228623390198e+01
  3,836437761784e-01;  1,149148750305e+01
  3,777853846550e-01;  1,100774097443e+01
  3,737451434135e-01;  1,070397377014e+01
  3,718852102757e-01;  1,229684829712e+01
  3,833999633789e-01;  1,456481838226e+01
  4,020200073719e-01;  1,601139068604e+01
  4,205076694489e-01;  1,764531135559e+01
  4,376787841320e-01;  1,945575332642e+01
  4,539861381054e-01;  2,142702293396e+01
  4,690535068512e-01;  2,348640823364e+01
  4,828879237175e-01;  2,548038864136e+01
  4,954475760460e-01;  2,733280754089e+01
  5,072966814041e-01;  2,905920791626e+01
  5,180939435959e-01;  3,067269325256e+01
  5,374314785004e-01;  3,358288192749e+01
  5,542055368423e-01;  3,610518264771e+01
  5,684369802475e-01;  3,827623367310e+01
  5,799517631531e-01;  4,014345550537e+01
  5,941832065582e-01;  4,242182922363e+01
  6,052103638649e-01;  4,417778015137e+01
  6,158404350281e-01;  4,592631149292e+01
  6,265888810158e-01;  4,761249923706e+01
  6,351570487022e-01;  4,885932922363e+01
  6,392182111740e-01;  4,931629180908e+01
  6,401237845421e-01;  4,638153457642e+01
  6,221167445183e-01;  4,305286407471e+01
  6,027165055275e-01;  4,107027816772e+01
  5,849672555923e-01;  3,891435241699e+01
  5,687783360481e-01;  3,660818481445e+01
  5,543378591537e-01;  3,419480514526e+01
  5,413742065430e-01;  3,184327316284e+01
  5,298594832420e-01;  2,976452636719e+01
  5,194383859634e-01;  2,798586273193e+01
  5,013198852539e-01;  2,511521148682e+01
  4,862873256207e-01;  2,291392135620e+01
  4,734142124653e-01;  2,117082786560e+01
  4,627771675587e-01;  1,975461006165e+01
  4,485735595226e-01;  1,807673835754e+01
  4,372190535069e-01;  1,675889205933e+01
  4,245409667492e-01;  1,539872646332e+01
  4,143149256706e-01;  1,436421966553e+01
  4,029952287674e-01;  1,323890304565e+01
  3,921352922916e-01;  1,223542881012e+01
  3,833581805229e-01;  1,146715736389e+01
  3,776182234287e-01;  1,098699188232e+01
  3,736754655838e-01;  1,068290615082e+01
  3,721429705620e-01;  1,221010684967e+01
  4,003342390060e-01;  1,586389541626e+01
  4,189542829990e-01;  1,748022460938e+01
  4,362020194530e-01;  1,927377510071e+01
  4,526138305664e-01;  2,123299217224e+01
  4,677648246288e-01;  2,329006576538e+01
  4,818082153797e-01;  2,529585456848e+01
  4,944026768208e-01;  2,716254615784e+01
  5,063144564629e-01;  2,890077590942e+01
  5,172441005707e-01;  3,052501487732e+01
  5,272750854492e-01;  3,204169464111e+01
  5,454214215279e-01;  3,477386093140e+01
  5,610669851303e-01;  3,713048553467e+01
  5,740655064583e-01;  3,916144561768e+01
  5,846050381660e-01;  4,089802932739e+01
  5,979448556900e-01;  4,300072860718e+01
  6,079828143120e-01;  4,463646697998e+01
  6,199991106987e-01;  4,656902694702e+01
  6,300022006035e-01;  4,812013626099e+01
  6,366756558418e-01;  4,904287338257e+01
  6,401028633118e-01;  4,787277984619e+01
  6,403327584267e-01;  4,666045379639e+01
  6,258574724197e-01;  4,342155456543e+01
  6,066035628319e-01;  4,147651290894e+01
  5,883945226669e-01;  3,935408020020e+01
  5,719687342644e-01;  3,707798767090e+01
  5,572078824043e-01;  3,467873382568e+01
  5,439376831055e-01;  3,229438018799e+01
  5,321443080902e-01;  3,015378952026e+01
  5,215281844139e-01;  2,832129669189e+01
  5,031170845032e-01;  2,537152862549e+01
  4,877989292145e-01;  2,311885833740e+01
  4,747029244900e-01;  2,133633995056e+01
  4,639056622982e-01;  1,988950157166e+01
  4,495000541210e-01;  1,817864608765e+01
  4,379853010178e-01;  1,684193611145e+01
  4,252166748047e-01;  1,546210670471e+01
  4,148513078690e-01;  1,441129779816e+01
  4,034271240234e-01;  1,326929569244e+01
  3,924557268620e-01;  1,224961185455e+01
  3,836019635201e-01;  1,146646118164e+01
  3,778898715973e-01;  1,099939823151e+01
  3,738705217838e-01;  1,069354724884e+01
  3,723798096180e-01;  1,278101825714e+01
  3,926229178905e-01;  1,526505184174e+01
  4,117793142796e-01;  1,681048965454e+01
  4,294589459896e-01;  1,853480720520e+01
  4,462538957596e-01;  2,043091583252e+01
  4,618437290192e-01;  2,246357345581e+01
  4,764235019684e-01;  2,450906753540e+01
  4,894707798958e-01;  2,643442535400e+01
  5,017378330231e-01;  2,822269821167e+01
  5,130575299263e-01;  2,989320755005e+01
  5,233184099197e-01;  3,145161056519e+01
  5,420777797699e-01;  3,425873565674e+01
  5,581412911415e-01;  3,668553543091e+01
  5,716970562935e-01;  3,877511596680e+01
  5,826336145401e-01;  4,056573104858e+01
  5,963635444641e-01;  4,274679946899e+01
  6,068543195724e-01;  4,443555831909e+01
  6,171082258224e-01;  4,610972213745e+01
  6,273551583290e-01;  4,771210098267e+01
  6,355262398720e-01;  4,889680099487e+01
  6,394968628883e-01;  4,922912216187e+01
  6,403188109398e-01;  4,679191589355e+01
  6,275223493576e-01;  4,360438156128e+01
  6,084704399109e-01;  4,167786407471e+01
  5,900872349739e-01;  3,956977844238e+01
  5,735012292862e-01;  3,730724334717e+01
  5,585871338844e-01;  3,491528701782e+01
  5,451706647873e-01;  3,251649856567e+01
  5,332518815994e-01;  3,034415245056e+01
  5,225103497505e-01;  2,848277854919e+01
  5,039181709290e-01;  2,548654174805e+01
  4,885164201260e-01;  2,320502471924e+01
  4,752880632877e-01;  2,140436172485e+01
  4,644281268120e-01;  1,994607353210e+01
  4,500503540039e-01;  1,822326850891e+01
  4,384032487869e-01;  1,687594795227e+01
  4,255998134613e-01;  1,548755741119e+01
  4,151647686958e-01;  1,443723011017e+01
  4,037057757378e-01;  1,329212856293e+01
  3,926298618317e-01;  1,225832653046e+01
  3,837273716927e-01;  1,147641658783e+01
  3,779804408550e-01;  1,099899196625e+01
  3,739889264107e-01;  1,069669055939e+01
  3,722822666168e-01;  1,257849407196e+01
  3,888821899891e-01;  1,497658920288e+01
  4,080525338650e-01;  1,648219299316e+01
  4,261013567448e-01;  1,816969490051e+01
  4,430495500565e-01;  2,003231811523e+01
  4,588971436024e-01;  2,204412078857e+01
  4,736510515213e-01;  2,410095787048e+01
  4,869978427887e-01;  2,605345344543e+01
  4,993694126606e-01;  2,786664962769e+01
  5,109189748764e-01;  2,956066131592e+01
  5,213818550110e-01;  3,114073753357e+01
  5,403711199760e-01;  3,398819351196e+01
  5,567132830620e-01;  3,645359039307e+01
  5,705267786980e-01;  3,857655334473e+01
  5,816792845726e-01;  4,040042114258e+01
  5,956321358681e-01;  4,261837005615e+01
  6,063249111176e-01;  4,433478927612e+01
  6,167111396790e-01;  4,603819656372e+01
  6,271461844444e-01;  4,767833328247e+01
  6,354357004166e-01;  4,887688446045e+01
  6,394759416580e-01;  4,931976318359e+01
  6,403745412827e-01;  4,638647842407e+01
  6,223257184029e-01;  4,305822372437e+01
  6,029603481293e-01;  4,107662582397e+01
  5,852110385895e-01;  3,892090606689e+01
  5,690778493881e-01;  3,661524200439e+01
  5,546304583549e-01;  3,420209503174e+01
  5,416528582573e-01;  3,184904479980e+01
  5,301241874695e-01;  2,976937484741e+01
  5,197518467903e-01;  2,798931884766e+01
  5,016055107117e-01;  2,511725234985e+01
  4,865868687630e-01;  2,291795539856e+01
  4,737276732922e-01;  2,117489051819e+01
  4,630488455296e-01;  1,975704574585e+01
  4,488870501518e-01;  1,808167266846e+01
  4,375185668468e-01;  1,676294708252e+01
  4,248892664909e-01;  1,540238380432e+01
  4,146423339844e-01;  1,436329936981e+01
  4,033713936806e-01;  1,324010562897e+01
  3,924557268620e-01;  1,222999000549e+01
  3,836925327778e-01;  1,146290111542e+01
  3,779595494270e-01;  1,099422454834e+01
  3,739889264107e-01;  1,068963909149e+01
  3,724355399609e-01;  1,267884445190e+01
  3,908256888390e-01;  1,511912822723e+01
  4,100030064583e-01;  1,664230346680e+01
  4,278567731380e-01;  1,834861373901e+01
  4,447144269943e-01;  2,022824478149e+01
  4,604296386242e-01;  2,225115013123e+01
  4,750999808311e-01;  2,430349731445e+01
  4,882865548134e-01;  2,624164581299e+01
  5,006232857704e-01;  2,804225540161e+01
  5,120683908463e-01;  2,972212409973e+01
  5,224267840385e-01;  3,129115486145e+01
  5,413324236870e-01;  3,411798477173e+01
  5,575004220009e-01;  3,656500244141e+01
  5,711746215820e-01;  3,867203140259e+01
  5,822017788887e-01;  4,047903060913e+01
  5,960640311241e-01;  4,267855072021e+01
  6,066453456879e-01;  4,437975692749e+01
  6,169689297676e-01;  4,606847381592e+01
  6,272994279861e-01;  4,769730758667e+01
  6,355401873589e-01;  4,888571548462e+01
  6,395316720009e-01;  4,926990509033e+01
  6,403467059135e-01;  4,705493545532e+01
  6,124897599220e-01;  4,208377075195e+01
  5,937582850456e-01;  4,001129150391e+01
  5,768449306488e-01;  3,777919387817e+01
  5,615685582161e-01;  3,540887069702e+01
  5,479083061218e-01;  3,299623870850e+01
  5,356760621071e-01;  3,076318168640e+01
  5,247185826302e-01;  2,884140586853e+01
  5,057641863823e-01;  2,575953674316e+01
  4,900698363781e-01;  2,341845130920e+01
  4,766394495964e-01;  2,157847595215e+01
  4,656053483486e-01;  2,009018707275e+01
  4,510813057423e-01;  1,833717727661e+01
  4,392043352127e-01;  1,697168350220e+01
  4,262964129448e-01;  1,555712890625e+01
  4,156732857227e-01;  1,448192405701e+01
  4,041237235069e-01;  1,331392860413e+01
  3,929781615734e-01;  1,227481746674e+01
  3,840408325195e-01;  1,148730087280e+01
  3,782242536545e-01;  1,101437282562e+01
  3,741630911827e-01;  1,070221042633e+01
  3,723519444466e-01;  1,229217720032e+01
  3,838179111481e-01;  1,456230926514e+01
  4,024588465691e-01;  1,601064300537e+01
  4,209256470203e-01;  1,764552497864e+01
  4,380619227886e-01;  1,945638084412e+01
  4,543692469597e-01;  2,142964935303e+01
  4,693669974804e-01;  2,348933410645e+01
  4,832362234592e-01;  2,548504638672e+01
  4,957610368729e-01;  2,734018898010e+01
  5,075892806053e-01;  2,906590843201e+01
  5,183586478233e-01;  3,067674446106e+01
  5,283687710762e-01;  3,218012619019e+01
  5,463966727257e-01;  3,488970184326e+01
  5,618680715561e-01;  3,722985458374e+01
  5,747411847115e-01;  3,924281311035e+01
  5,852319598198e-01;  4,096229553223e+01
  5,984533429146e-01;  4,304787826538e+01
  6,110896468163e-01;  4,512605667114e+01
  6,221794486046e-01;  4,688865280151e+01
  6,327328681946e-01;  4,851280212402e+01
  6,380687952042e-01;  4,918898391724e+01
  6,403536796570e-01;  4,638842010498e+01
  6,222769618034e-01;  4,305946350098e+01
  6,029324531555e-01;  4,107818222046e+01
  5,851901769638e-01;  3,892163085938e+01
  5,690430402756e-01;  3,661705017090e+01
  5,546165108681e-01;  3,420362091064e+01
  5,416528582573e-01;  3,184951782227e+01
  5,300823450089e-01;  2,976974105835e+01
  5,197170376778e-01;  2,799025154114e+01
  5,016055107117e-01;  2,511506843567e+01
  4,865868687630e-01;  2,291442108154e+01
  4,737276732922e-01;  2,117130088806e+01
  4,630836844444e-01;  1,975446128845e+01
  4,489427506924e-01;  1,807875251770e+01
  4,375464320183e-01;  1,676198196411e+01
  4,249310791492e-01;  1,539941120148e+01
  4,146771728992e-01;  1,436391162872e+01
  4,034271240234e-01;  1,323729896545e+01
  3,925741314888e-01;  1,222727966309e+01
  3,837761282921e-01;  1,145620250702e+01
  3,781058192253e-01;  1,098942661285e+01
  3,741630911827e-01;  1,069101619720e+01
  3,727141618729e-01;  1,278045368195e+01
  3,928806483746e-01;  1,526416683197e+01
  4,120231270790e-01;  1,680923271179e+01
  4,296679198742e-01;  1,853173255920e+01
  4,464837908745e-01;  2,042669296265e+01
  4,621014893055e-01;  2,246000099182e+01
  4,766673147678e-01;  2,450656890869e+01
  4,896449148655e-01;  2,643154716492e+01
  5,019119977951e-01;  2,821804809570e+01
  5,132316946983e-01;  2,988583564758e+01
  5,235343575478e-01;  3,144237709045e+01
  5,422728061676e-01;  3,424655914307e+01
  5,582597255707e-01;  3,667498397827e+01
  5,718712210655e-01;  3,876620483398e+01
  5,827729701996e-01;  4,055813980103e+01
  5,965167880058e-01;  4,274132537842e+01
  6,070215106010e-01;  4,443239593506e+01
  6,172684431076e-01;  4,610592651367e+01
  6,275084018707e-01;  4,771248626709e+01
  6,356655359268e-01;  4,889145278931e+01
  6,396361589432e-01;  4,929935073853e+01
  6,405069231987e-01;  4,730545425415e+01
  6,165996789932e-01;  4,247819137573e+01
  5,974920392036e-01;  4,044050979614e+01
  5,802930593491e-01;  3,823822784424e+01
  5,646684169769e-01;  3,589268493652e+01
  5,507155656815e-01;  3,347181701660e+01
  5,381838083267e-01;  3,118496894836e+01
  5,270730853081e-01;  2,920259094238e+01
  5,170002579689e-01;  2,750256538391e+01
  4,993554949760e-01;  2,475073814392e+01
  4,847199916840e-01;  2,263226127625e+01
  4,722439348698e-01;  2,094686508179e+01
  4,617810547352e-01;  1,957368850708e+01
  4,478421509266e-01;  1,793982505798e+01
  4,366965889931e-01;  1,664879989624e+01
  4,242414534092e-01;  1,531478595734e+01
  4,142243862152e-01;  1,429884147644e+01
  4,030718505383e-01;  1,319406604767e+01
  3,923999965191e-01;  1,220387077332e+01
  3,837064802647e-01;  1,144253158569e+01
  3,780640363693e-01;  1,097771549225e+01
  3,741630911827e-01;  1,068005752563e+01
  3,727211356163e-01;  1,248836803436e+01
  3,753403425217e-01;  1,355864334106e+01
  3,875795304775e-01;  1,484406375885e+01
  4,066244959831e-01;  1,633013916016e+01
  4,247778058052e-01;  1,800074195862e+01
  4,417747855186e-01;  1,984402084351e+01
  4,577477574348e-01;  2,184273529053e+01
  4,726061522961e-01;  2,390104866028e+01
  4,860783517361e-01;  2,586799049377e+01
  4,985334873199e-01;  2,769500923157e+01
  5,100970268250e-01;  2,939884376526e+01
  5,206922292709e-01;  3,098938369751e+01
  5,398834943771e-01;  3,385714721680e+01
  5,562256574631e-01;  3,634211730957e+01
  5,701785087585e-01;  3,848043823242e+01
  5,814145803452e-01;  4,031751632690e+01
  5,954371094704e-01;  4,255463409424e+01
  6,062552332878e-01;  4,428320693970e+01
  6,167111396790e-01;  4,599934387207e+01
  6,272646188736e-01;  4,765397262573e+01
  6,356307268143e-01;  4,887304687500e+01
  6,396361589432e-01;  4,930318832397e+01
  6,405417323112e-01;  4,742365646362e+01
  6,186337471008e-01;  4,267422866821e+01
  5,994076728821e-01;  4,065708160400e+01
  5,820206403732e-01;  3,847063827515e+01
  5,662357211113e-01;  3,613815307617e+01
  5,521435737610e-01;  3,371903228760e+01
  5,394725203514e-01;  3,140607452393e+01
  5,281667113304e-01;  2,939081001282e+01
  5,179755091667e-01;  2,766451835632e+01
  5,002053380013e-01;  2,487041091919e+01
  4,854514002800e-01;  2,272315025330e+01
  4,728569388390e-01;  2,101675415039e+01
  4,623313546181e-01;  1,962821960449e+01
  4,483158290386e-01;  1,798283004761e+01
  4,371493756771e-01;  1,668453788757e+01
  4,246594011784e-01;  1,534234237671e+01
  4,145030081272e-01;  1,431905841827e+01
  4,033713936806e-01;  1,320847415924e+01
  3,926298618317e-01;  1,221269798279e+01
  3,839015066624e-01;  1,144984340668e+01
  3,782381713390e-01;  1,098501968384e+01
  3,743372261524e-01;  1,068814754486e+01
  3,729231357574e-01;  1,277395439148e+01
  3,930687308311e-01;  1,525596141815e+01
  4,121624529362e-01;  1,679742622375e+01
  4,298420846462e-01;  1,851948165894e+01
  4,466161429882e-01;  2,041323471069e+01
  4,622268676758e-01;  2,244507598877e+01
  4,767857491970e-01;  2,449180984497e+01
  4,898399710655e-01;  2,641712379456e+01
  5,020652413368e-01;  2,820544052124e+01
  5,133919119835e-01;  2,987630271912e+01
  5,237224698067e-01;  3,143406486511e+01
  5,424957275391e-01;  3,424190902710e+01
  5,584338903427e-01;  3,667326736450e+01
  5,720244646072e-01;  3,876439285278e+01
  5,829471349716e-01;  4,055620956421e+01
  5,966770052910e-01;  4,273548507690e+01
  6,071468591690e-01;  4,442740631104e+01
  6,174216866493e-01;  4,610666275024e+01
  6,277034878731e-01;  4,771674346924e+01
  6,358048915863e-01;  4,889193344116e+01
  6,397545933723e-01;  4,930065917969e+01
  6,406253576279e-01;  4,730962753296e+01
  6,167250871658e-01;  4,248641967773e+01
  5,976662039757e-01;  4,044987869263e+01
  5,804324150085e-01;  3,824836730957e+01
  5,648425817490e-01;  3,590285491943e+01
  5,508548617363e-01;  3,348272323608e+01
  5,383648872375e-01;  3,119540023804e+01
  5,271775722504e-01;  2,921297073364e+01
  5,171047449112e-01;  2,751168060303e+01
  4,994947910309e-01;  2,475650405884e+01
  4,848592877388e-01;  2,263678932190e+01
  4,723344743252e-01;  2,095145416260e+01
  4,619203507900e-01;  1,957691955566e+01
  4,479884207249e-01;  1,794403457642e+01
  4,368498325348e-01;  1,665545845032e+01
  4,243877232075e-01;  1,531846046448e+01
  4,143497645855e-01;  1,429907608032e+01
  4,032320678234e-01;  1,319347095490e+01
  3,925532400608e-01;  1,219889926910e+01
  3,838806152344e-01;  1,143942642212e+01
  3,782381713390e-01;  1,097833347321e+01
  3,743929564953e-01;  1,068444347382e+01
  3,729719221592e-01;  1,277577877045e+01
  3,930896222591e-01;  1,525546836853e+01
  4,122181832790e-01;  1,679677009583e+01
  4,298768937588e-01;  1,851809883118e+01
  4,466718733311e-01;  2,041152763367e+01
  4,622617065907e-01;  2,244271850586e+01
  4,768066406250e-01;  2,448836517334e+01
  4,898399710655e-01;  2,641452217102e+01
  5,020861625671e-01;  2,820454597473e+01
  5,133919119835e-01;  2,987273597717e+01
  5,237224698067e-01;  3,143243408203e+01
  5,424957275391e-01;  3,424272155762e+01
  5,584686994553e-01;  3,667311096191e+01
  5,720244646072e-01;  3,876549911499e+01
  5,829679965973e-01;  4,055818176270e+01
  5,966909527779e-01;  4,273954010010e+01
  6,071608066559e-01;  4,443207168579e+01
  6,174426078796e-01;  4,610525894165e+01
  6,276686191559e-01;  4,771226882935e+01
  6,358048915863e-01;  4,889073562622e+01
  6,397754549980e-01;  4,930055999756e+01
  6,406601667404e-01;  4,731027984619e+01
  6,167529821396e-01;  4,248861312866e+01
  5,976452827454e-01;  4,045173645020e+01
  5,804324150085e-01;  3,824985885620e+01
  5,648425817490e-01;  3,590504074097e+01
  5,509036779404e-01;  3,348594665527e+01
  5,383648872375e-01;  3,119981193542e+01
  5,272333025932e-01;  2,921634101868e+01
  5,171744227409e-01;  2,751445007324e+01
  4,995505213737e-01;  2,475944709778e+01
  4,849150180817e-01;  2,263719177246e+01
  4,723902046680e-01;  2,094888687134e+01
  4,619342982769e-01;  1,957144737244e+01
  4,480162858963e-01;  1,794024658203e+01
  4,368846714497e-01;  1,665363121033e+01
  4,244504272938e-01;  1,531837654114e+01
  4,144124686718e-01;  1,430043125153e+01
  4,033226370811e-01;  1,319691658020e+01
  3,925880789757e-01;  1,220405578613e+01
  3,839223980904e-01;  1,144027996063e+01
  3,783078491688e-01;  1,098060226440e+01
  3,744069039822e-01;  1,068226528168e+01
  3,729092180729e-01;  1,220321083069e+01
  4,009820818901e-01;  1,585082912445e+01
  4,195881783962e-01;  1,746590423584e+01
  4,368289411068e-01;  1,925902366638e+01
  4,532059431076e-01;  2,121691894531e+01
  4,683360159397e-01;  2,327425765991e+01
  4,823306500912e-01;  2,528083038330e+01
  4,949599504471e-01;  2,714883804321e+01
  5,068230032921e-01;  2,888755226135e+01
  5,177108049393e-01;  3,051183891296e+01
  5,277627110481e-01;  3,202979278564e+01
  5,459160208702e-01;  3,476083755493e+01
  5,614501237869e-01;  3,711696243286e+01
  5,744695067406e-01;  3,914635848999e+01
  5,850368738174e-01;  4,088307952881e+01
  5,983628034592e-01;  4,298834991455e+01
  6,083798408508e-01;  4,462639236450e+01
  6,183829903603e-01;  4,624050140381e+01
  6,294101476669e-01;  4,795656585693e+01
  6,366199254990e-01;  4,898663711548e+01
  6,402422189713e-01;  4,887417221069e+01
  6,407855749130e-01;  4,693598556519e+01
  6,296748518944e-01;  4,380566024780e+01
  6,110060214996e-01;  4,190329742432e+01
  5,924765467644e-01;  3,981457138062e+01
  5,757164359093e-01;  3,756894302368e+01
  5,606420636177e-01;  3,518938827515e+01
  5,470932722092e-01;  3,278212356567e+01
  5,350700020790e-01;  3,057738685608e+01
  5,242657661438e-01;  2,868448829651e+01
  5,054019689560e-01;  2,564112854004e+01
  4,898399710655e-01;  2,332314300537e+01
  4,765349626541e-01;  2,150168800354e+01
  4,656262695789e-01;  2,002805519104e+01
  4,511718750000e-01;  1,828993225098e+01
  4,394133090973e-01;  1,693473243713e+01
  4,266098737717e-01;  1,553197288513e+01
  4,160355329514e-01;  1,447126483917e+01
  4,045068621635e-01;  1,330935764313e+01
  3,933752179146e-01;  1,226883220673e+01
  3,844727277756e-01;  1,148145484924e+01
  3,787118792534e-01;  1,100280761719e+01
  3,747203648090e-01;  1,069851970673e+01
  3,731112182140e-01;  1,268002414703e+01
  3,914386928082e-01;  1,511994743347e+01
  4,106090366840e-01;  1,664353561401e+01
  4,284140467644e-01;  1,834752845764e+01
  4,452786743641e-01;  2,022463035583e+01
  4,609869122505e-01;  2,224589538574e+01
  4,756224155426e-01;  2,429781913757e+01
  4,888090193272e-01;  2,623716545105e+01
  5,010899901390e-01;  2,803815841675e+01
  5,125211477280e-01;  2,971891403198e+01
  5,229144096375e-01;  3,128741836548e+01
  5,417991280556e-01;  3,411410903931e+01
  5,578626394272e-01;  3,656292343140e+01
  5,715228915215e-01;  3,866894531250e+01
  5,825848579407e-01;  4,047279357910e+01
  5,963984131813e-01;  4,267360305786e+01
  6,070075631142e-01;  4,437670516968e+01
  6,173032522202e-01;  4,606751251221e+01
  6,276546716690e-01;  4,769005203247e+01
  6,359093785286e-01;  4,888647842407e+01
  6,398938894272e-01;  4,928121185303e+01
  6,407507061958e-01;  4,718282699585e+01
  6,148930191994e-01;  4,228673171997e+01
  5,959734916687e-01;  4,023345565796e+01
  5,789347290993e-01;  3,801626586914e+01
  5,635399222374e-01;  3,565902328491e+01
  5,497194528580e-01;  3,324295425415e+01
  5,373618006706e-01;  3,098396492004e+01
  5,263068079948e-01;  2,903421974182e+01
  5,071921944618e-01;  2,590414619446e+01
  4,913585484028e-01;  2,353129196167e+01
  4,778585135937e-01;  2,166966629028e+01
  4,667268693447e-01;  2,016465759277e+01
  4,521610438824e-01;  1,839168739319e+01
  4,401795864105e-01;  1,701502037048e+01
  4,272367954254e-01;  1,558888244629e+01
  4,165579676628e-01;  1,450823116302e+01
  4,049596488476e-01;  1,333745574951e+01
  3,948729038239e-01;  1,239896202087e+01
  3,854131400585e-01;  1,155505561829e+01
  3,793736398220e-01;  1,104780578613e+01
  3,752079904079e-01;  1,072547054291e+01
  3,732853829861e-01;  1,268212318420e+01
  3,916406929493e-01;  1,512129116058e+01
  4,107901453972e-01;  1,664645576477e+01
  4,286091029644e-01;  1,835304069519e+01
  4,454319179058e-01;  2,023081970215e+01
  4,611262381077e-01;  2,225215148926e+01
  4,757617413998e-01;  2,430270004272e+01
  4,889343976974e-01;  2,624205780029e+01
  5,012641549110e-01;  2,804223823547e+01
  5,126535296440e-01;  2,972167778015e+01
  5,230258703232e-01;  3,129113197327e+01
  5,419245362282e-01;  3,411798858643e+01
  5,579671263695e-01;  3,656472396851e+01
  5,716831088066e-01;  3,867218780518e+01
  5,826824307442e-01;  4,047822189331e+01
  5,965029001236e-01;  4,267615127563e+01
  6,070632934570e-01;  4,438047027588e+01
  6,174077391624e-01;  4,607199859619e+01
  6,277731060982e-01;  4,769535827637e+01
  6,359581351280e-01;  4,888754653931e+01
  6,399287581444e-01;  4,929706954956e+01
  6,407855749130e-01;  4,730580520630e+01
  6,169131994247e-01;  4,248623275757e+01
  5,978403687477e-01;  4,045040512085e+01
  5,806622505188e-01;  3,825053787231e+01
  5,650654435158e-01;  3,590658950806e+01
  5,510777831078e-01;  3,348802947998e+01
  5,386017560959e-01;  3,120203590393e+01
  5,274701118469e-01;  2,921975517273e+01
  5,174182653427e-01;  2,751810836792e+01
  4,997386038303e-01;  2,476028442383e+01
  4,851379394531e-01;  2,263925552368e+01
  4,726131260395e-01;  2,094856262207e+01
  4,621781110764e-01;  1,957374763489e+01
  4,482949376106e-01;  1,794075202942e+01
  4,371842145920e-01;  1,665199661255e+01
  4,247290492058e-01;  1,531952285767e+01
  4,146910905838e-01;  1,430530548096e+01
  4,035664498806e-01;  1,319709587097e+01
  3,928876221180e-01;  1,220396232605e+01
  3,841940760612e-01;  1,143989086151e+01
  3,785725533962e-01;  1,097563076019e+01
  3,747203648090e-01;  1,068660068512e+01
  3,732226788998e-01;  1,203131103516e+01
  3,973388671875e-01;  1,555052089691e+01
  4,162375330925e-01;  1,712948608398e+01
  4,336245954037e-01;  1,888599777222e+01
  4,502244889736e-01;  2,081391906738e+01
  4,655357003212e-01;  2,286098480225e+01
  4,798716604710e-01;  2,489159774780e+01
  4,926054477692e-01;  2,678741455078e+01
  5,046983957291e-01;  2,854902076721e+01
  5,157951712608e-01;  3,019440078735e+01
  5,260003209114e-01;  3,173112678528e+01
  5,444531440735e-01;  3,450118637085e+01
  5,601405501366e-01;  3,689282989502e+01
  5,734385848045e-01;  3,894892120361e+01
  5,841661691666e-01;  4,071399307251e+01
  5,976871252060e-01;  4,285769653320e+01
  6,079270839691e-01;  4,452202606201e+01
  6,180904507637e-01;  4,617085647583e+01
  6,281562447548e-01;  4,774687957764e+01
  6,361531615257e-01;  4,890224838257e+01
  6,400680541992e-01;  4,929064559937e+01
  6,408900618553e-01;  4,719444656372e+01
  6,150811314583e-01;  4,230371475220e+01
  5,961685180664e-01;  4,025207901001e+01
  5,790949463844e-01;  3,803517532349e+01
  5,637071132660e-01;  3,567875289917e+01
  5,498935580254e-01;  3,326245498657e+01
  5,375080704689e-01;  3,100182342529e+01
  5,265157818794e-01;  2,904883766174e+01
  5,073314905167e-01;  2,591625404358e+01
  4,914839267731e-01;  2,353744888306e+01
  4,779769182205e-01;  2,167070770264e+01
  4,668104648590e-01;  2,016281890869e+01
  4,523212611675e-01;  1,838800239563e+01
  4,403537213802e-01;  1,701210975647e+01
  4,273970127106e-01;  1,559213829041e+01
  4,167321324348e-01;  1,451438903809e+01
  4,051337838173e-01;  1,333798503876e+01
  3,950609862804e-01;  1,239818668365e+01
  3,855872750282e-01;  1,155958938599e+01
  3,795477747917e-01;  1,105303096771e+01
  3,753682076931e-01;  1,072845935822e+01
  3,732087612152e-01;  1,220393371582e+01
  4,012537300587e-01;  1,585395812988e+01
  4,198807477951e-01;  1,746891212463e+01
  4,370518624783e-01;  1,926118469238e+01
  4,534497559071e-01;  2,121909904480e+01
  4,685659110546e-01;  2,327620506287e+01
  4,825744628906e-01;  2,528516387939e+01
  4,951689243317e-01;  2,715523910522e+01
  5,070459246635e-01;  2,889461898804e+01
  5,179337263107e-01;  3,051757621765e+01
  5,280064940453e-01;  3,203513336182e+01
  5,461598038673e-01;  3,476195144653e+01
  5,615755319595e-01;  3,711531829834e+01
  5,746227502823e-01;  3,914136886597e+01
  5,851274728775e-01;  4,087370681763e+01
  5,984533429146e-01;  4,297500228882e+01
  6,085052490234e-01;  4,461309051514e+01
  6,185222864151e-01;  4,623660659790e+01
  6,295633912086e-01;  4,796039199829e+01
  6,367592215538e-01;  4,897842788696e+01
  6,404372453690e-01;  4,860254669189e+01
  6,407716274261e-01;  4,639199829102e+01
  6,227436661720e-01;  4,306798171997e+01
  6,034200787544e-01;  4,108729171753e+01
  5,856777429581e-01;  3,893239212036e+01
  5,695863962173e-01;  3,662813949585e+01
  5,551738142967e-01;  3,421525955200e+01
  5,422101020813e-01;  3,186334800720e+01
  5,307301878929e-01;  2,978473472595e+01
  5,203648209572e-01;  2,800649452209e+01
  5,022115111351e-01;  2,512947654724e+01
  4,872277379036e-01;  2,292737388611e+01
  4,743406772614e-01;  2,118412590027e+01
  4,637454450130e-01;  1,976540756226e+01
  4,496393501759e-01;  1,808560752869e+01
  4,382291138172e-01;  1,676772880554e+01
  4,256137311459e-01;  1,540568161011e+01
  4,154085814953e-01;  1,437039375305e+01
  4,041237235069e-01;  1,324183464050e+01
  3,932707309723e-01;  1,223195362091e+01
  3,844727277756e-01;  1,145695686340e+01
  3,787745535374e-01;  1,099064636230e+01
  3,748805820942e-01;  1,068839740753e+01
  3,733271658421e-01;  1,211907577515e+01
  3,994425833225e-01;  1,570577716827e+01
  4,181740880013e-01;  1,730323982239e+01
  4,355054199696e-01;  1,907823944092e+01
  4,519868791103e-01;  2,101988410950e+01
  4,672075212002e-01;  2,307334709167e+01
  4,812857508659e-01;  2,509236907959e+01
  4,939707815647e-01;  2,697501564026e+01
  5,059522390366e-01;  2,872476577759e+01
  5,169445276260e-01;  3,035857391357e+01
  5,271009206772e-01;  3,188390731812e+01
  5,454074740410e-01;  3,463246536255e+01
  5,609624981880e-01;  3,700515365601e+01
  5,740794539452e-01;  3,904889678955e+01
  5,847234129906e-01;  4,079574203491e+01
  5,981398820877e-01;  4,291941452026e+01
  6,082962751389e-01;  4,457233810425e+01
  6,183272600174e-01;  4,620418930054e+01
  6,294797658920e-01;  4,794378662109e+01
  6,367452740669e-01;  4,897467041016e+01
  6,404163241386e-01;  4,874169158936e+01
  6,409109234810e-01;  4,666363525391e+01
  6,264147758484e-01;  4,343439483643e+01
  6,072652935982e-01;  4,149262237549e+01
  5,891259312630e-01;  3,937387847900e+01
  5,727350115776e-01;  3,710010528564e+01
  5,579950213432e-01;  3,470396804810e+01
  5,447875261307e-01;  3,232001113892e+01
  5,330080986023e-01;  3,017782592773e+01
  5,224546194077e-01;  2,834341621399e+01
  5,039669275284e-01;  2,538607215881e+01
  4,887254238129e-01;  2,312708854675e+01
  4,756084978580e-01;  2,134124755859e+01
  4,648809134960e-01;  1,989630508423e+01
  4,506354928017e-01;  1,818873977661e+01
  4,390302002430e-01;  1,685285186768e+01
  4,262964129448e-01;  1,546598720551e+01
  4,159449636936e-01;  1,441658401489e+01
  4,045765101910e-01;  1,327380371094e+01
  3,935842216015e-01;  1,224449348450e+01
  3,847374320030e-01;  1,147007846832e+01
  3,790253400803e-01;  1,100169277191e+01
  3,750199079514e-01;  1,069441318512e+01
  3,735988438129e-01;  1,277710628510e+01
  3,937374651432e-01;  1,526015853882e+01
  4,128242135048e-01;  1,680212974548e+01
  4,304550886154e-01;  1,852445220947e+01
  4,472291469574e-01;  2,041847229004e+01
  4,627841413021e-01;  2,244926071167e+01
  4,773081839085e-01;  2,449586868286e+01
  4,903275966644e-01;  2,642005729675e+01
  5,025737881660e-01;  2,820722770691e+01
  5,138028860092e-01;  2,987416076660e+01
  5,241543054581e-01;  3,143102836609e+01
  5,429206490517e-01;  3,423704147339e+01
  5,587682127953e-01;  3,666554641724e+01
  5,723727941513e-01;  3,875600433350e+01
  5,832814574242e-01;  4,054857254028e+01
  5,970044136047e-01;  4,272975540161e+01
  6,074603796005e-01;  4,442251205444e+01
  6,177351474762e-01;  4,609864044189e+01
  6,280169487000e-01;  4,771004867554e+01
  6,361322999001e-01;  4,888861083984e+01
  6,400889754295e-01;  4,930683517456e+01
  6,409248709679e-01;  4,743161773682e+01
  6,191074252129e-01;  4,268754196167e+01
  5,999301671982e-01;  4,067235183716e+01
  5,825988054276e-01;  3,848889923096e+01
  5,668139457703e-01;  3,616083526611e+01
  5,527356863022e-01;  3,374523544312e+01
  5,400506854057e-01;  3,143439102173e+01
  5,288145542145e-01;  2,941858291626e+01
  5,186721086502e-01;  2,769252777100e+01
  5,008183121681e-01;  2,489733505249e+01
  4,861131608486e-01;  2,274839973450e+01
  4,734281599522e-01;  2,103771591187e+01
  4,629791975021e-01;  1,964899444580e+01
  4,490124285221e-01;  1,800107574463e+01
  4,377902448177e-01;  1,669898223877e+01
  4,252654314041e-01;  1,535195255280e+01
  4,151647686958e-01;  1,432635974884e+01
  4,040192365646e-01;  1,321807861328e+01
  3,932289481163e-01;  1,221569061279e+01
  3,845284581184e-01;  1,144109821320e+01
  3,789208531380e-01;  1,098332786560e+01
  3,749990165234e-01;  1,068505954742e+01
  3,735013306141e-01;  1,220461273193e+01
  4,015532732010e-01;  1,585225105286e+01
  4,201454520226e-01;  1,746778869629e+01
  4,373165667057e-01;  1,925946998596e+01
  4,536865949631e-01;  2,121501541138e+01
  4,688096940517e-01;  2,327098846436e+01
  4,827695190907e-01;  2,527851867676e+01
  4,953570067883e-01;  2,714801216125e+01
  5,072548985481e-01;  2,888733673096e+01
  5,180939435959e-01;  3,050982093811e+01
  5,281946063042e-01;  3,202652740479e+01
  5,463269948959e-01;  3,475594329834e+01
  5,617845058441e-01;  3,711311340332e+01
  5,747760534286e-01;  3,914418029785e+01
  5,853155255318e-01;  4,087817382813e+01
  5,986623167992e-01;  4,298217773438e+01
  6,113821864128e-01;  4,508117294312e+01
  6,225834488869e-01;  4,685548782349e+01
  6,332204937935e-01;  4,848918151855e+01
  6,385912895203e-01;  4,918674468994e+01
  6,410641670227e-01;  4,680410766602e+01
  6,283234357834e-01;  4,362655639648e+01
  6,093690395355e-01;  4,170558166504e+01
  5,910833477974e-01;  3,960109710693e+01
  5,744904279709e-01;  3,734171295166e+01
  5,595971941948e-01;  3,495381164551e+01
  5,462225079536e-01;  3,255694580078e+01
  5,343037247658e-01;  3,038284111023e+01
  5,236527919769e-01;  2,851892852783e+01
  5,049979090691e-01;  2,551941680908e+01
  4,895752668381e-01;  2,323135566711e+01
  4,763956367970e-01;  2,142692756653e+01
  4,655914306641e-01;  1,996842002869e+01
  4,512763619423e-01;  1,824842071533e+01
  4,395526349545e-01;  1,690024757385e+01
  4,267840087414e-01;  1,550417327881e+01
  4,163350760937e-01;  1,444064712524e+01
  4,049039185047e-01;  1,328964138031e+01
  3,938767910004e-01;  1,226200866699e+01
  3,849464058876e-01;  1,146769428253e+01
  3,792482316494e-01;  1,099975013733e+01
  3,752985298634e-01;  1,069771862030e+01
  3,735849261284e-01;  1,258256530762e+01
  3,901151716709e-01;  1,497932147980e+01
  4,092576503754e-01;  1,648386383057e+01
  4,272159039974e-01;  1,817006683350e+01
  4,440735578537e-01;  2,002993583679e+01
  4,599072039127e-01;  2,204007148743e+01
  4,746332466602e-01;  2,409605598450e+01
  4,879243373871e-01;  2,604924392700e+01
  5,002889037132e-01;  2,786170959473e+01
  5,117479562759e-01;  2,955084037781e+01
  5,222386717796e-01;  3,112728118896e+01
  5,412627458572e-01;  3,397483062744e+01
  5,573262572289e-01;  3,643967056274e+01
  5,712233781815e-01;  3,856128311157e+01
  5,823410749435e-01;  4,038043594360e+01
  5,962939262390e-01;  4,260149002075e+01
  6,069239974022e-01;  4,432261657715e+01
  6,173868775368e-01;  4,602755737305e+01
  6,278218626976e-01;  4,766247177124e+01
  6,361183524132e-01;  4,887719726563e+01
  6,401237845421e-01;  4,929512023926e+01
  6,409945487976e-01;  4,730888748169e+01
  6,171430349350e-01;  4,249304962158e+01
  5,980841517448e-01;  4,046016311646e+01
  5,809409022331e-01;  3,826110076904e+01
  5,653650164604e-01;  3,591824340820e+01
  5,514051914215e-01;  3,350006103516e+01
  5,389361381531e-01;  3,121432304382e+01
  5,277696847916e-01;  2,923164367676e+01
  5,177665352821e-01;  2,753050041199e+01
  5,000520944595e-01;  2,477256584167e+01
  4,854722917080e-01;  2,264824485779e+01
  4,729823172092e-01;  2,095800781250e+01
  4,625264108181e-01;  1,958306884766e+01
  4,486641287804e-01;  1,794912528992e+01
  4,375255405903e-01;  1,666161537170e+01
  4,250773489475e-01;  1,532743072510e+01
  4,150463640690e-01;  1,430777931213e+01
  4,039495587349e-01;  1,320006275177e+01
  3,932150006294e-01;  1,220035266876e+01
  3,845772147179e-01;  1,142845344543e+01
  3,790044486523e-01;  1,097565555573e+01
  3,751383125782e-01;  1,068317222595e+01
  3,736615478992e-01;  1,229487514496e+01
  3,850927054882e-01;  1,456285667419e+01
  4,036430716515e-01;  1,600884437561e+01
  4,220541119576e-01;  1,764258193970e+01
  4,391625523567e-01;  1,945082092285e+01
  4,554002285004e-01;  2,142298889160e+01
  4,703979492188e-01;  2,348281288147e+01
  4,841766357422e-01;  2,547648620605e+01
  4,967153668404e-01;  2,732974052429e+01
  5,085087418556e-01;  2,905646324158e+01
  5,192572474480e-01;  3,066643905640e+01
  5,293091535568e-01;  3,217031097412e+01
  5,472534894943e-01;  3,487875366211e+01
  5,625646710396e-01;  3,721573638916e+01
  5,754377841949e-01;  3,923078155518e+01
  5,858936905861e-01;  4,095238494873e+01
  5,991499423981e-01;  4,304299926758e+01
  6,117305159569e-01;  4,512475585938e+01
  6,228203177452e-01;  4,688248062134e+01
  6,333459019661e-01;  4,849983215332e+01
  6,387096643448e-01;  4,919243240356e+01
  6,409945487976e-01;  4,639215469360e+01
  6,230083703995e-01;  4,306753158569e+01
  6,037265658379e-01;  4,108821868896e+01
  5,860260725021e-01;  3,893850326538e+01
  5,699276924133e-01;  3,663863372803e+01
  5,555011630058e-01;  3,422835922241e+01
  5,425723791122e-01;  3,187817764282e+01
  5,310785174370e-01;  2,980214500427e+01
  5,207270979881e-01;  2,802149581909e+01
  5,025737881660e-01;  2,514342689514e+01
  4,875760376453e-01;  2,294273948669e+01
  4,747238159180e-01;  2,119370841980e+01
  4,641285836697e-01;  1,977648544312e+01
  4,499876499176e-01;  1,809914588928e+01
  4,386052787304e-01;  1,678061103821e+01
  4,259829223156e-01;  1,541330528259e+01
  4,157429635525e-01;  1,437260532379e+01
  4,045068621635e-01;  1,324279212952e+01
  3,936051130295e-01;  1,222824764252e+01
  3,848210275173e-01;  1,145527744293e+01
  3,791785836220e-01;  1,098521423340e+01
  3,753124773502e-01;  1,069261074066e+01
  3,737590610981e-01;  1,267170715332e+01
  3,920447230339e-01;  1,510828876495e+01
  4,111523926258e-01;  1,662967872620e+01
  4,289365112782e-01;  1,833338928223e+01
  4,457802176476e-01;  2,020967674255e+01
  4,614466726780e-01;  2,223035049438e+01
  4,761100411415e-01;  2,428277587891e+01
  4,892269670963e-01;  2,622513198853e+01
  5,015288591385e-01;  2,802647018433e+01
  5,129042863846e-01;  2,970484924316e+01
  5,233184099197e-01;  3,127224922180e+01
  5,422240495682e-01;  3,409869384766e+01
  5,581064820290e-01;  3,654671478271e+01
  5,719060301781e-01;  3,865416336060e+01
  5,829122662544e-01;  4,045677185059e+01
  5,967606306076e-01;  4,265939712524e+01
  6,073210239410e-01;  4,436575317383e+01
  6,177073121071e-01;  4,605654525757e+01
  6,280657052994e-01;  4,768503952026e+01
  6,362367868423e-01;  4,887522888184e+01
  6,402422189713e-01;  4,930085754395e+01
  6,410990357399e-01;  4,731696701050e+01
  6,172962784767e-01;  4,250387191772e+01
  5,982373952866e-01;  4,047021484375e+01
  5,810941457748e-01;  3,827103805542e+01
  5,655182600021e-01;  3,592788314819e+01
  5,515654087067e-01;  3,350918197632e+01
  5,390545129776e-01;  3,122276306152e+01
  5,279716849327e-01;  2,923919105530e+01
  5,179058313370e-01;  2,753570556641e+01
  5,002261996269e-01;  2,477648353577e+01
  4,856464564800e-01;  2,265247917175e+01
  4,730868041515e-01;  2,096378326416e+01
  4,626866281033e-01;  1,958965110779e+01
  4,488034546375e-01;  1,795629501343e+01
  4,376509189606e-01;  1,666449356079e+01
  4,252375662327e-01;  1,532282733917e+01
  4,151856899261e-01;  1,430225372314e+01
  4,041237235069e-01;  1,319758319855e+01
  3,934100568295e-01;  1,220025730133e+01
  3,847513496876e-01;  1,143015480042e+01
  3,792203962803e-01;  1,097606277466e+01
  3,753682076931e-01;  1,068189811707e+01
  3,738705217838e-01;  1,211582183838e+01
  3,998953700066e-01;  1,569940376282e+01
  4,186268746853e-01;  1,729480934143e+01
  4,359233677387e-01;  1,906879043579e+01
  4,523700177670e-01;  2,101059150696e+01
  4,675906598568e-01;  2,306384086609e+01
  4,816688895226e-01;  2,508259773254e+01
  4,943330287933e-01;  2,696387100220e+01
  5,063144564629e-01;  2,871325683594e+01
  5,172928571701e-01;  3,034544563293e+01
  5,274143815041e-01;  3,187033843994e+01
  5,457209944725e-01;  3,461923599243e+01
  5,611923933029e-01;  3,699209213257e+01
  5,743789672852e-01;  3,903535842896e+01
  5,850229859352e-01;  4,078569030762e+01
  5,984672904015e-01;  4,291075134277e+01
  6,085749268532e-01;  4,456591415405e+01
  6,186616420746e-01;  4,619787979126e+01
  6,297932267189e-01;  4,793960952759e+01
  6,370726823807e-01;  4,896902084351e+01
  6,407855749130e-01;  4,874013900757e+01
  6,412522792816e-01;  4,666821670532e+01
  6,267978549004e-01;  4,344239807129e+01
  6,076832413673e-01;  4,150194549561e+01
  5,895786881447e-01;  3,938326644897e+01
  5,731877684593e-01;  3,711030960083e+01
  5,584617257118e-01;  3,471376800537e+01
  5,452612042427e-01;  3,233144378662e+01
  5,335305333138e-01;  3,019066047668e+01
  5,229770541191e-01;  2,835608673096e+01
  5,043918490410e-01;  2,539456367493e+01
  4,891991019249e-01;  2,313456344604e+01
  4,761170148849e-01;  2,134904098511e+01
  4,653476178646e-01;  1,990228271484e+01
  4,511370360851e-01;  1,819523429871e+01
  4,395177960396e-01;  1,685881423950e+01
  4,268536865711e-01;  1,547263145447e+01
  4,164186418056e-01;  1,441762256622e+01
  4,050989449024e-01;  1,327305698395e+01
  3,941275477409e-01;  1,224845981598e+01
  3,852598667145e-01;  1,146432113647e+01
  3,795965313911e-01;  1,099872970581e+01
  3,756468296051e-01;  1,070027446747e+01
  3,739332258701e-01;  1,257324790955e+01
  3,904495239258e-01;  1,496939373016e+01
  4,095502197742e-01;  1,647408676147e+01
  4,274945557117e-01;  1,816069793701e+01
  4,443870186806e-01;  2,001968193054e+01
  4,601927995682e-01;  2,202998161316e+01
  4,749397635460e-01;  2,408918190002e+01
  4,881820678711e-01;  2,604412841797e+01
  5,005327463150e-01;  2,785832214355e+01
  5,120126605034e-01;  2,954955863953e+01
  5,225173234940e-01;  3,112581825256e+01
  5,415622591972e-01;  3,397175598145e+01
  5,575143694878e-01;  3,643542098999e+01
  5,714393258095e-01;  3,855759811401e+01
  5,825639963150e-01;  4,037723922729e+01
  5,964889526367e-01;  4,259920120239e+01
  6,071468591690e-01;  4,431993103027e+01
  6,175819039345e-01;  4,602510833740e+01
  6,280308365822e-01;  4,766858291626e+01
  6,362715959549e-01;  4,887516403198e+01
  6,402979493141e-01;  4,932055282593e+01
  6,412104964256e-01;  4,639837646484e+01
  6,232312917709e-01;  4,307544326782e+01
  6,039704084396e-01;  4,109774017334e+01
  5,862489938736e-01;  3,894768142700e+01
  5,701506137848e-01;  3,664612197876e+01
  5,557867884636e-01;  3,423492050171e+01
  5,428370833397e-01;  3,188320350647e+01
  5,314059257507e-01;  2,980333518982e+01
  5,210405588150e-01;  2,802208709717e+01
  5,028175711632e-01;  2,514474868774e+01
  4,878686070442e-01;  2,294067001343e+01
  4,750372767448e-01;  2,119170188904e+01
  4,644420444965e-01;  1,977577781677e+01
  4,503359496593e-01;  1,810106849670e+01
  4,389257133007e-01;  1,678346252441e+01
  4,263312220573e-01;  1,541604614258e+01
  4,160703718662e-01;  1,437059307098e+01
  4,048203229904e-01;  1,324026012421e+01
  3,939882218838e-01;  1,222532558441e+01
  3,852111101151e-01;  1,145164680481e+01
  3,796174526215e-01;  1,099048423767e+01
  3,756607770920e-01;  1,069444274902e+01
  3,740028738976e-01;  1,257695198059e+01
  3,772350847721e-01;  1,366758251190e+01
  3,904634416103e-01;  1,497241115570e+01
  4,095711112022e-01;  1,647638511658e+01
  4,275293648243e-01;  1,816152381897e+01
  4,444009661674e-01;  2,001902389526e+01
  4,602067470551e-01;  2,202738952637e+01
  4,749397635460e-01;  2,408414459229e+01
  4,881820678711e-01;  2,603898239136e+01
  5,005884766579e-01;  2,785356521606e+01
  5,120126605034e-01;  2,954462814331e+01
  5,225173234940e-01;  3,112206840515e+01
  5,415762066841e-01;  3,396752929688e+01
  5,575839877129e-01;  3,643436813354e+01
  5,714532732964e-01;  3,855508041382e+01
  5,825639963150e-01;  4,037195587158e+01
  5,965167880058e-01;  4,259164428711e+01
  6,071608066559e-01;  4,431080245972e+01
  6,176097989082e-01;  4,602046585083e+01
  6,280865669250e-01;  4,766363525391e+01
  6,363412737846e-01;  4,887557983398e+01
  6,403675675392e-01;  4,929755783081e+01
  6,412174105644e-01;  4,731445693970e+01
  6,174007654190e-01;  4,249932479858e+01
  5,983976125717e-01;  4,046506500244e+01
  5,812195539474e-01;  3,826503753662e+01
  5,656645298004e-01;  3,592190933228e+01
  5,517395734787e-01;  3,350271606445e+01
  5,392844080925e-01;  3,121595573425e+01
  5,281179547310e-01;  2,923272132874e+01
  5,180799961090e-01;  2,753015136719e+01
  5,004003643990e-01;  2,477203178406e+01
  4,858693778515e-01;  2,264982414246e+01
  4,733793735504e-01;  2,095948410034e+01
  4,629791975021e-01;  1,958672523499e+01
  4,490960240364e-01;  1,795739555359e+01
  4,379504621029e-01;  1,666693115234e+01
  4,255301356316e-01;  1,532924175262e+01
  4,154643118382e-01;  1,430838775635e+01
  4,044023454189e-01;  1,320437049866e+01
  3,936747610569e-01;  1,220096492767e+01
  3,849672973156e-01;  1,143138313293e+01
  3,794223964214e-01;  1,097607231140e+01
  3,755980730057e-01;  1,068034362793e+01
  3,741143345833e-01;  1,229864501953e+01
  3,855106532574e-01;  1,456581020355e+01
  4,040122628212e-01;  1,601139068604e+01
  4,224233329296e-01;  1,764508056641e+01
  4,395456612110e-01;  1,945422172546e+01
  4,557485282421e-01;  2,142445755005e+01
  4,707253575325e-01;  2,348307418823e+01
  4,844900965691e-01;  2,547625732422e+01
  4,970149099827e-01;  2,733077430725e+01
  5,087873935699e-01;  2,905634689331e+01
  5,195568203926e-01;  3,066402626038e+01
  5,295738577843e-01;  3,216870117188e+01
  5,475321412086e-01;  3,487945556641e+01
  5,627458095551e-01;  3,721718215942e+01
  5,756328701973e-01;  3,922978591919e+01
  5,861166119576e-01;  4,094722366333e+01
  5,993589162827e-01;  4,303513717651e+01
  6,119533777237e-01;  4,511963653564e+01
  6,230710744858e-01;  4,688190841675e+01
  6,335688233376e-01;  4,850027084351e+01
  6,389047503471e-01;  4,918825149536e+01
  6,413080096245e-01;  4,654057312012e+01
  6,250981688499e-01;  4,326626586914e+01
  6,058512330055e-01;  4,130794143677e+01
  5,879626274109e-01;  3,917362594604e+01
  5,717388391495e-01;  3,688613510132e+01
  5,571799874306e-01;  3,448208236694e+01
  5,441118478775e-01;  3,211285018921e+01
  5,325065255165e-01;  3,000181579590e+01
  5,220506191254e-01;  2,819431495667e+01
  5,036883354187e-01;  2,527481460571e+01
  4,886278808117e-01;  2,304197692871e+01
  4,756642282009e-01;  2,127551078796e+01
  4,649644792080e-01;  1,984605407715e+01
  4,508235752583e-01;  1,815425109863e+01
  4,393088221550e-01;  1,682772636414e+01
  4,266656041145e-01;  1,544652748108e+01
  4,163211286068e-01;  1,439837551117e+01
  4,050432145596e-01;  1,325895881653e+01
  3,941206037998e-01;  1,223642826080e+01
  3,852947056293e-01;  1,145515727997e+01
  3,797219395638e-01;  1,099069881439e+01
  3,757861554623e-01;  1,069497966766e+01
  3,739889264107e-01;  1,238231182098e+01
  3,870431780815e-01;  1,469085502625e+01
  4,058373570442e-01;  1,615467643738e+01
  4,240951538086e-01;  1,780347633362e+01
  4,411130249500e-01;  1,962789726257e+01
  4,571904838085e-01;  2,161139869690e+01
  4,721046090126e-01;  2,367051315308e+01
  4,856952130795e-01;  2,565152549744e+01
  4,981642961502e-01;  2,749221992493e+01
  5,098183751106e-01;  2,920699119568e+01
  5,204972028732e-01;  3,080451774597e+01
  5,398347377777e-01;  3,369256210327e+01
  5,560654401779e-01;  3,619625854492e+01
  5,701785087585e-01;  3,835275650024e+01
  5,815747976303e-01;  4,020012283325e+01
  5,957018136978e-01;  4,246285629272e+01
  6,065756678581e-01;  4,421158981323e+01
  6,171779036522e-01;  4,594820022583e+01
  6,278218626976e-01;  4,761780548096e+01
  6,362506747246e-01;  4,885165786743e+01
  6,403257846832e-01;  4,930859375000e+01
  6,411547660828e-01;  4,625296401978e+01
  6,213713884354e-01;  4,288602447510e+01
  6,021592617035e-01;  4,088942718506e+01
  5,846676826477e-01;  3,872367095947e+01
  5,687435269356e-01;  3,640908813477e+01
  5,545259714127e-01;  3,399464797974e+01
  5,417364239693e-01;  3,166319274902e+01
  5,303958654404e-01;  2,961577987671e+01
  5,201697945595e-01;  2,786240196228e+01
  5,021418929100e-01;  2,502521324158e+01
  4,872973859310e-01;  2,284755516052e+01
  4,745775163174e-01;  2,111831665039e+01
  4,640449881554e-01;  1,971549606323e+01
  4,500921368599e-01;  1,805236816406e+01
  4,387167096138e-01;  1,674283218384e+01
  4,262128174305e-01;  1,538339042664e+01
  4,160006940365e-01;  1,434841632843e+01
  4,048551619053e-01;  1,322744464874e+01
  3,940578997135e-01;  1,221953773499e+01
  3,852738142014e-01;  1,144289875031e+01
  3,797358572483e-01;  1,098503589630e+01
  3,758001029491e-01;  1,068666362762e+01
  3,743372261524e-01;  1,203278446198e+01
  3,983837664127e-01;  1,555032062531e+01
  4,172545671463e-01;  1,712807273865e+01
  4,345998466015e-01;  1,888380622864e+01
  4,511509835720e-01;  2,080867958069e+01
  4,664552211761e-01;  2,285742378235e+01
  4,806588292122e-01;  2,488703155518e+01
  4,934274554253e-01;  2,678381538391e+01
  5,054785609245e-01;  2,854793548584e+01
  5,165265798569e-01;  3,019187927246e+01
  5,267317295074e-01;  3,172755622864e+01
  5,452124476433e-01;  3,449875259399e+01
  5,606490373611e-01;  3,689210891724e+01
  5,739958286285e-01;  3,894909667969e+01
  5,847234129906e-01;  4,070803833008e+01
  5,982443690300e-01;  4,285216140747e+01
  6,084355711937e-01;  4,451706314087e+01
  6,186128854752e-01;  4,616566467285e+01
  6,286299228668e-01;  4,773498153687e+01
  6,366199254990e-01;  4,889831924438e+01
  6,405765414238e-01;  4,923363494873e+01
  6,413985490799e-01;  4,680750274658e+01
  6,286368966103e-01;  4,363407135010e+01
  6,097382307053e-01;  4,171348190308e+01
  5,914595127106e-01;  3,961206436157e+01
  5,749083757401e-01;  3,735428237915e+01
  5,600708723068e-01;  3,496696853638e+01
  5,467031598091e-01;  3,257070541382e+01
  5,347843766212e-01;  3,039796257019e+01
  5,241473913193e-01;  2,853520584106e+01
  5,054507255554e-01;  2,553047370911e+01
  4,901046752930e-01;  2,324096298218e+01
  4,770016968250e-01;  2,143601799011e+01
  4,661487042904e-01;  1,997826766968e+01
  4,518475830555e-01;  1,825580787659e+01
  4,401238560677e-01;  1,690699005127e+01
  4,273900687695e-01;  1,550731658936e+01
  4,169062674046e-01;  1,444333171844e+01
  4,055517315865e-01;  1,329314899445e+01
  3,944897949696e-01;  1,226185131073e+01
  3,855733573437e-01;  1,146878528595e+01
  3,799309134483e-01;  1,099888706207e+01
  3,759742379189e-01;  1,069869995117e+01
  3,742048740387e-01;  1,229390621185e+01
  3,855803012848e-01;  1,455922317505e+01
  4,040819108486e-01;  1,600271224976e+01
  4,224581420422e-01;  1,763205909729e+01
  4,395596086979e-01;  1,943748283386e+01
  4,557485282421e-01;  2,140647697449e+01
  4,707462489605e-01;  2,346457481384e+01
  4,845040440559e-01;  2,545948791504e+01
  4,970497488976e-01;  2,731444740295e+01
  5,087734460831e-01;  2,904135704041e+01
  5,195568203926e-01;  3,065068817139e+01
  5,296226143837e-01;  3,215473937988e+01
  5,475808978081e-01;  3,486629867554e+01
  5,627945661545e-01;  3,720696640015e+01
  5,756676793098e-01;  3,921894454956e+01
  5,861723423004e-01;  4,093608093262e+01
  5,993589162827e-01;  4,302505111694e+01
  6,119533777237e-01;  4,510924911499e+01
  6,231198310852e-01;  4,687178039551e+01
  6,336245536804e-01;  4,849491500854e+01
  6,389743685722e-01;  4,918408584595e+01
  6,411547660828e-01;  4,625403594971e+01
  6,214061975479e-01;  4,288950729370e+01
  6,022289395332e-01;  4,089258575439e+01
  5,847234129906e-01;  3,872561264038e+01
  5,687783360481e-01;  3,641143417358e+01
  5,545817017555e-01;  3,399650573730e+01
  5,418270230293e-01;  3,166525650024e+01
  5,304306745529e-01;  2,961974906921e+01
  5,202255249023e-01;  2,786711120605e+01
  5,022115111351e-01;  2,502837944031e+01
  4,874018728733e-01;  2,285093688965e+01
  4,746820330620e-01;  2,112218856812e+01
  4,641285836697e-01;  1,972115516663e+01
  4,501618146896e-01;  1,806013107300e+01
  4,387863874435e-01;  1,675094795227e+01
  4,262964129448e-01;  1,539264965057e+01
  4,160703718662e-01;  1,435649585724e+01
  4,049248099327e-01;  1,323338127136e+01
  3,940927386284e-01;  1,221839523315e+01
  3,853434622288e-01;  1,144029045105e+01
  3,797846138477e-01;  1,098203659058e+01
  3,759045898914e-01;  1,068957901001e+01
  3,743929564953e-01;  1,202888965607e+01
  3,984186053276e-01;  1,554593467712e+01
  4,172824323177e-01;  1,712415885925e+01
  4,346486032009e-01;  1,888030433655e+01
  4,512206315994e-01;  2,080625534058e+01
  4,665109515190e-01;  2,285164833069e+01
  4,806936383247e-01;  2,488116073608e+01
  4,934762120247e-01;  2,677838897705e+01
  5,054994821548e-01;  2,854100990295e+01
  5,165614485741e-01;  3,018345069885e+01
  5,267526507378e-01;  3,171601867676e+01
  5,452124476433e-01;  3,448257064819e+01
  5,606142282486e-01;  3,687279891968e+01
  5,740306973457e-01;  3,893196868896e+01
  5,847582817078e-01;  4,069331359863e+01
  5,983140468597e-01;  4,284304428101e+01
  6,085052490234e-01;  4,451484680176e+01
  6,186755895615e-01;  4,616487503052e+01
  6,287135481834e-01;  4,773867034912e+01
  6,366547346115e-01;  4,889443206787e+01
  6,406462192535e-01;  4,920562744141e+01
  6,414473056793e-01;  4,667366790771e+01
  6,269511580467e-01;  4,345000076294e+01
  6,078922152519e-01;  4,150971221924e+01
  5,898016095161e-01;  3,939232254028e+01
  5,734316110611e-01;  3,712048721313e+01
  5,587612390518e-01;  3,472473907471e+01
  5,455538034439e-01;  3,234066772461e+01
  5,338300466537e-01;  3,019870758057e+01
  5,232766270638e-01;  2,836234092712e+01
  5,047192573547e-01;  2,540108489990e+01
  4,895474016666e-01;  2,314143371582e+01
  4,765001237392e-01;  2,135636711121e+01
  4,657655656338e-01;  1,991303443909e+01
  4,515689313412e-01;  1,820953750610e+01
  4,399009346962e-01;  1,686990165710e+01
  4,272228777409e-01;  1,547743797302e+01
  4,168366193771e-01;  1,441794109344e+01
  4,055099487305e-01;  1,327784156799e+01
  3,945246040821e-01;  1,225022125244e+01
  3,856430053711e-01;  1,146020030975e+01
  3,800562918186e-01;  1,099953079224e+01
  3,761135637760e-01;  1,069815349579e+01
  3,743511736393e-01;  1,247479343414e+01
  3,890772163868e-01;  1,482662391663e+01
  4,080316424370e-01;  1,631020927429e+01
  4,261152744293e-01;  1,797728729248e+01
  4,430495500565e-01;  1,981813240051e+01
  4,589737653732e-01;  2,181455230713e+01
  4,738112688065e-01;  2,387303733826e+01
  4,871720075607e-01;  2,584074783325e+01
  4,995923340321e-01;  2,766855812073e+01
  5,111628174782e-01;  2,937152862549e+01
  5,217162370682e-01;  3,095791816711e+01
  5,409632325172e-01;  3,382189941406e+01
  5,570267438889e-01;  3,630706787109e+01
  5,709656476974e-01;  3,844571685791e+01
  5,822156667709e-01;  4,027945709229e+01
  5,962939262390e-01;  4,252417373657e+01
  6,070423722267e-01;  4,426189041138e+01
  6,175958514214e-01;  4,598659515381e+01
  6,280865669250e-01;  4,763943862915e+01
  6,364318132401e-01;  4,886236953735e+01
  6,404860019684e-01;  4,931528472900e+01
  6,412592530251e-01;  4,625768280029e+01
  6,215106844902e-01;  4,289249420166e+01
  6,023334264755e-01;  4,089776992798e+01
  5,848278999329e-01;  3,873181152344e+01
  5,689176321030e-01;  3,641698455811e+01
  5,547209978104e-01;  3,400173568726e+01
  5,419663190842e-01;  3,167155647278e+01
  5,306257009506e-01;  2,962570381165e+01
  5,203996896744e-01;  2,787145233154e+01
  5,023299455643e-01;  2,503363609314e+01
  4,875411987305e-01;  2,285510253906e+01
  4,748074114323e-01;  2,112542533875e+01
  4,642539620399e-01;  1,972318458557e+01
  4,502802193165e-01;  1,806017875671e+01
  4,389605224133e-01;  1,674995231628e+01
  4,264357089996e-01;  1,538974285126e+01
  4,162445068359e-01;  1,435300064087e+01
  4,050780534744e-01;  1,322986125946e+01
  3,943017125130e-01;  1,221906852722e+01
  3,855036795139e-01;  1,144529819489e+01
  3,799587786198e-01;  1,098196983337e+01
  3,761135637760e-01;  1,068836116791e+01
  3,746785819530e-01;  1,277145671844e+01
  3,947126865387e-01;  1,524932098389e+01
  4,137506783009e-01;  1,678817749023e+01
  4,313397705555e-01;  1,850783920288e+01
  4,480789899826e-01;  2,039815711975e+01
  4,635852277279e-01;  2,242659378052e+01
  4,780814051628e-01;  2,447431755066e+01
  4,910520613194e-01;  2,640137100220e+01
  5,032703280449e-01;  2,819165992737e+01
  5,145204067230e-01;  2,985894966125e+01
  5,248718261719e-01;  3,141468048096e+01
  5,436311960220e-01;  3,422394180298e+01
  5,593324899673e-01;  3,665777969360e+01
  5,728952288628e-01;  3,874976348877e+01
  5,838039517403e-01;  4,053820419312e+01
  5,975826382637e-01;  4,272204971313e+01
  6,079828143120e-01;  4,441185379028e+01
  6,182785034180e-01;  4,608809280396e+01
  6,285393834114e-01;  4,769723510742e+01
  6,366547346115e-01;  4,887527465820e+01
  6,406601667404e-01;  4,925006484985e+01
  6,415309309959e-01;  4,693800735474e+01
  6,303575038910e-01;  4,381540679932e+01
  6,118140816689e-01;  4,191471099854e+01
  5,933751463890e-01;  3,983016204834e+01
  5,767055749893e-01;  3,758950424194e+01
  5,616730451584e-01;  3,521500778198e+01
  5,482078194618e-01;  3,281048583984e+01
  5,361845493317e-01;  3,060975837708e+01
  5,254151821136e-01;  2,871806526184e+01
  5,065304040909e-01;  2,567070007324e+01
  4,910590052605e-01;  2,334978866577e+01
  4,778375923634e-01;  2,152297592163e+01
  4,668522775173e-01;  2,004670333862e+01
  4,525789916515e-01;  1,830566406250e+01
  4,407368600368e-01;  1,695063781738e+01
  4,279682338238e-01;  1,554176902771e+01
  4,174287319183e-01;  1,447220325470e+01
  4,059836268425e-01;  1,331172561646e+01
  3,948729038239e-01;  1,227012062073e+01
  3,859077095985e-01;  1,147064685822e+01
  3,802583217621e-01;  1,101268577576e+01
  3,762389421463e-01;  1,070016956329e+01
  3,744765520096e-01;  1,229162406921e+01
  3,858241140842e-01;  1,455599117279e+01
  4,043048322201e-01;  1,600092315674e+01
  4,227367937565e-01;  1,763125228882e+01
  4,398103654385e-01;  1,943885612488e+01
  4,559714198112e-01;  2,140692329407e+01
  4,709552228451e-01;  2,346417808533e+01
  4,847199916840e-01;  2,545875740051e+01
  4,972587227821e-01;  2,731340408325e+01
  5,089824795723e-01;  2,904013061523e+01
  5,197309255600e-01;  3,064883422852e+01
  5,297619104385e-01;  3,215169906616e+01
  5,477550625801e-01;  3,486229705811e+01
  5,628224015236e-01;  3,720194625854e+01
  5,758069753647e-01;  3,921514129639e+01
  5,862907767296e-01;  4,093487548828e+01
  5,995330810547e-01;  4,302420425415e+01
  6,120927333832e-01;  4,510910034180e+01
  6,232452392578e-01;  4,687282180786e+01
  6,337638497353e-01;  4,849435806274e+01
  6,390789151192e-01;  4,918632507324e+01
  6,413985490799e-01;  4,640191268921e+01
  6,234402656555e-01;  4,308586120605e+01
  6,042141914368e-01;  4,110954666138e+01
  5,865276455879e-01;  3,896057891846e+01
  5,704849958420e-01;  3,666142654419e+01
  5,561141967773e-01;  3,425225067139e+01
  5,432201623917e-01;  3,190067672729e+01
  5,317541956902e-01;  2,982284164429e+01
  5,214097499847e-01;  2,804267120361e+01
  5,031867623329e-01;  2,516388320923e+01
  4,882726371288e-01;  2,295625114441e+01
  4,754552543163e-01;  2,120771026611e+01
  4,648460745811e-01;  1,979135322571e+01
  4,507539272308e-01;  1,811258506775e+01
  4,392879307270e-01;  1,679292297363e+01
  4,267700910568e-01;  1,542011451721e+01
  4,165092110634e-01;  1,437539958954e+01
  4,052870273590e-01;  1,324883556366e+01
  3,944340646267e-01;  1,223521137238e+01
  3,856081664562e-01;  1,144930648804e+01
  3,800562918186e-01;  1,099209785461e+01
  3,761344552040e-01;  1,068920135498e+01
  3,745740950108e-01;  1,266996860504e+01
  3,928179442883e-01;  1,510528755188e+01
  4,118977487087e-01;  1,662546730042e+01
  4,296191632748e-01;  1,832667350769e+01
  4,464280605316e-01;  2,020154953003e+01
  4,620527327061e-01;  2,222091674805e+01
  4,766673147678e-01;  2,427157020569e+01
  4,897494018078e-01;  2,621191406250e+01
  5,020512938499e-01;  2,801320266724e+01
  5,133919119835e-01;  2,969160461426e+01
  5,238060355186e-01;  3,125627517700e+01
  5,427047014236e-01;  3,408186721802e+01
  5,585104823112e-01;  3,652944946289e+01
  5,722334384918e-01;  3,863733291626e+01
  5,832954049110e-01;  4,044229888916e+01
  5,971298217773e-01;  4,264887619019e+01
  6,076693534851e-01;  4,435601043701e+01
  6,180347204208e-01;  4,604940414429e+01
  6,284139752388e-01;  4,767404174805e+01
  6,366059780121e-01;  4,886720275879e+01
  6,406462192535e-01;  4,930761718750e+01
  6,414960622787e-01;  4,744013214111e+01
  6,197344064713e-01;  4,270870208740e+01
  6,006267666817e-01;  4,069782257080e+01
  5,833302140236e-01;  3,851983642578e+01
  5,675941109657e-01;  3,619382476807e+01
  5,535297989845e-01;  3,377755737305e+01
  5,409910678864e-01;  3,146795654297e+01
  5,297340750694e-01;  2,945330238342e+01
  5,195986032486e-01;  2,772581291199e+01
  5,017099976540e-01;  2,492779541016e+01
  4,870187640190e-01;  2,277441215515e+01
  4,744103550911e-01;  2,106019592285e+01
  4,639544188976e-01;  1,967179679871e+01
  4,500015974045e-01;  1,802109336853e+01
  4,387306571007e-01;  1,671923637390e+01
  4,262754917145e-01;  1,536623287201e+01
  4,161260724068e-01;  1,433186721802e+01
  4,050432145596e-01;  1,321650600433e+01
  3,942808210850e-01;  1,221317672729e+01
  3,855385184288e-01;  1,144123649597e+01
  3,800145089626e-01;  1,098619747162e+01
  3,761484026909e-01;  1,068508815765e+01
  3,746507167816e-01;  1,203075408936e+01
  3,986414968967e-01;  1,554877948761e+01
  4,174705147743e-01;  1,712623214722e+01
  4,348088204861e-01;  1,888097763062e+01
  4,513599574566e-01;  2,080465126038e+01
  4,666154384613e-01;  2,285076141357e+01
  4,808329641819e-01;  2,487990760803e+01
  4,935667514801e-01;  2,677409172058e+01
  5,055830478668e-01;  2,853626632690e+01
  5,166310667992e-01;  3,017882537842e+01
  5,268362164497e-01;  3,171256065369e+01
  5,452681779861e-01;  3,447749328613e+01
  5,606699585915e-01;  3,686909866333e+01
  5,740306973457e-01;  3,892856597900e+01
  5,847582817078e-01;  4,069104003906e+01
  5,983140468597e-01;  4,283829116821e+01
  6,085191965103e-01;  4,450579071045e+01
  6,187313199043e-01;  4,615272521973e+01
  6,287623047829e-01;  4,772871780396e+01
  6,367452740669e-01;  4,888968276978e+01
  6,406949758530e-01;  4,923209762573e+01
  6,415517926216e-01;  4,681015396118e+01
  6,287971138954e-01;  4,363877868652e+01
  6,099820137024e-01;  4,172072219849e+01
  5,917172431946e-01;  3,962347030640e+01
  5,751940011978e-01;  3,736895751953e+01
  5,603286027908e-01;  3,498390960693e+01
  5,470235943794e-01;  3,259028625488e+01
  5,351744890213e-01;  3,041822052002e+01
  5,245096087456e-01;  2,855584335327e+01
  5,057641863823e-01;  2,555361747742e+01
  4,904320836067e-01;  2,326050758362e+01
  4,773012101650e-01;  2,145199966431e+01
  4,664273560047e-01;  1,999059295654e+01
  4,521819353104e-01;  1,826559257507e+01
  4,404373168945e-01;  1,691746711731e+01
  4,277244210243e-01;  1,551640987396e+01
  4,172406494617e-01;  1,444657897949e+01
  4,058652222157e-01;  1,329644489288e+01
  3,948032557964e-01;  1,226321029663e+01
  3,858659267426e-01;  1,146626281738e+01
  3,802931308746e-01;  1,100746154785e+01
  3,763225376606e-01;  1,069725227356e+01
  3,745810389519e-01;  1,247984790802e+01
  3,892652988434e-01;  1,483067989349e+01
  4,082057774067e-01;  1,631404495239e+01
  4,262754917145e-01;  1,798056221008e+01
  4,432027935982e-01;  1,982168006897e+01
  4,590712785721e-01;  2,181544685364e+01
  4,738461077213e-01;  2,387091255188e+01
  4,872416555882e-01;  2,583812713623e+01
  4,996480643749e-01;  2,766494369507e+01
  5,111976265907e-01;  2,936670112610e+01
  5,217301845551e-01;  3,095129013062e+01
  5,409632325172e-01;  3,381348800659e+01
  5,570267438889e-01;  3,629652023315e+01
  5,709447264671e-01;  3,843681335449e+01
  5,822365880013e-01;  4,026984024048e+01
  5,963078141212e-01;  4,251425933838e+01
  6,070423722267e-01;  4,424895477295e+01
  6,175470948219e-01;  4,596931838989e+01
  6,281353235245e-01;  4,762964248657e+01
  6,365014910698e-01;  4,885375595093e+01
  6,405904889107e-01;  4,930107879639e+01
  6,414612531662e-01;  4,743095016479e+01
  6,196786761284e-01;  4,270269012451e+01
  6,006058454514e-01;  4,069105911255e+01
  5,833023786545e-01;  3,851267623901e+01
  5,676289200783e-01;  3,618874359131e+01
  5,535507202148e-01;  3,377552413940e+01
  5,409910678864e-01;  3,146850967407e+01
  5,297688841820e-01;  2,945550346375e+01
  5,195986032486e-01;  2,772732734680e+01
  5,017238855362e-01;  2,492592048645e+01
  4,870884120464e-01;  2,277285766602e+01
  4,744382202625e-01;  2,105930328369e+01
  4,639892578125e-01;  1,966876220703e+01
  4,500782191753e-01;  1,801807594299e+01
  4,388351440430e-01;  1,671642875671e+01
  4,263660609722e-01;  1,536758136749e+01
  4,162096679211e-01;  1,433830642700e+01
  4,051337838173e-01;  1,322243881226e+01
  3,943295776844e-01;  1,221048069000e+01
  3,856081664562e-01;  1,143870353699e+01
  3,801189959049e-01;  1,098029708862e+01
  3,762528896332e-01;  1,068803501129e+01
  3,748736083508e-01;  1,277272987366e+01
  3,948311209679e-01;  1,525061893463e+01
  4,138342738152e-01;  1,678933906555e+01
  4,314094185829e-01;  1,850750923157e+01
  4,481834769249e-01;  2,039867210388e+01
  4,636339843273e-01;  2,242708206177e+01
  4,781162440777e-01;  2,447069740295e+01
  4,910381138325e-01;  2,639571380615e+01
  5,032703280449e-01;  2,818282699585e+01
  5,145204067230e-01;  2,984867668152e+01
  5,248300433159e-01;  3,140148735046e+01
  5,435963273048e-01;  3,420348358154e+01
  5,592349767685e-01;  3,663366699219e+01
  5,727907419205e-01;  3,872425079346e+01
  5,838039517403e-01;  4,051691436768e+01
  5,975826382637e-01;  4,270966720581e+01
  6,079828143120e-01;  4,440552520752e+01
  6,183133125305e-01;  4,608094024658e+01
  6,285393834114e-01;  4,768689346313e+01
  6,366756558418e-01;  4,887006759644e+01
  6,407507061958e-01;  4,928193283081e+01
  6,416354179382e-01;  4,719847869873e+01
  6,158682703972e-01;  4,232590866089e+01
  5,970531702042e-01;  4,027892684937e+01
  5,801189541817e-01;  3,806843566895e+01
  5,647519826889e-01;  3,571679306030e+01
  5,510081648827e-01;  3,330274963379e+01
  5,387410521507e-01;  3,104463768005e+01
  5,277696847916e-01;  2,909232711792e+01
  5,177665352821e-01;  2,741372299194e+01
  5,002401471138e-01;  2,468890762329e+01
  4,857997000217e-01;  2,258639907837e+01
  4,734002947807e-01;  2,090960121155e+01
  4,630697369576e-01;  1,954585456848e+01
  4,493258893490e-01;  1,792411041260e+01
  4,382081925869e-01;  1,664057350159e+01
  4,259132742882e-01;  1,531026458740e+01
  4,158962070942e-01;  1,429677200317e+01
  4,048690795898e-01;  1,319763183594e+01
  3,941763043404e-01;  1,219513225555e+01
  3,855385184288e-01;  1,142139720917e+01
  3,801398873329e-01;  1,097721385956e+01
  3,762528896332e-01;  1,068460083008e+01
  3,747900128365e-01;  1,211065578461e+01
  4,006825387478e-01;  1,568851470947e+01
  4,193722307682e-01;  1,728149414063e+01
  4,366060197353e-01;  1,905270957947e+01
  4,530108869076e-01;  2,099202156067e+01
  4,681827723980e-01;  2,304404067993e+01
  4,822261631489e-01;  2,506176757813e+01
  4,948694109917e-01;  2,694379806519e+01
  5,068230032921e-01;  2,869461631775e+01
  5,177595615387e-01;  3,032548332214e+01
  5,279159545898e-01;  3,184713745117e+01
  5,461946725845e-01;  3,459326171875e+01
  5,614501237869e-01;  3,696825408936e+01
  5,746366977692e-01;  3,901415634155e+01
  5,853852033615e-01;  4,076126480103e+01
  5,988364815712e-01;  4,289593505859e+01
  6,089023351669e-01;  4,455135345459e+01
  6,190099120140e-01;  4,618381118774e+01
  6,301415562630e-01;  4,792025375366e+01
  6,374210119247e-01;  4,896064758301e+01
  6,411686539650e-01;  4,892994308472e+01
  6,417259573936e-01;  4,707506561279e+01
  6,140362024307e-01;  4,212982559204e+01
  5,954509973526e-01;  4,006736755371e+01
  5,786560773849e-01;  3,784315490723e+01
  5,634493827820e-01;  3,547957992554e+01
  5,498448014259e-01;  3,306951141357e+01
  5,377379655838e-01;  3,083958816528e+01
  5,268431901932e-01;  2,891672897339e+01
  5,077146291733e-01;  2,582481575012e+01
  4,921387434006e-01;  2,347184371948e+01
  4,787780046463e-01;  2,162245178223e+01
  4,677021205425e-01;  2,013114547729e+01
  4,533661603928e-01;  1,837390136719e+01
  4,414125382900e-01;  1,700843620300e+01
  4,285951554775e-01;  1,558730983734e+01
  4,179720580578e-01;  1,450502300262e+01
  4,064364135265e-01;  1,333611774445e+01
  3,964054286480e-01;  1,239496421814e+01
  3,869804739952e-01;  1,154723739624e+01
  3,810802996159e-01;  1,104186439514e+01
  3,769703805447e-01;  1,073060131073e+01
  3,748248517513e-01;  1,211012554169e+01
  4,007034301758e-01;  1,568663024902e+01
  4,193931221962e-01;  1,727787971497e+01
  4,366548061371e-01;  1,904713630676e+01
  4,530457258224e-01;  2,098438453674e+01
  4,682036638260e-01;  2,303514480591e+01
  4,822470545769e-01;  2,505340766907e+01
  4,948694109917e-01;  2,693643569946e+01
  5,068369507790e-01;  2,868919372559e+01
  5,177804827690e-01;  3,032139015198e+01
  5,279159545898e-01;  3,184311485291e+01
  5,462642908096e-01;  3,459182739258e+01
  5,615198016167e-01;  3,696842956543e+01
  5,746576189995e-01;  3,901208496094e+01
  5,853503942490e-01;  4,075670623779e+01
  5,988364815712e-01;  4,288779449463e+01
  6,089231967926e-01;  4,454423141479e+01
  6,190378069878e-01;  4,617988204956e+01
  6,301972866058e-01;  4,792016220093e+01
  6,374418735504e-01;  4,896181488037e+01
  6,411826014519e-01;  4,867279052734e+01
  6,416423916817e-01;  4,654038619995e+01
  6,254395246506e-01;  4,327256774902e+01
  6,063039898872e-01;  4,131703948975e+01
  5,884641408920e-01;  3,918647766113e+01
  5,722613334656e-01;  3,690306854248e+01
  5,577303171158e-01;  3,450082015991e+01
  5,447875261307e-01;  3,213489913940e+01
  5,331822037697e-01;  3,002714538574e+01
  5,227541923523e-01;  2,821961975098e+01
  5,043152570724e-01;  2,530100822449e+01
  4,893035888672e-01;  2,306497383118e+01
  4,763608276844e-01;  2,129454040527e+01
  4,657168090343e-01;  1,986320114136e+01
  4,515689313412e-01;  1,817146682739e+01
  4,400402605534e-01;  1,684516906738e+01
  4,274318516254e-01;  1,546385288239e+01
  4,170664846897e-01;  1,440865993500e+01
  4,058094918728e-01;  1,326930141449e+01
  3,948380947113e-01;  1,224470996857e+01
  3,860052227974e-01;  1,145135211945e+01
  3,805021345615e-01;  1,099262714386e+01
  3,765663504601e-01;  1,069629478455e+01
  3,748945295811e-01;  1,257384586334e+01
  3,913342058659e-01;  1,496492385864e+01
  4,103373587132e-01;  1,646579933167e+01
  4,282399117947e-01;  1,814806747437e+01
  4,450836181641e-01;  2,000370025635e+01
  4,608197510242e-01;  2,201190376282e+01
  4,754831194878e-01;  2,406720352173e+01
  4,887045025826e-01;  2,602024269104e+01
  5,010412335396e-01;  2,783466529846e+01
  5,124793648720e-01;  2,952560234070e+01
  5,229492187500e-01;  3,110063362122e+01
  5,420290231705e-01;  3,394076538086e+01
  5,579323172569e-01;  3,640582656860e+01
  5,715925693512e-01;  3,852498245239e+01
  5,828774571419e-01;  4,034139633179e+01
  5,968511700630e-01;  4,256718444824e+01
  6,074951887131e-01;  4,429351806641e+01
  6,179441213608e-01;  4,600383377075e+01
  6,284697055817e-01;  4,764663696289e+01
  6,366895437241e-01;  4,886078643799e+01
  6,407855749130e-01;  4,926830291748e+01
  6,416562795639e-01;  4,706945419312e+01
  6,139526367188e-01;  4,212221145630e+01
  5,953256487846e-01;  4,005807876587e+01
  5,785376429558e-01;  3,783396148682e+01
  5,633587837219e-01;  3,547029876709e+01
  5,497890710831e-01;  3,306165695190e+01
  5,376961827278e-01;  3,083258819580e+01
  5,268083810806e-01;  2,891189956665e+01
  5,077007412910e-01;  2,582185363770e+01
  4,921247959137e-01;  2,346879959106e+01
  4,787640869617e-01;  2,161732101440e+01
  4,677299857140e-01;  2,012339591980e+01
  4,533522129059e-01;  1,836430549622e+01
  4,414682686329e-01;  1,699938201904e+01
  4,286299943924e-01;  1,558303833008e+01
  4,180556535721e-01;  1,450171279907e+01
  4,065409004688e-01;  1,333080959320e+01
  3,965099155903e-01;  1,239245128632e+01
  3,870710432529e-01;  1,153900432587e+01
  3,811987042427e-01;  1,105148506165e+01
  3,770748674870e-01;  1,073704147339e+01
  3,749154210091e-01;  1,219957351685e+01
  3,760438859463e-01;  1,319758987427e+01
  4,027235507965e-01;  1,583878135681e+01
  4,212530255318e-01;  1,744983291626e+01
  4,384171962738e-01;  1,923790168762e+01
  4,546827375889e-01;  2,119048500061e+01
  4,697361886501e-01;  2,324409294128e+01
  4,835845232010e-01;  2,525010490417e+01
  4,961790144444e-01;  2,711886405945e+01
  5,080072283745e-01;  2,885836410522e+01
  5,188741087914e-01;  3,047965240479e+01
  5,289469361305e-01;  3,199170112610e+01
  5,471002459526e-01;  3,471629714966e+01
  5,622721314430e-01;  3,707291793823e+01
  5,752288103104e-01;  3,909827423096e+01
  5,858728289604e-01;  4,082753753662e+01
  5,992544293404e-01;  4,294100952148e+01
  6,119533777237e-01;  4,504926300049e+01
  6,232452392578e-01;  4,683471679688e+01
  6,338335275650e-01;  4,847380065918e+01
  6,392530202866e-01;  4,918091583252e+01
  6,417956352234e-01;  4,681609725952e+01
  6,290408968925e-01;  4,364729690552e+01
  6,102258563042e-01;  4,173052215576e+01
  5,919958949089e-01;  3,963356781006e+01
  5,754865407944e-01;  3,737854766846e+01
  5,606420636177e-01;  3,499385833740e+01
  5,473649501801e-01;  3,260110855103e+01
  5,355367064476e-01;  3,043101692200e+01
  5,248927474022e-01;  2,856805801392e+01
  5,061473250389e-01;  2,556597709656e+01
  4,908361136913e-01;  2,327226066589e+01
  4,776843488216e-01;  2,146368026733e+01
  4,668104648590e-01;  2,000209617615e+01
  4,525650739670e-01;  1,827664184570e+01
  4,408552646637e-01;  1,692943000793e+01
  4,281423687935e-01;  1,552577209473e+01
  4,176725447178e-01;  1,445154285431e+01
  4,062622785568e-01;  1,329665470123e+01
  3,952212035656e-01;  1,226467895508e+01
  3,862699568272e-01;  1,146848773956e+01
  3,806971609592e-01;  1,099897098541e+01
  3,767892718315e-01;  1,069984054565e+01
  3,750338256359e-01;  1,237837505341e+01
  3,879626691341e-01;  1,468268966675e+01
  4,066941738129e-01;  1,614439582825e+01
  4,248962402344e-01;  1,778968048096e+01
  4,418792724609e-01;  1,961090469360e+01
  4,578870832920e-01;  2,159285926819e+01
  4,727594256401e-01;  2,365144920349e+01
  4,862803518772e-01;  2,563208198547e+01
  4,987355172634e-01;  2,747295761108e+01
  5,103895664215e-01;  2,918843269348e+01
  5,210126638412e-01;  3,078561210632e+01
  5,310158133507e-01;  3,227776718140e+01
  5,488765835762e-01;  3,496688842773e+01
  5,637698173523e-01;  3,729104614258e+01
  5,765035748482e-01;  3,928908157349e+01
  5,869873762131e-01;  4,099337387085e+01
  6,001391410828e-01;  4,307179641724e+01
  6,126012206078e-01;  4,514053344727e+01
  6,236562132835e-01;  4,688628005981e+01
  6,340633630753e-01;  4,849344253540e+01
  6,394411325455e-01;  4,918946456909e+01
  6,416911482811e-01;  4,743718719482e+01
  6,198876500130e-01;  4,271089553833e+01
  6,008914709091e-01;  4,070058822632e+01
  5,836088657379e-01;  3,852373504639e+01
  5,679075717926e-01;  3,619868087769e+01
  5,539199113846e-01;  3,378495025635e+01
  5,413951277733e-01;  3,147929573059e+01
  5,301589965820e-01;  2,946727752686e+01
  5,199398994446e-01;  2,773835372925e+01
  5,020722150803e-01;  2,493579292297e+01
  4,874576032162e-01;  2,278007888794e+01
  4,748074114323e-01;  2,106406211853e+01
  4,643723964691e-01;  1,967128753662e+01
  4,504752755165e-01;  1,802337074280e+01
  4,392391741276e-01;  1,672352218628e+01
  4,268188476563e-01;  1,537354946136e+01
  4,166624546051e-01;  1,433877468109e+01
  4,055865705013e-01;  1,322073364258e+01
  3,948032557964e-01;  1,221531867981e+01
  3,860400617123e-01;  1,143645095825e+01
  3,806066215038e-01;  1,097746658325e+01
  3,767822980881e-01;  1,068314075470e+01
  3,753124773502e-01;  1,211368370056e+01
  4,011353254318e-01;  1,569595432281e+01
  4,198110699654e-01;  1,728835678101e+01
  4,370170235634e-01;  1,905908203125e+01
  4,534358084202e-01;  2,099634361267e+01
  4,685868024826e-01;  2,304518318176e+01
  4,825605452061e-01;  2,506188011169e+01
  4,952037632465e-01;  2,694385337830e+01
  5,071016550064e-01;  2,869433212280e+01
  5,180382132530e-01;  3,032316780090e+01
  5,281946063042e-01;  3,184351158142e+01
  5,464872121811e-01;  3,458376693726e+01
  5,617496371269e-01;  3,695848083496e+01
  5,747760534286e-01;  3,900508880615e+01
  5,855941772461e-01;  4,075215530396e+01
  5,990802645683e-01;  4,288769912720e+01
  6,091182827950e-01;  4,454416656494e+01
  6,192676424980e-01;  4,617688369751e+01
  6,303853392601e-01;  4,792070388794e+01
  6,376299858093e-01;  4,896249771118e+01
  6,414124965668e-01;  4,867629241943e+01
  6,418164968491e-01;  4,654206085205e+01
  6,256345510483e-01;  4,327856063843e+01
  6,064990758896e-01;  4,132397079468e+01
  5,886940360069e-01;  3,919411087036e+01
  5,724911689758e-01;  3,691113281250e+01
  5,579950213432e-01;  3,451078796387e+01
  5,450661778450e-01;  3,214620208740e+01
  5,334817767143e-01;  3,003826522827e+01
  5,229910016060e-01;  2,823029899597e+01
  5,046356916428e-01;  2,530866813660e+01
  4,895613193512e-01;  2,307189941406e+01
  4,766673147678e-01;  2,130263710022e+01
  4,659606218338e-01;  1,986833190918e+01
  4,518823921680e-01;  1,817589569092e+01
  4,403328299522e-01;  1,684657669067e+01
  4,277592599392e-01;  1,545959377289e+01
  4,173938930035e-01;  1,440205001831e+01
  4,062135219574e-01;  1,326785087585e+01
  3,952212035656e-01;  1,224372863770e+01
  3,863744437695e-01;  1,145212936401e+01
  3,808504045010e-01;  1,099834632874e+01
  3,769285678864e-01;  1,069673538208e+01
  3,753821253777e-01;  1,267518138885e+01
  3,935215175152e-01;  1,510879039764e+01
  4,125455915928e-01;  1,662920379639e+01
  4,302461147308e-01;  1,832949638367e+01
  4,470549821854e-01;  2,020279884338e+01
  4,626239240170e-01;  2,221835708618e+01
  4,771549403667e-01;  2,426728248596e+01
  4,902021884918e-01;  2,620553207397e+01
  5,024623274803e-01;  2,800571060181e+01
  5,138028860092e-01;  2,968362236023e+01
  5,241891741753e-01;  3,124707221985e+01
  5,431087613106e-01;  3,406450653076e+01
  5,589075684547e-01;  3,651160430908e+01
  5,723031163216e-01;  3,861901092529e+01
  5,835740566254e-01;  4,042001342773e+01
  5,974432826042e-01;  4,262585830688e+01
  6,079479455948e-01;  4,434012603760e+01
  6,183829903603e-01;  4,604084777832e+01
  6,287344098091e-01;  4,767030715942e+01
  6,368846297264e-01;  4,887260437012e+01
  6,409388184547e-01;  4,924700546265e+01
  6,418095231056e-01;  4,694228744507e+01
  6,306709647179e-01;  4,382543563843e+01
  6,122111678123e-01;  4,192926788330e+01
  5,938140153885e-01;  3,985081863403e+01
  5,771793127060e-01;  3,761404037476e+01
  5,621746182442e-01;  3,524236297607e+01
  5,487929582596e-01;  3,284187316895e+01
  5,368114709854e-01;  3,064214897156e+01
  5,260421037674e-01;  2,875021934509e+01
  5,071086287498e-01;  2,570085906982e+01
  4,916511178017e-01;  2,337499237061e+01
  4,784157872200e-01;  2,154199600220e+01
  4,674722552299e-01;  2,006270027161e+01
  4,532268345356e-01;  1,832174301147e+01
  4,413428902626e-01;  1,696567726135e+01
  4,286021292210e-01;  1,555546569824e+01
  4,180904924870e-01;  1,448007011414e+01
  4,066453874111e-01;  1,331962680817e+01
  3,955346941948e-01;  1,227528762817e+01
  3,865625262260e-01;  1,146893024445e+01
  3,809549212456e-01;  1,100372791290e+01
  3,770539760590e-01;  1,069929599762e+01
  3,752915859222e-01;  1,238141918182e+01
  3,882064819336e-01;  1,468609142303e+01
  4,069170653820e-01;  1,614836883545e+01
  4,250843226910e-01;  1,779444313049e+01
  4,420534074306e-01;  1,961621475220e+01
  4,580612182617e-01;  2,159710502625e+01
  4,729405343533e-01;  2,365381240845e+01
  4,864057600498e-01;  2,563414192200e+01
  4,988748431206e-01;  2,747513961792e+01
  5,105010271072e-01;  2,919065475464e+01
  5,211589932442e-01;  3,079027557373e+01
  5,311620831490e-01;  3,227936172485e+01
  5,489949584007e-01;  3,496375656128e+01
  5,639230608940e-01;  3,728442764282e+01
  5,765384435654e-01;  3,928405761719e+01
  5,870570540428e-01;  4,098795700073e+01
  6,001948714256e-01;  4,306740570068e+01
  6,126708984375e-01;  4,513808059692e+01
  6,237468123436e-01;  4,688514328003e+01
  6,341678500175e-01;  4,849688720703e+01
  6,394968628883e-01;  4,917987060547e+01
  6,418164968491e-01;  4,640533065796e+01
  6,238930821419e-01;  4,309355926514e+01
  6,047366857529e-01;  4,112128829956e+01
  5,871266722679e-01;  3,897524261475e+01
  5,710771083832e-01;  3,667873001099e+01
  5,567550659180e-01;  3,427184677124e+01
  5,439655184746e-01;  3,192241859436e+01
  5,325413346291e-01;  2,984610176086e+01
  5,221202969551e-01;  2,806732559204e+01
  5,039530396461e-01;  2,518692779541e+01
  4,890597760677e-01;  2,297722816467e+01
  4,762215018272e-01;  2,122599601746e+01
  4,656262695789e-01;  1,980739974976e+01
  4,516037702560e-01;  1,812614822388e+01
  4,401447474957e-01;  1,680920028687e+01
  4,276199340820e-01;  1,543731212616e+01
  4,173242449760e-01;  1,438446331024e+01
  4,061438441277e-01;  1,324876880646e+01
  3,952699601650e-01;  1,223050689697e+01
  3,864789307117e-01;  1,144866466522e+01
  3,809549212456e-01;  1,098675632477e+01
  3,770887851715e-01;  1,069382190704e+01
  3,753821253777e-01;  1,247225093842e+01
  3,899967372417e-01;  1,481823825836e+01
  4,089372158051e-01;  1,629913711548e+01
  4,269511997700e-01;  1,796416854858e+01
  4,438297450542e-01;  1,980409812927e+01
  4,596842825413e-01;  2,179756355286e+01
  4,744730293751e-01;  2,385579490662e+01
  4,877850115299e-01;  2,582477951050e+01
  5,001983642578e-01;  2,765289497375e+01
  5,117340087891e-01;  2,935606575012e+01
  5,222735404968e-01;  3,094362258911e+01
  5,414508581161e-01;  3,380003356934e+01
  5,575143694878e-01;  3,628290557861e+01
  5,711188912392e-01;  3,842217636108e+01
  5,825848579407e-01;  4,025334930420e+01
  5,966909527779e-01;  4,249728393555e+01
  6,073907017708e-01;  4,424431228638e+01
  6,179441213608e-01;  4,597034835815e+01
  6,285045742989e-01;  4,762250900269e+01
  6,368706822395e-01;  4,884840011597e+01
  6,409945487976e-01;  4,931198501587e+01
  6,417677402496e-01;  4,626700973511e+01
  6,220470666885e-01;  4,291201019287e+01
  6,029603481293e-01;  4,092053985596e+01
  5,855523943901e-01;  3,876016998291e+01
  5,696491003036e-01;  3,644936370850e+01
  5,555011630058e-01;  3,403846740723e+01
  5,428022146225e-01;  3,170975112915e+01
  5,314755439758e-01;  2,966606140137e+01
  5,211798548698e-01;  2,791234588623e+01
  5,031867623329e-01;  2,506848716736e+01
  4,884258806705e-01;  2,288330078125e+01
  4,756642282009e-01;  2,114829826355e+01
  4,651734828949e-01;  1,974156761169e+01
  4,512276053429e-01;  1,807522010803e+01
  4,398521780968e-01;  1,676617050171e+01
  4,274109601974e-01;  1,540520286560e+01
  4,171849191189e-01;  1,436687755585e+01
  4,060393571854e-01;  1,324325561523e+01
  3,952072858810e-01;  1,222812747955e+01
  3,864301741123e-01;  1,144368362427e+01
  3,809061348438e-01;  1,099090385437e+01
  3,770539760590e-01;  1,069377803802e+01
  3,755353987217e-01;  1,266885566711e+01
  3,936329782009e-01;  1,510199451447e+01
  4,126291573048e-01;  1,662062454224e+01
  4,303297102451e-01;  1,832080650330e+01
  4,471246600151e-01;  2,019371795654e+01
  4,626796543598e-01;  2,221122550964e+01
  4,772245883942e-01;  2,426041221619e+01
  4,902927577496e-01;  2,620079040527e+01
  5,025319457054e-01;  2,800193977356e+01
  5,138586163521e-01;  2,968004417419e+01
  5,242379307747e-01;  3,124316978455e+01
  5,431575179100e-01;  3,405659484863e+01
  5,589423775673e-01;  3,650050354004e+01
  5,722334384918e-01;  3,860685729980e+01
  5,835601091385e-01;  4,040961837769e+01
  5,975269079208e-01;  4,261917495728e+01
  6,080176234245e-01;  4,433958053589e+01
  6,184177994728e-01;  4,603727340698e+01
  6,287831664085e-01;  4,766434478760e+01
  6,369681954384e-01;  4,886500549316e+01
  6,410084366798e-01;  4,931303405762e+01
  6,418652534485e-01;  4,744452667236e+01
  6,201523542404e-01;  4,271939468384e+01
  6,011282801628e-01;  4,071207809448e+01
  5,839014649391e-01;  3,853585433960e+01
  5,681653022766e-01;  3,621143722534e+01
  5,541637539864e-01;  3,379674530029e+01
  5,416528582573e-01;  3,148921966553e+01
  5,304864048958e-01;  2,947530746460e+01
  5,202046036720e-01;  2,774775505066e+01
  5,024065971375e-01;  2,494470405579e+01
  4,877780377865e-01;  2,278711509705e+01
  4,751417636871e-01;  2,107134628296e+01
  4,647206962109e-01;  1,968073081970e+01
  4,508584141731e-01;  1,803247833252e+01
  4,395526349545e-01;  1,673397636414e+01
  4,271462559700e-01;  1,538016319275e+01
  4,169619977474e-01;  1,434323596954e+01
  4,059348702431e-01;  1,322655391693e+01
  3,951376080513e-01;  1,221232128143e+01
  3,863744437695e-01;  1,144063854218e+01
  3,809061348438e-01;  1,098065853119e+01
  3,770887851715e-01;  1,069007873535e+01
  3,756259381771e-01;  1,194745445251e+01
  3,975130021572e-01;  1,539381885529e+01
  4,164116978645e-01;  1,695108413696e+01
  4,337987601757e-01;  1,868614578247e+01
  4,504334926605e-01;  2,058852005005e+01
  4,657655656338e-01;  2,262264823914e+01
  4,800318777561e-01;  2,465776443481e+01
  4,928144514561e-01;  2,656797981262e+01
  5,049213171005e-01;  2,834365463257e+01
  5,160598754883e-01;  2,999801254272e+01
  5,263347029686e-01;  3,153924942017e+01
  5,449199080467e-01;  3,431198501587e+01
  5,604400634766e-01;  3,672196960449e+01
  5,735012292862e-01;  3,879771041870e+01
  5,846746563911e-01;  4,057248687744e+01
  5,983837246895e-01;  4,274818420410e+01
  6,086584925652e-01;  4,443817138672e+01
  6,189541816711e-01;  4,610518264771e+01
  6,290966272354e-01;  4,770381546021e+01
  6,371284127235e-01;  4,887928771973e+01
  6,411477923393e-01;  4,925448989868e+01
  6,420046091080e-01;  4,694799804688e+01
  6,308799386024e-01;  4,383227539063e+01
  6,124201416969e-01;  4,193613052368e+01
  5,940578579903e-01;  3,985777664185e+01
  5,774230957031e-01;  3,761872100830e+01
  5,623835921288e-01;  3,524511718750e+01
  5,490368008614e-01;  3,284305572510e+01
  5,370692610741e-01;  3,064291191101e+01
  5,262650251389e-01;  2,875221252441e+01
  5,074011683464e-01;  2,570439338684e+01
  4,919785261154e-01;  2,338180541992e+01
  4,787640869617e-01;  2,154870796204e+01
  4,678205549717e-01;  2,006989479065e+01
  4,535054862499e-01;  1,832414436340e+01
  4,416702985764e-01;  1,696672630310e+01
  4,289434552193e-01;  1,555448627472e+01
  4,184039533138e-01;  1,447790527344e+01
  4,069797694683e-01;  1,331988716125e+01
  3,958969116211e-01;  1,227890300751e+01
  3,868759870529e-01;  1,147367286682e+01
  3,812892735004e-01;  1,100654888153e+01
  3,773325979710e-01;  1,070575904846e+01
  3,756259381771e-01;  1,219863414764e+01
  4,033156633377e-01;  1,583727359772e+01
  4,218103289604e-01;  1,744751930237e+01
  4,389396309853e-01;  1,923278236389e+01
  4,551703333855e-01;  2,118433380127e+01
  4,702028930187e-01;  2,323754501343e+01
  4,840164184570e-01;  2,524277877808e+01
  4,965760707855e-01;  2,711191558838e+01
  5,084042549133e-01;  2,885074424744e+01
  5,192432999611e-01;  3,046938896179e+01
  5,293439626694e-01;  3,197830581665e+01
  5,475181937218e-01;  3,469499588013e+01
  5,625716447830e-01;  3,705331420898e+01
  5,752845406532e-01;  3,908399581909e+01
  5,862072110176e-01;  4,081562805176e+01
  5,996027588844e-01;  4,293760299683e+01
  6,123017072678e-01;  4,504780578613e+01
  6,235378384590e-01;  4,683001327515e+01
  6,341678500175e-01;  4,847717666626e+01
  6,395177245140e-01;  4,917839813232e+01
  6,419697403908e-01;  4,654661178589e+01
  6,258226633072e-01;  4,328336334229e+01
  6,067080497742e-01;  4,133088302612e+01
  5,889169573784e-01;  3,920339202881e+01
  5,727001428604e-01;  3,692053222656e+01
  5,582736730576e-01;  3,452047348022e+01
  5,453448295593e-01;  3,215586090088e+01
  5,337604284286e-01;  3,004913139343e+01
  5,232348442078e-01;  2,824144554138e+01
  5,049073696136e-01;  2,532164001465e+01
  4,898957014084e-01;  2,308170890808e+01
  4,769320189953e-01;  2,131020927429e+01
  4,662740826607e-01;  1,987611579895e+01
  4,522167742252e-01;  1,817880439758e+01
  4,406323730946e-01;  1,685198402405e+01
  4,281075596809e-01;  1,546822357178e+01
  4,177282452583e-01;  1,440926456451e+01
  4,064921438694e-01;  1,326932239532e+01
  3,955695033073e-01;  1,225052165985e+01
  3,866879045963e-01;  1,145182991028e+01
  3,811847865582e-01;  1,099660491943e+01
  3,772838413715e-01;  1,069850063324e+01
  3,755562901497e-01;  1,247184371948e+01
  3,901360630989e-01;  1,481763648987e+01
  4,090277552605e-01;  1,629677200317e+01
  4,270208477974e-01;  1,796030426025e+01
  4,439342319965e-01;  1,979918861389e+01
  4,597887694836e-01;  2,179255867004e+01
  4,745287597179e-01;  2,384838867188e+01
  4,878686070442e-01;  2,581638717651e+01
  5,002401471138e-01;  2,764486312866e+01
  5,117827653885e-01;  2,934968185425e+01
  5,223292708397e-01;  3,093676757813e+01
  5,415413975716e-01;  3,379207611084e+01
  5,575839877129e-01;  3,627230453491e+01
  5,711049437523e-01;  3,841094589233e+01
  5,825639963150e-01;  4,024132919312e+01
  5,967606306076e-01;  4,248615264893e+01
  6,074951887131e-01;  4,423553466797e+01
  6,180347204208e-01;  4,596045684814e+01
  6,285881400108e-01;  4,761928939819e+01
  6,369472742081e-01;  4,884867858887e+01
  6,410433053970e-01;  4,929252624512e+01
  6,419349312782e-01;  4,731965637207e+01
  6,182227730751e-01;  4,252552795410e+01
  5,993519425392e-01;  4,050081253052e+01
  5,822783708572e-01;  3,831086730957e+01
  5,667582154274e-01;  3,597526931763e+01
  5,529446601868e-01;  3,356140518188e+01
  5,405940413475e-01;  3,127912521362e+01
  5,294972062111e-01;  2,929757881165e+01
  5,193338990211e-01;  2,759544944763e+01
  5,017238855362e-01;  2,482910156250e+01
  4,871928989887e-01;  2,269485092163e+01
  4,746680855751e-01;  2,099730300903e+01
  4,642888009548e-01;  1,961888313293e+01
  4,505310058594e-01;  1,798158073425e+01
  4,393436610699e-01;  1,668982315063e+01
  4,270278215408e-01;  1,534589767456e+01
  4,169062674046e-01;  1,431947708130e+01
  4,059209525585e-01;  1,320981121063e+01
  3,951654732227e-01;  1,220592498779e+01
  3,864580094814e-01;  1,142711257935e+01
  3,810454607010e-01;  1,098055934906e+01
  3,772281110287e-01;  1,068555641174e+01
  3,757304251194e-01;  1,211029052734e+01
  4,015532732010e-01;  1,568519210815e+01
  4,201942086220e-01;  1,727644920349e+01
  4,374001622200e-01;  1,904682540894e+01
  4,537980556488e-01;  2,098509025574e+01
  4,689002633095e-01;  2,303399658203e+01
  4,828531146049e-01;  2,505058670044e+01
  4,954824149609e-01;  2,693354225159e+01
  5,074151158333e-01;  2,868599128723e+01
  5,183377265930e-01;  3,031828117371e+01
  5,284732580185e-01;  3,183714866638e+01
  5,467658638954e-01;  3,457048034668e+01
  5,619934797287e-01;  3,693980789185e+01
  5,747621059418e-01;  3,898502731323e+01
  5,857334733009e-01;  4,073044967651e+01
  5,992683768272e-01;  4,286919784546e+01
  6,093411445618e-01;  4,453658676147e+01
  6,195324063301e-01;  4,617257690430e+01
  6,305943131447e-01;  4,791458892822e+01
  6,378737688065e-01;  4,895106124878e+01
  6,416562795639e-01;  4,875039291382e+01
  6,421648263931e-01;  4,668711090088e+01
  6,277731060982e-01;  4,347393417358e+01
  6,087560057640e-01;  4,154114913940e+01
  5,907768607140e-01;  3,942999649048e+01
  5,744556188583e-01;  3,716323471069e+01
  5,598201155663e-01;  3,477249908447e+01
  5,467728376389e-01;  3,239179992676e+01
  5,350560545921e-01;  3,025197601318e+01
  5,244051218033e-01;  2,841673660278e+01
  5,059034824371e-01;  2,545367813110e+01
  4,907664358616e-01;  2,318434715271e+01
  4,777331054211e-01;  2,138965797424e+01
  4,669497907162e-01;  1,993814086914e+01
  4,528436958790e-01;  1,822502326965e+01
  4,411896467209e-01;  1,688586425781e+01
  4,285812377930e-01;  1,549504089355e+01
  4,181810319424e-01;  1,442979431152e+01
  4,068752825260e-01;  1,328619670868e+01
  3,958969116211e-01;  1,225033473969e+01
  3,870362043381e-01;  1,145611286163e+01
  3,814773559570e-01;  1,099498939514e+01
  3,776251673698e-01;  1,070098018646e+01
  3,758558332920e-01;  1,210747718811e+01
  3,841801583767e-01;  1,428029060364e+01
  4,016090035439e-01;  1,568361663818e+01
  4,202778041363e-01;  1,727504920959e+01
  4,374698102474e-01;  1,904314613342e+01
  4,538328647614e-01;  2,098090744019e+01
  4,689699113369e-01;  2,302822113037e+01
  4,829157888889e-01;  2,504592514038e+01
  4,955520629883e-01;  2,692939567566e+01
  5,074638724327e-01;  2,868139648438e+01
  5,183864831924e-01;  3,031345748901e+01
  5,285428762436e-01;  3,183249473572e+01
  5,468494296074e-01;  3,456642913818e+01
  5,620770454407e-01;  3,693906784058e+01
  5,748456716537e-01;  3,898492431641e+01
  5,857892036438e-01;  4,073059082031e+01
  5,993937849998e-01;  4,287007141113e+01
  6,121832728386e-01;  4,500445938110e+01
  6,235029697418e-01;  4,680184173584e+01
  6,341817975044e-01;  4,846081542969e+01
  6,396361589432e-01;  4,916892623901e+01
  6,422135829926e-01;  4,668333816528e+01
  6,277940273285e-01;  4,347115325928e+01
  6,088117361069e-01;  4,153891372681e+01
  5,908535122871e-01;  3,942697906494e+01
  5,745113492012e-01;  3,716005706787e+01
  5,598758459091e-01;  3,476837921143e+01
  5,468285679817e-01;  3,238859176636e+01
  5,351327061653e-01;  3,025017738342e+01
  5,244538784027e-01;  2,841455650330e+01
  5,059871077538e-01;  2,545191192627e+01
  4,908709228039e-01;  2,318287658691e+01
  4,778585135937e-01;  2,138889503479e+01
  4,670333862305e-01;  1,994142341614e+01
  4,529272913933e-01;  1,822841072083e+01
  4,412732422352e-01;  1,689096832275e+01
  4,286787509918e-01;  1,549904632568e+01
  4,182785749435e-01;  1,443379688263e+01
  4,069588780403e-01;  1,328576469421e+01
  3,959874808788e-01;  1,225116062164e+01
  3,871058523655e-01;  1,145743751526e+01
  3,815679252148e-01;  1,099646663666e+01
  3,777017891407e-01;  1,069918060303e+01
  3,759045898914e-01;  1,237608528137e+01
  3,888334333897e-01;  1,468029022217e+01
  4,075161516666e-01;  1,614330482483e+01
  4,256624877453e-01;  1,778984260559e+01
  4,426455199718e-01;  1,961255455017e+01
  4,586393833160e-01;  2,159366416931e+01
  4,734629690647e-01;  2,365246391296e+01
  4,869142472744e-01;  2,563566207886e+01
  4,993485212326e-01;  2,747817039490e+01
  5,109677314758e-01;  2,919462013245e+01
  5,215769410133e-01;  3,079286193848e+01
  5,315939784050e-01;  3,228223419189e+01
  5,493780970573e-01;  3,495710754395e+01
  5,642434954643e-01;  3,727496719360e+01
  5,765941739082e-01;  3,927205276489e+01
  5,873565673828e-01;  4,097473144531e+01
  6,005779504776e-01;  4,305482864380e+01
  6,129983067513e-01;  4,513795852661e+01
  6,240741610527e-01;  4,688516235352e+01
  6,344604492188e-01;  4,849506378174e+01
  6,397545933723e-01;  4,919068145752e+01
  6,419419050217e-01;  4,626619720459e+01
  6,222421526909e-01;  4,291229248047e+01
  6,031902432442e-01;  4,092246627808e+01
  5,857822299004e-01;  3,876266860962e+01
  5,699138045311e-01;  3,645372772217e+01
  5,558007359505e-01;  3,404362487793e+01
  5,431296229362e-01;  3,171495246887e+01
  5,318447351456e-01;  2,967067527771e+01
  5,214794278145e-01;  2,791762351990e+01
  5,035350918770e-01;  2,507572555542e+01
  4,887811541557e-01;  2,289035797119e+01
  4,760403931141e-01;  2,115382194519e+01
  4,655357003212e-01;  1,974721145630e+01
  4,516246616840e-01;  1,808101272583e+01
  4,402283430099e-01;  1,677210426331e+01
  4,278149902821e-01;  1,541372776031e+01
  4,176028668880e-01;  1,436901855469e+01
  4,064921438694e-01;  1,323877906799e+01
  3,956600725651e-01;  1,222833824158e+01
  3,868829607964e-01;  1,144621658325e+01
  3,813728690147e-01;  1,098383140564e+01
  3,775624930859e-01;  1,068737983704e+01
  3,760926723480e-01;  1,194537067413e+01
  3,979518711567e-01;  1,539389705658e+01
  4,168157279491e-01;  1,695009040833e+01
  4,341958165169e-01;  1,868399429321e+01
  4,507957100868e-01;  2,058762168884e+01
  4,661487042904e-01;  2,262207984924e+01
  4,803941249847e-01;  2,465970420837e+01
  4,931836426258e-01;  2,657104110718e+01
  5,052556395531e-01;  2,834853744507e+01
  5,163663625717e-01;  3,000402641296e+01
  5,266132950783e-01;  3,154535102844e+01
  5,452333688736e-01;  3,431546020508e+01
  5,607535243034e-01;  3,671783447266e+01
  5,737311244011e-01;  3,879205703735e+01
  5,847234129906e-01;  4,056436920166e+01
  5,986275076866e-01;  4,273464202881e+01
  6,088744401932e-01;  4,443823623657e+01
  6,191980242729e-01;  4,610506439209e+01
  6,293056607246e-01;  4,770351028442e+01
  6,373165249825e-01;  4,887966537476e+01
  6,413428187370e-01;  4,927000808716e+01
  6,422135829926e-01;  4,707772827148e+01
  6,146144270897e-01;  4,214099884033e+01
  5,960779786110e-01;  4,008091735840e+01
  5,793178677559e-01;  3,785770034790e+01
  5,641250610352e-01;  3,549641418457e+01
  5,506389737129e-01;  3,308993148804e+01
  5,385669469833e-01;  3,086250495911e+01
  5,276094675064e-01;  2,894115066528e+01
  5,085853934288e-01;  2,585239028931e+01
  4,930094778538e-01;  2,349477386475e+01
  4,797393083572e-01;  2,164037513733e+01
  4,686216413975e-01;  2,014659690857e+01
  4,543413817883e-01;  1,838224029541e+01
  4,423738420010e-01;  1,701246452332e+01
  4,296052455902e-01;  1,559350395203e+01
  4,190657138824e-01;  1,450967407227e+01
  4,075022041798e-01;  1,333875656128e+01
  3,963357806206e-01;  1,228737163544e+01
  3,873496651649e-01;  1,148083019257e+01
  3,817211687565e-01;  1,099969291687e+01
  3,778202235699e-01;  1,070341777802e+01
  3,760299682617e-01;  1,211474895477e+01
  4,018179774284e-01;  1,569034385681e+01
  4,204240739346e-01;  1,728089714050e+01
  4,376300275326e-01;  1,905020713806e+01
  4,539861381054e-01;  2,098723793030e+01
  4,691092371941e-01;  2,303518104553e+01
  4,830272495747e-01;  2,505130195618e+01
  4,956565499306e-01;  2,693338203430e+01
  5,076031684875e-01;  2,868497467041e+01
  5,184979438782e-01;  3,031731796265e+01
  5,286334753036e-01;  3,183813285828e+01
  5,469260811806e-01;  3,457052612305e+01
  5,621676445007e-01;  3,693554306030e+01
  5,748665928841e-01;  3,897865295410e+01
  5,856986641884e-01;  4,072292709351e+01
  5,994285941124e-01;  4,285858917236e+01
  6,094595789909e-01;  4,453425979614e+01
  6,196368932724e-01;  4,616866683960e+01
  6,306988000870e-01;  4,791181945801e+01
  6,379991769791e-01;  4,896222305298e+01
  6,417259573936e-01;  4,867712783813e+01
  6,421648263931e-01;  4,654652023315e+01
  6,260176897049e-01;  4,328808593750e+01
  6,069657802582e-01;  4,133525848389e+01
  5,891956090927e-01;  3,920671844482e+01
  5,730136632919e-01;  3,692610168457e+01
  5,585522651672e-01;  3,452758789063e+01
  5,456234216690e-01;  3,216272735596e+01
  5,340529680252e-01;  3,005685615540e+01
  5,235343575478e-01;  2,825257301331e+01
  5,052417516708e-01;  2,533092689514e+01
  4,902440011501e-01;  2,309147644043e+01
  4,773499965668e-01;  2,131800270081e+01
  4,666014909744e-01;  1,988145828247e+01
  4,525650739670e-01;  1,817890930176e+01
  4,409945905209e-01;  1,684938240051e+01
  4,284906685352e-01;  1,547167396545e+01
  4,181462228298e-01;  1,441560649872e+01
  4,068752825260e-01;  1,326854896545e+01
  3,959526419640e-01;  1,224473571777e+01
  3,871267437935e-01;  1,145253849030e+01
  3,816166818142e-01;  1,098990821838e+01
  3,777505755424e-01;  1,069491195679e+01
  3,760578334332e-01;  1,247557258606e+01
  3,906097412109e-01;  1,482262897491e+01
  4,095153808594e-01;  1,630156707764e+01
  4,274597167969e-01;  1,796310424805e+01
  4,443731009960e-01;  1,979943847656e+01
  4,602067470551e-01;  2,179177474976e+01
  4,749258160591e-01;  2,384708786011e+01
  4,881820678711e-01;  2,581398010254e+01
  5,005815029144e-01;  2,764152908325e+01
  5,121171474457e-01;  2,934592819214e+01
  5,226218104362e-01;  3,093357658386e+01
  5,417991280556e-01;  3,378668594360e+01
  5,579183697701e-01;  3,626013565063e+01
  5,713626742363e-01;  3,839739227295e+01
  5,825500488281e-01;  4,022622299194e+01
  5,926507115364e-01;  4,178114318848e+01
  6,045833826065e-01;  4,369088745117e+01
  6,159449219704e-01;  4,558800506592e+01
  6,259967684746e-01;  4,717823791504e+01
  6,360278129578e-01;  4,869495391846e+01
  6,405904889107e-01;  4,927583694458e+01
  6,421230435371e-01;  4,732121658325e+01
  6,184805035591e-01;  4,253220367432e+01
  5,996305942535e-01;  4,050799560547e+01
  5,825570225716e-01;  3,831739425659e+01
  5,670368075371e-01;  3,598169326782e+01
  5,532929897308e-01;  3,356892013550e+01
  5,409213900566e-01;  3,128691101074e+01
  5,297340750694e-01;  2,930514144897e+01
  5,196124911308e-01;  2,760185241699e+01
  5,020512938499e-01;  2,483456420898e+01
  4,875620901585e-01;  2,270019340515e+01
  4,750163853168e-01;  2,100204086304e+01
  4,646719098091e-01;  1,962265396118e+01
  4,509280622005e-01;  1,798503494263e+01
  4,397058784962e-01;  1,669570541382e+01
  4,274318516254e-01;  1,535885429382e+01
  4,172894060612e-01;  1,433291149139e+01
  4,062622785568e-01;  1,321324062347e+01
  3,955346941948e-01;  1,220520782471e+01
  3,868411481380e-01;  1,142771816254e+01
  3,814425170422e-01;  1,097650337219e+01
  3,776460587978e-01;  1,068609237671e+01
  3,761484026909e-01;  1,211058712006e+01
  4,019085466862e-01;  1,568545341492e+01
  4,205564558506e-01;  1,727641487122e+01
  4,377693533897e-01;  1,904633712769e+01
  4,540697038174e-01;  2,098138999939e+01
  4,691928327084e-01;  2,302953529358e+01
  4,831317365170e-01;  2,504631042480e+01
  4,957610368729e-01;  2,692896461487e+01
  5,076728463173e-01;  2,868184280396e+01
  5,186163783073e-01;  3,031508255005e+01
  5,287030935287e-01;  3,183629798889e+01
  5,470235943794e-01;  3,456628799438e+01
  5,622721314430e-01;  3,693071746826e+01
  5,749362707138e-01;  3,897520065308e+01
  5,857474207878e-01;  4,072101211548e+01
  5,994982719421e-01;  4,285622787476e+01
  6,095501184464e-01;  4,453487396240e+01
  6,197622418404e-01;  4,616820144653e+01
  6,307476162910e-01;  4,791413879395e+01
  6,380479335785e-01;  4,896013641357e+01
  6,418304443359e-01;  4,874669647217e+01
  6,423180699348e-01;  4,668638992310e+01
  6,279124617577e-01;  4,347884750366e+01
  6,089719533920e-01;  4,154753875732e+01
  5,910276174545e-01;  3,943582916260e+01
  5,746994018555e-01;  3,716916275024e+01
  5,600848197937e-01;  3,477846908569e+01
  5,470514893532e-01;  3,240011978149e+01
  5,352929234505e-01;  3,026212120056e+01
  5,246837735176e-01;  2,842871856689e+01
  5,061821341515e-01;  2,546286964417e+01
  4,910241961479e-01;  2,319161987305e+01
  4,780117571354e-01;  2,139893722534e+01
  4,672632515430e-01;  1,994923591614e+01
  4,531711041927e-01;  1,823390197754e+01
  4,414682686329e-01;  1,689316368103e+01
  4,288877546787e-01;  1,550335502625e+01
  4,184805750847e-01;  1,444137001038e+01
  4,071539044380e-01;  1,328892326355e+01
  3,961616158485e-01;  1,225901985168e+01
  3,873287737370e-01;  1,145725822449e+01
  3,817420601845e-01;  1,099673175812e+01
  3,778550624847e-01;  1,069642066956e+01
  3,761484026909e-01;  1,228600978851e+01
  3,873566389084e-01;  1,454520988464e+01
  4,057328701019e-01;  1,598512077332e+01
  4,240603148937e-01;  1,761041831970e+01
  4,410781860352e-01;  1,941286849976e+01
  4,571765363216e-01;  2,137748146057e+01
  4,720906913280e-01;  2,343117332458e+01
  4,857091605663e-01;  2,542309379578e+01
  4,982339739799e-01;  2,727818489075e+01
  5,099368095398e-01;  2,900755500793e+01
  5,206364989281e-01;  3,061741828918e+01
  5,306884050369e-01;  3,211777877808e+01
  5,487024188042e-01;  3,481393432617e+01
  5,637001395226e-01;  3,714533615112e+01
  5,761204361916e-01;  3,916293334961e+01
  5,867644548416e-01;  4,088006210327e+01
  6,003341674805e-01;  4,298046112061e+01
  6,128938198090e-01;  4,508757781982e+01
  6,240463256836e-01;  4,684986495972e+01
  6,345509886742e-01;  4,848497772217e+01
  6,398800015450e-01;  4,917994689941e+01
  6,421160697937e-01;  4,626887512207e+01
  6,224163174629e-01;  4,291724395752e+01
  6,034131050110e-01;  4,093043899536e+01
  5,859912633896e-01;  3,877202224731e+01
  5,701366662979e-01;  3,646346664429e+01
  5,560584664345e-01;  3,405563735962e+01
  5,434152483940e-01;  3,172807312012e+01
  5,320328474045e-01;  2,968550682068e+01
  5,217232108116e-01;  2,793253517151e+01
  5,037579536438e-01;  2,508901786804e+01
  4,890249371529e-01;  2,290023612976e+01
  4,763050973415e-01;  2,116378021240e+01
  4,657446742058e-01;  1,975473594666e+01
  4,519033133984e-01;  1,808458137512e+01
  4,404930472374e-01;  1,677252960205e+01
  4,281075596809e-01;  1,541188430786e+01
  4,178675711155e-01;  1,436797332764e+01
  4,067568480968e-01;  1,324188232422e+01
  3,959386944771e-01;  1,222522640228e+01
  3,871546089649e-01;  1,144217681885e+01
  3,816933035851e-01;  1,098212337494e+01
  3,778898715973e-01;  1,068769264221e+01
  3,765106201172e-01;  1,276931571960e+01
  3,963288068771e-01;  1,524134922028e+01
  4,152623116970e-01;  1,677741241455e+01
  4,327886700630e-01;  1,849418449402e+01
  4,494373500347e-01;  2,038218498230e+01
  4,648739397526e-01;  2,240866470337e+01
  4,792447388172e-01;  2,445175552368e+01
  4,921039044857e-01;  2,637664985657e+01
  5,042943358421e-01;  2,816498184204e+01
  5,155165195465e-01;  2,983306884766e+01
  5,258052945137e-01;  3,138781547546e+01
  5,445855259895e-01;  3,418275070190e+01
  5,602450370789e-01;  3,659804534912e+01
  5,732852816582e-01;  3,868589019775e+01
  5,841313004494e-01;  4,047369384766e+01
  5,983837246895e-01;  4,266415786743e+01
  6,087839007378e-01;  4,438745498657e+01
  6,191492676735e-01;  4,606809234619e+01
  6,293404698372e-01;  4,767506027222e+01
  6,374558210373e-01;  4,887389373779e+01
  6,414821743965e-01;  4,925195693970e+01
  6,423320174217e-01;  4,695009613037e+01
  6,312282681465e-01;  4,384273910522e+01
  6,128171682358e-01;  4,195156860352e+01
  5,944896936417e-01;  3,987591552734e+01
  5,779037475586e-01;  3,764062500000e+01
  5,629547834396e-01;  3,527017211914e+01
  5,496288537979e-01;  3,287117385864e+01
  5,376125574112e-01;  3,067241287231e+01
  5,267526507378e-01;  2,878108215332e+01
  5,078887939453e-01;  2,572801399231e+01
  4,925079345703e-01;  2,339429092407e+01
  4,793004691601e-01;  2,155871772766e+01
  4,682942330837e-01;  2,007650947571e+01
  4,541184902191e-01;  1,833030700684e+01
  4,422554373741e-01;  1,697181320190e+01
  4,295704066753e-01;  1,556395244598e+01
  4,190657138824e-01;  1,448613166809e+01
  4,076066911221e-01;  1,331979084015e+01
  3,965099155903e-01;  1,227750492096e+01
  3,875377476215e-01;  1,147112083435e+01
  3,819649815559e-01;  1,099777317047e+01
  3,780988752842e-01;  1,070032024384e+01
  3,763225376606e-01;  1,219755840302e+01
  4,039913713932e-01;  1,583656024933e+01
  4,224581420422e-01;  1,744372940063e+01
  4,395805001259e-01;  1,922758293152e+01
  4,557624459267e-01;  2,117764091492e+01
  4,708019793034e-01;  2,322953987122e+01
  4,845806658268e-01;  2,523402023315e+01
  4,971193969250e-01;  2,710124588013e+01
  5,089128017426e-01;  2,884024810791e+01
  5,197309255600e-01;  3,046200942993e+01
  5,298176407814e-01;  3,197337341309e+01
  5,479709506035e-01;  3,468833160400e+01
  5,631219744682e-01;  3,703334808350e+01
  5,756676793098e-01;  3,906225585938e+01
  5,862420201302e-01;  4,079632949829e+01
  5,999858975410e-01;  4,291444015503e+01
  6,127196550369e-01;  4,504663467407e+01
  6,239557862282e-01;  4,682624053955e+01
  6,345092058182e-01;  4,847232437134e+01
  6,399287581444e-01;  4,917208480835e+01
  6,423877477646e-01;  4,655329895020e+01
  6,262615323067e-01;  4,329953765869e+01
  6,072095632553e-01;  4,134852981567e+01
  5,894603133202e-01;  3,922017288208e+01
  5,732713937759e-01;  3,693864440918e+01
  5,588657259941e-01;  3,453958511353e+01
  5,459717512131e-01;  3,217514038086e+01
  5,343316197395e-01;  3,006749153137e+01
  5,238130092621e-01;  2,826099205017e+01
  5,055552124977e-01;  2,533667373657e+01
  4,905365705490e-01;  2,309261512756e+01
  4,776495099068e-01;  2,131915664673e+01
  4,669288992882e-01;  1,988296127319e+01
  4,529481828213e-01;  1,818223190308e+01
  4,413428902626e-01;  1,685265731812e+01
  4,288389682770e-01;  1,547104930878e+01
  4,185084402561e-01;  1,441522502899e+01
  4,072584211826e-01;  1,327552604675e+01
  3,963148593903e-01;  1,224722099304e+01
  3,874750435352e-01;  1,145272254944e+01
  3,819162249565e-01;  1,099261951447e+01
  3,780640363693e-01;  1,069566059113e+01
  3,764200508595e-01;  1,257083797455e+01
  3,927482962608e-01;  1,495914649963e+01
  4,117096662521e-01;  1,645912742615e+01
  4,294937849045e-01;  1,813956069946e+01
  4,463374912739e-01;  1,999347114563e+01
  4,619830548763e-01;  2,199818038940e+01
  4,765628278255e-01;  2,405149269104e+01
  4,897354841232e-01;  2,600476646423e+01
  5,020304322243e-01;  2,782056236267e+01
  5,134615898132e-01;  2,951281929016e+01
  5,238965749741e-01;  3,109068298340e+01
  5,429345965385e-01;  3,392500686646e+01
  5,589075684547e-01;  3,637452316284e+01
  5,721986293793e-01;  3,849208450317e+01
  5,831421613693e-01;  4,030689620972e+01
  5,931591987610e-01;  4,184966659546e+01
  6,050710082054e-01;  4,373860549927e+01
  6,163768172264e-01;  4,562104034424e+01
  6,278427839279e-01;  4,743145370483e+01
  6,368149518967e-01;  4,878229522705e+01
  6,411338448524e-01;  4,931560516357e+01
  6,423320174217e-01;  4,732392120361e+01
  6,186894774437e-01;  4,253797149658e+01
  5,998395681381e-01;  4,051192855835e+01
  5,828217267990e-01;  3,831967926025e+01
  5,673363804817e-01;  3,598574447632e+01
  5,535855293274e-01;  3,357431793213e+01
  5,412349104881e-01;  3,129390716553e+01
  5,300335884094e-01;  2,931497955322e+01
  5,199260115623e-01;  2,761189079285e+01
  5,023647546768e-01;  2,484477996826e+01
  4,878964722157e-01;  2,270899581909e+01
  4,753855764866e-01;  2,100907325745e+01
  4,649854004383e-01;  1,962873458862e+01
  4,512763619423e-01;  1,799062728882e+01
  4,400541782379e-01;  1,670012283325e+01
  4,277801513672e-01;  1,535965156555e+01
  4,176377058029e-01;  1,432738590240e+01
  4,066314697266e-01;  1,321137046814e+01
  3,959386944771e-01;  1,221194076538e+01
  3,871894478798e-01;  1,142885684967e+01
  3,817908167839e-01;  1,097985553741e+01
  3,779247105122e-01;  1,068435001373e+01
  3,764967024326e-01;  1,202198886871e+01
  4,002994000912e-01;  1,552955055237e+01
  4,190587699413e-01;  1,710164260864e+01
  4,363204240799e-01;  1,885263633728e+01
  4,527810215950e-01;  2,077113723755e+01
  4,679737985134e-01;  2,281230735779e+01
  4,820520281792e-01;  2,483911895752e+01
  4,947648942471e-01;  2,673599815369e+01
  5,067324638367e-01;  2,850172615051e+01
  5,177386999130e-01;  3,014773559570e+01
  5,279368758202e-01;  3,168382453918e+01
  5,463827252388e-01;  3,443878936768e+01
  5,618680715561e-01;  3,681299591064e+01
  5,746366977692e-01;  3,886658859253e+01
  5,852110385895e-01;  4,062446975708e+01
  5,992544293404e-01;  4,277143478394e+01
  6,094805002213e-01;  4,447248458862e+01
  6,197344064713e-01;  4,613703918457e+01
  6,308729648590e-01;  4,790444183350e+01
  6,381524205208e-01;  4,894912338257e+01
  6,419488787651e-01;  4,881692504883e+01
  6,424922347069e-01;  4,682539367676e+01
  6,297863125801e-01;  4,366878509521e+01
  6,110965609550e-01;  4,175875091553e+01
  5,929432511330e-01;  3,966559219360e+01
  5,764757394791e-01;  3,741321182251e+01
  5,617008805275e-01;  3,503308105469e+01
  5,485700368881e-01;  3,264318084717e+01
  5,366652011871e-01;  3,047315406799e+01
  5,259028077126e-01;  2,860935401917e+01
  5,072966814041e-01;  2,559918975830e+01
  4,920203089714e-01;  2,329551887512e+01
  4,789173305035e-01;  2,148192596436e+01
  4,680155813694e-01;  2,001577568054e+01
  4,539443254471e-01;  1,828311920166e+01
  4,421161115170e-01;  1,693471336365e+01
  4,295077025890e-01;  1,553318691254e+01
  4,190866351128e-01;  1,446628093719e+01
  4,076763689518e-01;  1,330788993835e+01
  3,966144025326e-01;  1,226833915710e+01
  3,876979649067e-01;  1,146169471741e+01
  3,821739554405e-01;  1,099907016754e+01
  3,782730102539e-01;  1,069923782349e+01
  3,765315115452e-01;  1,228691577911e+01
  3,877536952496e-01;  1,454444885254e+01
  4,061159789562e-01;  1,598663520813e+01
  4,244434535503e-01;  1,761465454102e+01
  4,414473772049e-01;  1,941789436340e+01
  4,574830532074e-01;  2,138364982605e+01
  4,723971784115e-01;  2,343737602234e+01
  4,859877824783e-01;  2,543101692200e+01
  4,984986782074e-01;  2,728453445435e+01
  5,102015137672e-01;  2,901206016541e+01
  5,208803415298e-01;  3,062508010864e+01
  5,309113264084e-01;  3,212786483765e+01
  5,488904714584e-01;  3,482036972046e+01
  5,639787912369e-01;  3,714281463623e+01
  5,763642787933e-01;  3,914989852905e+01
  5,867087244987e-01;  4,086579513550e+01
  6,004386544228e-01;  4,295902252197e+01
  6,130888462067e-01;  4,508187484741e+01
  6,242692470551e-01;  4,685745239258e+01
  6,347042322159e-01;  4,848611068726e+01
  6,400192975998e-01;  4,917834472656e+01
  6,423738002777e-01;  4,640957260132e+01
  6,245200037956e-01;  4,310847473145e+01
  6,054820418358e-01;  4,114056777954e+01
  5,879068970680e-01;  3,899671554565e+01
  5,718990564346e-01;  3,670211410522e+01
  5,576606392860e-01;  3,429930114746e+01
  5,448920130730e-01;  3,195391273499e+01
  5,333772897720e-01;  2,987816047668e+01
  5,229561924934e-01;  2,809937858582e+01
  5,048934221268e-01;  2,521528816223e+01
  4,900350272655e-01;  2,299751853943e+01
  4,772455096245e-01;  2,124266242981e+01
  4,666154384613e-01;  1,981870841980e+01
  4,527183175087e-01;  1,813252830505e+01
  4,411687552929e-01;  1,681270599365e+01
  4,287693202496e-01;  1,544529533386e+01
  4,185084402561e-01;  1,439624691010e+01
  4,073280692101e-01;  1,325909233093e+01
  3,964402675629e-01;  1,223317050934e+01
  3,876283168793e-01;  1,144326114655e+01
  3,821600079536e-01;  1,098626613617e+01
  3,783078491688e-01;  1,069572830200e+01
  3,767056763172e-01;  1,256894397736e+01
  3,929921090603e-01;  1,495524311066e+01
  4,119186401367e-01;  1,645342636108e+01
  4,297027587891e-01;  1,813444137573e+01
  4,465116560459e-01;  1,998865318298e+01
  4,621781110764e-01;  2,199410629272e+01
  4,768066406250e-01;  2,404633712769e+01
  4,899305403233e-01;  2,600109481812e+01
  5,022742152214e-01;  2,781710433960e+01
  5,136496424675e-01;  2,951034736633e+01
  5,240846872330e-01;  3,108921813965e+01
  5,430878400803e-01;  3,392730712891e+01
  5,590608119965e-01;  3,637444686890e+01
  5,723797082901e-01;  3,848417663574e+01
  5,832605957985e-01;  4,029779434204e+01
  5,976871252060e-01;  4,252031707764e+01
  6,083659529686e-01;  4,427326965332e+01
  6,189054250717e-01;  4,600136947632e+01
  6,292499303818e-01;  4,764303207397e+01
  6,375115513802e-01;  4,885264968872e+01
  6,415517926216e-01;  4,929696273804e+01
  6,424573659897e-01;  4,732734680176e+01
  6,188427209854e-01;  4,254365921021e+01
  6,000485420227e-01;  4,052098846436e+01
  5,829749703407e-01;  3,833156204224e+01
  5,675244331360e-01;  3,599742507935e+01
  5,537736415863e-01;  3,358663940430e+01
  5,413742065430e-01;  3,130640029907e+01
  5,302077531815e-01;  2,932642364502e+01
  5,201140642166e-01;  2,762529563904e+01
  5,025598406792e-01;  2,485812568665e+01
  4,880497157574e-01;  2,271941947937e+01
  4,755388200283e-01;  2,101812744141e+01
  4,651595354080e-01;  1,963260459900e+01
  4,514296054840e-01;  1,798879814148e+01
  4,402283430099e-01;  1,669740104675e+01
  4,279542863369e-01;  1,535690021515e+01
  4,178536534309e-01;  1,432586097717e+01
  4,068752825260e-01;  1,321454238892e+01
  3,961407244205e-01;  1,220950889587e+01
  3,874193131924e-01;  1,142591381073e+01
  3,820346295834e-01;  1,097996711731e+01
  3,782381713390e-01;  1,068677043915e+01
  3,767404854298e-01;  1,194206428528e+01
  3,985788226128e-01;  1,538427639008e+01
  4,174217581749e-01;  1,693936157227e+01
  4,347879290581e-01;  1,867208862305e+01
  4,513390660286e-01;  2,057530021667e+01
  4,665945172310e-01;  2,261053848267e+01
  4,808469116688e-01;  2,464501571655e+01
  4,936503469944e-01;  2,655572509766e+01
  5,057084560394e-01;  2,833259010315e+01
  5,168191790581e-01;  2,998895072937e+01
  5,270451903343e-01;  3,153562545776e+01
  5,456373691559e-01;  3,431425857544e+01
  5,612063407898e-01;  3,670730209351e+01
  5,741351842880e-01;  3,877022171021e+01
  5,847582817078e-01;  4,054450225830e+01
  5,988712906837e-01;  4,271074676514e+01
  6,092575788498e-01;  4,442553710938e+01
  6,195324063301e-01;  4,610675048828e+01
  6,296330094337e-01;  4,770035934448e+01
  6,376160383224e-01;  4,887240219116e+01
  6,416772007942e-01;  4,917327499390e+01
  6,424225568771e-01;  4,655036163330e+01
  6,262893676758e-01;  4,330038833618e+01
  6,072652935982e-01;  4,135174942017e+01
  5,895299315453e-01;  3,922510147095e+01
  5,734176635742e-01;  3,694802093506e+01
  5,590190291405e-01;  3,455122375488e+01
  5,461110472679e-01;  3,218913269043e+01
  5,344361066818e-01;  3,008486175537e+01
  5,239523053169e-01;  2,827781295776e+01
  5,056945085526e-01;  2,535119247437e+01
  4,907246530056e-01;  2,310248374939e+01
  4,777888357639e-01;  2,132488822937e+01
  4,670751690865e-01;  1,988656997681e+01
  4,531223475933e-01;  1,818428421021e+01
  4,415239989758e-01;  1,685691833496e+01
  4,290131330490e-01;  1,547443771362e+01
  4,186826050282e-01;  1,441308116913e+01
  4,074534475803e-01;  1,327646923065e+01
  3,965238630772e-01;  1,225405502319e+01
  3,876283168793e-01;  1,145096015930e+01
  3,821391165257e-01;  1,098894309998e+01
  3,783078491688e-01;  1,069488430023e+01
  3,766359984875e-01;  1,246908473969e+01
  3,911600410938e-01;  1,481027603149e+01
  4,100030064583e-01;  1,628987884521e+01
  4,279612600803e-01;  1,795388793945e+01
  4,448119401932e-01;  1,979083442688e+01
  4,605550467968e-01;  2,178227996826e+01
  4,753089547157e-01;  2,383727836609e+01
  4,885652065277e-01;  2,580573081970e+01
  5,009506940842e-01;  2,763289451599e+01
  5,124515295029e-01;  2,933461189270e+01
  5,229701399803e-01;  3,092507362366e+01
  5,421195626259e-01;  3,378282165527e+01
  5,582457780838e-01;  3,624869155884e+01
  5,717667341232e-01;  3,837200546265e+01
  5,826893448830e-01;  4,020082855225e+01
  5,971089005470e-01;  4,244335937500e+01
  6,080524325371e-01;  4,421274566650e+01
  6,186755895615e-01;  4,596399307251e+01
  6,291105747223e-01;  4,762432861328e+01
  6,374000906944e-01;  4,884067153931e+01
  6,415169835091e-01;  4,924456405640e+01
  6,424086093903e-01;  4,694708633423e+01
  6,313396692276e-01;  4,383837890625e+01
  6,129216551781e-01;  4,194773101807e+01
  5,946638584137e-01;  3,987056732178e+01
  5,780848860741e-01;  3,763596343994e+01
  5,631498098373e-01;  3,526636123657e+01
  5,498726963997e-01;  3,286806488037e+01
  5,378146171570e-01;  3,067191696167e+01
  5,270034074783e-01;  2,878243255615e+01
  5,082231760025e-01;  2,573520660400e+01
  4,928005039692e-01;  2,340413665771e+01
  4,796139299870e-01;  2,156906318665e+01
  4,686076939106e-01;  2,008801841736e+01
  4,544667899609e-01;  1,833600807190e+01
  4,425967633724e-01;  1,697579574585e+01
  4,299187064171e-01;  1,556143569946e+01
  4,194349348545e-01;  1,448369026184e+01
  4,080037772655e-01;  1,331994152069e+01
  3,969627022743e-01;  1,227124977112e+01
  3,880114257336e-01;  1,146645927429e+01
  3,824386596680e-01;  1,099526119232e+01
  3,785864710808e-01;  1,070455741882e+01
  3,768101632595e-01;  1,202354049683e+01
  4,005641043186e-01;  1,553236675262e+01
  4,192886352539e-01;  1,710401916504e+01
  4,365293979645e-01;  1,885475540161e+01
  4,529412388802e-01;  2,077492332458e+01
  4,681479334831e-01;  2,281615257263e+01
  4,822470545769e-01;  2,484325027466e+01
  4,949251115322e-01;  2,674006652832e+01
  5,068926811218e-01;  2,850393486023e+01
  5,178849697113e-01;  3,014844322205e+01
  5,280552506447e-01;  3,168387603760e+01
  5,464524030685e-01;  3,443887710571e+01
  5,619029402733e-01;  3,680996322632e+01
  5,747411847115e-01;  3,885132217407e+01
  5,852249860764e-01;  4,060739898682e+01
  5,992335677147e-01;  4,275893783569e+01
  6,095710396767e-01;  4,446482849121e+01
  6,198249459267e-01;  4,614233398438e+01
  6,309426426888e-01;  4,789787673950e+01
  6,382220983505e-01;  4,894894027710e+01
  6,420184969902e-01;  4,874748229980e+01
  6,425130963326e-01;  4,669054031372e+01
  6,281910538673e-01;  4,348685836792e+01
  6,092785000801e-01;  4,155820465088e+01
  5,913410782814e-01;  3,944823074341e+01
  5,750825405121e-01;  3,718187332153e+01
  5,605027675629e-01;  3,479203796387e+01
  5,474902987480e-01;  3,241587829590e+01
  5,356760621071e-01;  3,027750015259e+01
  5,251017212868e-01;  2,844392967224e+01
  5,066348910332e-01;  2,547849845886e+01
  4,915327131748e-01;  2,320291709900e+01
  4,785202741623e-01;  2,140916442871e+01
  4,677160382271e-01;  1,995718193054e+01
  4,536935687065e-01;  1,824165153503e+01
  4,420255720615e-01;  1,690457916260e+01
  4,294659197330e-01;  1,550955390930e+01
  4,190657138824e-01;  1,444108390808e+01
  4,077669084072e-01;  1,329556560516e+01
  3,967885673046e-01;  1,225474929810e+01
  3,878860473633e-01;  1,145755958557e+01
  3,823829293251e-01;  1,099380970001e+01
  3,785516619682e-01;  1,069431972504e+01
  3,768101632595e-01;  1,228431129456e+01
  3,783287405968e-01;  1,330488300323e+01
  4,063249528408e-01;  1,598178291321e+01
  4,246315360069e-01;  1,760659408569e+01
  4,416145682335e-01;  1,940917778015e+01
  4,576641619205e-01;  2,137494850159e+01
  4,725922346115e-01;  2,343024253845e+01
  4,861410260201e-01;  2,542288017273e+01
  4,986519217491e-01;  2,727713584900e+01
  5,103268623352e-01;  2,900387382507e+01
  5,209987759590e-01;  3,061510276794e+01
  5,310018658638e-01;  3,211813354492e+01
  5,489949584007e-01;  3,481446838379e+01
  5,640832781792e-01;  3,713362884521e+01
  5,764687657356e-01;  3,912834548950e+01
  5,867853760719e-01;  4,084437561035e+01
  6,004386544228e-01;  4,294543838501e+01
  6,104905605316e-01;  4,461291122437e+01
  6,225277185440e-01;  4,656921386719e+01
  6,331717371941e-01;  4,824102020264e+01
  6,393017768860e-01;  4,908440017700e+01
  6,425618529320e-01;  4,655722808838e+01
  6,265053153038e-01;  4,330524444580e+01
  6,074742674828e-01;  4,135813140869e+01
  5,897528529167e-01;  3,923192214966e+01
  5,736057162285e-01;  3,695169448853e+01
  5,592070817947e-01;  3,455411529541e+01
  5,463200211525e-01;  3,218993759155e+01
  5,346660017967e-01;  3,008547973633e+01
  5,241752266884e-01;  2,827902603149e+01
  5,059034824371e-01;  2,535285377502e+01
  4,909545183182e-01;  2,310446739197e+01
  4,780256748199e-01;  2,132871627808e+01
  4,673329293728e-01;  1,989262390137e+01
  4,533800780773e-01;  1,818929481506e+01
  4,417817592621e-01;  1,686614608765e+01
  4,292708635330e-01;  1,548500251770e+01
  4,189473092556e-01;  1,442499828339e+01
  4,076763689518e-01;  1,328373241425e+01
  3,967397809029e-01;  1,225028705597e+01
  3,878721296787e-01;  1,144812870026e+01
  3,823829293251e-01;  1,099039077759e+01
  3,785725533962e-01;  1,069592666626e+01
  3,769285678864e-01;  1,256659889221e+01
  3,931662440300e-01;  1,495159149170e+01
  4,121206402779e-01;  1,645071983337e+01
  4,298768937588e-01;  1,813197135925e+01
  4,466718733311e-01;  1,998547554016e+01
  4,623313546181e-01;  2,198947525024e+01
  4,769111275673e-01;  2,404173851013e+01
  4,900141060352e-01;  2,599595260620e+01
  5,023299455643e-01;  2,781095695496e+01
  5,136844515800e-01;  2,950255966187e+01
  5,241194963455e-01;  3,108070373535e+01
  5,431087613106e-01;  3,391979980469e+01
  5,591165423393e-01;  3,636447906494e+01
  5,725330114365e-01;  3,846404266357e+01
  5,833163261414e-01;  4,027423477173e+01
  5,974084734917e-01;  4,249812316895e+01
  6,085052490234e-01;  4,425546264648e+01
  6,189890503883e-01;  4,599954223633e+01
  6,294101476669e-01;  4,764061737061e+01
  6,375951170921e-01;  4,885828399658e+01
  6,416562795639e-01;  4,931419754028e+01
  6,424295306206e-01;  4,627770233154e+01
  6,227993965149e-01;  4,293256378174e+01
  6,038311123848e-01;  4,094655227661e+01
  5,864788293839e-01;  3,878689956665e+01
  5,706730484962e-01;  3,647948455811e+01
  5,566157698631e-01;  3,407235717773e+01
  5,439516305923e-01;  3,174675559998e+01
  5,325552821159e-01;  2,970405578613e+01
  5,222735404968e-01;  2,795143508911e+01
  5,043709874153e-01;  2,510610389709e+01
  4,896867275238e-01;  2,291583633423e+01
  4,769459664822e-01;  2,118083572388e+01
  4,664134085178e-01;  1,977039909363e+01
  4,526138305664e-01;  1,809597396851e+01
  4,411548078060e-01;  1,678348731995e+01
  4,287693202496e-01;  1,542217636108e+01
  4,185781180859e-01;  1,437894248962e+01
  4,074325561523e-01;  1,325081634521e+01
  3,965935111046e-01;  1,222773933411e+01
  3,878024518490e-01;  1,144006919861e+01
  3,823829293251e-01;  1,098428153992e+01
  3,785864710808e-01;  1,069234561920e+01
  3,769634068012e-01;  1,256592082977e+01
  3,931662440300e-01;  1,495294666290e+01
  4,121067225933e-01;  1,645168495178e+01
  4,298978149891e-01;  1,813165664673e+01
  4,466857910156e-01;  1,998348236084e+01
  4,622965157032e-01;  2,198777580261e+01
  4,769111275673e-01;  2,404002761841e+01
  4,900141060352e-01;  2,599106025696e+01
  5,023229718208e-01;  2,780433273315e+01
  5,136844515800e-01;  2,949688339233e+01
  5,241055488586e-01;  3,107494926453e+01
  5,431087613106e-01;  3,391302871704e+01
  5,591165423393e-01;  3,636109924316e+01
  5,725468993187e-01;  3,846047210693e+01
  5,833163261414e-01;  4,027197265625e+01
  5,973875522614e-01;  4,249013137817e+01
  6,084495186806e-01;  4,424507904053e+01
  6,190586686134e-01;  4,599652862549e+01
  6,294240355492e-01;  4,764433670044e+01
  6,376160383224e-01;  4,885423278809e+01
  6,416911482811e-01;  4,927986145020e+01
  6,425618529320e-01;  4,720710372925e+01
  6,170176863670e-01;  4,235419082642e+01
  5,983906388283e-01;  4,031401824951e+01
  5,815330147743e-01;  3,811071777344e+01
  5,662496685982e-01;  3,576424789429e+01
  5,526799559593e-01;  3,335593032837e+01
  5,403989553452e-01;  3,110291481018e+01
  5,293161273003e-01;  2,915240669250e+01
  5,102572441101e-01;  2,601417732239e+01
  4,945071637630e-01;  2,362005805969e+01
  4,811812639236e-01;  2,174123764038e+01
  4,699103236198e-01;  2,022882461548e+01
  4,556300938129e-01;  1,844192504883e+01
  4,435789585114e-01;  1,706337356567e+01
  4,308381974697e-01;  1,562965965271e+01
  4,202360212803e-01;  1,453969955444e+01
  4,086306989193e-01;  1,335945129395e+01
  3,974712193012e-01;  1,229673385620e+01
  3,883597254753e-01;  1,147955608368e+01
  3,827660679817e-01;  1,100919914246e+01
  3,788860142231e-01;  1,070522499084e+01
  3,771236240864e-01;  1,219701480865e+01
  4,047227799892e-01;  1,583333683014e+01
  4,231547415257e-01;  1,744273757935e+01
  4,402422606945e-01;  1,922832870483e+01
  4,563545584679e-01;  2,117820167542e+01
  4,713522791862e-01;  2,322834968567e+01
  4,851031005383e-01;  2,523382949829e+01
  4,976209700108e-01;  2,709975051880e+01
  5,094004273415e-01;  2,884038543701e+01
  5,201488733292e-01;  3,046332359314e+01
  5,302704572678e-01;  3,197654342651e+01
  5,483332276344e-01;  3,469405364990e+01
  5,635956525803e-01;  3,703094482422e+01
  5,761553049088e-01;  3,903433609009e+01
  5,864300727844e-01;  4,076187515259e+01
  5,999301671982e-01;  4,287541198730e+01
  6,103163957596e-01;  4,455153656006e+01
  6,204727888107e-01;  4,621062088013e+01
  6,313257813454e-01;  4,793341827393e+01
  6,385006904602e-01;  4,896285247803e+01
  6,422483921051e-01;  4,860414886475e+01
  6,425618529320e-01;  4,641373825073e+01
  6,247150301933e-01;  4,311566925049e+01
  6,057118773460e-01;  4,114793395996e+01
  5,881854891777e-01;  3,900580596924e+01
  5,722473859787e-01;  3,671343994141e+01
  5,580298304558e-01;  3,431197738647e+01
  5,452403426170e-01;  3,196653175354e+01
  5,337046980858e-01;  2,989362144470e+01
  5,233601927757e-01;  2,811512374878e+01
  5,052765607834e-01;  2,522987747192e+01
  4,904878139496e-01;  2,301139068604e+01
  4,776495099068e-01;  2,125760078430e+01
  4,670055210590e-01;  1,983430099487e+01
  4,531571865082e-01;  1,814942169189e+01
  4,416215419769e-01;  1,683188819885e+01
  4,291872680187e-01;  1,545637321472e+01
  4,189124703407e-01;  1,440311336517e+01
  4,077251255512e-01;  1,326927852631e+01
  3,968442976475e-01;  1,223912239075e+01
  3,880462646484e-01;  1,144447708130e+01
  3,825570940971e-01;  1,098297977448e+01
  3,787606358528e-01;  1,068920421600e+01
  3,773813545704e-01;  1,276922607422e+01
  3,971507847309e-01;  1,523972892761e+01
  4,160425066948e-01;  1,677541160583e+01
  4,334992170334e-01;  1,849127388000e+01
  4,501339495182e-01;  2,037786865234e+01
  4,655357003212e-01;  2,240202713013e+01
  4,798716604710e-01;  2,444350242615e+01
  4,927099347115e-01;  2,636651992798e+01
  5,048725008965e-01;  2,815437698364e+01
  5,160180926323e-01;  2,982282638550e+01
  5,263347029686e-01;  3,138187026978e+01
  5,450104475021e-01;  3,417995834351e+01
  5,607395768166e-01;  3,659144210815e+01
  5,738913416862e-01;  3,865871810913e+01
  5,844796299934e-01;  4,043568420410e+01
  5,982025861740e-01;  4,261974334717e+01
  6,091670393944e-01;  4,434637832642e+01
  6,196020245552e-01;  4,606974029541e+01
  6,297584176064e-01;  4,768399810791e+01
  6,377902030945e-01;  4,886532592773e+01
  6,418304443359e-01;  4,927204895020e+01
  6,427012085915e-01;  4,708496475220e+01
  6,152343750000e-01;  4,216231918335e+01
  5,967745780945e-01;  4,010444259644e+01
  5,800632238388e-01;  3,788359069824e+01
  5,649609565735e-01;  3,552534484863e+01
  5,515445470810e-01;  3,312068939209e+01
  5,393680334091e-01;  3,089355659485e+01
  5,284662842751e-01;  2,897257804871e+01
  5,095466971397e-01;  2,587982177734e+01
  4,940056204796e-01;  2,351609420776e+01
  4,807493686676e-01;  2,166083908081e+01
  4,695620238781e-01;  2,016317367554e+01
  4,553862810135e-01;  1,839514160156e+01
  4,434326887131e-01;  1,702568244934e+01
  4,307197928429e-01;  1,560577106476e+01
  4,202011823654e-01;  1,452004432678e+01
  4,086515903473e-01;  1,334695434570e+01
  3,975408673286e-01;  1,229516696930e+01
  3,884781599045e-01;  1,147308921814e+01
  3,828775286674e-01;  1,100138473511e+01
  3,790044486523e-01;  1,070127964020e+01
  3,772977888584e-01;  1,228951454163e+01
  3,884711861610e-01;  1,454683971405e+01
  4,067638218403e-01;  1,598693084717e+01
  4,250355660915e-01;  1,761332130432e+01
  4,420185983181e-01;  1,941458320618e+01
  4,580263793468e-01;  2,137863731384e+01
  4,729405343533e-01;  2,343125534058e+01
  4,864754080772e-01;  2,542263603210e+01
  4,989862740040e-01;  2,727366638184e+01
  5,106194615364e-01;  2,900003814697e+01
  5,212843418121e-01;  3,061081314087e+01
  5,313501954079e-01;  3,211338043213e+01
  5,492596626282e-01;  3,481232452393e+01
  5,643967390060e-01;  3,713031387329e+01
  5,768170356750e-01;  3,912068176270e+01
  5,870570540428e-01;  4,083209991455e+01
  6,002993583679e-01;  4,293078613281e+01
  6,107343435287e-01;  4,459769821167e+01
  6,207862496376e-01;  4,624542617798e+01
  6,315347552299e-01;  4,794924545288e+01
  6,386470198631e-01;  4,896759414673e+01
  6,423668265343e-01;  4,852769470215e+01
  6,425688266754e-01;  4,627209854126e+01
  6,229526400566e-01;  4,292664337158e+01
  6,040191650391e-01;  4,094076919556e+01
  5,866529941559e-01;  3,878274917603e+01
  5,708820223808e-01;  3,647535705566e+01
  5,568595528603e-01;  3,406804275513e+01
  5,441606044769e-01;  3,174217224121e+01
  5,327851772308e-01;  2,969924926758e+01
  5,225382447243e-01;  2,794772720337e+01
  5,046287178993e-01;  2,510272026062e+01
  4,899444580078e-01;  2,291403579712e+01
  4,772455096245e-01;  2,117931747437e+01
  4,667268693447e-01;  1,977075195313e+01
  4,529272913933e-01;  1,809567451477e+01
  4,414682686329e-01;  1,678420639038e+01
  4,291385114193e-01;  1,542043113708e+01
  4,189333617687e-01;  1,437585544586e+01
  4,078156948090e-01;  1,325049018860e+01
  3,970184326172e-01;  1,222872734070e+01
  3,882203996181e-01;  1,143867874146e+01
  3,827660679817e-01;  1,098099613190e+01
  3,790044486523e-01;  1,069017219543e+01
  3,775415718555e-01;  1,202919197083e+01
  4,012049734592e-01;  1,553722476959e+01
  4,199295043945e-01;  1,711050796509e+01
  4,371772408485e-01;  1,886156082153e+01
  4,535681605339e-01;  2,078032875061e+01
  4,687191545963e-01;  2,282009315491e+01
  4,827277064323e-01;  2,484488487244e+01
  4,954475760460e-01;  2,674117088318e+01
  5,073593854904e-01;  2,850543975830e+01
  5,183377265930e-01;  3,015021705627e+01
  5,285080671310e-01;  3,168490600586e+01
  5,468912720680e-01;  3,444388961792e+01
  5,623905062675e-01;  3,681789779663e+01
  5,752636194229e-01;  3,885420227051e+01
  5,856847167015e-01;  4,059565353394e+01
  5,990942120552e-01;  4,274269485474e+01
  6,098636388779e-01;  4,444259262085e+01
  6,202289462090e-01;  4,614408111572e+01
  6,312770247459e-01;  4,790633010864e+01
  6,385006904602e-01;  4,894763565063e+01
  6,423180699348e-01;  4,874673080444e+01
  6,428056955338e-01;  4,669141006470e+01
  6,284488439560e-01;  4,348942565918e+01
  6,095989346504e-01;  4,156060409546e+01
  5,917172431946e-01;  3,945208358765e+01
  5,754865407944e-01;  3,718779754639e+01
  5,609555244446e-01;  3,479991531372e+01
  5,479083061218e-01;  3,242635726929e+01
  5,360940098763e-01;  3,029029655457e+01
  5,255893468857e-01;  2,845765876770e+01
  5,071573853493e-01;  2,549443054199e+01
  4,920481741428e-01;  2,321733093262e+01
  4,790287911892e-01;  2,142314338684e+01
  4,682036638260e-01;  1,996700668335e+01
  4,542368948460e-01;  1,824096107483e+01
  4,425131678581e-01;  1,690181159973e+01
  4,300231933594e-01;  1,550941276550e+01
  4,196578264236e-01;  1,444805908203e+01
  4,083381295204e-01;  1,329852485657e+01
  3,973945975304e-01;  1,226098346710e+01
  3,884781599045e-01;  1,145903015137e+01
  3,829402029514e-01;  1,098770999908e+01
  3,791298270226e-01;  1,069916915894e+01
  3,774022758007e-01;  1,228391551971e+01
  3,885965645313e-01;  1,454038619995e+01
  4,068683087826e-01;  1,597983264923e+01
  4,251261055470e-01;  1,760734367371e+01
  4,421091377735e-01;  1,940987777710e+01
  4,581308662891e-01;  2,137399101257e+01
  4,730101823807e-01;  2,342665672302e+01
  4,865590035915e-01;  2,541996955872e+01
  4,990350604057e-01;  2,727395820618e+01
  5,107239484787e-01;  2,900151062012e+01
  5,214027762413e-01;  3,061323547363e+01
  5,407193899155e-01;  3,351564788818e+01
  5,571312308311e-01;  3,602094650269e+01
  5,710492134094e-01;  3,816881561279e+01
  5,821529626846e-01;  4,000531005859e+01
  5,961824655533e-01;  4,227782821655e+01
  6,076136231422e-01;  4,407211303711e+01
  6,186267733574e-01;  4,588730239868e+01
  6,292499303818e-01;  4,758749771118e+01
  6,376160383224e-01;  4,883039093018e+01
  6,417747139931e-01;  4,931523132324e+01
  6,427569389343e-01;  4,641794586182e+01
  6,249031424522e-01;  4,312135314941e+01
  6,059208512306e-01;  4,115642929077e+01
  5,883805751801e-01;  3,901609420776e+01
  5,724703073502e-01;  3,672434997559e+01
  5,582875609398e-01;  3,432439041138e+01
  5,454701781273e-01;  3,197885513306e+01
  5,339832901955e-01;  2,990496635437e+01
  5,236527919769e-01;  2,812710762024e+01
  5,055691003799e-01;  2,524087524414e+01
  4,907176792622e-01;  2,301967239380e+01
  4,778933227062e-01;  2,126064491272e+01
  4,672841727734e-01;  1,983442497253e+01
  4,534497559071e-01;  1,814774131775e+01
  4,419001638889e-01;  1,682818222046e+01
  4,295146763325e-01;  1,545412445068e+01
  4,192607700825e-01;  1,439987087250e+01
  4,080803990364e-01;  1,326794624329e+01
  3,972065150738e-01;  1,224613952637e+01
  3,883597254753e-01;  1,144275188446e+01
  3,828914463520e-01;  1,098616695404e+01
  3,790949881077e-01;  1,069345474243e+01
  3,774161934853e-01;  1,246593379974e+01
  3,918775618076e-01;  1,480909538269e+01
  4,107135236263e-01;  1,628828239441e+01
  4,286091029644e-01;  1,795083999634e+01
  4,454667568207e-01;  1,978732490540e+01
  4,611749947071e-01;  2,177942848206e+01
  4,758801758289e-01;  2,383523368835e+01
  4,891085326672e-01;  2,580129814148e+01
  5,014591813087e-01;  2,762768936157e+01
  5,129390954971e-01;  2,933082008362e+01
  5,234228968620e-01;  3,091936302185e+01
  5,424957275391e-01;  3,377816772461e+01
  5,586498379707e-01;  3,624491882324e+01
  5,722543597221e-01;  3,835702896118e+01
  5,831909179688e-01;  4,016357040405e+01
  5,970253348351e-01;  4,239873504639e+01
  6,081917881966e-01;  4,417086029053e+01
  6,190935373306e-01;  4,596258926392e+01
  6,295146346092e-01;  4,763107681274e+01
  6,377344727516e-01;  4,884726333618e+01
  6,418513655663e-01;  4,928995513916e+01
  6,427499651909e-01;  4,732685470581e+01
  6,192119717598e-01;  4,254902648926e+01
  6,004526019096e-01;  4,052811050415e+01
  5,834625959396e-01;  3,834036254883e+01
  5,680608153343e-01;  3,600720596313e+01
  5,543169975281e-01;  3,359969329834e+01
  5,418966412544e-01;  3,132118225098e+01
  5,307789444923e-01;  2,934192848206e+01
  5,207619071007e-01;  2,764170646667e+01
  5,031658411026e-01;  2,487428665161e+01
  4,887463152409e-01;  2,273572540283e+01
  4,762215018272e-01;  2,103732872009e+01
  4,658212959766e-01;  1,965629577637e+01
  4,522167742252e-01;  1,801123428345e+01
  4,409109950066e-01;  1,671948814392e+01
  4,286648333073e-01;  1,537121391296e+01
  4,185432791710e-01;  1,433979225159e+01
  4,075509905815e-01;  1,322422027588e+01
  3,968233764172e-01;  1,220818614960e+01
  3,881298601627e-01;  1,142486667633e+01
  3,827521204948e-01;  1,097134780884e+01
  3,790044486523e-01;  1,068416500092e+01
  3,775764107704e-01;  1,229067420959e+01
  3,887289166451e-01;  1,454718017578e+01
  4,070215523243e-01;  1,598823356628e+01
  4,253002703190e-01;  1,761455726624e+01
  4,422833025455e-01;  1,941650390625e+01
  4,582562744617e-01;  2,138040351868e+01
  4,731495082378e-01;  2,343321609497e+01
  4,866843819618e-01;  2,542398262024e+01
  4,991743564606e-01;  2,727643394470e+01
  5,108144879341e-01;  2,900374412537e+01
  5,214375853539e-01;  3,061466407776e+01
  5,314894914627e-01;  3,211717605591e+01
  5,493432879448e-01;  3,481679153442e+01
  5,645012259483e-01;  3,713851928711e+01
  5,770121216774e-01;  3,912440109253e+01
  5,872520804405e-01;  4,081843185425e+01
  6,002644896507e-01;  4,291117095947e+01
  6,106995344162e-01;  4,457534790039e+01
  6,209255456924e-01;  4,624720001221e+01
  6,316043734550e-01;  4,795655441284e+01
  6,386957764626e-01;  4,897101974487e+01
  6,424225568771e-01;  4,853101348877e+01
  6,426385045052e-01;  4,627695083618e+01
  6,230432391167e-01;  4,293335342407e+01
  6,040748953819e-01;  4,094793701172e+01
  5,867714285851e-01;  3,879007720947e+01
  5,710074305534e-01;  3,648364257813e+01
  5,569849610329e-01;  3,407743835449e+01
  5,442650914192e-01;  3,175424575806e+01
  5,329036116600e-01;  2,971285629272e+01
  5,226984620094e-01;  2,796057319641e+01
  5,047889351845e-01;  2,511541366577e+01
  4,901046752930e-01;  2,292465209961e+01
  4,773499965668e-01;  2,118623924255e+01
  4,668661952019e-01;  1,977676773071e+01
  4,531014561653e-01;  1,810096931458e+01
  4,416563510895e-01;  1,679403686523e+01
  4,293265938759e-01;  1,542897796631e+01
  4,190866351128e-01;  1,438509845734e+01
  4,079689383507e-01;  1,325461292267e+01
  3,971368670464e-01;  1,223173046112e+01
  3,883597254753e-01;  1,144317340851e+01
  3,828914463520e-01;  1,097780513763e+01
  3,791089355946e-01;  1,068882369995e+01
  3,777784407139e-01;  1,276633548737e+01
  3,974642455578e-01;  1,523718643188e+01
  4,163559675217e-01;  1,677099037170e+01
  4,338335692883e-01;  1,848557281494e+01
  4,503986537457e-01;  2,037325859070e+01
  4,657934308052e-01;  2,239701843262e+01
  4,801224470139e-01;  2,443849182129e+01
  4,929746687412e-01;  2,636181640625e+01
  5,051163434982e-01;  2,815075874329e+01
  5,162479281425e-01;  2,981817436218e+01
  5,265436768532e-01;  3,137438774109e+01
  5,451846122742e-01;  3,417373657227e+01
  5,608928799629e-01;  3,658613204956e+01
  5,741142630577e-01;  3,865244674683e+01
  5,847930908203e-01;  4,041632843018e+01
  5,983140468597e-01;  4,259163284302e+01
  6,089719533920e-01;  4,432176971436e+01
  6,198458671570e-01;  4,606241226196e+01
  6,299116611481e-01;  4,768764877319e+01
  6,379782557487e-01;  4,887199020386e+01
  6,419836878777e-01;  4,925050354004e+01
  6,428405046463e-01;  4,695201873779e+01
  6,317715644836e-01;  4,384964752197e+01
  6,134441494942e-01;  4,196088409424e+01
  5,951724052429e-01;  3,988904571533e+01
  5,787118077278e-01;  3,765749740601e+01
  5,638255476952e-01;  3,528999328613e+01
  5,504856705666e-01;  3,289479446411e+01
  5,384415388107e-01;  3,069871711731e+01
  5,277139544487e-01;  2,881170082092e+01
  5,089685320854e-01;  2,576450157166e+01
  4,935667514801e-01;  2,342752647400e+01
  4,804010689259e-01;  2,158944892883e+01
  4,693182110786e-01;  2,010656738281e+01
  4,552609026432e-01;  1,835190963745e+01
  4,433839321136e-01;  1,699523925781e+01
  4,307546317577e-01;  1,558153343201e+01
  4,202638566494e-01;  1,450044059753e+01
  4,087909162045e-01;  1,333479499817e+01
  3,977150321007e-01;  1,228237533569e+01
  3,887567818165e-01;  1,147179317474e+01
  3,831700980663e-01;  1,099785900116e+01
  3,793179094791e-01;  1,070264434814e+01
  3,776251673698e-01;  1,246801471710e+01
  3,920865356922e-01;  1,481096363068e+01
  4,108876883984e-01;  1,628897094727e+01
  4,287623465061e-01;  1,795016098022e+01
  4,456060528755e-01;  1,978705596924e+01
  4,613352119923e-01;  2,177752685547e+01
  4,760194718838e-01;  2,383220672607e+01
  4,892269670963e-01;  2,579875564575e+01
  5,016124844551e-01;  2,762602615356e+01
  5,130227208138e-01;  2,932824134827e+01
  5,235413312912e-01;  3,091672706604e+01
  5,426002144814e-01;  3,377873992920e+01
  5,587334036827e-01;  3,624760055542e+01
  5,723379254341e-01;  3,836346054077e+01
  5,833302140236e-01;  4,016869354248e+01
  5,971298217773e-01;  4,238591384888e+01
  6,079479455948e-01;  4,415394210815e+01
  6,191980242729e-01;  4,594488143921e+01
  6,296330094337e-01;  4,763432693481e+01
  6,378250122070e-01;  4,885186004639e+01
  6,419697403908e-01;  4,926491546631e+01
  6,428405046463e-01;  4,707602310181e+01
  6,153458356857e-01;  4,215170288086e+01
  5,968929529190e-01;  4,009630203247e+01
  5,802582502365e-01;  3,787935256958e+01
  5,652047991753e-01;  3,552325439453e+01
  5,517395734787e-01;  3,312109375000e+01
  5,395839810371e-01;  3,089734649658e+01
  5,287448763847e-01;  2,897976303101e+01
  5,098601579666e-01;  2,589106559753e+01
  4,942981898785e-01;  2,352693748474e+01
  4,810628592968e-01;  2,166948318481e+01
  4,698964059353e-01;  2,017162704468e+01
  4,557485282421e-01;  1,840226173401e+01
  4,438018798828e-01;  1,703508758545e+01
  4,311029314995e-01;  1,561352443695e+01
  4,205842912197e-01;  1,452435684204e+01
  4,090834856033e-01;  1,335191440582e+01
  3,990733921528e-01;  1,240485000610e+01
  3,896275460720e-01;  1,153689765930e+01
  3,837064802647e-01;  1,104341316223e+01
  3,797358572483e-01;  1,073009777069e+01
  3,776460587978e-01;  1,228805255890e+01
  3,888194859028e-01;  1,454268074036e+01
  4,070912301540e-01;  1,598225402832e+01
  4,253490269184e-01;  1,760863113403e+01
  4,423320591450e-01;  1,940897369385e+01
  4,582910835743e-01;  2,137237358093e+01
  4,731634259224e-01;  2,342490196228e+01
  4,866843819618e-01;  2,541495513916e+01
  4,991743564606e-01;  2,726620101929e+01
  5,108493566513e-01;  2,898995590210e+01
  5,215072631836e-01;  3,060005187988e+01
  5,408447980881e-01;  3,350065612793e+01
  5,572009086609e-01;  3,601024627686e+01
  5,711537003517e-01;  3,816293334961e+01
  5,823689103127e-01;  4,000265121460e+01
  5,963635444641e-01;  4,225500488281e+01
  6,072652935982e-01;  4,404805755615e+01
  6,187313199043e-01;  4,586166763306e+01
  6,293683052063e-01;  4,758927536011e+01
  6,377344727516e-01;  4,883591079712e+01
  6,419001221657e-01;  4,932384872437e+01
  6,429310441017e-01;  4,656201934814e+01
  6,268535852432e-01;  4,331333923340e+01
  6,079270839691e-01;  4,136555862427e+01
  5,902195572853e-01;  3,924306106567e+01
  5,741769671440e-01;  3,696585845947e+01
  5,598201155663e-01;  3,457050704956e+01
  5,468773245811e-01;  3,221041107178e+01
  5,352371931076e-01;  3,010560226440e+01
  5,248230695724e-01;  2,830135726929e+01
  5,066348910332e-01;  2,537777900696e+01
  4,916372001171e-01;  2,313195610046e+01
  4,787292480469e-01;  2,135707664490e+01
  4,679946899414e-01;  1,992038536072e+01
  4,541324079037e-01;  1,821359825134e+01
  4,424783587456e-01;  1,688446044922e+01
  4,300231933594e-01;  1,549839687347e+01
  4,196926653385e-01;  1,443754386902e+01
  4,084286987782e-01;  1,328851318359e+01
  3,974503278732e-01;  1,225947093964e+01
  3,885826468468e-01;  1,145102882385e+01
  3,831004202366e-01;  1,098795795441e+01
  3,793179094791e-01;  1,069650554657e+01
  3,777157366276e-01;  1,256387805939e+01
  3,938419520855e-01;  1,494761466980e+01
  4,127336442471e-01;  1,644499206543e+01
  4,304899275303e-01;  1,812380027771e+01
  4,472430646420e-01;  1,997525215149e+01
  4,628189802170e-01;  2,197750854492e+01
  4,773987531662e-01;  2,402836227417e+01
  4,904668927193e-01;  2,597884368896e+01
  5,027618408203e-01;  2,779017829895e+01
  5,141024589539e-01;  2,948119163513e+01
  5,245513916016e-01;  3,105980110168e+01
  5,434222221375e-01;  3,390397262573e+01
  5,594648122787e-01;  3,636000442505e+01
  5,729648470879e-01;  3,846475982666e+01
  5,839223265648e-01;  4,025969696045e+01
  5,975617170334e-01;  4,245045471191e+01
  6,081569790840e-01;  4,419570541382e+01
  6,193721890450e-01;  4,596917724609e+01
  6,297236084938e-01;  4,765367507935e+01
  6,378598213196e-01;  4,885375595093e+01
  6,419836878777e-01;  4,926791000366e+01
  6,428405046463e-01;  4,708330535889e+01
  6,153806447983e-01;  4,216136550903e+01
  5,969696044922e-01;  4,010628509521e+01
  5,803070068359e-01;  3,788838577271e+01
  5,652535557747e-01;  3,553213882446e+01
  5,517883300781e-01;  3,313016891479e+01
  5,396257638931e-01;  3,090655136108e+01
  5,287936925888e-01;  2,898774909973e+01
  5,099437832832e-01;  2,589718627930e+01
  4,943539202213e-01;  2,353480911255e+01
  4,811464250088e-01;  2,167825317383e+01
  4,699451625347e-01;  2,018077659607e+01
  4,557972848415e-01;  1,840739250183e+01
  4,438506364822e-01;  1,703846549988e+01
  4,311516880989e-01;  1,561195945740e+01
  4,206330776215e-01;  1,452766513824e+01
  4,091043770313e-01;  1,335510635376e+01
  3,979240059853e-01;  1,229684257507e+01
  3,888821899891e-01;  1,147800922394e+01
  3,832745850086e-01;  1,100714683533e+01
  3,794223964214e-01;  1,070518493652e+01
  3,776460587978e-01;  1,210439872742e+01
  4,032111763954e-01;  1,567027664185e+01
  4,217963814735e-01;  1,726010513306e+01
  4,389187395573e-01;  1,902659416199e+01
  4,551703333855e-01;  2,095952987671e+01
  4,702028930187e-01;  2,300502777100e+01
  4,840930402279e-01;  2,502095985413e+01
  4,966805577278e-01;  2,690106582642e+01
  5,085436105728e-01;  2,865142440796e+01
  5,193826556206e-01;  3,028364753723e+01
  5,295041799545e-01;  3,180782699585e+01
  5,476714372635e-01;  3,454895019531e+01
  5,630522966385e-01;  3,691198730469e+01
  5,758557319641e-01;  3,893630599976e+01
  5,863465070724e-01;  4,065940475464e+01
  5,994982719421e-01;  4,276237869263e+01
  6,095849871635e-01;  4,444535827637e+01
  6,204727888107e-01;  4,614630889893e+01
  6,314302682877e-01;  4,792321395874e+01
  6,386609077454e-01;  4,895378875732e+01
  6,423877477646e-01;  4,893634414673e+01
  6,429798007011e-01;  4,708977127075e+01
  6,155548095703e-01;  4,217291641235e+01
  5,971228480339e-01;  4,011656188965e+01
  5,805020332336e-01;  3,790014648438e+01
  5,654485821724e-01;  3,554449844360e+01
  5,519624948502e-01;  3,314245605469e+01
  5,397998690605e-01;  3,091697120667e+01
  5,289677977562e-01;  2,899811363220e+01
  5,100691318512e-01;  2,590758323669e+01
  4,945071637630e-01;  2,354421806335e+01
  4,812509417534e-01;  2,168427276611e+01
  4,700496494770e-01;  2,018437385559e+01
  4,559226632118e-01;  1,841256713867e+01
  4,439203143120e-01;  1,704198074341e+01
  4,312979578972e-01;  1,561680889130e+01
  4,207375645638e-01;  1,452751350403e+01
  4,091740548611e-01;  1,335562992096e+01
  3,980215191841e-01;  1,230058574677e+01
  3,890005946159e-01;  1,148319149017e+01
  3,833442330360e-01;  1,100170421600e+01
  3,795268833637e-01;  1,070735740662e+01
  3,777505755424e-01;  1,210385227203e+01
  4,032947719097e-01;  1,567183399200e+01
  4,218799769878e-01;  1,726006507874e+01
  4,389744699001e-01;  1,902690887451e+01
  4,552260637283e-01;  2,096088027954e+01
  4,702934622765e-01;  2,300730514526e+01
  4,841417968273e-01;  2,502264976501e+01
  4,967571794987e-01;  2,690296554565e+01
  5,085853934288e-01;  2,865465927124e+01
  5,194522738457e-01;  3,028767967224e+01
  5,295529365540e-01;  3,181173896790e+01
  5,476853847504e-01;  3,455150985718e+01
  5,631080269814e-01;  3,691325759888e+01
  5,759114623070e-01;  3,893562698364e+01
  5,864300727844e-01;  4,065848159790e+01
  5,996027588844e-01;  4,275739288330e+01
  6,096197962761e-01;  4,443253326416e+01
  6,204518675804e-01;  4,613498306274e+01
  6,315138339996e-01;  4,792657470703e+01
  6,386888027191e-01;  4,894828033447e+01
  6,425270438194e-01;  4,875011062622e+01
  6,430494785309e-01;  4,669985961914e+01
  6,286996006966e-01;  4,350256729126e+01
  6,098705530167e-01;  4,157565689087e+01
  5,920028686523e-01;  3,946705245972e+01
  5,758139491081e-01;  3,720493698120e+01
  5,612689852715e-01;  3,481732177734e+01
  5,481660366058e-01;  3,244260406494e+01
  5,364422798157e-01;  3,030704116821e+01
  5,259028077126e-01;  2,847514533997e+01
  5,075753331184e-01;  2,550963973999e+01
  4,924173653126e-01;  2,323355293274e+01
  4,794606864452e-01;  2,143806266785e+01
  4,686425328255e-01;  1,998160362244e+01
  4,546687901020e-01;  1,825217056274e+01
  4,429450631142e-01;  1,691268920898e+01
  4,304899275303e-01;  1,552424907684e+01
  4,201106131077e-01;  1,446116352081e+01
  4,087700247765e-01;  1,330941677094e+01
  3,977637887001e-01;  1,226877117157e+01
  3,888473510742e-01;  1,145967483521e+01
  3,832885026932e-01;  1,099017620087e+01
  3,795268833637e-01;  1,070018291473e+01
  3,777714669704e-01;  1,227882480621e+01
  3,792830705643e-01;  1,329723262787e+01
  4,071957170963e-01;  1,597125816345e+01
  4,254186749458e-01;  1,759620475769e+01
  4,423668980598e-01;  1,939667129517e+01
  4,583955705166e-01;  2,136075019836e+01
  4,732539951801e-01;  2,341337394714e+01
  4,867540299892e-01;  2,540455818176e+01
  4,992788434029e-01;  2,725726890564e+01
  5,109120011330e-01;  2,898365783691e+01
  5,215769410133e-01;  3,059318923950e+01
  5,408796072006e-01;  3,349512863159e+01
  5,572357177734e-01;  3,600867080688e+01
  5,711885690689e-01;  3,816398620605e+01
  5,824943184853e-01;  4,000388717651e+01
  5,965167880058e-01;  4,224875640869e+01
  6,072862148285e-01;  4,401191329956e+01
  6,184108853340e-01;  4,583413314819e+01
  6,295285224915e-01;  4,760536575317e+01
  6,378250122070e-01;  4,883052062988e+01
  6,419697403908e-01;  4,930834197998e+01
  6,427708268166e-01;  4,628114318848e+01
  6,232174038887e-01;  4,293998336792e+01
  6,043186783791e-01;  4,095596313477e+01
  5,870152115822e-01;  3,880126190186e+01
  5,712860822678e-01;  3,649793243408e+01
  5,572078824043e-01;  3,409320831299e+01
  5,445437431335e-01;  3,176953887939e+01
  5,332379341125e-01;  2,972706794739e+01
  5,229910016060e-01;  2,797605895996e+01
  5,051372647285e-01;  2,513178253174e+01
  4,904320836067e-01;  2,294077110291e+01
  4,777470529079e-01;  2,120097541809e+01
  4,671936035156e-01;  1,978945922852e+01
  4,534009993076e-01;  1,811283111572e+01
  4,419558942318e-01;  1,680254936218e+01
  4,296748936176e-01;  1,543974685669e+01
  4,194349348545e-01;  1,439222431183e+01
  4,083381295204e-01;  1,325971412659e+01
  3,974712193012e-01;  1,223230361938e+01
  3,887080252171e-01;  1,144088649750e+01
  3,832397460938e-01;  1,098623943329e+01
  3,794572353363e-01;  1,069612407684e+01
  3,778689801693e-01;  1,255584430695e+01
  3,940160870552e-01;  1,493655872345e+01
  4,128938615322e-01;  1,643300628662e+01
  4,305944144726e-01;  1,810980606079e+01
  4,473823904991e-01;  1,996194076538e+01
  4,629583060741e-01;  2,196450424194e+01
  4,775171577930e-01;  2,401605224609e+01
  4,905853271484e-01;  2,596872329712e+01
  5,029011368752e-01;  2,778254508972e+01
  5,142417550087e-01;  2,947374343872e+01
  5,246767997742e-01;  3,105218887329e+01
  5,435615181923e-01;  3,389357376099e+01
  5,595344901085e-01;  3,635029602051e+01
  5,730345249176e-01;  3,845672988892e+01
  5,840477347374e-01;  4,025286483765e+01
  5,977358818054e-01;  4,244124984741e+01
  6,082126498222e-01;  4,416032791138e+01
  6,189541816711e-01;  4,593859863281e+01
  6,299673914909e-01;  4,766905975342e+01
  6,379991769791e-01;  4,885342788696e+01
  6,421090960503e-01;  4,929695510864e+01
  6,430007219315e-01;  4,733661270142e+01
  6,194557547569e-01;  4,256200027466e+01
  6,007451415062e-01;  4,054135131836e+01
  5,837760567665e-01;  3,835554504395e+01
  5,684091448784e-01;  3,602389144897e+01
  5,546304583549e-01;  3,361672210693e+01
  5,422101020813e-01;  3,133789443970e+01
  5,311620831490e-01;  2,935773468018e+01
  5,119499564171e-01;  2,617938995361e+01
  4,960605800152e-01;  2,375540733337e+01
  4,826650321484e-01;  2,185480499268e+01
  4,712060093880e-01;  2,032192039490e+01
  4,569327235222e-01;  1,851378822327e+01
  4,447910487652e-01;  1,712270545959e+01
  4,320781528950e-01;  1,568242073059e+01
  4,213993251324e-01;  1,458135318756e+01
  4,113474190235e-01;  1,355643177032e+01
  4,008845388889e-01;  1,255135345459e+01
  3,908326625824e-01;  1,162360191345e+01
  3,845493495464e-01;  1,108635425568e+01
  3,804672956467e-01;  1,075948238373e+01
  3,778202235699e-01;  1,246362590790e+01
  3,922258317471e-01;  1,480194473267e+01
  4,110130667686e-01;  1,627858352661e+01
  4,288877546787e-01;  1,793967247009e+01
  4,456896483898e-01;  1,977389335632e+01
  4,613909423351e-01;  2,176329994202e+01
  4,761100411415e-01;  2,381818389893e+01
  4,892966151237e-01;  2,578384780884e+01
  5,016612410545e-01;  2,760771942139e+01
  5,130923986435e-01;  2,930942726135e+01
  5,236110091209e-01;  3,089897918701e+01
  5,426211357117e-01;  3,375928497314e+01
  5,587473511696e-01;  3,623202896118e+01
  5,724076032639e-01;  3,835300445557e+01
  5,834904313087e-01;  4,016251754761e+01
  5,972970128059e-01;  4,236565780640e+01
  6,078434586525e-01;  4,409351348877e+01
  6,186755895615e-01;  4,587764358521e+01
  6,299116611481e-01;  4,763127517700e+01
  6,380479335785e-01;  4,883322906494e+01
  6,422275304794e-01;  4,927168273926e+01
  6,431191563606e-01;  4,719503021240e+01
  6,176585555077e-01;  4,234446334839e+01
  5,991081595421e-01;  4,030619049072e+01
  5,823480486870e-01;  3,810566329956e+01
  5,671413540840e-01;  3,576421356201e+01
  5,535159111023e-01;  3,336374664307e+01
  5,412697196007e-01;  3,111488342285e+01
  5,303609967232e-01;  2,916913604736e+01
  5,113369226456e-01;  2,604048156738e+01
  4,955869019032e-01;  2,364928245544e+01
  4,822818934917e-01;  2,177065467834e+01
  4,709691703320e-01;  2,025459480286e+01
  4,567933976650e-01;  1,846088600159e+01
  4,446726143360e-01;  1,707757186890e+01
  4,320224225521e-01;  1,564025306702e+01
  4,214550554752e-01;  1,454254341125e+01
  4,098706543446e-01;  1,336583137512e+01
  3,998675048351e-01;  1,242030811310e+01
  3,903450369835e-01;  1,154911708832e+01
  3,844030499458e-01;  1,104561424255e+01
  3,804324567318e-01;  1,073354148865e+01
  3,783426582813e-01;  1,194068336487e+01
  4,000068306923e-01;  1,537634658813e+01
  4,188010096550e-01;  1,692776489258e+01
  4,360975325108e-01;  1,865608596802e+01
  4,525581002235e-01;  2,055596542358e+01
  4,678135812283e-01;  2,258800697327e+01
  4,819266200066e-01;  2,461966133118e+01
  4,946952462196e-01;  2,652824401855e+01
  5,067185163498e-01;  2,830163383484e+01
  5,177804827690e-01;  2,995610427856e+01
  5,280064940453e-01;  3,150165557861e+01
  5,464524030685e-01;  3,428158187866e+01
  5,620422363281e-01;  3,668391418457e+01
  5,751591324806e-01;  3,874171829224e+01
  5,858936905861e-01;  4,049606704712e+01
  5,992544293404e-01;  4,262522125244e+01
  6,093690395355e-01;  4,430303955078e+01
  6,199503540993e-01;  4,602727127075e+01
  6,307336688042e-01;  4,771847534180e+01
  6,385006904602e-01;  4,887850570679e+01
  6,425758004189e-01;  4,926972198486e+01
  6,434326171875e-01;  4,709085845947e+01
  6,160354614258e-01;  4,217496871948e+01
  5,976801514626e-01;  4,012253952026e+01
  5,810453891754e-01;  3,790822982788e+01
  5,659710168839e-01;  3,555510330200e+01
  5,524501204491e-01;  3,315764236450e+01
  5,403780937195e-01;  3,093360519409e+01
  5,295390486717e-01;  2,901487159729e+01
  5,106751918793e-01;  2,592326545715e+01
  4,950853288174e-01;  2,356021499634e+01
  4,818291068077e-01;  2,169715118408e+01
  4,706069231033e-01;  2,019303894043e+01
  4,565008282661e-01;  1,841444778442e+01
  4,444775879383e-01;  1,704443550110e+01
  4,319179356098e-01;  1,562408638000e+01
  4,213644862175e-01;  1,454002571106e+01
  4,097661674023e-01;  1,335883331299e+01
  3,986484706402e-01;  1,230212497711e+01
  3,895578682423e-01;  1,148868465424e+01
  3,839015066624e-01;  1,099969482422e+01
  3,801050484180e-01;  1,070884418488e+01
  3,783635795116e-01;  1,201376056671e+01
  4,019224643707e-01;  1,551056003571e+01
  4,206121563911e-01;  1,708052444458e+01
  4,378041923046e-01;  1,882896423340e+01
  4,541463553905e-01;  2,074779891968e+01
  4,692973196507e-01;  2,278728294373e+01
  4,833059012890e-01;  2,481262207031e+01
  4,959700107574e-01;  2,670808410645e+01
  5,079027414322e-01;  2,847209167480e+01
  5,188602209091e-01;  3,011628913879e+01
  5,290096402168e-01;  3,165182304382e+01
  5,473022460938e-01;  3,441371154785e+01
  5,628085136414e-01;  3,679656219482e+01
  5,757721662521e-01;  3,884292221069e+01
  5,864161849022e-01;  4,058477783203e+01
  5,997211337090e-01;  4,269863891602e+01
  6,124758720398e-01;  4,483147811890e+01
  6,244085431099e-01;  4,672943878174e+01
  6,346554756165e-01;  4,835284042358e+01
  6,404024362564e-01;  4,912311553955e+01
  6,433141827583e-01;  4,656240463257e+01
  6,272367238998e-01;  4,331472778320e+01
  6,083380579948e-01;  4,136910247803e+01
  5,907071828842e-01;  3,924810409546e+01
  5,746994018555e-01;  3,697286224365e+01
  5,602728724480e-01;  3,458023452759e+01
  5,473649501801e-01;  3,222091674805e+01
  5,358153581619e-01;  3,011826133728e+01
  5,253942608833e-01;  2,831472969055e+01
  5,071921944618e-01;  2,539262580872e+01
  4,922083914280e-01;  2,314717483521e+01
  4,793352782726e-01;  2,136998176575e+01
  4,686076939106e-01;  1,992821311951e+01
  4,547245204449e-01;  1,821899414063e+01
  4,430495500565e-01;  1,689083862305e+01
  4,306989014149e-01;  1,550558090210e+01
  4,203405082226e-01;  1,444086456299e+01
  4,090486466885e-01;  1,329666137695e+01
  3,980981707573e-01;  1,226499938965e+01
  3,892095685005e-01;  1,146637821198e+01
  3,836019635201e-01;  1,099422836304e+01
  3,798403441906e-01;  1,069705867767e+01
  3,783566057682e-01;  1,266326618195e+01
  3,962452113628e-01;  1,508832168579e+01
  4,151090681553e-01;  1,660314369202e+01
  4,326493740082e-01;  1,829839897156e+01
  4,492631852627e-01;  2,016525840759e+01
  4,647694528103e-01;  2,217761611938e+01
  4,791959822178e-01;  2,422334289551e+01
  4,921387434006e-01;  2,615813064575e+01
  5,043152570724e-01;  2,795537376404e+01
  5,155513882637e-01;  2,963110351563e+01
  5,259306430817e-01;  3,119585990906e+01
  5,446412563324e-01;  3,401003646851e+01
  5,604888200760e-01;  3,644549942017e+01
  5,738704800606e-01;  3,853690719604e+01
  5,848278999329e-01;  4,032479858398e+01
  5,985230207443e-01;  4,249854660034e+01
  6,087839007378e-01;  4,420348358154e+01
  6,193721890450e-01;  4,593252563477e+01
  6,304202079773e-01;  4,766473007202e+01
  6,383753418922e-01;  4,885809707642e+01
  6,425061225891e-01;  4,924863052368e+01
  6,433629393578e-01;  4,695742034912e+01
  6,323288679123e-01;  4,385801696777e+01
  6,140780448914e-01;  4,197019577026e+01
  5,958480834961e-01;  3,989784240723e+01
  5,794014334679e-01;  3,766778945923e+01
  5,644733309746e-01;  3,530324172974e+01
  5,511614084244e-01;  3,290966796875e+01
  5,391729474068e-01;  3,071473121643e+01
  5,284941196442e-01;  2,882803344727e+01
  5,097904801369e-01;  2,578242492676e+01
  4,944235682487e-01;  2,345078277588e+01
  4,812927246094e-01;  2,161456489563e+01
  4,701541364193e-01;  2,013021850586e+01
  4,561316370964e-01;  1,837013626099e+01
  4,441850185394e-01;  1,701097297668e+01
  4,316462576389e-01;  1,559717750549e+01
  4,211624860764e-01;  1,451634693146e+01
  4,096407592297e-01;  1,334266471863e+01
  3,985509574413e-01;  1,228831672668e+01
  3,895787894726e-01;  1,147230052948e+01
  3,839711844921e-01;  1,099483394623e+01
  3,801747262478e-01;  1,070082283020e+01
  3,784819841385e-01;  1,246723556519e+01
  3,929085135460e-01;  1,480713748932e+01
  4,116887748241e-01;  1,628369140625e+01
  4,295286238194e-01;  1,794387054443e+01
  4,463374912739e-01;  1,977868652344e+01
  4,620178937912e-01;  2,176773071289e+01
  4,767021536827e-01;  2,382042121887e+01
  4,898538887501e-01;  2,578410720825e+01
  5,022394061089e-01;  2,760670852661e+01
  5,136356949806e-01;  2,930644989014e+01
  5,241404175758e-01;  3,089399719238e+01
  5,431435704231e-01;  3,375312805176e+01
  5,592349767685e-01;  3,622614669800e+01
  5,729300379753e-01;  3,835171890259e+01
  5,840059518814e-01;  4,017134094238e+01
  5,979309082031e-01;  4,238217163086e+01
  6,084355711937e-01;  4,410657119751e+01
  6,190795898438e-01;  4,585114669800e+01
  6,302947998047e-01;  4,761603927612e+01
  6,384658813477e-01;  4,885546493530e+01
  6,426106095314e-01;  4,929483795166e+01
  6,434813737869e-01;  4,733636474609e+01
  6,199781894684e-01;  4,256532669067e+01
  6,013233065605e-01;  4,054560089111e+01
  5,843890905380e-01;  3,836048507690e+01
  5,689873099327e-01;  3,603210067749e+01
  5,551877021790e-01;  3,362728118896e+01
  5,428161621094e-01;  3,134959602356e+01
  5,317402482033e-01;  2,936943435669e+01
  5,217371582985e-01;  2,766796493530e+01
  5,042247176170e-01;  2,490018081665e+01
  4,897703230381e-01;  2,276168823242e+01
  4,772664010525e-01;  2,105771446228e+01
  4,669149518013e-01;  1,967220306396e+01
  4,533313214779e-01;  1,802456855774e+01
  4,420046508312e-01;  1,673338508606e+01
  4,298699498177e-01;  1,538705730438e+01
  4,197275042534e-01;  1,434689903259e+01
  4,087212681770e-01;  1,322846031189e+01
  3,979936540127e-01;  1,222222232819e+01
  3,892652988434e-01;  1,143860912323e+01
  3,837761282921e-01;  1,097368431091e+01
  3,801050484180e-01;  1,069147205353e+01
  3,784123361111e-01;  1,245842838287e+01
  3,928388655186e-01;  1,479248237610e+01
  4,116051793098e-01;  1,627021980286e+01
  4,294450283051e-01;  1,793055152893e+01
  4,462538957596e-01;  1,976527786255e+01
  4,619134068489e-01;  2,175508880615e+01
  4,766464233398e-01;  2,380857276917e+01
  4,898260235786e-01;  2,577340316772e+01
  5,021697282791e-01;  2,759989929199e+01
  5,136148333549e-01;  2,930218696594e+01
  5,241055488586e-01;  3,088975906372e+01
  5,431087613106e-01;  3,374747848511e+01
  5,592140555382e-01;  3,622082519531e+01
  5,728255510330e-01;  3,834649276733e+01
  5,839571952820e-01;  4,016514968872e+01
  5,979309082031e-01;  4,238086700439e+01
  6,084216833115e-01;  4,411095428467e+01
  6,190795898438e-01;  4,585117721558e+01
  6,299116611481e-01;  4,760187530518e+01
  6,384658813477e-01;  4,886074066162e+01
  6,425758004189e-01;  4,925332641602e+01
  6,434326171875e-01;  4,696086120605e+01
  6,323776245117e-01;  4,386043930054e+01
  6,141058802605e-01;  4,197235488892e+01
  5,959177613258e-01;  3,990075302124e+01
  5,794919729233e-01;  3,767074203491e+01
  5,645430088043e-01;  3,530619812012e+01
  5,512310266495e-01;  3,291255187988e+01
  5,392635464668e-01;  3,071825981140e+01
  5,285498499870e-01;  2,882928466797e+01
  5,098880529404e-01;  2,578273200989e+01
  4,944723248482e-01;  2,345226478577e+01
  4,813554286957e-01;  2,161306762695e+01
  4,702447056770e-01;  2,012806320190e+01
  4,562222063541e-01;  1,836844444275e+01
  4,442895054817e-01;  1,700910949707e+01
  4,317646920681e-01;  1,559581089020e+01
  4,212808907032e-01;  1,451135921478e+01
  4,097661674023e-01;  1,333893775940e+01
  3,987042009830e-01;  1,229415607452e+01
  3,897180855274e-01;  1,147833061218e+01
  3,840408325195e-01;  1,100274944305e+01
  3,802792131901e-01;  1,070590305328e+01
  3,785307407379e-01;  1,201634407043e+01
  4,020617902279e-01;  1,551351642609e+01
  4,207305908203e-01;  1,708304786682e+01
  4,379225969315e-01;  1,883086395264e+01
  4,542299211025e-01;  2,074842262268e+01
  4,693878889084e-01;  2,278802871704e+01
  4,833616316319e-01;  2,481092262268e+01
  4,960187971592e-01;  2,670529747009e+01
  5,079375505447e-01;  2,846610832214e+01
  5,189089775085e-01;  3,010844421387e+01
  5,290792584419e-01;  3,164084434509e+01
  5,472882986069e-01;  3,439638137817e+01
  5,628293752670e-01;  3,677869796753e+01
  5,758069753647e-01;  3,882792663574e+01
  5,864509940147e-01;  4,057497024536e+01
  5,998674631119e-01;  4,270012283325e+01
  6,125803589821e-01;  4,483255004883e+01
  6,241995692253e-01;  4,667898941040e+01
  6,348644495010e-01;  4,835589599609e+01
  6,405347585678e-01;  4,912538909912e+01
  6,433351039886e-01;  4,642713165283e+01
  6,255300641060e-01;  4,313297653198e+01
  6,066174507141e-01;  4,116835021973e+01
  5,891537666321e-01;  3,903175354004e+01
  5,733062028885e-01;  3,674353027344e+01
  5,590538382530e-01;  3,434573364258e+01
  5,462991595268e-01;  3,200350952148e+01
  5,348749756813e-01;  2,993035507202e+01
  5,245931744576e-01;  2,815353584290e+01
  5,065652728081e-01;  2,527194595337e+01
  4,917556047440e-01;  2,305648803711e+01
  4,789521694183e-01;  2,129676628113e+01
  4,682872593403e-01;  1,986867141724e+01
  4,545155465603e-01;  1,817182540894e+01
  4,429311454296e-01;  1,684996414185e+01
  4,306013584137e-01;  1,547164535522e+01
  4,203405082226e-01;  1,441621303558e+01
  4,091392159462e-01;  1,327915477753e+01
  3,982723057270e-01;  1,225022506714e+01
  3,894533813000e-01;  1,145493412018e+01
  3,838806152344e-01;  1,098539829254e+01
  3,801189959049e-01;  1,069488334656e+01
  3,785516619682e-01;  1,256030845642e+01
  3,946848213673e-01;  1,494121456146e+01
  4,135208129883e-01;  1,643675422668e+01
  4,311864972115e-01;  1,811285591125e+01
  4,479396641254e-01;  1,996365356445e+01
  4,634946882725e-01;  2,196525955200e+01
  4,780256748199e-01;  2,401532173157e+01
  4,910729527473e-01;  2,596722412109e+01
  5,033539533615e-01;  2,777997207642e+01
  5,146597027779e-01;  2,946783447266e+01
  5,250947475433e-01;  3,104449844360e+01
  5,439307093620e-01;  3,388203811646e+01
  5,599176287651e-01;  3,633632278442e+01
  5,733828544617e-01;  3,844736099243e+01
  5,843960046768e-01;  4,025083160400e+01
  5,983140468597e-01;  4,244781494141e+01
  6,087142229080e-01;  4,416023254395e+01
  6,191980242729e-01;  4,587368011475e+01
  6,299673914909e-01;  4,760400772095e+01
  6,385355591774e-01;  4,886779022217e+01
  6,426315307617e-01;  4,920292663574e+01
  6,434535384178e-01;  4,669992065430e+01
  6,290966272354e-01;  4,350162887573e+01
  6,103442907333e-01;  4,157561492920e+01
  5,925601720810e-01;  3,947044372559e+01
  5,763921141624e-01;  3,721093750000e+01
  5,617914795876e-01;  3,482720947266e+01
  5,487929582596e-01;  3,245597457886e+01
  5,370901226997e-01;  3,032225227356e+01
  5,265994071960e-01;  2,849122619629e+01
  5,082719326019e-01;  2,552966308594e+01
  4,931488037109e-01;  2,325517845154e+01
  4,802129864693e-01;  2,145624923706e+01
  4,693042933941e-01;  1,999968338013e+01
  4,554350376129e-01;  1,827139663696e+01
  4,436765015125e-01;  1,693315696716e+01
  4,312422275543e-01;  1,553832817078e+01
  4,208838343620e-01;  1,446668052673e+01
  4,095014631748e-01;  1,330764770508e+01
  3,985509574413e-01;  1,227253913879e+01
  3,896484375000e-01;  1,146357059479e+01
  3,840408325195e-01;  1,099357032776e+01
  3,802722394466e-01;  1,070039081573e+01
  3,785725533962e-01;  1,218493843079e+01
  4,059557616711e-01;  1,581097412109e+01
  4,243250191212e-01;  1,741638946533e+01
  4,413219988346e-01;  1,919761466980e+01
  4,573994576931e-01;  2,114416122437e+01
  4,723623394966e-01;  2,319416046143e+01
  4,860086739063e-01;  2,519650459290e+01
  4,985265433788e-01;  2,706197547913e+01
  5,102711319923e-01;  2,880064392090e+01
  5,209987759590e-01;  3,042007255554e+01
  5,310715436935e-01;  3,193261718750e+01
  5,489810705185e-01;  3,464961624146e+01
  5,642574429512e-01;  3,699641799927e+01
  5,769772529602e-01;  3,901367568970e+01
  5,874750018120e-01;  4,073693847656e+01
  6,007312536240e-01;  4,282955169678e+01
  6,132560372353e-01;  4,492367553711e+01
  6,245130300522e-01;  4,671720123291e+01
  6,350525617599e-01;  4,835915374756e+01
  6,407298445702e-01;  4,913931274414e+01
  6,434326171875e-01;  4,721318817139e+01
  6,179580688477e-01;  4,237007522583e+01
  5,994564294815e-01;  4,033295440674e+01
  5,827311873436e-01;  3,813267517090e+01
  5,674548149109e-01;  3,579023742676e+01
  5,538433194160e-01;  3,338693618774e+01
  5,416528582573e-01;  3,113578605652e+01
  5,307093262672e-01;  2,918873977661e+01
  5,117409825325e-01;  2,605334472656e+01
  4,960048496723e-01;  2,366096878052e+01
  4,827346801758e-01;  2,178092384338e+01
  4,714080095291e-01;  2,026499557495e+01
  4,572671055794e-01;  1,847049903870e+01
  4,451602399349e-01;  1,708873939514e+01
  4,324961006641e-01;  1,565684986115e+01
  4,219774901867e-01;  1,456376647949e+01
  4,119256138802e-01;  1,353783226013e+01
  4,015602469444e-01;  1,253474235535e+01
  3,915780186653e-01;  1,161985778809e+01
  3,852738142014e-01;  1,107830047607e+01
  3,812335431576e-01;  1,075445461273e+01
  3,788302838802e-01;  1,201847553253e+01
  4,023891985416e-01;  1,551808357239e+01
  4,210301339626e-01;  1,708799171448e+01
  4,382221400738e-01;  1,883606910706e+01
  4,545294642448e-01;  2,075468063354e+01
  4,696665108204e-01;  2,279333496094e+01
  4,836193621159e-01;  2,481778526306e+01
  4,962974190712e-01;  2,671148490906e+01
  5,081952810287e-01;  2,847095489502e+01
  5,191179513931e-01;  3,011311531067e+01
  5,292952060699e-01;  3,164801597595e+01
  5,475181937218e-01;  3,440408706665e+01
  5,629965662956e-01;  3,678363800049e+01
  5,759463310242e-01;  3,883335113525e+01
  5,866042375565e-01;  4,058539581299e+01
  6,001391410828e-01;  4,271442413330e+01
  6,128938198090e-01;  4,484477996826e+01
  6,242692470551e-01;  4,666883087158e+01
  6,349132657051e-01;  4,833823013306e+01
  6,406810879707e-01;  4,913325500488e+01
  6,434326171875e-01;  4,745318984985e+01
  6,218032836914e-01;  4,275611495972e+01
  6,030578613281e-01;  4,075587844849e+01
  5,860260725021e-01;  3,858784866333e+01
  5,704292654991e-01;  3,627190017700e+01
  5,564903616905e-01;  3,386677169800e+01
  5,440212488174e-01;  3,156626701355e+01
  5,328757166862e-01;  2,955561828613e+01
  5,227472186089e-01;  2,783078956604e+01
  5,051023960114e-01;  2,502652931213e+01
  4,905504882336e-01;  2,285991477966e+01
  4,779420793056e-01;  2,113791275024e+01
  4,674722552299e-01;  1,974151039124e+01
  4,538885951042e-01;  1,807672500610e+01
  4,424992501736e-01;  1,677725219727e+01
  4,302321672440e-01;  1,541884231567e+01
  4,200897216797e-01;  1,437306118011e+01
  4,090347290039e-01;  1,324633502960e+01
  3,982723057270e-01;  1,222842597961e+01
  3,895439505577e-01;  1,144249057770e+01
  3,840199410915e-01;  1,097977828979e+01
  3,802931308746e-01;  1,068942832947e+01
  3,787257969379e-01;  1,255348205566e+01
  3,948380947113e-01;  1,493317317963e+01
  4,136810302734e-01;  1,642707824707e+01
  4,313606619835e-01;  1,810407066345e+01
  4,480441510677e-01;  1,995542907715e+01
  4,636130928993e-01;  2,195659255981e+01
  4,781858921051e-01;  2,400756645203e+01
  4,911774396896e-01;  2,596031570435e+01
  5,034584403038e-01;  2,777301788330e+01
  5,147851109505e-01;  2,946289825439e+01
  5,252200961113e-01;  3,103967285156e+01
  5,440630912781e-01;  3,387595748901e+01
  5,600011944771e-01;  3,632932281494e+01
  5,734873414040e-01;  3,844045639038e+01
  5,844796299934e-01;  4,025051879883e+01
  5,984882116318e-01;  4,245938873291e+01
  6,089580655098e-01;  4,417945480347e+01
  6,193233728409e-01;  4,588095855713e+01
  6,298977136612e-01;  4,756804656982e+01
  6,386748552322e-01;  4,888772964478e+01
  6,426663398743e-01;  4,925523376465e+01
  6,435371041298e-01;  4,696265029907e+01
  6,324681639671e-01;  4,386479949951e+01
  6,142452359200e-01;  4,197945022583e+01
  5,960570573807e-01;  3,990819931030e+01
  5,796870589256e-01;  3,767771911621e+01
  5,646962523460e-01;  3,531367111206e+01
  5,514051914215e-01;  3,292148590088e+01
  5,394725203514e-01;  3,072787666321e+01
  5,288145542145e-01;  2,884030723572e+01
  5,101318359375e-01;  2,579511070251e+01
  4,947231113911e-01;  2,346124839783e+01
  4,816410243511e-01;  2,162399291992e+01
  4,705233275890e-01;  2,013848686218e+01
  4,564799368382e-01;  1,837584304810e+01
  4,445472359657e-01;  1,701483535767e+01
  4,320433139801e-01;  1,559886932373e+01
  4,216082990170e-01;  1,451300048828e+01
  4,100447893143e-01;  1,334115600586e+01
  3,990037441254e-01;  1,229117584229e+01
  3,900315761566e-01;  1,147839355469e+01
  3,843682408333e-01;  1,099915313721e+01
  3,805369436741e-01;  1,070301055908e+01
  3,788302838802e-01;  1,236716842651e+01
  3,915501534939e-01;  1,466087818146e+01
  4,100866019726e-01;  1,611791229248e+01
  4,281214773655e-01;  1,775950050354e+01
  4,449234008789e-01;  1,957596206665e+01
  4,607291817665e-01;  2,155179786682e+01
  4,754970371723e-01;  2,360433006287e+01
  4,888090193272e-01;  2,558363342285e+01
  5,012641549110e-01;  2,742321014404e+01
  5,127440690994e-01;  2,913692665100e+01
  5,233184099197e-01;  3,073578643799e+01
  5,424121618271e-01;  3,361508178711e+01
  5,586079955101e-01;  3,610315322876e+01
  5,724076032639e-01;  3,824811553955e+01
  5,835740566254e-01;  4,008368682861e+01
  5,977358818054e-01;  4,232928466797e+01
  6,084495186806e-01;  4,408082580566e+01
  6,190099120140e-01;  4,581862640381e+01
  6,296678781509e-01;  4,751789855957e+01
  6,386957764626e-01;  4,887071990967e+01
  6,426942348480e-01;  4,923112487793e+01
  6,435580253601e-01;  4,683422851563e+01
  6,308869123459e-01;  4,368722915649e+01
  6,123644113541e-01;  4,178266143799e+01
  5,944200754166e-01;  3,969524383545e+01
  5,781127214432e-01;  3,745033264160e+01
  5,633379220963e-01;  3,507532119751e+01
  5,501861572266e-01;  3,269286727905e+01
  5,383718609810e-01;  3,052864265442e+01
  5,277975201607e-01;  2,866994476318e+01
  5,092819929123e-01;  2,566463470459e+01
  4,940543770790e-01;  2,336025047302e+01
  4,810280203819e-01;  2,154168701172e+01
  4,700148105621e-01;  2,007026100159e+01
  4,561316370964e-01;  1,832280731201e+01
  4,442337751389e-01;  1,697077369690e+01
  4,318204224110e-01;  1,557030200958e+01
  4,214341640472e-01;  1,449477481842e+01
  4,099263846874e-01;  1,332369041443e+01
  3,989480137825e-01;  1,227695846558e+01
  3,900315761566e-01;  1,146926498413e+01
  3,843891322613e-01;  1,099808502197e+01
  3,806066215038e-01;  1,070638561249e+01
  3,788511753082e-01;  1,201490879059e+01
  4,023613333702e-01;  1,550840950012e+01
  4,210301339626e-01;  1,707626533508e+01
  4,381524920464e-01;  1,882419395447e+01
  4,544389247894e-01;  2,073880004883e+01
  4,696317017078e-01;  2,277513694763e+01
  4,836054146290e-01;  2,479985809326e+01
  4,962486624718e-01;  2,669389724731e+01
  5,081604719162e-01;  2,845563316345e+01
  5,190482735634e-01;  3,009941673279e+01
  5,292394757271e-01;  3,163360786438e+01
  5,474972724915e-01;  3,439299392700e+01
  5,629478096962e-01;  3,677549362183e+01
  5,758766531944e-01;  3,882728576660e+01
  5,865485072136e-01;  4,058229827881e+01
  6,001042723656e-01;  4,271892547607e+01
  6,101909875870e-01;  4,438479995728e+01
  6,203195452690e-01;  4,602936935425e+01
  6,304202079773e-01;  4,763056564331e+01
  6,389535069466e-01;  4,890481185913e+01
  6,428753137589e-01;  4,907202911377e+01
  6,434465646744e-01;  4,745195388794e+01
  6,218938231468e-01;  4,275774765015e+01
  6,031693220139e-01;  4,075770950317e+01
  5,861653685570e-01;  3,859079360962e+01
  5,705546736717e-01;  3,627835083008e+01
  5,566366314888e-01;  3,387617111206e+01
  5,441954135895e-01;  3,157743453979e+01
  5,330080986023e-01;  2,956783294678e+01
  5,229352712631e-01;  2,784344482422e+01
  5,052765607834e-01;  2,504012680054e+01
  4,907455444336e-01;  2,287364006042e+01
  4,781162440777e-01;  2,114975929260e+01
  4,676254987717e-01;  1,974820709229e+01
  4,540418684483e-01;  1,807703208923e+01
  4,426316022873e-01;  1,677813148499e+01
  4,304272234440e-01;  1,541999340057e+01
  4,202847778797e-01;  1,437828826904e+01
  4,091740548611e-01;  1,324503231049e+01
  3,984603881836e-01;  1,222774600983e+01
  3,897180855274e-01;  1,144668960571e+01
  3,841801583767e-01;  1,098368358612e+01
  3,804324567318e-01;  1,069600486755e+01
  3,788302838802e-01;  1,255833911896e+01
  3,949216902256e-01;  1,493660259247e+01
  4,137506783009e-01;  1,643076133728e+01
  4,314233660698e-01;  1,810655403137e+01
  4,481347203255e-01;  1,995391845703e+01
  4,636549055576e-01;  2,195137023926e+01
  4,782207310200e-01;  2,399995803833e+01
  4,912122786045e-01;  2,594964218140e+01
  5,035071969032e-01;  2,776191329956e+01
  5,147990584373e-01;  2,945205879211e+01
  5,251992344856e-01;  3,102877235413e+01
  5,440630912781e-01;  3,386470794678e+01
  5,600081682205e-01;  3,632035446167e+01
  5,735082030296e-01;  3,843458557129e+01
  5,845144391060e-01;  4,024524688721e+01
  5,985020995140e-01;  4,245924758911e+01
  6,090416312218e-01;  4,418352127075e+01
  6,194627285004e-01;  4,588642883301e+01
  6,298838257790e-01;  4,754187393188e+01
  6,388141512871e-01;  4,887680435181e+01
  6,427847743034e-01;  4,907172775269e+01
  6,433629393578e-01;  4,745125579834e+01
  6,218032836914e-01;  4,275123596191e+01
  6,030787825584e-01;  4,075113677979e+01
  5,860469937325e-01;  3,858228302002e+01
  5,704501867294e-01;  3,626609420776e+01
  5,565600395203e-01;  3,386291885376e+01
  5,440700650215e-01;  3,156358528137e+01
  5,329384207726e-01;  2,955568695068e+01
  5,228586792946e-01;  2,783324050903e+01
  5,051860213280e-01;  2,503141212463e+01
  4,907107055187e-01;  2,286997413635e+01
  4,781371355057e-01;  2,115031051636e+01
  4,676324725151e-01;  1,974997520447e+01
  4,540070295334e-01;  1,807559776306e+01
  4,425967633724e-01;  1,677089881897e+01
  4,304063320160e-01;  1,541503524780e+01
  4,202847778797e-01;  1,437421607971e+01
  4,091740548611e-01;  1,324220943451e+01
  3,984603881836e-01;  1,222177124023e+01
  3,897738158703e-01;  1,144157695770e+01
  3,842289149761e-01;  1,098107147217e+01
  3,805369436741e-01;  1,069300270081e+01
  3,788302838802e-01;  1,245660305023e+01
  3,932568132877e-01;  1,479395771027e+01
  4,119882881641e-01;  1,626979446411e+01
  4,297933280468e-01;  1,792906761169e+01
  4,465464651585e-01;  1,976291084290e+01
  4,621920287609e-01;  2,175005149841e+01
  4,769111275673e-01;  2,380054855347e+01
  4,900280535221e-01;  2,576383018494e+01
  5,023996233940e-01;  2,758889961243e+01
  5,137750506401e-01;  2,929038619995e+01
  5,242239832878e-01;  3,087681770325e+01
  5,432480573654e-01;  3,373230743408e+01
  5,593255162239e-01;  3,619914245605e+01
  5,729300379753e-01;  3,832858657837e+01
  5,840477347374e-01;  4,015438079834e+01
  5,981538295746e-01;  4,238548660278e+01
  6,087839007378e-01;  4,412671661377e+01
  6,192885637283e-01;  4,585082244873e+01
  6,297932267189e-01;  4,752944946289e+01
  6,387305855751e-01;  4,886245727539e+01
  6,428056955338e-01;  4,902434539795e+01
  6,433768868446e-01;  4,733051300049e+01
  6,199015974998e-01;  4,255825042725e+01
  6,012884974480e-01;  4,053902816772e+01
  5,844448208809e-01;  3,835565185547e+01
  5,690082311630e-01;  3,602742767334e+01
  5,552921891212e-01;  3,362357330322e+01
  5,429415702820e-01;  3,134873771667e+01
  5,319144129753e-01;  2,937033462524e+01
  5,128346085548e-01;  2,619501113892e+01
  4,969661533833e-01;  2,377361488342e+01
  4,836890101433e-01;  2,187312126160e+01
  4,721603393555e-01;  2,034286117554e+01
  4,579637050629e-01;  1,853310775757e+01
  4,457523524761e-01;  1,713857078552e+01
  4,330882132053e-01;  1,569181823730e+01
  4,224651157856e-01;  1,458731460571e+01
  4,123784005642e-01;  1,355621528625e+01
  4,019294381142e-01;  1,254415798187e+01
  3,919611275196e-01;  1,162494182587e+01
  3,856917619705e-01;  1,109121227264e+01
  3,815470039845e-01;  1,076019001007e+01
  3,792273402214e-01;  1,274855804443e+01
  3,987877964973e-01;  1,521339035034e+01
  4,175958931446e-01;  1,674503517151e+01
  4,349969029427e-01;  1,845693778992e+01
  4,515132009983e-01;  2,033998298645e+01
  4,668731689453e-01;  2,236050415039e+01
  4,810907244682e-01;  2,440114212036e+01
  4,939289987087e-01;  2,632441329956e+01
  5,060219168663e-01;  2,811115264893e+01
  5,170978307724e-01;  2,977789688110e+01
  5,273586511612e-01;  3,133288002014e+01
  5,459438562393e-01;  3,412648773193e+01
  5,616242885590e-01;  3,654512405396e+01
  5,748317837715e-01;  3,862783813477e+01
  5,856638550758e-01;  4,041118621826e+01
  5,994425415993e-01;  4,258708190918e+01
  6,097382307053e-01;  4,428382873535e+01
  6,199991106987e-01;  4,595550537109e+01
  6,302460432053e-01;  4,758250045776e+01
  6,389743685722e-01;  4,888936614990e+01
  6,429589390755e-01;  4,903137588501e+01
  6,435022950172e-01;  4,733245086670e+01
  6,200478672981e-01;  4,255957031250e+01
  6,014766097069e-01;  4,054296493530e+01
  5,846189260483e-01;  3,835900115967e+01
  5,691405534744e-01;  3,603078079224e+01
  5,554315447807e-01;  3,362802124023e+01
  5,431156754494e-01;  3,135457420349e+01
  5,321025252342e-01;  2,937845230103e+01
  5,220645666122e-01;  2,767947387695e+01
  5,046077966690e-01;  2,491749954224e+01
  4,902718663216e-01;  2,277976036072e+01
  4,777888357639e-01;  2,107748413086e+01
  4,673329293728e-01;  1,968927764893e+01
  4,538189470768e-01;  1,803077888489e+01
  4,424226284027e-01;  1,673780059814e+01
  4,303366541862e-01;  1,539359474182e+01
  4,202847778797e-01;  1,435464954376e+01
  4,092228114605e-01;  1,322648239136e+01
  3,985509574413e-01;  1,221440601349e+01
  3,898574113846e-01;  1,143239879608e+01
  3,844239711761e-01;  1,097453117371e+01
  3,807111084461e-01;  1,068701839447e+01
  3,793806135654e-01;  1,275145721436e+01
  3,989271223545e-01;  1,521542263031e+01
  4,177561104298e-01;  1,674571037292e+01
  4,351431727409e-01;  1,845786857605e+01
  4,516176879406e-01;  2,034241867065e+01
  4,669637382030e-01;  2,236480903625e+01
  4,812300205231e-01;  2,440626907349e+01
  4,940195381641e-01;  2,632939529419e+01
  5,061403512955e-01;  2,811567878723e+01
  5,172231793404e-01;  2,978165435791e+01
  5,274980068207e-01;  3,133710098267e+01
  5,460344552994e-01;  3,413623428345e+01
  5,617078542709e-01;  3,655285263062e+01
  5,749153494835e-01;  3,863601303101e+01
  5,857195854187e-01;  4,041717147827e+01
  5,995121598244e-01;  4,259426498413e+01
  6,098636388779e-01;  4,430002593994e+01
  6,202080845833e-01;  4,598455429077e+01
  6,303157210350e-01;  4,760520935059e+01
  6,388838291168e-01;  4,887833786011e+01
  6,429101824760e-01;  4,915282821655e+01
  6,435440778732e-01;  4,642768859863e+01
  6,257390379906e-01;  4,313577270508e+01
  6,069309115410e-01;  4,117398071289e+01
  5,895090699196e-01;  3,903729248047e+01
  5,736336112022e-01;  3,675040435791e+01
  5,594230294228e-01;  3,435300064087e+01
  5,467031598091e-01;  3,201257324219e+01
  5,353068709373e-01;  2,994297409058e+01
  5,250320434570e-01;  2,816695976257e+01
  5,070667862892e-01;  2,528610992432e+01
  4,922989606857e-01;  2,306740570068e+01
  4,795442521572e-01;  2,130741691589e+01
  4,688306152821e-01;  1,988017463684e+01
  4,551215767860e-01;  1,818066787720e+01
  4,435232281685e-01;  1,686055755615e+01
  4,312074184418e-01;  1,548418045044e+01
  4,210022687912e-01;  1,442351245880e+01
  4,097173810005e-01;  1,327844047546e+01
  3,988992571831e-01;  1,224656295776e+01
  3,901499807835e-01;  1,144543838501e+01
  3,845772147179e-01;  1,098220539093e+01
  3,808713257313e-01;  1,069687747955e+01
  3,791785836220e-01;  1,236383819580e+01
  3,918984532356e-01;  1,465575599670e+01
  4,103652238846e-01;  1,611268043518e+01
  4,283304512501e-01;  1,775335121155e+01
  4,451741874218e-01;  1,957032012939e+01
  4,609172642231e-01;  2,154365158081e+01
  4,757269024849e-01;  2,359548187256e+01
  4,890040457249e-01;  2,557408523560e+01
  5,014034509659e-01;  2,741197586060e+01
  5,129042863846e-01;  2,912538337708e+01
  5,234228968620e-01;  3,072252082825e+01
  5,425723791122e-01;  3,359739303589e+01
  5,587682127953e-01;  3,608842849731e+01
  5,725120902061e-01;  3,823477172852e+01
  5,836994051933e-01;  4,007674789429e+01
  5,979309082031e-01;  4,233489608765e+01
  6,086933016777e-01;  4,409735107422e+01
  6,193094849586e-01;  4,583736801147e+01
  6,298280954361e-01;  4,751293945313e+01
  6,386191248894e-01;  4,883851242065e+01
  6,428405046463e-01;  4,920833206177e+01
  6,436625123024e-01;  4,669753265381e+01
  6,293195486069e-01;  4,350089645386e+01
  6,106368303299e-01;  4,157642364502e+01
  5,929223895073e-01;  3,947418212891e+01
  5,767752528191e-01;  3,721761322021e+01
  5,621885061264e-01;  3,483512878418e+01
  5,492318272591e-01;  3,246605682373e+01
  5,375568270683e-01;  3,033297920227e+01
  5,270870327950e-01;  2,850262832642e+01
  5,087943673134e-01;  2,554480361938e+01
  4,937200248241e-01;  2,327094841003e+01
  4,808329641819e-01;  2,147241592407e+01
  4,698755145073e-01;  2,001553153992e+01
  4,560132324696e-01;  1,828166389465e+01
  4,442337751389e-01;  1,693613815308e+01
  4,319040179253e-01;  1,553842353821e+01
  4,215595424175e-01;  1,446972274780e+01
  4,101632237434e-01;  1,330544281006e+01
  3,992266356945e-01;  1,226412010193e+01
  3,904007673264e-01;  1,146608448029e+01
  3,847513496876e-01;  1,098928928375e+01
  3,810245692730e-01;  1,070468521118e+01
  3,792691528797e-01;  1,218274307251e+01
  4,066244959831e-01;  1,580873489380e+01
  4,249658882618e-01;  1,741302299500e+01
  4,419141113758e-01;  1,919412803650e+01
  4,579218924046e-01;  2,113981819153e+01
  4,729056954384e-01;  2,318756675720e+01
  4,864754080772e-01;  2,519076919556e+01
  4,990141391754e-01;  2,705523109436e+01
  5,107030272484e-01;  2,879167938232e+01
  5,214027762413e-01;  3,041121101379e+01
  5,314337611198e-01;  3,192246055603e+01
  5,493432879448e-01;  3,463795852661e+01
  5,645987391472e-01;  3,698617553711e+01
  5,772698521614e-01;  3,900598144531e+01
  5,878093838692e-01;  4,073473358154e+01
  6,011004447937e-01;  4,284199905396e+01
  6,137993931770e-01;  4,494844818115e+01
  6,248613595963e-01;  4,672373962402e+01
  6,356446743011e-01;  4,841191864014e+01
  6,415169835091e-01;  4,922510910034e+01
  6,434465646744e-01;  4,720966339111e+01
  6,180277466774e-01;  4,236772537231e+01
  5,995748639107e-01;  4,033286285400e+01
  5,828914046288e-01;  3,813418579102e+01
  5,676289200783e-01;  3,579606628418e+01
  5,541080236435e-01;  3,339559173584e+01
  5,419105887413e-01;  3,114728736877e+01
  5,310227870941e-01;  2,919991683960e+01
  5,120544433594e-01;  2,606825637817e+01
  4,963879883289e-01;  2,367887306213e+01
  4,831178188324e-01;  2,179828834534e+01
  4,717632830143e-01;  2,028085136414e+01
  4,576293230057e-01;  1,848280525208e+01
  4,455433785915e-01;  1,709685897827e+01
  4,329140782356e-01;  1,566140460968e+01
  4,224093854427e-01;  1,456701946259e+01
  4,123784005642e-01;  1,354059314728e+01
  4,019921422005e-01;  1,253296566010e+01
  3,920865356922e-01;  1,162339401245e+01
  3,857823312283e-01;  1,107908725739e+01
  3,817211687565e-01;  1,075608158112e+01
  3,793179094791e-01;  1,218491172791e+01
  4,066593348980e-01;  1,580832767487e+01
  4,250216186047e-01;  1,741378021240e+01
  4,419837594032e-01;  1,919745635986e+01
  4,579218924046e-01;  2,114422416687e+01
  4,728848040104e-01;  2,319236946106e+01
  4,865102469921e-01;  2,519158744812e+01
  4,990489780903e-01;  2,705337715149e+01
  5,107378959656e-01;  2,878961372375e+01
  5,214027762413e-01;  3,040932655334e+01
  5,314685702324e-01;  3,192105865479e+01
  5,493153929710e-01;  3,463513183594e+01
  5,645709037781e-01;  3,698124313354e+01
  5,772489309311e-01;  3,900588607788e+01
  5,877884626389e-01;  4,073953247070e+01
  6,011213064194e-01;  4,285272598267e+01
  6,139038801193e-01;  4,497070312500e+01
  6,249658465385e-01;  4,674983215332e+01
  6,356446743011e-01;  4,841161346436e+01
  6,413915753365e-01;  4,919978713989e+01
  6,434535384178e-01;  4,642222595215e+01
  6,256833076477e-01;  4,312955474854e+01
  6,068543195724e-01;  4,116732788086e+01
  5,894742012024e-01;  3,903236770630e+01
  5,735848546028e-01;  3,674769592285e+01
  5,594230294228e-01;  3,435402297974e+01
  5,467031598091e-01;  3,201601028442e+01
  5,353068709373e-01;  2,994642829895e+01
  5,250459909439e-01;  2,816934204102e+01
  5,070877075195e-01;  2,528949356079e+01
  4,923128783703e-01;  2,307229423523e+01
  4,795442521572e-01;  2,131082534790e+01
  4,688863456249e-01;  1,988144302368e+01
  4,551424682140e-01;  1,818181800842e+01
  4,435580670834e-01;  1,685485839844e+01
  4,312979578972e-01;  1,548195648193e+01
  4,210858643055e-01;  1,442795562744e+01
  4,098358154297e-01;  1,328431415558e+01
  3,990037441254e-01;  1,224613761902e+01
  3,902266025543e-01;  1,144554328918e+01
  3,847165405750e-01;  1,098200035095e+01
  3,809758126736e-01;  1,069486331940e+01
  3,796243965626e-01;  1,275629425049e+01
  3,991360962391e-01;  1,521737480164e+01
  4,179441928864e-01;  1,674845695496e+01
  4,353103637695e-01;  1,846018981934e+01
  4,517570137978e-01;  2,034337234497e+01
  4,670542776585e-01;  2,236205291748e+01
  4,813414812088e-01;  2,440013313293e+01
  4,941379725933e-01;  2,632098579407e+01
  5,062099695206e-01;  2,810525131226e+01
  5,172928571701e-01;  2,976916503906e+01
  5,275676846504e-01;  3,132375717163e+01
  5,460483431816e-01;  3,411901855469e+01
  5,617287755013e-01;  3,653518676758e+01
  5,749850273132e-01;  3,862050628662e+01
  5,858031511307e-01;  4,040744400024e+01
  5,996027588844e-01;  4,259650421143e+01
  6,099472045898e-01;  4,430490493774e+01
  6,203265190125e-01;  4,598397827148e+01
  6,303992867470e-01;  4,759115982056e+01
  6,387096643448e-01;  4,884024429321e+01
  6,431191563606e-01;  4,881222152710e+01
  6,436764001846e-01;  4,683203887939e+01
  6,309913992882e-01;  4,368474960327e+01
  6,125385165215e-01;  4,177909851074e+01
  5,945941805840e-01;  3,969290924072e+01
  5,783216953278e-01;  3,745132827759e+01
  5,636026263237e-01;  3,508062362671e+01
  5,504856705666e-01;  3,269955444336e+01
  5,387201905251e-01;  3,053743743896e+01
  5,281458497047e-01;  2,867883491516e+01
  5,096999406815e-01;  2,567762565613e+01
  4,944862723351e-01;  2,337527656555e+01
  4,814668595791e-01;  2,155682373047e+01
  4,704327881336e-01;  2,008335494995e+01
  4,565356671810e-01;  1,833334732056e+01
  4,447074532509e-01;  1,697873878479e+01
  4,322871267796e-01;  1,556860733032e+01
  4,219078421593e-01;  1,449134063721e+01
  4,104627668858e-01;  1,332444572449e+01
  3,994843959808e-01;  1,228254032135e+01
  3,906027674675e-01;  1,146531200409e+01
  3,849812448025e-01;  1,099498081207e+01
  3,812196254730e-01;  1,070584297180e+01
  3,794920444489e-01;  1,236518287659e+01
  3,921770751476e-01;  1,465511798859e+01
  4,106090366840e-01;  1,611193466187e+01
  4,286091029644e-01;  1,775310134888e+01
  4,453970789909e-01;  1,956760978699e+01
  4,611123204231e-01;  2,153993988037e+01
  4,758801758289e-01;  2,359142303467e+01
  4,891572892666e-01;  2,556973648071e+01
  5,015915632248e-01;  2,740641021729e+01
  5,130714774132e-01;  2,911633682251e+01
  5,236318707466e-01;  3,071256446838e+01
  5,426559448242e-01;  3,358901596069e+01
  5,588518381119e-01;  3,607909011841e+01
  5,726165771484e-01;  3,822704315186e+01
  5,838039517403e-01;  4,006990051270e+01
  5,980144739151e-01;  4,233183670044e+01
  6,088326573372e-01;  4,409777832031e+01
  6,194766759872e-01;  4,584236907959e+01
  6,299465298653e-01;  4,751276016235e+01
  6,385006904602e-01;  4,880720520020e+01
  6,430494785309e-01;  4,880746459961e+01
  6,436276435852e-01;  4,682983398438e+01
  6,309356689453e-01;  4,368143463135e+01
  6,124758720398e-01;  4,177661514282e+01
  5,945454239845e-01;  3,969222259521e+01
  5,782868862152e-01;  3,745162200928e+01
  5,635886788368e-01;  3,508041381836e+01
  5,504856705666e-01;  3,269967651367e+01
  5,386714339256e-01;  3,053802490234e+01
  5,281319022179e-01;  2,867916870117e+01
  5,096790194511e-01;  2,567878150940e+01
  4,944375157356e-01;  2,337651634216e+01
  4,814459681511e-01;  2,155485725403e+01
  4,704049229622e-01;  2,008205795288e+01
  4,565356671810e-01;  1,833119201660e+01
  4,446726143360e-01;  1,697713470459e+01
  4,322871267796e-01;  1,556912803650e+01
  4,219078421593e-01;  1,449006652832e+01
  4,104418456554e-01;  1,332414054871e+01
  3,994843959808e-01;  1,228418159485e+01
  3,905888497829e-01;  1,146670818329e+01
  3,849255144596e-01;  1,099589538574e+01
  3,811987042427e-01;  1,070939159393e+01
  3,794223964214e-01;  1,217847728729e+01
  4,067429304123e-01;  1,579569339752e+01
  4,250703752041e-01;  1,739940071106e+01
  4,420394897461e-01;  1,917921066284e+01
  4,579776227474e-01;  2,112414550781e+01
  4,729335606098e-01;  2,317049980164e+01
  4,865450561047e-01;  2,517311668396e+01
  4,991047084332e-01;  2,703870201111e+01
  5,107587575912e-01;  2,877512741089e+01
  5,214863419533e-01;  3,039511871338e+01
  5,315243005753e-01;  3,190770721436e+01
  5,493641495705e-01;  3,462535858154e+01
  5,646544694901e-01;  3,697506713867e+01
  5,773046612740e-01;  3,899854278564e+01
  5,878650546074e-01;  4,072911834717e+01
  6,011492013931e-01;  4,284282302856e+01
  6,139386892319e-01;  4,496234893799e+01
  6,250006556511e-01;  4,674282073975e+01
  6,356794834137e-01;  4,840705871582e+01
  6,414264440536e-01;  4,918780899048e+01
  6,435371041298e-01;  4,733686828613e+01
  6,201035976410e-01;  4,257230758667e+01
  6,015323400497e-01;  4,055544662476e+01
  5,847025513649e-01;  3,837381744385e+01
  5,692798495293e-01;  3,604836273193e+01
  5,555847883224e-01;  3,364561462402e+01
  5,432550311089e-01;  3,137056159973e+01
  5,322627425194e-01;  2,939217567444e+01
  5,131481289864e-01;  2,621215820313e+01
  4,972796142101e-01;  2,378780364990e+01
  4,839467704296e-01;  2,188558006287e+01
  4,724738001823e-01;  2,035059165955e+01
  4,583120048046e-01;  1,853896903992e+01
  4,461494088173e-01;  1,714497947693e+01
  4,335061907768e-01;  1,569760704041e+01
  4,228970110416e-01;  1,459309673309e+01
  4,127824306488e-01;  1,355966377258e+01
  4,024170637131e-01;  1,254772090912e+01
  3,924139142036e-01;  1,162154388428e+01
  3,861306309700e-01;  1,108463764191e+01
  3,820694684982e-01;  1,076300525665e+01
  3,796662092209e-01;  1,201020431519e+01
  3,865346610546e-01;  1,412658119202e+01
  4,031066894531e-01;  1,550187015533e+01
  4,217267334461e-01;  1,707081222534e+01
  4,388490617275e-01;  1,881730270386e+01
  4,550519287586e-01;  2,073185920715e+01
  4,701680839062e-01;  2,276886177063e+01
  4,840860664845e-01;  2,479263496399e+01
  4,967710971832e-01;  2,668670463562e+01
  5,086341500282e-01;  2,844574165344e+01
  5,195149779320e-01;  3,008663558960e+01
  5,296922922134e-01;  3,161860275269e+01
  5,478107333183e-01;  3,437463760376e+01
  5,632961392403e-01;  3,675537872314e+01
  5,762249231339e-01;  3,880739593506e+01
  5,869037508965e-01;  4,056490707397e+01
  6,004386544228e-01;  4,271704101563e+01
  6,106089949608e-01;  4,440728759766e+01
  6,208698153496e-01;  4,606558609009e+01
  6,318272948265e-01;  4,781496810913e+01
  6,394411325455e-01;  4,893141174316e+01
  6,435022950172e-01;  4,767725753784e+01
  6,435231566429e-01;  4,642416000366e+01
  6,257947683334e-01;  4,313283538818e+01
  6,069866418839e-01;  4,117004776001e+01
  5,895926356316e-01;  3,903509902954e+01
  5,737590193748e-01;  3,675104141235e+01
  5,595762729645e-01;  3,435749816895e+01
  5,469121336937e-01;  3,202061462402e+01
  5,355018973351e-01;  2,995042419434e+01
  5,252410173416e-01;  2,817347145081e+01
  5,073314905167e-01;  2,529414367676e+01
  4,925079345703e-01;  2,307789993286e+01
  4,797393083572e-01;  2,131787490845e+01
  4,690744280815e-01;  1,988581466675e+01
  4,553653895855e-01;  1,818551635742e+01
  4,438018798828e-01;  1,685977172852e+01
  4,315557181835e-01;  1,548232460022e+01
  4,213366210461e-01;  1,442657470703e+01
  4,100935459137e-01;  1,327632331848e+01
  3,992963135242e-01;  1,224426269531e+01
  3,905191719532e-01;  1,144873523712e+01
  3,849951624870e-01;  1,098810100555e+01
  3,812544345856e-01;  1,070016098022e+01
  3,796104788780e-01;  1,255229091644e+01
  3,956739902496e-01;  1,492681598663e+01
  4,144612252712e-01;  1,642008209229e+01
  4,320921003819e-01;  1,809599685669e+01
  4,487268328667e-01;  1,994405746460e+01
  4,641773402691e-01;  2,194324493408e+01
  4,787222743034e-01;  2,399161911011e+01
  4,917347133160e-01;  2,594118499756e+01
  5,040017962456e-01;  2,775129127502e+01
  5,152866244316e-01;  2,943904495239e+01
  5,256868600845e-01;  3,101547622681e+01
  5,444531440735e-01;  3,385306549072e+01
  5,603703856468e-01;  3,630778121948e+01
  5,738704800606e-01;  3,842197418213e+01
  5,848627686501e-01;  4,023637771606e+01
  5,988364815712e-01;  4,245938491821e+01
  6,094456315041e-01;  4,420156097412e+01
  6,199991106987e-01;  4,591994476318e+01
  6,301903128624e-01;  4,755018997192e+01
  6,386400461197e-01;  4,881154632568e+01
  6,431539654732e-01;  4,852265548706e+01
  6,433699131012e-01;  4,629026031494e+01
  6,238930821419e-01;  4,295424652100e+01
  6,050849556923e-01;  4,097368621826e+01
  5,879417061806e-01;  3,882330322266e+01
  5,722125768661e-01;  3,652276611328e+01
  5,581691861153e-01;  3,412369918823e+01
  5,456234216690e-01;  3,180336189270e+01
  5,343873500824e-01;  2,976293945313e+01
  5,242309570313e-01;  2,801223182678e+01
  5,064398646355e-01;  2,516804504395e+01
  4,917556047440e-01;  2,297505950928e+01
  4,790775477886e-01;  2,123473358154e+01
  4,685171246529e-01;  1,981904792786e+01
  4,549195766449e-01;  1,813404846191e+01
  4,434187412262e-01;  1,682354927063e+01
  4,312422275543e-01;  1,545557880402e+01
  4,210510253906e-01;  1,440554714203e+01
  4,099054634571e-01;  1,326246261597e+01
  3,991569876671e-01;  1,223566341400e+01
  3,904146850109e-01;  1,143795490265e+01
  3,849046230316e-01;  1,098124599457e+01
  3,812335431576e-01;  1,068886661530e+01
  3,797915875912e-01;  1,193249797821e+01
  4,012955427170e-01;  1,535985469818e+01
  4,200200736523e-01;  1,690946769714e+01
  4,372120797634e-01;  1,863796234131e+01
  4,535333514214e-01;  2,053491592407e+01
  4,687261283398e-01;  2,256559371948e+01
  4,828182756901e-01;  2,459694099426e+01
  4,955172240734e-01;  2,650271034241e+01
  5,075544118881e-01;  2,827356719971e+01
  5,185467004776e-01;  2,992588424683e+01
  5,287170410156e-01;  3,147017860413e+01
  5,470096468925e-01;  3,424650955200e+01
  5,625995397568e-01;  3,664352416992e+01
  5,756676793098e-01;  3,871041107178e+01
  5,864300727844e-01;  4,048372268677e+01
  6,000764369965e-01;  4,264800262451e+01
  6,103512048721e-01;  4,435086441040e+01
  6,206608414650e-01;  4,601998138428e+01
  6,317437291145e-01;  4,778762817383e+01
  6,393575072289e-01;  4,890535354614e+01
  6,436415910721e-01;  4,810851287842e+01
  6,439202427864e-01;  4,698782348633e+01
  6,328861117363e-01;  4,390428161621e+01
  6,146979928017e-01;  4,201841735840e+01
  5,966004133224e-01;  3,994749450684e+01
  5,801677107811e-01;  3,771679687500e+01
  5,652535557747e-01;  3,535279846191e+01
  5,520390868187e-01;  3,296047973633e+01
  5,400994420052e-01;  3,076541328430e+01
  5,294414758682e-01;  2,887397384644e+01
  5,108354091644e-01;  2,582198143005e+01
  4,954475760460e-01;  2,348493003845e+01
  4,823515415192e-01;  2,164477348328e+01
  4,712199270725e-01;  2,015349197388e+01
  4,572462141514e-01;  1,838601493835e+01
  4,453344047070e-01;  1,702532386780e+01
  4,328583478928e-01;  1,560794639587e+01
  4,224302768707e-01;  1,452277946472e+01
  4,108946323395e-01;  1,334860324860e+01
  3,998675048351e-01;  1,229597663879e+01
  3,909232020378e-01;  1,147665596008e+01
  3,852598667145e-01;  1,099572467804e+01
  3,815330862999e-01;  1,070942592621e+01
  3,797567486763e-01;  1,201191997528e+01
  4,031763374805e-01;  1,550026798248e+01
  4,217754900455e-01;  1,706672668457e+01
  4,388978481293e-01;  1,881192398071e+01
  4,550658464432e-01;  2,072493743896e+01
  4,701680839062e-01;  2,276020812988e+01
  4,841209053993e-01;  2,478289794922e+01
  4,967850446701e-01;  2,667657661438e+01
  5,086689591408e-01;  2,843499755859e+01
  5,195358991623e-01;  3,007734107971e+01
  5,297131538391e-01;  3,161124420166e+01
  5,478316545486e-01;  3,436694335938e+01
  5,632961392403e-01;  3,674790954590e+01
  5,762180089951e-01;  3,880118560791e+01
  5,869386196136e-01;  4,055931091309e+01
  6,004526019096e-01;  4,270842742920e+01
  6,106298565865e-01;  4,440096282959e+01
  6,208907365799e-01;  4,605908584595e+01
  6,318621635437e-01;  4,781544876099e+01
  6,393784284592e-01;  4,890713119507e+01
  6,435858607292e-01;  4,829551315308e+01
  6,439062952995e-01;  4,723826599121e+01
  6,185849905014e-01;  4,240975952148e+01
  6,001182198524e-01;  4,037453079224e+01
  5,834138393402e-01;  3,817306137085e+01
  5,681514143944e-01;  3,583158111572e+01
  5,546513199806e-01;  3,342689895630e+01
  5,424678921700e-01;  3,117557716370e+01
  5,315800309181e-01;  2,922553253174e+01
  5,126605033875e-01;  2,609124755859e+01
  4,969661533833e-01;  2,369536018372e+01
  4,837308228016e-01;  2,181421470642e+01
  4,723484218121e-01;  2,029493522644e+01
  4,582423269749e-01;  1,849241256714e+01
  4,461494088173e-01;  1,710914421082e+01
  4,335618913174e-01;  1,567041397095e+01
  4,230363368988e-01;  1,457403087616e+01
  4,130053222179e-01;  1,354707145691e+01
  4,026399552822e-01;  1,254608345032e+01
  3,926786482334e-01;  1,161960220337e+01
  3,863883614540e-01;  1,108011054993e+01
  3,823829293251e-01;  1,075939941406e+01
  3,799448311329e-01;  1,200924587250e+01
  4,033644199371e-01;  1,549965381622e+01
  4,219705462456e-01;  1,706768608093e+01
  4,390928745270e-01;  1,881411933899e+01
  4,552748203278e-01;  2,072863769531e+01
  4,703631103039e-01;  2,276531028748e+01
  4,842811226845e-01;  2,478946304321e+01
  4,969591796398e-01;  2,668155670166e+01
  5,088431239128e-01;  2,844022560120e+01
  5,197100639343e-01;  3,008139991760e+01
  5,298525094986e-01;  3,161522674561e+01
  5,479848980904e-01;  3,437004470825e+01
  5,634702444077e-01;  3,675093078613e+01
  5,763642787933e-01;  3,880263900757e+01
  5,870570540428e-01;  4,056338119507e+01
  6,005918979645e-01;  4,271162033081e+01
  6,107343435287e-01;  4,439999008179e+01
  6,209952235222e-01;  4,605760192871e+01
  6,319666504860e-01;  4,780895614624e+01
  6,394968628883e-01;  4,890748596191e+01
  6,436415910721e-01;  4,847301483154e+01
  6,439968347549e-01;  4,748458862305e+01
  6,225695610046e-01;  4,280884170532e+01
  6,039007306099e-01;  4,081285858154e+01
  5,868759155273e-01;  3,864562606812e+01
  5,712860822678e-01;  3,633200836182e+01
  5,574168562889e-01;  3,392786026001e+01
  5,449965000153e-01;  3,162779045105e+01
  5,338788032532e-01;  2,961602973938e+01
  5,237781405449e-01;  2,788896751404e+01
  5,061473250389e-01;  2,508118629456e+01
  4,916162788868e-01;  2,291116333008e+01
  4,789869785309e-01;  2,118600654602e+01
  4,685032069683e-01;  1,977938270569e+01
  4,549474418163e-01;  1,810024452209e+01
  4,435232281685e-01;  1,679429817200e+01
  4,313955008984e-01;  1,543097400665e+01
  4,212599992752e-01;  1,438792514801e+01
  4,101632237434e-01;  1,325505924225e+01
  3,994147181511e-01;  1,223066902161e+01
  3,907629847527e-01;  1,144116592407e+01
  3,852250576019e-01;  1,098142337799e+01
  3,815470039845e-01;  1,069833278656e+01
  3,798403441906e-01;  1,244963455200e+01
  3,941623866558e-01;  1,478012371063e+01
  4,128242135048e-01;  1,625335311890e+01
  4,305734932423e-01;  1,791150283813e+01
  4,472987949848e-01;  1,974473381042e+01
  4,628328979015e-01;  2,173028755188e+01
  4,774544835091e-01;  2,378012657166e+01
  4,906201660633e-01;  2,574220085144e+01
  5,029917359352e-01;  2,756405067444e+01
  5,143462419510e-01;  2,926269912720e+01
  5,248160958290e-01;  3,084826469421e+01
  5,436799526215e-01;  3,370483398438e+01
  5,597295165062e-01;  3,617266464233e+01
  5,733479857445e-01;  3,830553817749e+01
  5,844656825066e-01;  4,013665008545e+01
  5,985717773438e-01;  4,237914276123e+01
  6,092366576195e-01;  4,413978958130e+01
  6,199294328690e-01;  4,588013458252e+01
  6,301903128624e-01;  4,753013992310e+01
  6,386748552322e-01;  4,879681015015e+01
  6,429589390755e-01;  4,932628250122e+01
  6,441988945007e-01;  4,661436843872e+01
  6,283861398697e-01;  4,338503646851e+01
  6,096615791321e-01;  4,144785690308e+01
  5,921213030815e-01;  3,933345794678e+01
  5,760716795921e-01;  3,706381607056e+01
  5,616869926453e-01;  3,467480850220e+01
  5,488626360893e-01;  3,231512069702e+01
  5,372921228409e-01;  3,020779991150e+01
  5,269616246223e-01;  2,839842796326e+01
  5,088291764259e-01;  2,546859931946e+01
  4,938314557076e-01;  2,321702957153e+01
  4,810071289539e-01;  2,143234825134e+01
  4,701611101627e-01;  1,998441505432e+01
  4,564311802387e-01;  1,826108741760e+01
  4,446726143360e-01;  1,692408752441e+01
  4,324473440647e-01;  1,553418922424e+01
  4,221168160439e-01;  1,446792125702e+01
  4,107553362846e-01;  1,330417919159e+01
  3,998535871506e-01;  1,226594448090e+01
  3,910416364670e-01;  1,145956230164e+01
  3,854340314865e-01;  1,099568939209e+01
  3,817072212696e-01;  1,070175933838e+01
  3,799587786198e-01;  1,208923912048e+01
  4,052800834179e-01;  1,564000129700e+01
  4,237468540668e-01;  1,722481155396e+01
  4,407647252083e-01;  1,898730278015e+01
  4,568421840668e-01;  2,091487503052e+01
  4,717702567577e-01;  2,295678710938e+01
  4,855349957943e-01;  2,496877861023e+01
  4,981782436371e-01;  2,684663200378e+01
  5,099228620529e-01;  2,859182548523e+01
  5,206922292709e-01;  3,022231483459e+01
  5,308068394661e-01;  3,174464225769e+01
  5,487511754036e-01;  3,447991943359e+01
  5,641320347786e-01;  3,684455108643e+01
  5,769354701042e-01;  3,888364791870e+01
  5,875446200371e-01;  4,063051223755e+01
  6,009820103645e-01;  4,276274490356e+01
  6,110129952431e-01;  4,443988037109e+01
  6,212529540062e-01;  4,608594512939e+01
  6,320571899414e-01;  4,782312393188e+01
  6,395456194878e-01;  4,891121673584e+01
  6,435510516167e-01;  4,876602554321e+01
  6,441501379013e-01;  4,673578262329e+01
  6,300510168076e-01;  4,355520248413e+01
  6,114588379860e-01;  4,163726043701e+01
  5,937234759331e-01;  3,953794860840e+01
  5,775902867317e-01;  3,728389739990e+01
  5,630313754082e-01;  3,490502166748e+01
  5,500816702843e-01;  3,253432464600e+01
  5,384415388107e-01;  3,039914131165e+01
  5,279926061630e-01;  2,856496238708e+01
  5,096999406815e-01;  2,559870147705e+01
  4,945768415928e-01;  2,331773376465e+01
  4,816897809505e-01;  2,151330757141e+01
  4,707114100456e-01;  2,005140304565e+01
  4,569188058376e-01;  1,831388473511e+01
  4,451045095921e-01;  1,696823883057e+01
  4,327747523785e-01;  1,557028961182e+01
  4,224302768707e-01;  1,449679374695e+01
  4,109503626823e-01;  1,332741641998e+01
  4,000277221203e-01;  1,227706527710e+01
  3,911461234093e-01;  1,146415519714e+01
  3,855176270008e-01;  1,099196624756e+01
  3,817908167839e-01;  1,070414447784e+01
  3,800702393055e-01;  1,226830196381e+01
  3,911182582378e-01;  1,451328277588e+01
  4,092158377171e-01;  1,594726562500e+01
  4,273203909397e-01;  1,756786346436e+01
  4,441919624805e-01;  1,936344909668e+01
  4,599977433681e-01;  2,132079124451e+01
  4,748213291168e-01;  2,336929512024e+01
  4,882169067860e-01;  2,535887908936e+01
  5,006859898567e-01;  2,720891380310e+01
  5,122564435005e-01;  2,893042182922e+01
  5,228447318077e-01;  3,053600502014e+01
  5,420290231705e-01;  3,343140411377e+01
  5,582805871964e-01;  3,593745040894e+01
  5,721986293793e-01;  3,810143280029e+01
  5,834695696831e-01;  3,995822906494e+01
  5,977916121483e-01;  4,224147796631e+01
  6,086794137955e-01;  4,403277206421e+01
  6,195672154427e-01;  4,580665206909e+01
  6,300510168076e-01;  4,748804092407e+01
  6,386609077454e-01;  4,877892684937e+01
  6,430286169052e-01;  4,929856872559e+01
  6,440944075584e-01;  4,736635589600e+01
  6,208280324936e-01;  4,261841583252e+01
  6,022985577583e-01;  4,060584259033e+01
  5,854827165604e-01;  3,842520141602e+01
  5,700113177299e-01;  3,609924697876e+01
  5,563719272614e-01;  3,369659805298e+01
  5,440212488174e-01;  3,142120552063e+01
  5,330777168274e-01;  2,944034004211e+01
  5,140048861504e-01;  2,625799179077e+01
  4,981155395508e-01;  2,382897377014e+01
  4,847896397114e-01;  2,192339515686e+01
  4,732400774956e-01;  2,038382720947e+01
  4,590991437435e-01;  1,856265830994e+01
  4,469226300716e-01;  1,716357231140e+01
  4,342933297157e-01;  1,571032142639e+01
  4,236841499805e-01;  1,460303497314e+01
  4,135625958443e-01;  1,357233047485e+01
  4,031833112240e-01;  1,256967544556e+01
  3,931314349174e-01;  1,163452911377e+01
  3,867366611958e-01;  1,109169483185e+01
  3,827312290668e-01;  1,077072811127e+01
  3,800145089626e-01;  1,245020675659e+01
  3,943365216255e-01;  1,477898788452e+01
  4,129983782768e-01;  1,625207519531e+01
  4,307476580143e-01;  1,790876770020e+01
  4,474520385265e-01;  1,973732948303e+01
  4,629583060741e-01;  2,172066879272e+01
  4,775380790234e-01;  2,376937675476e+01
  4,906758964062e-01;  2,573023605347e+01
  5,030265450478e-01;  2,755174827576e+01
  5,144019722939e-01;  2,924897384644e+01
  5,248160958290e-01;  3,083286666870e+01
  5,437356829643e-01;  3,368867492676e+01
  5,597434639931e-01;  3,615990066528e+01
  5,733619332314e-01;  3,829269790649e+01
  5,845004916191e-01;  4,012469482422e+01
  5,985926985741e-01;  4,237168121338e+01
  6,092923879623e-01;  4,413434219360e+01
  6,199991106987e-01;  4,587901687622e+01
  6,302808523178e-01;  4,752936172485e+01
  6,387305855751e-01;  4,878693389893e+01
  6,430494785309e-01;  4,928999710083e+01
  6,440456509590e-01;  4,736722946167e+01
  6,209325194359e-01;  4,262139892578e+01
  6,024169921875e-01;  4,060946655273e+01
  5,855663418770e-01;  3,843074417114e+01
  5,701506137848e-01;  3,610690689087e+01
  5,564764142036e-01;  3,370476913452e+01
  5,441745519638e-01;  3,142689132690e+01
  5,332031250000e-01;  2,944722557068e+01
  5,141094326973e-01;  2,626445579529e+01
  4,982200264931e-01;  2,383822250366e+01
  4,848941266537e-01;  2,193292236328e+01
  4,733445644379e-01;  2,039496040344e+01
  4,592036306858e-01;  1,857383728027e+01
  4,470062255859e-01;  1,717278480530e+01
  4,343629777431e-01;  1,572211170197e+01
  4,237677454948e-01;  1,461260318756e+01
  4,135835170746e-01;  1,357918262482e+01
  4,032181501389e-01;  1,256757736206e+01
  3,932010829449e-01;  1,163122653961e+01
  3,868272304535e-01;  1,109489440918e+01
  3,827521204948e-01;  1,076153182983e+01
  3,803279697895e-01;  1,265107917786e+01
  3,980076014996e-01;  1,506677913666e+01
  4,168157279491e-01;  1,657584953308e+01
  4,342306256294e-01;  1,826735115051e+01
  4,507817924023e-01;  2,012932395935e+01
  4,660442173481e-01;  2,213402175903e+01
  4,803801774979e-01;  2,417527961731e+01
  4,932532906532e-01;  2,610621070862e+01
  5,054298043251e-01;  2,789973831177e+01
  5,165892839432e-01;  2,957301330566e+01
  5,269058942795e-01;  3,113652801514e+01
  5,454910993576e-01;  3,395399475098e+01
  5,613316893578e-01;  3,639029693604e+01
  5,746715664864e-01;  3,849303054810e+01
  5,855941772461e-01;  4,029616546631e+01
  5,994634032249e-01;  4,250066757202e+01
  6,098984479904e-01;  4,423252487183e+01
  6,204867362976e-01;  4,594648361206e+01
  6,305943131447e-01;  4,756422042847e+01
  6,389047503471e-01;  4,879844665527e+01
  6,431539654732e-01;  4,928507614136e+01
  6,441779732704e-01;  4,725584793091e+01
  6,191353201866e-01;  4,243949508667e+01
  6,007800102234e-01;  4,041106796265e+01
  5,840895175934e-01;  3,821786880493e+01
  5,688131451607e-01;  3,588175964355e+01
  5,553061366081e-01;  3,348106384277e+01
  5,431156754494e-01;  3,122812843323e+01
  5,322766304016e-01;  2,927620887756e+01
  5,133431553841e-01;  2,613415527344e+01
  4,975721836090e-01;  2,373476600647e+01
  4,843577444553e-01;  2,184794235229e+01
  4,729753434658e-01;  2,032434272766e+01
  4,589040875435e-01;  1,852034378052e+01
  4,467554390430e-01;  1,712988853455e+01
  4,342027604580e-01;  1,569061470032e+01
  4,236493408680e-01;  1,459185600281e+01
  4,135277867317e-01;  1,356248664856e+01
  4,032181501389e-01;  1,255799579620e+01
  3,932010829449e-01;  1,163136196136e+01
  3,868411481380e-01;  1,108748435974e+01
  3,828217983246e-01;  1,076743125916e+01
  3,801677525043e-01;  1,245117378235e+01
  3,944410383701e-01;  1,478014945984e+01
  4,130680263042e-01;  1,625178146362e+01
  4,308033883572e-01;  1,790642356873e+01
  4,475426077843e-01;  1,973394966125e+01
  4,630279541016e-01;  2,171690559387e+01
  4,775868356228e-01;  2,376374816895e+01
  4,907037615776e-01;  2,572593688965e+01
  5,030613541603e-01;  2,754665565491e+01
  5,144159197807e-01;  2,924190139771e+01
  5,248509049416e-01;  3,082596397400e+01
  5,437356829643e-01;  3,368122100830e+01
  5,597922205925e-01;  3,615291213989e+01
  5,733828544617e-01;  3,828615188599e+01
  5,845144391060e-01;  4,011785125732e+01
  5,986065864563e-01;  4,236228561401e+01
  6,092715263367e-01;  4,412690734863e+01
  6,200199723244e-01;  4,587747192383e+01
  6,303365826607e-01;  4,752796936035e+01
  6,387445330620e-01;  4,878126525879e+01
  6,430773735046e-01;  4,932294845581e+01
  6,442337036133e-01;  4,674415969849e+01
  6,303296089172e-01;  4,356406402588e+01
  6,117374300957e-01;  4,164703750610e+01
  5,940369367599e-01;  3,955145645142e+01
  5,779037475586e-01;  3,730116653442e+01
  5,633379220963e-01;  3,492616271973e+01
  5,504299402237e-01;  3,255590057373e+01
  5,387759208679e-01;  3,041886329651e+01
  5,283199548721e-01;  2,858316993713e+01
  5,100482702255e-01;  2,561556243896e+01
  4,949111938477e-01;  2,333528900146e+01
  4,820520281792e-01;  2,153264236450e+01
  4,710388183594e-01;  2,006870651245e+01
  4,572810232639e-01;  1,832667732239e+01
  4,454179704189e-01;  1,698211288452e+01
  4,331230521202e-01;  1,557594299316e+01
  4,227437674999e-01;  1,450120067596e+01
  4,112986624241e-01;  1,332841300964e+01
  4,003760218620e-01;  1,229032325745e+01
  3,914595842361e-01;  1,146972465515e+01
  3,857823312283e-01;  1,099984359741e+01
  3,820555210114e-01;  1,070997524261e+01
  3,803140521049e-01;  1,192499351501e+01
  4,017274379730e-01;  1,534261798859e+01
  4,203822910786e-01;  1,688854217529e+01
  4,375951886177e-01;  1,861407279968e+01
  4,538607299328e-01;  2,050795555115e+01
  4,689699113369e-01;  2,253343009949e+01
  4,829924106598e-01;  2,456085968018e+01
  4,957471191883e-01;  2,646386146545e+01
  5,077146291733e-01;  2,823418617249e+01
  5,186651349068e-01;  2,988586235046e+01
  5,289050936699e-01;  3,142713546753e+01
  5,471698641777e-01;  3,420172119141e+01
  5,627040266991e-01;  3,659977722168e+01
  5,758069753647e-01;  3,866835403442e+01
  5,865554809570e-01;  4,044357299805e+01
  6,001948714256e-01;  4,261628341675e+01
  6,104905605316e-01;  4,432575607300e+01
  6,208907365799e-01;  4,600876235962e+01
  6,319527029991e-01;  4,777504730225e+01
  6,395456194878e-01;  4,888353347778e+01
  6,435510516167e-01;  4,908331680298e+01
  6,441431641579e-01;  4,748955154419e+01
  6,231825351715e-01;  4,283089447021e+01
  6,045625209808e-01;  4,084298706055e+01
  5,875794887543e-01;  3,868312835693e+01
  5,719687342644e-01;  3,637865066528e+01
  5,581134557724e-01;  3,398095321655e+01
  5,457279086113e-01;  3,168120193481e+01
  5,345615148544e-01;  2,966913986206e+01
  5,245235562325e-01;  2,794023895264e+01
  5,068647861481e-01;  2,512932968140e+01
  4,922989606857e-01;  2,295547676086e+01
  4,797184169292e-01;  2,122716140747e+01
  4,691231846809e-01;  1,981521987915e+01
  4,556300938129e-01;  1,813132286072e+01
  4,441153407097e-01;  1,682544136047e+01
  4,320433139801e-01;  1,546076583862e+01
  4,218869507313e-01;  1,441314792633e+01
  4,106856584549e-01;  1,327470874786e+01
  3,999232351780e-01;  1,225228404999e+01
  3,911809623241e-01;  1,144749259949e+01
  3,855872750282e-01;  1,098228740692e+01
  3,819649815559e-01;  1,069919490814e+01
  3,802792131901e-01;  1,244638824463e+01
  3,945106863976e-01;  1,477254962921e+01
  4,131725132465e-01;  1,624320602417e+01
  4,308730363846e-01;  1,789786720276e+01
  4,475913643837e-01;  1,972578430176e+01
  4,630767107010e-01;  2,170892143250e+01
  4,776077270508e-01;  2,375662994385e+01
  4,907803833485e-01;  2,571873664856e+01
  5,031310319901e-01;  2,753927803040e+01
  5,144507288933e-01;  2,923743820190e+01
  5,249205827713e-01;  3,082213973999e+01
  5,437844395638e-01;  3,368019104004e+01
  5,598131418228e-01;  3,615386962891e+01
  5,734524726868e-01;  3,828507232666e+01
  5,845493078232e-01;  4,011370849609e+01
  5,986065864563e-01;  4,235382843018e+01
  6,092923879623e-01;  4,411027908325e+01
  6,200408935547e-01;  4,586058807373e+01
  6,303992867470e-01;  4,752415084839e+01
  6,388141512871e-01;  4,878147506714e+01
  6,431539654732e-01;  4,931783294678e+01
  6,442685127258e-01;  4,674666213989e+01
  6,304410696030e-01;  4,356847000122e+01
  6,118767857552e-01;  4,165240478516e+01
  5,941762328148e-01;  3,955780410767e+01
  5,780291557312e-01;  3,730728530884e+01
  5,634772181511e-01;  3,493286514282e+01
  5,505344271660e-01;  3,256146621704e+01
  5,388942956924e-01;  3,042459106445e+01
  5,284244418144e-01;  2,858796691895e+01
  5,102084875107e-01;  2,562194061279e+01
  4,950505197048e-01;  2,334216308594e+01
  4,821913242340e-01;  2,154006385803e+01
  4,711851179600e-01;  2,007813644409e+01
  4,574203491211e-01;  1,833912467957e+01
  4,455781877041e-01;  1,699228858948e+01
  4,332275390625e-01;  1,558837413788e+01
  4,228621721268e-01;  1,451083946228e+01
  4,113683402538e-01;  1,333854961395e+01
  4,004317522049e-01;  1,228605270386e+01
  3,915501534939e-01;  1,147338104248e+01
  3,858659267426e-01;  1,099521446228e+01
  3,821391165257e-01;  1,070906448364e+01
  3,802583217621e-01;  1,253996753693e+01
  3,962103724480e-01;  1,490757465363e+01
  4,149349033833e-01;  1,639587783813e+01
  4,325100481510e-01;  1,806744194031e+01
  4,491796195507e-01;  1,991235542297e+01
  4,645465314388e-01;  2,190712165833e+01
  4,789451956749e-01;  2,395087242126e+01
  4,919436872005e-01;  2,589678955078e+01
  5,042037963867e-01;  2,770174980164e+01
  5,154607892036e-01;  2,938578224182e+01
  5,258470773697e-01;  3,095932579041e+01
  5,445855259895e-01;  3,379444503784e+01
  5,604748725891e-01;  3,624663925171e+01
  5,739958286285e-01;  3,836340332031e+01
  5,850368738174e-01;  4,018284606934e+01
  5,990106463432e-01;  4,241436004639e+01
  6,095849871635e-01;  4,416634368896e+01
  6,202638149261e-01;  4,590304946899e+01
  6,305037736893e-01;  4,753580093384e+01
  6,388698816299e-01;  4,879088973999e+01
  6,431539654732e-01;  4,931381988525e+01
  6,443033814430e-01;  4,674807357788e+01
  6,304898262024e-01;  4,357545089722e+01
  6,119115948677e-01;  4,166127014160e+01
  5,942249894142e-01;  3,956909942627e+01
  5,780987739563e-01;  3,732135772705e+01
  5,635677576065e-01;  3,494797897339e+01
  5,506041049957e-01;  3,257828521729e+01
  5,389709472656e-01;  3,044194030762e+01
  5,285150408745e-01;  2,860666084290e+01
  5,102363228798e-01;  2,563605117798e+01
  4,950992763042e-01;  2,335211372375e+01
  4,822470545769e-01;  2,154694557190e+01
  4,711990356445e-01;  2,008244895935e+01
  4,574203491211e-01;  1,833682632446e+01
  4,455781877041e-01;  1,698796272278e+01
  4,332414567471e-01;  1,558332347870e+01
  4,229179024696e-01;  1,450721931458e+01
  4,114170968533e-01;  1,333833789825e+01
  4,004805088043e-01;  1,229295635223e+01
  3,915780186653e-01;  1,147502994537e+01
  3,858868181705e-01;  1,099794292450e+01
  3,821739554405e-01;  1,070727348328e+01
  3,802722394466e-01;  1,254138660431e+01
  3,962173461914e-01;  1,491049671173e+01
  4,149349033833e-01;  1,639853858948e+01
  4,325100481510e-01;  1,806922721863e+01
  4,491586983204e-01;  1,991332626343e+01
  4,645395576954e-01;  2,190651893616e+01
  4,789660871029e-01;  2,395030975342e+01
  4,919645786285e-01;  2,589539337158e+01
  5,042107701302e-01;  2,770010375977e+01
  5,154468417168e-01;  2,938307380676e+01
  5,258470773697e-01;  3,095480728149e+01
  5,445576310158e-01;  3,378762435913e+01
  5,604400634766e-01;  3,624037933350e+01
  5,739958286285e-01;  3,835776138306e+01
  5,850020647049e-01;  4,017898559570e+01
  5,990036725998e-01;  4,240958786011e+01
  6,095989346504e-01;  4,416325759888e+01
  6,202846765518e-01;  4,590584564209e+01
  6,305385828018e-01;  4,755051422119e+01
  6,388141512871e-01;  4,877952957153e+01
  6,431539654732e-01;  4,931570053101e+01
  6,442754864693e-01;  4,674737548828e+01
  6,304689645767e-01;  4,357260894775e+01
  6,118907332420e-01;  4,165611267090e+01
  5,941901803017e-01;  3,956049346924e+01
  5,780779123306e-01;  3,731230163574e+01
  5,635329484940e-01;  3,493856048584e+01
  5,506041049957e-01;  3,256816101074e+01
  5,389500260353e-01;  3,043197441101e+01
  5,285150408745e-01;  2,859685134888e+01
  5,102781057358e-01;  2,562796020508e+01
  4,951550066471e-01;  2,334762382507e+01
  4,822610020638e-01;  2,154473304749e+01
  4,712338745594e-01;  2,008015441895e+01
  4,574969708920e-01;  1,833610343933e+01
  4,456478655338e-01;  1,698833656311e+01
  4,333529174328e-01;  1,558286190033e+01
  4,230014979839e-01;  1,450692462921e+01
  4,115215837955e-01;  1,333789920807e+01
  4,006059169769e-01;  1,228710365295e+01
  3,916825056076e-01;  1,147717952728e+01
  3,859704136848e-01;  1,099602890015e+01
  3,822436034679e-01;  1,070600795746e+01
  3,805369436741e-01;  1,200729846954e+01
  4,038520455360e-01;  1,548850154877e+01
  4,224233329296e-01;  1,705153083801e+01
  4,394899308681e-01;  1,879285621643e+01
  4,556231200695e-01;  2,070046424866e+01
  4,706208705902e-01;  2,273080635071e+01
  4,844552874565e-01;  2,475075912476e+01
  4,971193969250e-01;  2,663797378540e+01
  5,089824795723e-01;  2,839204788208e+01
  5,198354125023e-01;  3,002957916260e+01
  5,299918055534e-01;  3,156019020081e+01
  5,480754971504e-01;  3,431534957886e+01
  5,635747313499e-01;  3,669956970215e+01
  5,764687657356e-01;  3,875489044189e+01
  5,871824026108e-01;  4,051618194580e+01
  6,007033586502e-01;  4,266928863525e+01
  6,108736991882e-01;  4,436516189575e+01
  6,212738752365e-01;  4,604085540771e+01
  6,322452425957e-01;  4,780255889893e+01
  6,396501064301e-01;  4,888157653809e+01
  6,437112689018e-01;  4,899488449097e+01
  6,442824602127e-01;  4,725414276123e+01
  6,194697022438e-01;  4,244502639771e+01
  6,011282801628e-01;  4,041728210449e+01
  5,844587087631e-01;  3,822856140137e+01
  5,692102313042e-01;  3,589863204956e+01
  5,557101964951e-01;  3,350029373169e+01
  5,435475707054e-01;  3,124908447266e+01
  5,326597690582e-01;  2,929885101318e+01
  5,138098597527e-01;  2,616356086731e+01
  4,980807006359e-01;  2,376711845398e+01
  4,848592877388e-01;  2,188308525085e+01
  4,733793735504e-01;  2,035794067383e+01
  4,592872262001e-01;  1,854661369324e+01
  4,471455514431e-01;  1,715280723572e+01
  4,345650076866e-01;  1,570796203613e+01
  4,240672886372e-01;  1,460766315460e+01
  4,138760864735e-01;  1,357580566406e+01
  4,035246372223e-01;  1,256158638000e+01
  3,935493826866e-01;  1,163459205627e+01
  3,871755301952e-01;  1,109100818634e+01
  3,831004202366e-01;  1,076359939575e+01
  3,805508911610e-01;  1,254879570007e+01
  3,964541852474e-01;  1,491761970520e+01
  4,152135550976e-01;  1,640684890747e+01
  4,327886700630e-01;  1,807784271240e+01
  4,493885934353e-01;  1,992098045349e+01
  4,647346138954e-01;  2,191369056702e+01
  4,791402518749e-01;  2,395418167114e+01
  4,921178519726e-01;  2,589862632751e+01
  5,043849349022e-01;  2,770380592346e+01
  5,156210064888e-01;  2,938700103760e+01
  5,260003209114e-01;  3,096013832092e+01
  5,447317957878e-01;  3,379286956787e+01
  5,606142282486e-01;  3,624654769897e+01
  5,740794539452e-01;  3,836463546753e+01
  5,851204991341e-01;  4,018403244019e+01
  5,991151332855e-01;  4,241405105591e+01
  6,096825003624e-01;  4,416596603394e+01
  6,203683018684e-01;  4,590366744995e+01
  6,306291818619e-01;  4,754211425781e+01
  6,389047503471e-01;  4,877886199951e+01
  6,432723999023e-01;  4,931805038452e+01
  6,443242430687e-01;  4,661503219604e+01
  6,288319230080e-01;  4,339360809326e+01
  6,101352572441e-01;  4,145800781250e+01
  5,926297903061e-01;  3,934748458862e+01
  5,766498446465e-01;  3,708489227295e+01
  5,622791051865e-01;  3,470463943481e+01
  5,494686365128e-01;  3,234815216064e+01
  5,379887223244e-01;  3,024357414246e+01
  5,276442766190e-01;  2,843589973450e+01
  5,095606446266e-01;  2,550916481018e+01
  4,945907592773e-01;  2,325773811340e+01
  4,818291068077e-01;  2,147362327576e+01
  4,708855748177e-01;  2,002215576172e+01
  4,571765363216e-01;  1,829196739197e+01
  4,454040527344e-01;  1,695021247864e+01
  4,331578910351e-01;  1,555348873138e+01
  4,228830635548e-01;  1,448670005798e+01
  4,114728271961e-01;  1,332742691040e+01
  4,005849957466e-01;  1,228538894653e+01
  3,917242884636e-01;  1,146988296509e+01
  3,859704136848e-01;  1,099445724487e+01
  3,823132812977e-01;  1,070398998260e+01
  3,806066215038e-01;  1,200110435486e+01
  3,874471783638e-01;  1,410876464844e+01
  4,038520455360e-01;  1,548150730133e+01
  4,224442243576e-01;  1,704521560669e+01
  4,394760131836e-01;  1,878668403625e+01
  4,556231200695e-01;  2,069775390625e+01
  4,705860316753e-01;  2,272967147827e+01
  4,844552874565e-01;  2,474802207947e+01
  4,971193969250e-01;  2,663686561584e+01
  5,089615583420e-01;  2,839275932312e+01
  5,198006033897e-01;  3,003130149841e+01
  5,299778580666e-01;  3,156161499023e+01
  5,480336546898e-01;  3,431321716309e+01
  5,635051131248e-01;  3,669067001343e+01
  5,764200091362e-01;  3,874430465698e+01
  5,871266722679e-01;  4,050624847412e+01
  6,006824374199e-01;  4,266182708740e+01
  6,108527779579e-01;  4,436191558838e+01
  6,212181448936e-01;  4,603807067871e+01
  6,321964859962e-01;  4,778800201416e+01
  6,396709680557e-01;  4,887797546387e+01
  6,437252163887e-01;  4,912965011597e+01
  6,442197561264e-01;  4,634492492676e+01
  6,253210902214e-01;  4,303229522705e+01
  6,066383719444e-01;  4,106170272827e+01
  5,894742012024e-01;  3,891945648193e+01
  5,737798810005e-01;  3,663048171997e+01
  5,597713589668e-01;  3,423611450195e+01
  5,472255945206e-01;  3,191397285461e+01
  5,359546542168e-01;  2,986754035950e+01
  5,257983207703e-01;  2,811188697815e+01
  5,080072283745e-01;  2,526099777222e+01
  4,933577775955e-01;  2,306086921692e+01
  4,807284772396e-01;  2,131385231018e+01
  4,700148105621e-01;  1,989026260376e+01
  4,564660191536e-01;  1,819464302063e+01
  4,448606967926e-01;  1,687473297119e+01
  4,327190220356e-01;  1,550079154968e+01
  4,225487112999e-01;  1,444451618195e+01
  4,112081229687e-01;  1,329105186462e+01
  4,004805088043e-01;  1,225975036621e+01
  3,916825056076e-01;  1,146046829224e+01
  3,860400617123e-01;  1,099172496796e+01
  3,823480904102e-01;  1,070767402649e+01
  3,806066215038e-01;  1,200149631500e+01
  4,038520455360e-01;  1,547966480255e+01
  4,224233329296e-01;  1,704241943359e+01
  4,394760131836e-01;  1,878155899048e+01
  4,556231200695e-01;  2,068918418884e+01
  4,705999493599e-01;  2,271920585632e+01
  4,844552874565e-01;  2,473575019836e+01
  4,971403181553e-01;  2,662386322021e+01
  5,089824795723e-01;  2,837954902649e+01
  5,198006033897e-01;  3,001708793640e+01
  5,299569964409e-01;  3,154865264893e+01
  5,480336546898e-01;  3,430201339722e+01
  5,635259747505e-01;  3,668381881714e+01
  5,764478445053e-01;  3,874179840088e+01
  5,871475934982e-01;  4,050729751587e+01
  6,007173061371e-01;  4,266202163696e+01
  6,108527779579e-01;  4,435910034180e+01
  6,212599277496e-01;  4,602997589111e+01
  6,322313547134e-01;  4,779109191895e+01
  6,397197842598e-01;  4,888740921021e+01
  6,437460780144e-01;  4,904514312744e+01
  6,443242430687e-01;  4,738056182861e+01
  6,214758753777e-01;  4,264756011963e+01
  6,029742956161e-01;  4,063937759399e+01
  5,861793160439e-01;  3,846543502808e+01
  5,707427263260e-01;  3,614962768555e+01
  5,571033358574e-01;  3,375199127197e+01
  5,448223352432e-01;  3,147477531433e+01
  5,338439941406e-01;  2,949299240112e+01
  5,147641897202e-01;  2,630884170532e+01
  4,988817870617e-01;  2,387779426575e+01
  4,855698347092e-01;  2,197148895264e+01
  4,740202426910e-01;  2,043123245239e+01
  4,598932564259e-01;  1,860504150391e+01
  4,476679861546e-01;  1,720055007935e+01
  4,349690377712e-01;  1,574542331696e+01
  4,244155883789e-01;  1,463496017456e+01
  4,141407907009e-01;  1,359298229218e+01
  4,038102626801e-01;  1,258224391937e+01
  3,937235176563e-01;  1,164606285095e+01
  3,873357474804e-01;  1,109633350372e+01
  3,832745850086e-01;  1,076822376251e+01
  3,806066215038e-01;  1,235329151154e+01
  3,931523263454e-01;  1,463556194305e+01
  4,115146100521e-01;  1,608685112000e+01
  4,293753504753e-01;  1,772199630737e+01
  4,461285173893e-01;  1,953141975403e+01
  4,617253243923e-01;  2,149801635742e+01
  4,763886928558e-01;  2,354523849487e+01
  4,895961582661e-01;  2,551720046997e+01
  5,020164847374e-01;  2,734774589539e+01
  5,134615898132e-01;  2,905323982239e+01
  5,239453315735e-01;  3,064613151550e+01
  5,429554581642e-01;  3,351911163330e+01
  5,591165423393e-01;  3,600572967529e+01
  5,728603601456e-01;  3,815228271484e+01
  5,840477347374e-01;  4,000090408325e+01
  5,982791781425e-01;  4,226959228516e+01
  6,090973615646e-01;  4,405236816406e+01
  6,199154853821e-01;  4,582468032837e+01
  6,304202079773e-01;  4,749812698364e+01
  6,388350725174e-01;  4,876272964478e+01
  6,432236433029e-01;  4,931745147705e+01
  6,444078683853e-01;  4,701177978516e+01
  6,338753104210e-01;  4,393653869629e+01
  6,157985925674e-01;  4,206158447266e+01
  5,977637171745e-01;  4,000307846069e+01
  5,813867449760e-01;  3,778502273560e+01
  5,665283203125e-01;  3,543254852295e+01
  5,533208250999e-01;  3,304546737671e+01
  5,414299368858e-01;  3,084937095642e+01
  5,307650566101e-01;  2,895776557922e+01
  5,122286081314e-01;  2,590502929688e+01
  4,967920184135e-01;  2,356721687317e+01
  4,837656319141e-01;  2,172520446777e+01
  4,725016653538e-01;  2,023018264771e+01
  4,586254656315e-01;  1,845455360413e+01
  4,465882778168e-01;  1,708284378052e+01
  4,341331124306e-01;  1,565628337860e+01
  4,237189888954e-01;  1,456443881989e+01
  4,136671125889e-01;  1,354230690002e+01
  4,034271240234e-01;  1,254406261444e+01
  3,935284912586e-01;  1,161983585358e+01
  3,871894478798e-01;  1,107818508148e+01
  3,832049071789e-01;  1,076947879791e+01
  3,805160522461e-01;  1,216866207123e+01
  4,075788557529e-01;  1,577140617371e+01
  4,258366525173e-01;  1,736832237244e+01
  4,427709281445e-01;  1,914232826233e+01
  4,586184918880e-01;  2,108036804199e+01
  4,734072387218e-01;  2,312057304382e+01
  4,869421124458e-01;  2,511753845215e+01
  4,994669258595e-01;  2,697651672363e+01
  5,111767053604e-01;  2,870668220520e+01
  5,217998623848e-01;  3,032164001465e+01
  5,318517088890e-01;  3,183072662354e+01
  5,495731234550e-01;  3,454441452026e+01
  5,648494958878e-01;  3,688955688477e+01
  5,775485038757e-01;  3,891335678101e+01
  5,881019234657e-01;  4,064733886719e+01
  6,014487147331e-01;  4,277262496948e+01
  6,142730712891e-01;  4,491997909546e+01
  6,255927681923e-01;  4,673474502563e+01
  6,360626220703e-01;  4,836720275879e+01
  6,416702270508e-01;  4,912301635742e+01
  6,444078683853e-01;  4,700774383545e+01
  6,338753104210e-01;  4,393452453613e+01
  6,157985925674e-01;  4,205896759033e+01
  5,977846384048e-01;  4,000038909912e+01
  5,813867449760e-01;  3,778197860718e+01
  5,665283203125e-01;  3,542930221558e+01
  5,533208250999e-01;  3,304299926758e+01
  5,414577722549e-01;  3,084766197205e+01
  5,307928919792e-01;  2,895550918579e+01
  5,122773647308e-01;  2,590500259399e+01
  4,968059360981e-01;  2,356677246094e+01
  4,837934970856e-01;  2,172293663025e+01
  4,725434780121e-01;  2,022987747192e+01
  4,586603045464e-01;  1,845496177673e+01
  4,466579258442e-01;  1,708152008057e+01
  4,342027604580e-01;  1,565364265442e+01
  4,237677454948e-01;  1,455991268158e+01
  4,137367606163e-01;  1,354096412659e+01
  4,034967720509e-01;  1,254680347443e+01
  3,935842216015e-01;  1,161976718903e+01
  3,872800171375e-01;  1,108467864990e+01
  3,832397460938e-01;  1,075778007507e+01
  3,809827864170e-01;  1,274302387238e+01
  4,003063738346e-01;  1,519678497314e+01
  4,190239310265e-01;  1,672198486328e+01
  4,363065063953e-01;  1,842774963379e+01
  4,526834785938e-01;  2,030241203308e+01
  4,678344726563e-01;  2,231499099731e+01
  4,819823503494e-01;  2,434811592102e+01
  4,947858154774e-01;  2,626397132874e+01
  5,068230032921e-01;  2,804191398621e+01
  5,178083181381e-01;  2,970011520386e+01
  5,280761718750e-01;  3,124952507019e+01
  5,464524030685e-01;  3,403936386108e+01
  5,621467232704e-01;  3,645388793945e+01
  5,753542184830e-01;  3,853792572021e+01
  5,862072110176e-01;  4,033060455322e+01
  5,999997854233e-01;  4,252196884155e+01
  6,103512048721e-01;  4,424697875977e+01
  6,209116578102e-01;  4,596249771118e+01
  6,310610771179e-01;  4,758806610107e+01
  6,391276717186e-01;  4,879291152954e+01
  6,433768868446e-01;  4,932249832153e+01
  6,445611119270e-01;  4,701762390137e+01
  6,340703368187e-01;  4,394794845581e+01
  6,159867048264e-01;  4,207452011108e+01
  5,979936122894e-01;  4,001593399048e+01
  5,816165804863e-01;  3,779811477661e+01
  5,667163729668e-01;  3,544524002075e+01
  5,535297989845e-01;  3,305698013306e+01
  5,416528582573e-01;  3,086104774475e+01
  5,310088396072e-01;  2,896955490112e+01
  5,124515295029e-01;  2,591619682312e+01
  4,970009922981e-01;  2,357166671753e+01
  4,839537143707e-01;  2,172296714783e+01
  4,726827740669e-01;  2,022654151917e+01
  4,587996006012e-01;  1,844643592834e+01
  4,468320906162e-01;  1,707666397095e+01
  4,343769252300e-01;  1,565803050995e+01
  4,239767193794e-01;  1,457024383545e+01
  4,139108955860e-01;  1,354653835297e+01
  4,036709368229e-01;  1,254264640808e+01
  3,937583565712e-01;  1,162225151062e+01
  3,874332606792e-01;  1,108375835419e+01
  3,833929896355e-01;  1,076343536377e+01
  3,807807564735e-01;  1,234980869293e+01
  3,933125436306e-01;  1,463181781769e+01
  4,116957187653e-01;  1,608118438721e+01
  4,295286238194e-01;  1,771428871155e+01
  4,462887346745e-01;  1,952113533020e+01
  4,618925154209e-01;  2,148733901978e+01
  4,765279889107e-01;  2,353093719482e+01
  4,897215366364e-01;  2,550086975098e+01
  5,021697282791e-01;  2,733146286011e+01
  5,135660767555e-01;  2,903788948059e+01
  5,240707397461e-01;  3,063160133362e+01
  5,430948138237e-01;  3,350407791138e+01
  5,592210292816e-01;  3,599304580688e+01
  5,729997158051e-01;  3,814448165894e+01
  5,842218995094e-01;  3,999349594116e+01
  5,984324812889e-01;  4,225978088379e+01
  6,091809272766e-01;  4,404173660278e+01
  6,200687289238e-01;  4,581642532349e+01
  6,306082606316e-01;  4,749987030029e+01
  6,389883160591e-01;  4,875669479370e+01
  6,433629393578e-01;  4,931580352783e+01
  6,445611119270e-01;  4,701751327515e+01
  6,340494751930e-01;  4,394651794434e+01
  6,160006523132e-01;  4,207275390625e+01
  5,979936122894e-01;  4,001353454590e+01
  5,816026926041e-01;  3,779655075073e+01
  5,667024850845e-01;  3,544443511963e+01
  5,535297989845e-01;  3,305495834351e+01
  5,416806936264e-01;  3,085883522034e+01
  5,310367345810e-01;  2,896574592590e+01
  5,124515295029e-01;  2,591084098816e+01
  4,970358014107e-01;  2,356988906860e+01
  4,840025007725e-01;  2,172476387024e+01
  4,727524518967e-01;  2,022947120667e+01
  4,588831961155e-01;  1,845379257202e+01
  4,468529820442e-01;  1,708267402649e+01
  4,344326555729e-01;  1,565705299377e+01
  4,240115582943e-01;  1,456643390656e+01
  4,139596819878e-01;  1,354404640198e+01
  4,037196934223e-01;  1,254130935669e+01
  3,938071131706e-01;  1,162793636322e+01
  3,874541521072e-01;  1,108456039429e+01
  3,834278285503e-01;  1,076206588745e+01
  3,810594081879e-01;  1,200771141052e+01
  4,043048322201e-01;  1,548994159698e+01
  4,228273332119e-01;  1,705265617371e+01
  4,398939609528e-01;  1,879336166382e+01
  4,559923112392e-01;  2,069997596741e+01
  4,709552228451e-01;  2,272966003418e+01
  4,847687482834e-01;  2,474688720703e+01
  4,974119663239e-01;  2,663314056396e+01
  5,092262625694e-01;  2,838658714294e+01
  5,200583338737e-01;  3,002326393127e+01
  5,302286744118e-01;  3,155145263672e+01
  5,482983589172e-01;  3,430110168457e+01
  5,637349486351e-01;  3,667988586426e+01
  5,766429305077e-01;  3,873408889771e+01
  5,873565673828e-01;  4,049681472778e+01
  6,009053587914e-01;  4,265327072144e+01
  6,110478043556e-01;  4,435475540161e+01
  6,214480400085e-01;  4,603865051270e+01
  6,324403285980e-01;  4,779844284058e+01
  6,398451328278e-01;  4,886990737915e+01
  6,438505649567e-01;  4,912812423706e+01
  6,443939208984e-01;  4,634749603271e+01
  6,254952549934e-01;  4,303538513184e+01
  6,068752408028e-01;  4,106620025635e+01
  5,897180438042e-01;  3,892604827881e+01
  5,740028023720e-01;  3,663763046265e+01
  5,600081682205e-01;  3,424576568604e+01
  5,475251674652e-01;  3,192389488220e+01
  5,362820625305e-01;  2,987943840027e+01
  5,261465907097e-01;  2,812429428101e+01
  5,083764195442e-01;  2,527547264099e+01
  4,936851859093e-01;  2,307447814941e+01
  4,810628592968e-01;  2,132593727112e+01
  4,703491926193e-01;  1,990194129944e+01
  4,568143188953e-01;  1,820118904114e+01
  4,452299177647e-01;  1,688076019287e+01
  4,330882132053e-01;  1,550335311890e+01
  4,229387938976e-01;  1,444708347321e+01
  4,115912318230e-01;  1,330232048035e+01
  4,008288085461e-01;  1,226867866516e+01
  3,920029401779e-01;  1,146452713013e+01
  3,863187134266e-01;  1,098924541473e+01
  3,826963901520e-01;  1,069962596893e+01
  3,810245692730e-01;  1,208748149872e+01
  3,890563249588e-01;  1,423916053772e+01
  4,061369001865e-01;  1,563015270233e+01
  4,245131015778e-01;  1,720897293091e+01
  4,414682686329e-01;  1,896267700195e+01
  4,574551880360e-01;  2,088289833069e+01
  4,723484218121e-01;  2,291676330566e+01
  4,859877824783e-01;  2,492302131653e+01
  4,985822737217e-01;  2,679407882690e+01
  5,103060007095e-01;  2,853694343567e+01
  5,210335850716e-01;  3,016374015808e+01
  5,311272740364e-01;  3,168201446533e+01
  5,490506887436e-01;  3,441450881958e+01
  5,644106864929e-01;  3,678081512451e+01
  5,772001743317e-01;  3,882223510742e+01
  5,878232717514e-01;  4,057397842407e+01
  6,012606620789e-01;  4,271345901489e+01
  6,113055944443e-01;  4,440082168579e+01
  6,216570138931e-01;  4,606940078735e+01
  6,325448155403e-01;  4,781473541260e+01
  6,398800015450e-01;  4,888012695313e+01
  6,439341902733e-01;  4,908646392822e+01
  6,444774866104e-01;  4,749830245972e+01
  6,236004829407e-01;  4,284395980835e+01
  6,050849556923e-01;  4,085733032227e+01
  5,880949497223e-01;  3,870159530640e+01
  5,725399255753e-01;  3,640034866333e+01
  5,587403774261e-01;  3,400443267822e+01
  5,463687777519e-01;  3,170456123352e+01
  5,352371931076e-01;  2,969054412842e+01
  5,252062082291e-01;  2,795988273621e+01
  5,075753331184e-01;  2,514781951904e+01
  4,930443167686e-01;  2,297410583496e+01
  4,805195033550e-01;  2,124732208252e+01
  4,699312150478e-01;  1,984083175659e+01
  4,564660191536e-01;  1,815830230713e+01
  4,449373185635e-01;  1,684562301636e+01
  4,328444004059e-01;  1,547741508484e+01
  4,227437674999e-01;  1,442613792419e+01
  4,115006923676e-01;  1,328823184967e+01
  4,007591605186e-01;  1,225276088715e+01
  3,920029401779e-01;  1,145236492157e+01
  3,863744437695e-01;  1,099020481110e+01
  3,827312290668e-01;  1,070602130890e+01
  3,811081647873e-01;  1,273455333710e+01
  4,004038870335e-01;  1,518671894073e+01
  4,191145002842e-01;  1,671005630493e+01
  4,363761544228e-01;  1,841222763062e+01
  4,527670741081e-01;  2,028501892090e+01
  4,679041206837e-01;  2,229757118225e+01
  4,820311069489e-01;  2,432966232300e+01
  4,948206245899e-01;  2,624569129944e+01
  5,068717598915e-01;  2,802346992493e+01
  5,178640484810e-01;  2,968241500854e+01
  5,281109809875e-01;  3,123207855225e+01
  5,465011596680e-01;  3,402221679688e+01
  5,621954798698e-01;  3,644021987915e+01
  5,754099488258e-01;  3,852640914917e+01
  5,862628817558e-01;  4,031884765625e+01
  6,000555157661e-01;  4,251386260986e+01
  6,104208827019e-01;  4,424413681030e+01
  6,209743618965e-01;  4,595925140381e+01
  6,311516165733e-01;  4,758088684082e+01
  6,392321586609e-01;  4,879042816162e+01
  6,435022950172e-01;  4,931429290771e+01
  6,445471644402e-01;  4,661677932739e+01
  6,290897130966e-01;  4,339786911011e+01
  6,104835867882e-01;  4,146645355225e+01
  5,929920077324e-01;  3,935778808594e+01
  5,770329833031e-01;  3,709658813477e+01
  5,627179145813e-01;  3,471706390381e+01
  5,499632358551e-01;  3,236312484741e+01
  5,384415388107e-01;  3,025884437561e+01
  5,281319022179e-01;  2,845018196106e+01
  5,100482702255e-01;  2,552159309387e+01
  4,950992763042e-01;  2,326681327820e+01
  4,823306500912e-01;  2,148213195801e+01
  4,714080095291e-01;  2,003225135803e+01
  4,577477574348e-01;  1,830343818665e+01
  4,459752738476e-01;  1,696397781372e+01
  4,337360560894e-01;  1,556757354736e+01
  4,234891235828e-01;  1,449955177307e+01
  4,119952619076e-01;  1,333422946930e+01
  4,011422991753e-01;  1,228654384613e+01
  3,922258317471e-01;  1,147925472260e+01
  3,864928483963e-01;  1,099262332916e+01
  3,828357160091e-01;  1,070553684235e+01
  3,810942173004e-01;  1,263756847382e+01
  3,986833095551e-01;  1,504892063141e+01
  4,174078106880e-01;  1,655525398254e+01
  4,348088204861e-01;  1,824087333679e+01
  4,512903094292e-01;  2,009913253784e+01
  4,665457606316e-01;  2,210144424438e+01
  4,807772338390e-01;  2,414008140564e+01
  4,936364293098e-01;  2,607043647766e+01
  5,057572126389e-01;  2,786152267456e+01
  5,168539881706e-01;  2,953162765503e+01
  5,271984338760e-01;  3,109004020691e+01
  5,457209944725e-01;  3,389759063721e+01
  5,615058541298e-01;  3,632864761353e+01
  5,748108625412e-01;  3,842835235596e+01
  5,857543945313e-01;  4,023131179810e+01
  5,996515154839e-01;  4,244520950317e+01
  6,101283431053e-01;  4,418952178955e+01
  6,207862496376e-01;  4,592931365967e+01
  6,310471296310e-01;  4,756783294678e+01
  6,391972899437e-01;  4,878732299805e+01
  6,434674263000e-01;  4,931933593750e+01
  6,446028947830e-01;  4,675331497192e+01
  6,307824254036e-01;  4,358274459839e+01
  6,122947335243e-01;  4,166791534424e+01
  5,946290493011e-01;  3,957503890991e+01
  5,785306692123e-01;  3,732717132568e+01
  5,640345215797e-01;  3,495617675781e+01
  5,511404871941e-01;  3,258785247803e+01
  5,395421385765e-01;  3,045270347595e+01
  5,291071534157e-01;  2,861635780334e+01
  5,109050869942e-01;  2,564952087402e+01
  4,957819283009e-01;  2,336749076843e+01
  4,829576015472e-01;  2,156464767456e+01
  4,718956351280e-01;  2,009899902344e+01
  4,581726789474e-01;  1,835212898254e+01
  4,463235735893e-01;  1,700231170654e+01
  4,340634644032e-01;  1,560450267792e+01
  4,237677454948e-01;  1,453063297272e+01
  4,121694266796e-01;  1,335076332092e+01
  4,012467861176e-01;  1,229943370819e+01
  3,923512399197e-01;  1,148227500916e+01
  3,865625262260e-01;  1,100077819824e+01
  3,828566074371e-01;  1,070864200592e+01
  3,811081647873e-01;  1,263966941833e+01
  3,986833095551e-01;  1,505004787445e+01
  4,174217581749e-01;  1,655619812012e+01
  4,347948729992e-01;  1,824326896667e+01
  4,512903094292e-01;  2,009943199158e+01
  4,665457606316e-01;  2,209965324402e+01
  4,807772338390e-01;  2,413612937927e+01
  4,936364293098e-01;  2,606355094910e+01
  5,057084560394e-01;  2,785436820984e+01
  5,168191790581e-01;  2,952422523499e+01
  5,271496772766e-01;  3,108312606812e+01
  5,456861257553e-01;  3,389315032959e+01
  5,614501237869e-01;  3,632777786255e+01
  5,748178362846e-01;  3,843072128296e+01
  5,857543945313e-01;  4,023845291138e+01
  5,996375679970e-01;  4,245035934448e+01
  6,101074218750e-01;  4,418956375122e+01
  6,207305192947e-01;  4,592183303833e+01
  6,310610771179e-01;  4,756753540039e+01
  6,391972899437e-01;  4,878494644165e+01
  6,435161828995e-01;  4,931542205811e+01
  6,446168422699e-01;  4,674169921875e+01
  6,307684779167e-01;  4,356922531128e+01
  6,122599244118e-01;  4,165454483032e+01
  5,946081280708e-01;  3,956327056885e+01
  5,785306692123e-01;  3,731829071045e+01
  5,640693306923e-01;  3,494858932495e+01
  5,511822700500e-01;  3,258082962036e+01
  5,395770072937e-01;  3,044714546204e+01
  5,291419625282e-01;  2,861291122437e+01
  5,109538435936e-01;  2,564784049988e+01
  4,958516061306e-01;  2,336774253845e+01
  4,830133318901e-01;  2,156588745117e+01
  4,719513654709e-01;  2,010212326050e+01
  4,582423269749e-01;  1,836102485657e+01
  4,463792741299e-01;  1,701093673706e+01
  4,340773820877e-01;  1,560283756256e+01
  4,237677454948e-01;  1,452235031128e+01
  4,122390747070e-01;  1,334244537354e+01
  4,013373255730e-01;  1,229439449310e+01
  3,924348354340e-01;  1,147924995422e+01
  3,866670131683e-01;  1,099684238434e+01
  3,830098807812e-01;  1,070210838318e+01
  3,813032209873e-01;  1,191987991333e+01
  4,026330113411e-01;  1,533879661560e+01
  4,212391078472e-01;  1,688138580322e+01
  4,384102225304e-01;  1,860345840454e+01
  4,546478986740e-01;  2,049638366699e+01
  4,696804583073e-01;  2,251755142212e+01
  4,836193621159e-01;  2,454282188416e+01
  4,963322579861e-01;  2,644356727600e+01
  5,082510113716e-01;  2,820897674561e+01
  5,191179513931e-01;  2,985546302795e+01
  5,293091535568e-01;  3,139358520508e+01
  5,475321412086e-01;  3,416329574585e+01
  5,630940794945e-01;  3,655875396729e+01
  5,761691927910e-01;  3,862887954712e+01
  5,869037508965e-01;  4,040744781494e+01
  6,005779504776e-01;  4,258060455322e+01
  6,108388304710e-01;  4,429533386230e+01
  6,213086843491e-01;  4,599669647217e+01
  6,313953995705e-01;  4,761210250854e+01
  6,393923759460e-01;  4,880747222900e+01
  6,436206698418e-01;  4,931739807129e+01
  6,446516513824e-01;  4,661390304565e+01
  6,291105747223e-01;  4,339301300049e+01
  6,105045080185e-01;  4,146075057983e+01
  5,930616855621e-01;  3,935350036621e+01
  5,771026611328e-01;  3,709309768677e+01
  5,628015398979e-01;  3,471397781372e+01
  5,500468611717e-01;  3,236003494263e+01
  5,385669469833e-01;  3,025717544556e+01
  5,282363891602e-01;  2,844980049133e+01
  5,102084875107e-01;  2,552252006531e+01
  4,952386021614e-01;  2,326987075806e+01
  4,824351370335e-01;  2,148621940613e+01
  4,715333878994e-01;  2,003591728210e+01
  4,579288661480e-01;  1,830524063110e+01
  4,461354911327e-01;  1,696351623535e+01
  4,338892996311e-01;  1,556482601166e+01
  4,236841499805e-01;  1,449782085419e+01
  4,122042357922e-01;  1,332971000671e+01
  4,013721644878e-01;  1,228561019897e+01
  3,924835920334e-01;  1,147945690155e+01
  3,867366611958e-01;  1,099730968475e+01
  3,830098807812e-01;  1,070852279663e+01
  3,812822997570e-01;  1,263814830780e+01
  3,988574445248e-01;  1,504695224762e+01
  4,175471365452e-01;  1,655178451538e+01
  4,349481463432e-01;  1,823781013489e+01
  4,514226615429e-01;  2,009406661987e+01
  4,666850864887e-01;  2,209539985657e+01
  4,808817207813e-01;  2,413299942017e+01
  4,937548339367e-01;  2,606250381470e+01
  5,058826208115e-01;  2,785223579407e+01
  5,169793963432e-01;  2,952066040039e+01
  5,273098945618e-01;  3,108078193665e+01
  5,458115339279e-01;  3,389110565186e+01
  5,615685582161e-01;  3,632527542114e+01
  5,749153494835e-01;  3,842648696899e+01
  5,858588814735e-01;  4,023338317871e+01
  5,997768640518e-01;  4,244494628906e+01
  6,102258563042e-01;  4,418660354614e+01
  6,208559274673e-01;  4,592206573486e+01
  6,311306953430e-01;  4,757074737549e+01
  6,392321586609e-01;  4,878605270386e+01
  6,435371041298e-01;  4,930741500854e+01
  6,444844603539e-01;  4,647474288940e+01
  6,273064017296e-01;  4,321067428589e+01
  6,086306571960e-01;  4,125916290283e+01
  5,913550257683e-01;  3,913418960571e+01
  5,755840539932e-01;  3,685991668701e+01
  5,614222884178e-01;  3,447522735596e+01
  5,488417148590e-01;  3,213654708862e+01
  5,374662876129e-01;  3,006285667419e+01
  5,272611379623e-01;  2,828215217590e+01
  5,093725323677e-01;  2,539797782898e+01
  4,945628941059e-01;  2,317192459106e+01
  4,818639457226e-01;  2,140746879578e+01
  4,710249006748e-01;  1,997183990479e+01
  4,574760794640e-01;  1,825443840027e+01
  4,457662701607e-01;  1,692162513733e+01
  4,336245954037e-01;  1,553498077393e+01
  4,234403669834e-01;  1,447381496429e+01
  4,120301008224e-01;  1,331778717041e+01
  4,012258648872e-01;  1,228028011322e+01
  3,923791050911e-01;  1,147167110443e+01
  3,866670131683e-01;  1,099118709564e+01
  3,830098807812e-01;  1,070513534546e+01
  3,814007341862e-01;  1,273806095123e+01
  4,006685912609e-01;  1,518934059143e+01
  4,193722307682e-01;  1,671221733093e+01
  4,366338849068e-01;  1,841532516479e+01
  4,530108869076e-01;  2,028777885437e+01
  4,681131243706e-01;  2,229944419861e+01
  4,822261631489e-01;  2,433182144165e+01
  4,949947893620e-01;  2,624589729309e+01
  5,070110559464e-01;  2,802389907837e+01
  5,180242657661e-01;  2,968226623535e+01
  5,282851457596e-01;  3,123129844666e+01
  5,466265678406e-01;  3,402249526978e+01
  5,622999668121e-01;  3,643981552124e+01
  5,755074620247e-01;  3,852540969849e+01
  5,863465070724e-01;  4,031709671021e+01
  6,001391410828e-01;  4,250778579712e+01
  6,104696393013e-01;  4,423425674438e+01
  6,210788488388e-01;  4,595458602905e+01
  6,312770247459e-01;  4,759182739258e+01
  6,392809152603e-01;  4,879710388184e+01
  6,435371041298e-01;  4,931953048706e+01
  6,447213292122e-01;  4,701445770264e+01
  6,341748237610e-01;  4,394240188599e+01
  6,161399483681e-01;  4,206999206543e+01
  5,981468558311e-01;  4,001264953613e+01
  5,818256139755e-01;  3,779720306396e+01
  5,669671893120e-01;  3,544814682007e+01
  5,538293719292e-01;  3,306105422974e+01
  5,419315099716e-01;  3,086440086365e+01
  5,313153266907e-01;  2,897169113159e+01
  5,127997994423e-01;  2,591910934448e+01
  4,973492920399e-01;  2,357878875732e+01
  4,843856096268e-01;  2,173625564575e+01
  4,730798602104e-01;  2,024082946777e+01
  4,592523872852e-01;  1,846498870850e+01
  4,472500383854e-01;  1,709366226196e+01
  4,348088204861e-01;  1,566864967346e+01
  4,244155883789e-01;  1,458072662354e+01
  4,142940342426e-01;  1,355371093750e+01
  4,041028320789e-01;  1,255714702606e+01
  3,941275477409e-01;  1,163313579559e+01
  3,877815604210e-01;  1,108143043518e+01
  3,837064802647e-01;  1,076175022125e+01
  3,811847865582e-01;  1,244457054138e+01
  3,953117728233e-01;  1,477009105682e+01
  4,139039516449e-01;  1,623676109314e+01
  4,315487444401e-01;  1,788615036011e+01
  4,482183158398e-01;  1,970827293396e+01
  4,636549055576e-01;  2,168584632874e+01
  4,781301617622e-01;  2,372881889343e+01
  4,911774396896e-01;  2,568489456177e+01
  5,035141706467e-01;  2,750020408630e+01
  5,147641897202e-01;  2,919289779663e+01
  5,251992344856e-01;  3,077264404297e+01
  5,440491437912e-01;  3,362358474731e+01
  5,600221157074e-01;  3,609492111206e+01
  5,736475586891e-01;  3,822982788086e+01
  5,847582817078e-01;  4,006599426270e+01
  5,988852381706e-01;  4,231487274170e+01
  6,095501184464e-01;  4,408324813843e+01
  6,203125715256e-01;  4,584074020386e+01
  6,308729648590e-01;  4,752653884888e+01
  6,391485333443e-01;  4,877476119995e+01
  6,434883475304e-01;  4,931720733643e+01
  6,446516513824e-01;  4,725156402588e+01
  6,198388934135e-01;  4,244750213623e+01
  6,015253663063e-01;  4,042321014404e+01
  5,849463343620e-01;  3,823713684082e+01
  5,697674751282e-01;  3,591004180908e+01
  5,563022494316e-01;  3,351593780518e+01
  5,441954135895e-01;  3,126795387268e+01
  5,333703160286e-01;  2,932102584839e+01
  5,145761370659e-01;  2,618535041809e+01
  4,987912476063e-01;  2,378842163086e+01
  4,856394827366e-01;  2,190627288818e+01
  4,741456508636e-01;  2,038154983521e+01
  4,601022601128e-01;  1,857170677185e+01
  4,479814469814e-01;  1,717428016663e+01
  4,353869855404e-01;  1,572473049164e+01
  4,249519705772e-01;  1,462094497681e+01
  4,146771728992e-01;  1,358847236633e+01
  4,043814539909e-01;  1,257776737213e+01
  3,943156301975e-01;  1,164717483521e+01
  3,879417777061e-01;  1,109456920624e+01
  3,838457763195e-01;  1,076658439636e+01
  3,812196254730e-01;  1,235316944122e+01
  3,937513828278e-01;  1,463656997681e+01
  4,121067225933e-01;  1,608466339111e+01
  4,299326241016e-01;  1,771750450134e+01
  4,466509521008e-01;  1,952266693115e+01
  4,622617065907e-01;  2,148634529114e+01
  4,768414795399e-01;  2,352946090698e+01
  4,899792969227e-01;  2,549991035461e+01
  5,023229718208e-01;  2,732810974121e+01
  5,137401819229e-01;  2,903090476990e+01
  5,242239832878e-01;  3,062010765076e+01
  5,432271361351e-01;  3,348558425903e+01
  5,592907071114e-01;  3,597331619263e+01
  5,730693936348e-01;  3,812281036377e+01
  5,842706561089e-01;  3,996942138672e+01
  5,985020995140e-01;  4,223706436157e+01
  6,092715263367e-01;  4,402138900757e+01
  6,201732754707e-01;  4,580749893188e+01
  6,307684779167e-01;  4,751398086548e+01
  6,392112374306e-01;  4,878672027588e+01
  6,435022950172e-01;  4,931296157837e+01
  6,446516513824e-01;  4,673391723633e+01
  6,306082606316e-01;  4,355929183960e+01
  6,121066808701e-01;  4,164536666870e+01
  5,945036411285e-01;  3,955265808105e+01
  5,784819126129e-01;  3,730503082275e+01
  5,640345215797e-01;  3,493445205688e+01
  5,511822700500e-01;  3,257038116455e+01
  5,395770072937e-01;  3,043867683411e+01
  5,291907191277e-01;  2,860615348816e+01
  5,110095739365e-01;  2,564252662659e+01
  4,959212541580e-01;  2,336414146423e+01
  4,830829799175e-01;  2,156290245056e+01
  4,720697700977e-01;  2,009968757629e+01
  4,583468139172e-01;  1,835865402222e+01
  4,465325474739e-01;  1,700974082947e+01
  4,342515468597e-01;  1,560530948639e+01
  4,239628016949e-01;  1,452893447876e+01
  4,139596819878e-01;  1,351916790009e+01
  4,038241803646e-01;  1,252573299408e+01
  3,940021693707e-01;  1,161086940765e+01
  3,877815604210e-01;  1,107146358490e+01
  3,837761282921e-01;  1,075341320038e+01
  3,815052211285e-01;  1,273844432831e+01
  4,008009433746e-01;  1,519274520874e+01
  4,194767177105e-01;  1,671673011780e+01
  4,367384016514e-01;  1,842074966431e+01
  4,530805647373e-01;  2,029485511780e+01
  4,682733416557e-01;  2,230514907837e+01
  4,822958111763e-01;  2,433730697632e+01
  4,950644373894e-01;  2,625177764893e+01
  5,070667862892e-01;  2,802788925171e+01
  5,180591344833e-01;  2,968381690979e+01
  5,282851457596e-01;  3,123064231873e+01
  5,466753244400e-01;  3,401575088501e+01
  5,623069405556e-01;  3,643028259277e+01
  5,755074620247e-01;  3,851490783691e+01
  5,863465070724e-01;  4,030628204346e+01
  6,001251935959e-01;  4,249980926514e+01
  6,104905605316e-01;  4,422878646851e+01
  6,210649013519e-01;  4,594939422607e+01
  6,312909126282e-01;  4,759444808960e+01
  6,394202113152e-01;  4,880553436279e+01
  6,436764001846e-01;  4,931288909912e+01
  6,447213292122e-01;  4,660124588013e+01
  6,290618181229e-01;  4,337938308716e+01
  6,104835867882e-01;  4,144638442993e+01
  5,930268764496e-01;  3,933953475952e+01
  5,771166086197e-01;  3,707895278931e+01
  5,628502964973e-01;  3,470052337646e+01
  5,501304268837e-01;  3,235156250000e+01
  5,386505126953e-01;  3,025225639343e+01
  5,283548235893e-01;  2,844884872437e+01
  5,103268623352e-01;  2,552758979797e+01
  4,953779280186e-01;  2,327343940735e+01
  4,826441109180e-01;  2,148888587952e+01
  4,716866612434e-01;  2,003946304321e+01
  4,580333530903e-01;  1,830529785156e+01
  4,463235735893e-01;  1,696616554260e+01
  4,340982735157e-01;  1,556787490845e+01
  4,238374233246e-01;  1,449722671509e+01
  4,123784005642e-01;  1,333197307587e+01
  4,015602469444e-01;  1,228670787811e+01
  3,926786482334e-01;  1,147908306122e+01
  3,869804739952e-01;  1,099122333527e+01
  3,832885026932e-01;  1,070705318451e+01
  3,816793560982e-01;  1,273816204071e+01
  4,009472429752e-01;  1,519123458862e+01
  4,196020960808e-01;  1,671337699890e+01
  4,368637800217e-01;  1,841655349731e+01
  4,531919956207e-01;  2,028967094421e+01
  4,683569073677e-01;  2,230125045776e+01
  4,824142456055e-01;  2,433419609070e+01
  4,951828718185e-01;  2,624880790710e+01
  5,071712732315e-01;  2,802563095093e+01
  5,181775093079e-01;  2,968303489685e+01
  5,284383893013e-01;  3,123162078857e+01
  5,467658638954e-01;  3,402209091187e+01
  5,623905062675e-01;  3,643726348877e+01
  5,755980014801e-01;  3,852075195313e+01
  5,864509940147e-01;  4,031272125244e+01
  6,002436280251e-01;  4,250487136841e+01
  6,105810999870e-01;  4,423014450073e+01
  6,211345791817e-01;  4,595112228394e+01
  6,313605904579e-01;  4,759269714355e+01
  6,394411325455e-01;  4,880397033691e+01
  6,436764001846e-01;  4,931261444092e+01
  6,447561383247e-01;  4,660897827148e+01
  6,291663050652e-01;  4,338777542114e+01
  6,105462908745e-01;  4,145532226563e+01
  5,931104421616e-01;  3,934654235840e+01
  5,772280693054e-01;  3,708550643921e+01
  5,629060268402e-01;  3,470670700073e+01
  5,501861572266e-01;  3,235376358032e+01
  5,387201905251e-01;  3,025225448608e+01
  5,284244418144e-01;  2,844697189331e+01
  5,104104876518e-01;  2,552376747131e+01
  4,954684674740e-01;  2,327317047119e+01
  4,827137887478e-01;  2,148751449585e+01
  4,718120396137e-01;  2,003641891479e+01
  4,581726789474e-01;  1,830613517761e+01
  4,464141130447e-01;  1,696485900879e+01
  4,342167079449e-01;  1,557192134857e+01
  4,239906668663e-01;  1,450315475464e+01
  4,124828875065e-01;  1,333248996735e+01
  4,016508162022e-01;  1,228556823730e+01
  3,928040266037e-01;  1,147517204285e+01
  3,870849609375e-01;  1,099135017395e+01
  3,834138810635e-01;  1,070704364777e+01
  3,817211687565e-01;  1,235171985626e+01
  3,942181169987e-01;  1,463465309143e+01
  4,125595092773e-01;  1,608261680603e+01
  4,303645193577e-01;  1,771542739868e+01
  4,470898211002e-01;  1,952298545837e+01
  4,626796543598e-01;  2,148782920837e+01
  4,772594273090e-01;  2,353275680542e+01
  4,903972446918e-01;  2,550522613525e+01
  5,027966499329e-01;  2,733557128906e+01
  5,141581892967e-01;  2,904062080383e+01
  5,246419310570e-01;  3,063105010986e+01
  5,436102747917e-01;  3,350428771973e+01
  5,596877336502e-01;  3,599238967896e+01
  5,734037160873e-01;  3,814087295532e+01
  5,845841169357e-01;  3,998508071899e+01
  5,987807512283e-01;  4,224789428711e+01
  6,095292568207e-01;  4,402766418457e+01
  6,204518675804e-01;  4,580992889404e+01
  6,310123205185e-01;  4,752249145508e+01
  6,393575072289e-01;  4,877255630493e+01
  6,436764001846e-01;  4,930925750732e+01
  6,448606252670e-01;  4,713240814209e+01
  6,181113123894e-01;  4,225723266602e+01
  5,999789237976e-01;  4,021436309814e+01
  5,835461616516e-01;  3,801168441772e+01
  5,685833096504e-01;  3,567262268066e+01
  5,552713274956e-01;  3,328153610229e+01
  5,432898402214e-01;  3,105949401855e+01
  5,325552821159e-01;  2,913868522644e+01
  5,139143466949e-01;  2,604077148438e+01
  4,983732700348e-01;  2,366895484924e+01
  4,853190481663e-01;  2,180616378784e+01
  4,739157557487e-01;  2,029881668091e+01
  4,600186645985e-01;  1,851139640808e+01
  4,480162858963e-01;  1,713126754761e+01
  4,355123639107e-01;  1,569809246063e+01
  4,251121878624e-01;  1,459980297089e+01
  4,148861467838e-01;  1,356583404541e+01
  4,046809971333e-01;  1,255693912506e+01
  3,947336077690e-01;  1,163036441803e+01
  3,884084820747e-01;  1,108234405518e+01
  3,843682408333e-01;  1,076582431793e+01
  3,817211687565e-01;  1,216627597809e+01
  4,087491333485e-01;  1,576885509491e+01
  4,269163608551e-01;  1,736487388611e+01
  4,437949061394e-01;  1,913719177246e+01
  4,596285521984e-01;  2,107326316833e+01
  4,744172990322e-01;  2,311165809631e+01
  4,878337681293e-01;  2,510803985596e+01
  5,003237724304e-01;  2,696540260315e+01
  5,119429826736e-01;  2,869449424744e+01
  5,225870013237e-01;  3,030785560608e+01
  5,418409109116e-01;  3,321722030640e+01
  5,581412911415e-01;  3,574340057373e+01
  5,721986293793e-01;  3,792678451538e+01
  5,835880041122e-01;  3,980345535278e+01
  5,979796648026e-01;  4,210818481445e+01
  6,089371442795e-01;  4,391447067261e+01
  6,200339198112e-01;  4,573218154907e+01
  6,308032870293e-01;  4,747185134888e+01
  6,393575072289e-01;  4,877215576172e+01
  6,436764001846e-01;  4,931389236450e+01
  6,448327898979e-01;  4,632948684692e+01
  6,257042288780e-01;  4,301333236694e+01
  6,071190237999e-01;  4,104328536987e+01
  5,900315046310e-01;  3,890318298340e+01
  5,744346976280e-01;  3,661530685425e+01
  5,604609847069e-01;  3,422588348389e+01
  5,480406284332e-01;  3,191032028198e+01
  5,368393659592e-01;  2,987274551392e+01
  5,267665982246e-01;  2,812171363831e+01
  5,090381503105e-01;  2,527809715271e+01
  4,943539202213e-01;  2,308175468445e+01
  4,817455112934e-01;  2,133362388611e+01
  4,710388183594e-01;  1,990672111511e+01
  4,575596749783e-01;  1,820536231995e+01
  4,459752738476e-01;  1,689371109009e+01
  4,339101910591e-01;  1,552067184448e+01
  4,237677454948e-01;  1,446942043304e+01
  4,123784005642e-01;  1,330398273468e+01
  4,016647338867e-01;  1,226211833954e+01
  3,928806483746e-01;  1,147122669220e+01
  3,871546089649e-01;  1,098656177521e+01
  3,834835588932e-01;  1,071600151062e+01
  3,814982473850e-01;  1,199918174744e+01
  4,046740233898e-01;  1,547056007385e+01
  4,231338500977e-01;  1,702767944336e+01
  4,401795864105e-01;  1,876301002502e+01
  4,562361240387e-01;  2,066469764709e+01
  4,712477922440e-01;  2,269015312195e+01
  4,849568307400e-01;  2,470353126526e+01
  4,975861310959e-01;  2,658826255798e+01
  5,093655586243e-01;  2,833911514282e+01
  5,201837420464e-01;  2,997144126892e+01
  5,303540229797e-01;  3,149706459045e+01
  5,484237670898e-01;  3,424747085571e+01
  5,638533830643e-01;  3,663326263428e+01
  5,767822265625e-01;  3,869400024414e+01
  5,874958634377e-01;  4,045869064331e+01
  6,010655760765e-01;  4,262136840820e+01
  6,111871600151e-01;  4,433115386963e+01
  6,216360926628e-01;  4,602238464355e+01
  6,327328681946e-01;  4,781128311157e+01
  6,402422189713e-01;  4,890581512451e+01
  6,441431641579e-01;  4,903726577759e+01
  6,447352766991e-01;  4,735534667969e+01
  6,215943098068e-01;  4,261370849609e+01
  6,032389998436e-01;  4,060452270508e+01
  5,864927768707e-01;  3,843031692505e+01
  5,712512731552e-01;  3,611546325684e+01
  5,576258301735e-01;  3,372284698486e+01
  5,454493165016e-01;  3,145550918579e+01
  5,345057845116e-01;  2,948155021667e+01
  5,155513882637e-01;  2,630909729004e+01
  4,996828734875e-01;  2,388637542725e+01
  4,864754080772e-01;  2,198528671265e+01
  4,748979508877e-01;  2,044530487061e+01
  4,607640206814e-01;  1,862179374695e+01
  4,486432373524e-01;  1,721766281128e+01
  4,359999895096e-01;  1,575995063782e+01
  4,254744052887e-01;  1,464843559265e+01
  4,151438772678e-01;  1,360403251648e+01
  4,048551619053e-01;  1,259224033356e+01
  3,947544991970e-01;  1,164473056793e+01
  3,883736729622e-01;  1,110175323486e+01
  3,841940760612e-01;  1,076441383362e+01
  3,817211687565e-01;  1,254100322723e+01
  3,975339233875e-01;  1,491259860992e+01
  4,162375330925e-01;  1,640248489380e+01
  4,337081909180e-01;  1,807149696350e+01
  4,502732753754e-01;  1,991063117981e+01
  4,656401872635e-01;  2,190025711060e+01
  4,799900949001e-01;  2,394207763672e+01
  4,928492605686e-01;  2,588340377808e+01
  5,050258040428e-01;  2,768462753296e+01
  5,161922574043e-01;  2,936396217346e+01
  5,265575647354e-01;  3,093202972412e+01
  5,451636910439e-01;  3,375583648682e+01
  5,610530972481e-01;  3,620071411133e+01
  5,745182633400e-01;  3,831431198120e+01
  5,855244994164e-01;  4,013476181030e+01
  5,995330810547e-01;  4,236632156372e+01
  6,100726127625e-01;  4,412511444092e+01
  6,207862496376e-01;  4,587894058228e+01
  6,311864256859e-01;  4,755450820923e+01
  6,395316720009e-01;  4,880261993408e+01
  6,438157558441e-01;  4,929344177246e+01
  6,447004079819e-01;  4,735412979126e+01
  6,215106844902e-01;  4,261023330688e+01
  6,031484007835e-01;  4,060218429565e+01
  5,864092111588e-01;  3,842951202393e+01
  5,711467862129e-01;  3,611284637451e+01
  5,575561523438e-01;  3,371910476685e+01
  5,453587174416e-01;  3,145224189758e+01
  5,344361066818e-01;  2,947885513306e+01
  5,155165195465e-01;  2,630581474304e+01
  4,996828734875e-01;  2,388309669495e+01
  4,864614605904e-01;  2,198236083984e+01
  4,748770594597e-01;  2,044697570801e+01
  4,607640206814e-01;  1,862322807312e+01
  4,486083984375e-01;  1,721994972229e+01
  4,359790980816e-01;  1,575980567932e+01
  4,254535138607e-01;  1,464884090424e+01
  4,151438772678e-01;  1,360734558105e+01
  4,048063755035e-01;  1,258591842651e+01
  3,947126865387e-01;  1,164485168457e+01
  3,883945643902e-01;  1,110054683685e+01
  3,842289149761e-01;  1,077186203003e+01
  3,816724121571e-01;  1,244822692871e+01
  3,957784771919e-01;  1,477391433716e+01
  4,143358170986e-01;  1,624101066589e+01
  4,319875836372e-01;  1,789088821411e+01
  4,485875070095e-01;  1,971253585815e+01
  4,640728533268e-01;  2,168800926208e+01
  4,785341918468e-01;  2,373014068604e+01
  4,915327131748e-01;  2,568623542786e+01
  5,038067102432e-01;  2,749909973145e+01
  5,150637626648e-01;  2,918815803528e+01
  5,254778862000e-01;  3,076618385315e+01
  5,443068742752e-01;  3,361251449585e+01
  5,602658987045e-01;  3,608360290527e+01
  5,739052891731e-01;  3,821862030029e+01
  5,850020647049e-01;  4,005504608154e+01
  5,990802645683e-01;  4,230724716187e+01
  6,097034215927e-01;  4,407154464722e+01
  6,205424666405e-01;  4,582985687256e+01
  6,310262084007e-01;  4,752340316772e+01
  6,394759416580e-01;  4,880926895142e+01
  6,437252163887e-01;  4,932394409180e+01
  6,448815464973e-01;  4,685953521729e+01
  6,324194073677e-01;  4,373238372803e+01
  6,141406893730e-01;  4,183841705322e+01
  5,963565707207e-01;  3,976424789429e+01
  5,802234411240e-01;  3,753343963623e+01
  5,656227469444e-01;  3,517313003540e+01
  5,526939034462e-01;  3,280102920532e+01
  5,409840941429e-01;  3,064363479614e+01
  5,304864048958e-01;  2,878630065918e+01
  5,121728777885e-01;  2,578427696228e+01
  4,969104230404e-01;  2,347563743591e+01
  4,840373098850e-01;  2,164979171753e+01
  4,728708565235e-01;  2,016892051697e+01
  4,591130912304e-01;  1,840925788879e+01
  4,472709298134e-01;  1,704891586304e+01
  4,349341988564e-01;  1,563892745972e+01
  4,246245622635e-01;  1,455906105042e+01
  4,145378470421e-01;  1,353948402405e+01
  4,044023454189e-01;  1,253654193878e+01
  3,945106863976e-01;  1,162451267242e+01
  3,882343471050e-01;  1,107420730591e+01
  3,842010498047e-01;  1,076197052002e+01
  3,818047642708e-01;  1,264011573792e+01
  3,993520438671e-01;  1,504849529266e+01
  4,179999232292e-01;  1,655313110352e+01
  4,353452026844e-01;  1,823654556274e+01
  4,518127441406e-01;  2,009107780457e+01
  4,670682251453e-01;  2,208992004395e+01
  4,812648594379e-01;  2,412448501587e+01
  4,940683245659e-01;  2,605400657654e+01
  5,061403512955e-01;  2,784301185608e+01
  5,172231793404e-01;  2,951138687134e+01
  5,275119543076e-01;  3,106892776489e+01
  5,459995865822e-01;  3,387760162354e+01
  5,617496371269e-01;  3,631063079834e+01
  5,750895142555e-01;  3,841372299194e+01
  5,860330462456e-01;  4,021567535400e+01
  5,998813509941e-01;  4,242631530762e+01
  6,103163957596e-01;  4,416675186157e+01
  6,209952235222e-01;  4,590474700928e+01
  6,313396692276e-01;  4,757481765747e+01
  6,395456194878e-01;  4,881749343872e+01
  6,438157558441e-01;  4,916477966309e+01
  6,445471644402e-01;  4,657526016235e+01
  6,287483572960e-01;  4,334787368774e+01
  6,101840734482e-01;  4,141189193726e+01
  5,927691459656e-01;  3,929753494263e+01
  5,769494175911e-01;  3,703501129150e+01
  5,627318620682e-01;  3,465802001953e+01
  5,500329136848e-01;  3,231296920776e+01
  5,386017560959e-01;  3,021831512451e+01
  5,283408761024e-01;  2,841835975647e+01
  5,103965401649e-01;  2,550399971008e+01
  4,954684674740e-01;  2,325931358337e+01
  4,827695190907e-01;  2,148528289795e+01
  4,718259871006e-01;  2,004023170471e+01
  4,582005441189e-01;  1,831424140930e+01
  4,464628696442e-01;  1,697052574158e+01
  4,342724382877e-01;  1,556494808197e+01
  4,241021275520e-01;  1,449292945862e+01
  4,125873744488e-01;  1,333020591736e+01
  4,018388688564e-01;  1,229020404816e+01
  3,929363787174e-01;  1,146432495117e+01
  3,872590959072e-01;  1,099688053131e+01
  3,835323154926e-01;  1,069779777527e+01
  3,821182250977e-01;  1,264921569824e+01
  3,996446132660e-01;  1,506244754791e+01
  4,183482229710e-01;  1,656665420532e+01
  4,356447160244e-01;  1,825159072876e+01
  4,521192610264e-01;  2,010733222961e+01
  4,673677384853e-01;  2,210658645630e+01
  4,815435111523e-01;  2,414299964905e+01
  4,943121075630e-01;  2,607098197937e+01
  5,063841342926e-01;  2,785810470581e+01
  5,174321532249e-01;  2,952569389343e+01
  5,277627110481e-01;  3,108502006531e+01
  5,462225079536e-01;  3,389194869995e+01
  5,619377493858e-01;  3,632543182373e+01
  5,752497315407e-01;  3,842844009399e+01
  5,861862897873e-01;  4,023440551758e+01
  5,999997854233e-01;  4,244427871704e+01
  6,104208827019e-01;  4,418167114258e+01
  6,210788488388e-01;  4,590757369995e+01
  6,313815116882e-01;  4,756733322144e+01
  6,396501064301e-01;  4,881721878052e+01
  6,438854336739e-01;  4,930424880981e+01
  6,447283029556e-01;  4,631114578247e+01
  6,254604458809e-01;  4,299544906616e+01
  6,069100499153e-01;  4,102405166626e+01
  5,898573398590e-01;  3,888276672363e+01
  5,742954015732e-01;  3,659342575073e+01
  5,604122281075e-01;  3,420499801636e+01
  5,479918718338e-01;  3,189444160461e+01
  5,367906093597e-01;  2,986093139648e+01
  5,266829729080e-01;  2,811148452759e+01
  5,090033411980e-01;  2,526743888855e+01
  4,943678379059e-01;  2,307281684875e+01
  4,818082153797e-01;  2,132841110229e+01
  4,711293876171e-01;  1,990871429443e+01
  4,576641619205e-01;  1,821254730225e+01
  4,460310041904e-01;  1,689439582825e+01
  4,339728951454e-01;  1,551876926422e+01
  4,238722324371e-01;  1,446254253387e+01
  4,124480485916e-01;  1,330166244507e+01
  4,017692208290e-01;  1,226941585541e+01
  3,929781615734e-01;  1,145833683014e+01
  3,873496651649e-01;  1,098707294464e+01
  3,836716413498e-01;  1,069845771790e+01
  3,819997906685e-01;  1,200219154358e+01
  4,051755964756e-01;  1,548013210297e+01
  4,236423671246e-01;  1,704068183899e+01
  4,406253993511e-01;  1,877659034729e+01
  4,566819667816e-01;  2,067888832092e+01
  4,716657698154e-01;  2,270365333557e+01
  4,854165911674e-01;  2,471830177307e+01
  4,979901611805e-01;  2,660222625732e+01
  5,097626447678e-01;  2,835414695740e+01
  5,205320119858e-01;  2,998827934265e+01
  5,306674838066e-01;  3,151491355896e+01
  5,487024188042e-01;  3,426282501221e+01
  5,641180872917e-01;  3,664596939087e+01
  5,770260095596e-01;  3,870363235474e+01
  5,877397060394e-01;  4,046732711792e+01
  6,012606620789e-01;  4,262599563599e+01
  6,113961338997e-01;  4,432955932617e+01
  6,218102574348e-01;  4,601935577393e+01
  6,329070329666e-01;  4,781115341187e+01
  6,404024362564e-01;  4,890997695923e+01
  6,443033814430e-01;  4,887665939331e+01
  6,448954939842e-01;  4,698221969604e+01
  6,340146064758e-01;  4,390456008911e+01
  6,160354614258e-01;  4,202866363525e+01
  5,981329083443e-01;  3,996784210205e+01
  5,818604230881e-01;  3,775176620483e+01
  5,670856237411e-01;  3,540163421631e+01
  5,539826154709e-01;  3,302102661133e+01
  5,421892404556e-01;  3,083588790894e+01
  5,315939784050e-01;  2,895207786560e+01
  5,131689906120e-01;  2,590822029114e+01
  4,977602660656e-01;  2,356984901428e+01
  4,848244786263e-01;  2,172958564758e+01
  4,735674560070e-01;  2,023603248596e+01
  4,597400128841e-01;  1,846053504944e+01
  4,477864205837e-01;  1,709062957764e+01
  4,354427158833e-01;  1,566637420654e+01
  4,250773489475e-01;  1,457641220093e+01
  4,149209856987e-01;  1,354683208466e+01
  4,047645926476e-01;  1,254554462433e+01
  3,948589861393e-01;  1,162154102325e+01
  3,886244297028e-01;  1,107978057861e+01
  3,845284581184e-01;  1,075840568542e+01
  3,820694684982e-01;  1,254121685028e+01
  3,978822231293e-01;  1,490721988678e+01
  4,165719151497e-01;  1,639459800720e+01
  4,340286254883e-01;  1,806206321716e+01
  4,505588710308e-01;  1,989940834045e+01
  4,659188389778e-01;  2,188772392273e+01
  4,802408516407e-01;  2,392815589905e+01
  4,930721819401e-01;  2,587128448486e+01
  5,052556395531e-01;  2,767184638977e+01
  5,164569616318e-01;  2,935117721558e+01
  5,268153548241e-01;  3,091883850098e+01
  5,454214215279e-01;  3,374540710449e+01
  5,612759590149e-01;  3,619628524780e+01
  5,747411847115e-01;  3,831430816650e+01
  5,857334733009e-01;  4,013459396362e+01
  5,997420549393e-01;  4,236625671387e+01
  6,102606654167e-01;  4,412327575684e+01
  6,210300326347e-01;  4,587461090088e+01
  6,313745379448e-01;  4,755084228516e+01
  6,397406458855e-01;  4,881497192383e+01
  6,439341902733e-01;  4,930303192139e+01
  6,448048949242e-01;  4,747183227539e+01
  6,235796213150e-01;  4,280672836304e+01
  6,051476597786e-01;  4,081760025024e+01
  5,882691144943e-01;  3,865872192383e+01
  5,728325247765e-01;  3,635573577881e+01
  5,591025948524e-01;  3,396275329590e+01
  5,468076467514e-01;  3,167046356201e+01
  5,357596278191e-01;  2,966614532471e+01
  5,257425904274e-01;  2,794235229492e+01
  5,082719326019e-01;  2,513901901245e+01
  4,937618076801e-01;  2,296942901611e+01
  4,812648594379e-01;  2,124514007568e+01
  4,707114100456e-01;  1,983990478516e+01
  4,573019146919e-01;  1,815706253052e+01
  4,457871913910e-01;  1,685175132751e+01
  4,338196516037e-01;  1,548692417145e+01
  4,237677454948e-01;  1,443602466583e+01
  4,124062657356e-01;  1,328171348572e+01
  4,018388688564e-01;  1,225995826721e+01
  3,930269181728e-01;  1,145259666443e+01
  3,874193131924e-01;  1,097267341614e+01
  3,838109672070e-01;  1,069403362274e+01
  3,821739554405e-01;  1,217176437378e+01
  4,091322422028e-01;  1,577810287476e+01
  4,272855818272e-01;  1,737346458435e+01
  4,441640973091e-01;  1,914524650574e+01
  4,599629342556e-01;  2,108025550842e+01
  4,747516810894e-01;  2,311814880371e+01
  4,881542026997e-01;  2,511320877075e+01
  5,006023645401e-01;  2,696882438660e+01
  5,121728777885e-01;  2,869541549683e+01
  5,227959752083e-01;  3,030782890320e+01
  5,328130125999e-01;  3,181436729431e+01
  5,504926443100e-01;  3,452276611328e+01
  5,656993985176e-01;  3,686889648438e+01
  5,783147215843e-01;  3,889273071289e+01
  5,888890624046e-01;  4,063000869751e+01
  6,021453142166e-01;  4,274921035767e+01
  6,149836182594e-01;  4,489694595337e+01
  6,263241767883e-01;  4,672718811035e+01
  6,369124650955e-01;  4,840483093262e+01
  6,423877477646e-01;  4,916159057617e+01
  6,449163556099e-01;  4,658592605591e+01
  6,290966272354e-01;  4,336010742188e+01
  6,105323433876e-01;  4,142598342896e+01
  5,931313633919e-01;  3,931618118286e+01
  5,772976875305e-01;  3,705397415161e+01
  5,630801916122e-01;  3,467567062378e+01
  5,504090785980e-01;  3,232770919800e+01
  5,389500260353e-01;  3,023283767700e+01
  5,286892056465e-01;  2,843265533447e+01
  5,107239484787e-01;  2,551428985596e+01
  4,957958757877e-01;  2,326531600952e+01
  4,830829799175e-01;  2,148363113403e+01
  4,721951782703e-01;  2,003679275513e+01
  4,585906267166e-01;  1,830870056152e+01
  4,468460083008e-01;  1,697100067139e+01
  4,347112774849e-01;  1,557623863220e+01
  4,245131015778e-01;  1,450623416901e+01
  4,129356741905e-01;  1,332819557190e+01
  4,022428989410e-01;  1,229039955139e+01
  3,932846784592e-01;  1,147209739685e+01
  3,876073956490e-01;  1,098782539368e+01
  3,839223980904e-01;  1,070848369598e+01
  3,819997906685e-01;  1,234311389923e+01
  3,944619297981e-01;  1,462366008759e+01
  4,127754569054e-01;  1,607172012329e+01
  4,305526018143e-01;  1,770305633545e+01
  4,472639560699e-01;  1,950807189941e+01
  4,628328979015e-01;  2,147236061096e+01
  4,774823486805e-01;  2,351647758484e+01
  4,905504882336e-01;  2,548637390137e+01
  5,028872489929e-01;  2,731517410278e+01
  5,142626762390e-01;  2,901778221130e+01
  5,247464179993e-01;  3,060833930969e+01
  5,437008142471e-01;  3,347469329834e+01
  5,597434639931e-01;  3,596273803711e+01
  5,734873414040e-01;  3,811462783813e+01
  5,846886038780e-01;  3,996364212036e+01
  5,988712906837e-01;  4,223064041138e+01
  6,095989346504e-01;  4,401352310181e+01
  6,205215454102e-01;  4,579583358765e+01
  6,311306953430e-01;  4,751060485840e+01
  6,395804286003e-01;  4,879983139038e+01
  6,438645124435e-01;  4,932283401489e+01
  6,450208425522e-01;  4,685908126831e+01
  6,325587630272e-01;  4,373062515259e+01
  6,142800450325e-01;  4,183699035645e+01
  5,965307354927e-01;  3,976037597656e+01
  5,804324150085e-01;  3,752642059326e+01
  5,658665299416e-01;  3,516400146484e+01
  5,529237985611e-01;  3,279099655151e+01
  5,412487983704e-01;  3,063509750366e+01
  5,307789444923e-01;  2,877806472778e+01
  5,124654173851e-01;  2,577564430237e+01
  4,972238838673e-01;  2,346741104126e+01
  4,843716919422e-01;  2,164697456360e+01
  4,732122123241e-01;  2,016972732544e+01
  4,594962000847e-01;  1,840954780579e+01
  4,476262032986e-01;  1,704867553711e+01
  4,353173375130e-01;  1,563552379608e+01
  4,250216186047e-01;  1,455217266083e+01
  4,149557948112e-01;  1,352639675140e+01
  4,048829972744e-01;  1,253576278687e+01
  3,949634730816e-01;  1,162016201019e+01
  3,887428641319e-01;  1,107796192169e+01
  3,846886754036e-01;  1,075133609772e+01
  3,823690116405e-01;  1,192452526093e+01
  4,036152064800e-01;  1,534143352509e+01
  4,221586287022e-01;  1,688349342346e+01
  4,392809569836e-01;  1,860377693176e+01
  4,554141461849e-01;  2,049090766907e+01
  4,705163836479e-01;  2,251036262512e+01
  4,843716919422e-01;  2,453399085999e+01
  4,970149099827e-01;  2,643294525146e+01
  5,088779330254e-01;  2,819463157654e+01
  5,197657942772e-01;  2,983902931213e+01
  5,299778580666e-01;  3,137656021118e+01
  5,480754971504e-01;  3,414289474487e+01
  5,636304616928e-01;  3,654096603394e+01
  5,766080617905e-01;  3,861214065552e+01
  5,873913764954e-01;  4,039152145386e+01
  6,010098457336e-01;  4,256299972534e+01
  6,112219691277e-01;  4,427764892578e+01
  6,217405796051e-01;  4,597687149048e+01
  6,317924857140e-01;  4,760736083984e+01
  6,399496197701e-01;  4,883521652222e+01
  6,441082954407e-01;  4,929677200317e+01
  6,450347900391e-01;  4,735897827148e+01
  6,218590140343e-01;  4,261859893799e+01
  6,034967303276e-01;  4,061116790771e+01
  5,867923498154e-01;  3,843928146362e+01
  5,715438127518e-01;  3,612364959717e+01
  5,579741001129e-01;  3,373173522949e+01
  5,458463430405e-01;  3,146442031860e+01
  5,349097847939e-01;  2,949043083191e+01
  5,160041451454e-01;  2,631425285339e+01
  5,001356601715e-01;  2,388619804382e+01
  4,869142472744e-01;  2,198100662231e+01
  4,753855764866e-01;  2,043992805481e+01
  4,613212943077e-01;  1,861563491821e+01
  4,492214024067e-01;  1,721405410767e+01
  4,365712106228e-01;  1,576279544830e+01
  4,260874092579e-01;  1,465302562714e+01
  4,157220721245e-01;  1,360183715820e+01
  4,054611921310e-01;  1,259014225006e+01
  3,953814208508e-01;  1,164262390137e+01
  3,890214860439e-01;  1,109708023071e+01
  3,848628103733e-01;  1,076274871826e+01
  3,822784423828e-01;  1,208689689636e+01
  4,073419868946e-01;  1,562751007080e+01
  4,256276786327e-01;  1,720357131958e+01
  4,425619244576e-01;  1,895552253723e+01
  4,584791660309e-01;  2,087345504761e+01
  4,733793735504e-01;  2,290583610535e+01
  4,869142472744e-01;  2,491218376160e+01
  4,994181692600e-01;  2,678137969971e+01
  5,110931396484e-01;  2,851979446411e+01
  5,217859148979e-01;  3,014262390137e+01
  5,318726301193e-01;  3,165830993652e+01
  5,497124791145e-01;  3,438951873779e+01
  5,650027990341e-01;  3,675502014160e+01
  5,777783393860e-01;  3,879468154907e+01
  5,883805751801e-01;  4,054275512695e+01
  6,017761230469e-01;  4,268377685547e+01
  6,118140816689e-01;  4,437194442749e+01
  6,221933960915e-01;  4,604912948608e+01
  6,331856846809e-01;  4,782959365845e+01
  6,406114101410e-01;  4,891458892822e+01
  6,445332169533e-01;  4,887916564941e+01
  6,450835466385e-01;  4,698527908325e+01
  6,341887712479e-01;  4,390824127197e+01
  6,162444353104e-01;  4,203247833252e+01
  5,983210206032e-01;  3,997373199463e+01
  5,821042060852e-01;  3,775604629517e+01
  5,673503279686e-01;  3,540632629395e+01
  5,542473196983e-01;  3,302647781372e+01
  5,424330234528e-01;  3,084135246277e+01
  5,318378210068e-01;  2,895560455322e+01
  5,134267210960e-01;  2,591045188904e+01
  4,980249702930e-01;  2,357140922546e+01
  4,851379394531e-01;  2,173089981079e+01
  4,738461077213e-01;  2,023686218262e+01
  4,600534737110e-01;  1,845973777771e+01
  4,481416642666e-01;  1,709014701843e+01
  4,357561767101e-01;  1,566667938232e+01
  4,254256486893e-01;  1,457797718048e+01
  4,152692854404e-01;  1,355147171021e+01
  4,051128923893e-01;  1,255421924591e+01
  3,951863944530e-01;  1,163035392761e+01
  3,888821899891e-01;  1,107034778595e+01
  3,848558366299e-01;  1,076346778870e+01
  3,823620378971e-01;  1,271813201904e+01
  4,015741646290e-01;  1,516373348236e+01
  4,202290475368e-01;  1,668331146240e+01
  4,374349713326e-01;  1,838433647156e+01
  4,537771344185e-01;  2,025729942322e+01
  4,689142107964e-01;  2,226902580261e+01
  4,829576015472e-01;  2,430374908447e+01
  4,956704974174e-01;  2,622117233276e+01
  5,076380372047e-01;  2,799993324280e+01
  5,186163783073e-01;  2,965939521790e+01
  5,288912057877e-01;  3,121054840088e+01
  5,472186803818e-01;  3,400488281250e+01
  5,628433227539e-01;  3,642793655396e+01
  5,759811401367e-01;  3,851947784424e+01
  5,868201851845e-01;  4,031028747559e+01
  6,005431413651e-01;  4,249534988403e+01
  6,108736991882e-01;  4,421613311768e+01
  6,214619278908e-01;  4,592918395996e+01
  6,316879987717e-01;  4,759180831909e+01
  6,398451328278e-01;  4,882425689697e+01
  6,440944075584e-01;  4,929264068604e+01
  6,449442505836e-01;  4,736145401001e+01
  6,218172311783e-01;  4,262904739380e+01
  6,034967303276e-01;  4,062122344971e+01
  5,868062376976e-01;  3,844706344604e+01
  5,715438127518e-01;  3,612999725342e+01
  5,579741001129e-01;  3,373534393311e+01
  5,458115339279e-01;  3,146567153931e+01
  5,348680019379e-01;  2,949040031433e+01
  5,159693360329e-01;  2,631387138367e+01
  5,001356601715e-01;  2,388368797302e+01
  4,869142472744e-01;  2,197978210449e+01
  4,753437936306e-01;  2,044176864624e+01
  4,613212943077e-01;  1,862351608276e+01
  4,491865634918e-01;  1,722016525269e+01
  4,365712106228e-01;  1,576571083069e+01
  4,260874092579e-01;  1,465447044373e+01
  4,157220721245e-01;  1,360310268402e+01
  4,054263532162e-01;  1,258686161041e+01
  3,953953683376e-01;  1,164433383942e+01
  3,890214860439e-01;  1,109352588654e+01
  3,848767578602e-01;  1,077493190765e+01
  3,822854161263e-01;  1,208839035034e+01
  4,073002040386e-01;  1,562907028198e+01
  4,255928397179e-01;  1,720671272278e+01
  4,425619244576e-01;  1,895964241028e+01
  4,584652483463e-01;  2,087762069702e+01
  4,733097255230e-01;  2,291119956970e+01
  4,868376255035e-01;  2,491768455505e+01
  4,993485212326e-01;  2,678612518311e+01
  5,110374093056e-01;  2,852332115173e+01
  5,216953158379e-01;  3,014422416687e+01
  5,317681431770e-01;  3,166047859192e+01
  5,495731234550e-01;  3,439086914063e+01
  5,648983120918e-01;  3,675760650635e+01
  5,776529908180e-01;  3,879899215698e+01
  5,882621407509e-01;  4,055030822754e+01
  6,016786098480e-01;  4,268803405762e+01
  6,145656704903e-01;  4,484803771973e+01
  6,260455846786e-01;  4,668896102905e+01
  6,366895437241e-01;  4,838576126099e+01
  6,423180699348e-01;  4,916320037842e+01
  6,446168422699e-01;  4,746062088013e+01
  6,234054565430e-01;  4,279515075684e+01
  6,049804687500e-01;  4,080741500854e+01
  5,880949497223e-01;  3,865235137939e+01
  5,727140903473e-01;  3,635267639160e+01
  5,590190291405e-01;  3,396387481689e+01
  5,467728376389e-01;  3,167625045776e+01
  5,356899499893e-01;  2,967623901367e+01
  5,166450142860e-01;  2,646083259583e+01
  5,006580948830e-01;  2,400635337830e+01
  4,873113334179e-01;  2,208048629761e+01
  4,756642282009e-01;  2,052599906921e+01
  4,615163505077e-01;  1,868394088745e+01
  4,493049979210e-01;  1,726629638672e+01
  4,365712106228e-01;  1,579914951324e+01
  4,260316789150e-01;  1,467856979370e+01
  4,156523942947e-01;  1,361991786957e+01
  4,053567051888e-01;  1,260190486908e+01
  3,952351510525e-01;  1,164879417419e+01
  3,888473510742e-01;  1,109707450867e+01
  3,847025930882e-01;  1,077034568787e+01
  3,821043074131e-01;  1,235230636597e+01
  3,946012556553e-01;  1,463553047180e+01
  4,128938615322e-01;  1,608416557312e+01
  4,306431710720e-01;  1,771518325806e+01
  4,473127424717e-01;  1,952045059204e+01
  4,628538191319e-01;  2,148564529419e+01
  4,774335920811e-01;  2,352800559998e+01
  4,905017316341e-01;  2,549828338623e+01
  5,028523802757e-01;  2,732651138306e+01
  5,141860246658e-01;  2,902875328064e+01
  5,246558785439e-01;  3,061877632141e+01
  5,435615181923e-01;  3,348805236816e+01
  5,596180558205e-01;  3,597450256348e+01
  5,733340978622e-01;  3,812135314941e+01
  5,845004916191e-01;  3,996632766724e+01
  5,986414551735e-01;  4,222891616821e+01
  6,094247698784e-01;  4,400605010986e+01
  6,202986240387e-01;  4,578907012939e+01
  6,309356689453e-01;  4,750613021851e+01
  6,394062638283e-01;  4,879088211060e+01
  6,437112689018e-01;  4,932814025879e+01
  6,448606252670e-01;  4,699103927612e+01
  6,340355277061e-01;  4,391521453857e+01
  6,160563826561e-01;  4,204048156738e+01
  5,981468558311e-01;  3,997962570190e+01
  5,818952322006e-01;  3,776176071167e+01
  5,671552419662e-01;  3,541106796265e+01
  5,540522933006e-01;  3,302915573120e+01
  5,422797799110e-01;  3,084198570251e+01
  5,316984653473e-01;  2,895609855652e+01
  5,132665038109e-01;  2,591012382507e+01
  4,979414045811e-01;  2,356994247437e+01
  4,849777221680e-01;  2,173128318787e+01
  4,737276732922e-01;  2,023748016357e+01
  4,599489867687e-01;  1,846121978760e+01
  4,480162858963e-01;  1,709683036804e+01
  4,356447160244e-01;  1,567627906799e+01
  4,253002703190e-01;  1,458642768860e+01
  4,151299595833e-01;  1,355252075195e+01
  4,050084054470e-01;  1,254973793030e+01
  3,950958251953e-01;  1,162748432159e+01
  3,887916207314e-01;  1,107349681854e+01
  3,847513496876e-01;  1,076297760010e+01
  3,821739554405e-01;  1,217118072510e+01
  4,090974330902e-01;  1,577132129669e+01
  4,272159039974e-01;  1,736290931702e+01
  4,440387189388e-01;  1,913223457336e+01
  4,598236083984e-01;  2,106371688843e+01
  4,746471941471e-01;  2,309864997864e+01
  4,879591464996e-01;  2,509078979492e+01
  5,004282593727e-01;  2,694421577454e+01
  5,119777917862e-01;  2,866857337952e+01
  5,226218104362e-01;  3,028004264832e+01
  5,326249599457e-01;  3,178500556946e+01
  5,502976179123e-01;  3,449863815308e+01
  5,655252337456e-01;  3,684982299805e+01
  5,781406164169e-01;  3,888235092163e+01
  5,887288451195e-01;  4,062348175049e+01
  6,019850969315e-01;  4,274660491943e+01
  6,147397756577e-01;  4,488840103149e+01
  6,261291503906e-01;  4,671302413940e+01
  6,367940306664e-01;  4,840511322021e+01
  6,423180699348e-01;  4,915687561035e+01
  6,449093818665e-01;  4,747625732422e+01
  6,237049698830e-01;  4,281250762939e+01
  6,052521467209e-01;  4,082583236694e+01
  5,883945226669e-01;  3,867094802856e+01
  5,730066895485e-01;  3,636917877197e+01
  5,592976212502e-01;  3,397882080078e+01
  5,469818115234e-01;  3,168969345093e+01
  5,359337925911e-01;  2,968696784973e+01
  5,168957710266e-01;  2,646685028076e+01
  5,009019374847e-01;  2,400880432129e+01
  4,875969290733e-01;  2,208090591431e+01
  4,759010672569e-01;  2,052528953552e+01
  4,617601335049e-01;  1,868087005615e+01
  4,495836198330e-01;  1,726567268372e+01
  4,368498325348e-01;  1,580327033997e+01
  4,263312220573e-01;  1,468706703186e+01
  4,158962070942e-01;  1,362604236603e+01
  4,055865705013e-01;  1,260255336761e+01
  3,954441249371e-01;  1,165554809570e+01
  3,890354335308e-01;  1,109385395050e+01
  3,849255144596e-01;  1,077308654785e+01
  3,823132812977e-01;  1,191732215881e+01
  4,035037457943e-01;  1,532332134247e+01
  4,220053553581e-01;  1,686247444153e+01
  4,391277134418e-01;  1,858043479919e+01
  4,553096592426e-01;  2,046727371216e+01
  4,703422188759e-01;  2,248487472534e+01
  4,841766357422e-01;  2,450796699524e+01
  4,968198835850e-01;  2,640632057190e+01
  5,087386369705e-01;  2,816992187500e+01
  5,195916295052e-01;  2,981613540649e+01
  5,297619104385e-01;  3,135447883606e+01
  5,479291677475e-01;  3,412646102905e+01
  5,634424090385e-01;  3,652805709839e+01
  5,764478445053e-01;  3,860121536255e+01
  5,871963500977e-01;  4,037876510620e+01
  6,008217930794e-01;  4,254964065552e+01
  6,110478043556e-01;  4,426235961914e+01
  6,215525269508e-01;  4,597047424316e+01
  6,316879987717e-01;  4,761014938354e+01
  6,397894024849e-01;  4,883570098877e+01
  6,439689993858e-01;  4,928907012939e+01
  6,448258161545e-01;  4,734990310669e+01
  6,217336058617e-01;  4,261981964111e+01
  6,034061312675e-01;  4,061467742920e+01
  5,867366194725e-01;  3,844373321533e+01
  5,715228915215e-01;  3,613149261475e+01
  5,579532384872e-01;  3,374091339111e+01
  5,458324551582e-01;  3,147522926331e+01
  5,349097847939e-01;  2,950303077698e+01
  5,159901976585e-01;  2,632699966431e+01
  5,001356601715e-01;  2,389671134949e+01
  4,869421124458e-01;  2,198833847046e+01
  4,753995239735e-01;  2,044548034668e+01
  4,613561332226e-01;  1,862346839905e+01
  4,492353498936e-01;  1,722141456604e+01
  4,366269409657e-01;  1,577131843567e+01
  4,261361956596e-01;  1,466397762299e+01
  4,157429635525e-01;  1,360998058319e+01
  4,054820835590e-01;  1,259049415588e+01
  3,954301774502e-01;  1,165008926392e+01
  3,890354335308e-01;  1,108933925629e+01
  3,849255144596e-01;  1,076443481445e+01
  3,823690116405e-01;  1,208568000793e+01
  4,073559343815e-01;  1,562314128876e+01
  4,256276786327e-01;  1,719823265076e+01
  4,425619244576e-01;  1,894996643066e+01
  4,584443569183e-01;  2,086834526062e+01
  4,732888340950e-01;  2,289903068542e+01
  4,867749512196e-01;  2,490330314636e+01
  4,993136823177e-01;  2,677153205872e+01
  5,109677314758e-01;  2,850759315491e+01
  5,216814279556e-01;  3,012911605835e+01
  5,317681431770e-01;  3,164434432983e+01
  5,495522618294e-01;  3,437503433228e+01
  5,648494958878e-01;  3,674046707153e+01
  5,776181221008e-01;  3,878338241577e+01
  5,882621407509e-01;  4,053701782227e+01
  6,016576886177e-01;  4,267931747437e+01
  6,116747856140e-01;  4,436685562134e+01
  6,220401525497e-01;  4,603678894043e+01
  6,330672502518e-01;  4,782188034058e+01
  6,405069231987e-01;  4,892131423950e+01
  6,443381905556e-01;  4,903599548340e+01
  6,448745727539e-01;  4,735850524902e+01
  6,218590140343e-01;  4,262593078613e+01
  6,035315394402e-01;  4,062064361572e+01
  5,868411064148e-01;  3,845002746582e+01
  5,715995430946e-01;  3,613657379150e+01
  5,580785870552e-01;  3,374526596069e+01
  5,459160208702e-01;  3,147860717773e+01
  5,349724888802e-01;  2,950662612915e+01
  5,160946846008e-01;  2,633216094971e+01
  5,002750158310e-01;  2,390174674988e+01
  4,870884120464e-01;  2,199617195129e+01
  4,754831194878e-01;  2,045733451843e+01
  4,614466726780e-01;  1,862973785400e+01
  4,493398368359e-01;  1,722391128540e+01
  4,366617500782e-01;  1,576910209656e+01
  4,262267351151e-01;  1,465935420990e+01
  4,158265590668e-01;  1,360801506042e+01
  4,055865705013e-01;  1,259150028229e+01
  3,955137729645e-01;  1,164261817932e+01
  3,891747593880e-01;  1,109465789795e+01
  3,850369751453e-01;  1,076572704315e+01
  3,824177682400e-01;  1,217387580872e+01
  4,093760550022e-01;  1,577619838715e+01
  4,274736344814e-01;  1,736962509155e+01
  4,443034231663e-01;  1,913815879822e+01
  4,600883126259e-01;  2,107180404663e+01
  4,748561680317e-01;  2,310662269592e+01
  4,881820678711e-01;  2,509890174866e+01
  5,006511807442e-01;  2,695161819458e+01
  5,121868252754e-01;  2,867637443542e+01
  5,228099226952e-01;  3,028825950623e+01
  5,420290231705e-01;  3,319572448730e+01
  5,583154559135e-01;  3,572126007080e+01
  5,722821950912e-01;  3,790490341187e+01
  5,836645960808e-01;  3,978376770020e+01
  5,980493426323e-01;  4,208867645264e+01
  6,090416312218e-01;  4,389897155762e+01
  6,200687289238e-01;  4,571039962769e+01
  6,309217214584e-01;  4,746605682373e+01
  6,394759416580e-01;  4,877466583252e+01
  6,438297033310e-01;  4,932120895386e+01
  6,449999809265e-01;  4,698784637451e+01
  6,341539621353e-01;  4,391215515137e+01
  6,162304878235e-01;  4,203805923462e+01
  5,983210206032e-01;  3,997967529297e+01
  5,820833444595e-01;  3,776369476318e+01
  5,673781633377e-01;  3,541330337524e+01
  5,542960762978e-01;  3,303260803223e+01
  5,425166487694e-01;  3,084733963013e+01
  5,319283604622e-01;  2,896250152588e+01
  5,135451555252e-01;  2,591954803467e+01
  4,981991350651e-01;  2,358356857300e+01
  4,852772653103e-01;  2,174184417725e+01
  4,739993512630e-01;  2,024881935120e+01
  4,602415561676e-01;  1,847438430786e+01
  4,482740461826e-01;  1,710299491882e+01
  4,358955025673e-01;  1,568116855621e+01
  4,255858659744e-01;  1,458984565735e+01
  4,153737723827e-01;  1,355745315552e+01
  4,052522182465e-01;  1,256068420410e+01
  3,953117728233e-01;  1,162224674225e+01
  3,890354335308e-01;  1,108288860321e+01
  3,849255144596e-01;  1,076162433624e+01
  3,825710117817e-01;  1,263827323914e+01
  4,000416696072e-01;  1,504518413544e+01
  4,187313616276e-01;  1,654661369324e+01
  4,360278546810e-01;  1,822925567627e+01
  4,524187743664e-01;  2,008376502991e+01
  4,676463901997e-01;  2,208184814453e+01
  4,817733764648e-01;  2,411685180664e+01
  4,945071637630e-01;  2,604198837280e+01
  5,065931081772e-01;  2,782979583740e+01
  5,176550745964e-01;  2,949740028381e+01
  5,279159545898e-01;  3,105587387085e+01
  5,464314818382e-01;  3,386514663696e+01
  5,620770454407e-01;  3,629885482788e+01
  5,753681063652e-01;  3,840372848511e+01
  5,862768292427e-01;  4,020904541016e+01
  6,001251935959e-01;  4,241952896118e+01
  6,105532646179e-01;  4,416360092163e+01
  6,212181448936e-01;  4,589944839478e+01
  6,315138339996e-01;  4,756403732300e+01
  6,397754549980e-01;  4,882423019409e+01
  6,439550518990e-01;  4,932826232910e+01
  6,451392769814e-01;  4,686542892456e+01
  6,326980590820e-01;  4,374155044556e+01
  6,144542098045e-01;  4,184862518311e+01
  5,967397093773e-01;  3,977391052246e+01
  5,806552767754e-01;  3,754315948486e+01
  5,660894513130e-01;  3,518265914917e+01
  5,531885027885e-01;  3,281142807007e+01
  5,415065884590e-01;  3,065525436401e+01
  5,310436487198e-01;  2,880003547668e+01
  5,127858519554e-01;  2,579980278015e+01
  4,976279139519e-01;  2,349051094055e+01
  4,847687482834e-01;  2,166656875610e+01
  4,735883772373e-01;  2,018629646301e+01
  4,598584473133e-01;  1,842371177673e+01
  4,480162858963e-01;  1,706296920776e+01
  4,357004463673e-01;  1,565341281891e+01
  4,254256486893e-01;  1,456846904755e+01
  4,152692854404e-01;  1,354093742371e+01
  4,051825404167e-01;  1,254284000397e+01
  3,953117728233e-01;  1,161967277527e+01
  3,890911638737e-01;  1,107498073578e+01
  3,850160539150e-01;  1,075883007050e+01
  3,824874162674e-01;  1,234778213501e+01
  3,948938250542e-01;  1,462542819977e+01
  4,131864607334e-01;  1,607024002075e+01
  4,309217929840e-01;  1,769966316223e+01
  4,475774466991e-01;  1,950202560425e+01
  4,631324410439e-01;  2,146345329285e+01
  4,776564836502e-01;  2,350508689880e+01
  4,907107055187e-01;  2,547338867188e+01
  5,030613541603e-01;  2,730001831055e+01
  5,144019722939e-01;  2,900128173828e+01
  5,248718261719e-01;  3,059107208252e+01
  5,437704920769e-01;  3,345898437500e+01
  5,598131418228e-01;  3,594716644287e+01
  5,735430717468e-01;  3,809675598145e+01
  5,847443342209e-01;  3,994615554810e+01
  5,989200472832e-01;  4,221475219727e+01
  6,096755266190e-01;  4,400190353394e+01
  6,205912232399e-01;  4,578481674194e+01
  6,311725378036e-01;  4,749948120117e+01
  6,396361589432e-01;  4,879387664795e+01
  6,439550518990e-01;  4,931846237183e+01
  6,450347900391e-01;  4,673194885254e+01
  6,309774518013e-01;  4,356150817871e+01
  6,125524640083e-01;  4,165013504028e+01
  5,950469970703e-01;  3,955892562866e+01
  5,790879726410e-01;  3,731467056274e+01
  5,647311210632e-01;  3,494604492188e+01
  5,518928170204e-01;  3,258462524414e+01
  5,403780937195e-01;  3,045684432983e+01
  5,300405621529e-01;  2,862744712830e+01
  5,119290351868e-01;  2,566574478149e+01
  4,968407750130e-01;  2,338516616821e+01
  4,841139316559e-01;  2,158160591125e+01
  4,730798602104e-01;  2,011994171143e+01
  4,594265520573e-01;  1,837459945679e+01
  4,476470947266e-01;  1,702248764038e+01
  4,353800117970e-01;  1,561875152588e+01
  4,251957833767e-01;  1,454083919525e+01
  4,150951206684e-01;  1,352203655243e+01
  4,050920009613e-01;  1,253109931946e+01
  3,952908813953e-01;  1,160961532593e+01
  3,890911638737e-01;  1,107063007355e+01
  3,850648403168e-01;  1,075722885132e+01
  3,827173113823e-01;  1,192055797577e+01
  4,038938581944e-01;  1,533132457733e+01
  4,224442243576e-01;  1,687128067017e+01
  4,395247697830e-01;  1,858938217163e+01
  4,556231200695e-01;  2,047596740723e+01
  4,706626534462e-01;  2,249371528625e+01
  4,844761788845e-01;  2,451616668701e+01
  4,971054792404e-01;  2,641203689575e+01
  5,089476108551e-01;  2,817272186279e+01
  5,198215246201e-01;  2,981534004211e+01
  5,300057530403e-01;  3,135213279724e+01
  5,481242537498e-01;  3,412002944946e+01
  5,636304616928e-01;  3,651961135864e+01
  5,766220092773e-01;  3,859358596802e+01
  5,873565673828e-01;  4,037311553955e+01
  6,009959578514e-01;  4,254769134521e+01
  6,111871600151e-01;  4,426722717285e+01
  6,217266321182e-01;  4,597055816650e+01
  6,317924857140e-01;  4,760059356689e+01
  6,399287581444e-01;  4,883332443237e+01
  6,441152691841e-01;  4,928350448608e+01
  6,449999809265e-01;  4,723843002319e+01
  6,199781894684e-01;  4,243598556519e+01
  6,018248796463e-01;  4,041337203979e+01
  5,853224992752e-01;  3,822673416138e+01
  5,702551007271e-01;  3,590084075928e+01
  5,568943619728e-01;  3,351199340820e+01
  5,448362827301e-01;  3,127262687683e+01
  5,340529680252e-01;  2,932995223999e+01
  5,153284668922e-01;  2,619923591614e+01
  4,996480643749e-01;  2,379967880249e+01
  4,865659773350e-01;  2,191497993469e+01
  4,750651419163e-01;  2,039006614685e+01
  4,611332118511e-01;  1,857978439331e+01
  4,490960240364e-01;  1,718450164795e+01
  4,365363717079e-01;  1,574388122559e+01
  4,261361956596e-01;  1,464164638519e+01
  4,158126115799e-01;  1,359538745880e+01
  4,056005179882e-01;  1,257893943787e+01
  3,955903947353e-01;  1,163621711731e+01
  3,892792463303e-01;  1,108904361725e+01
  3,851693272591e-01;  1,076773548126e+01
  3,825570940971e-01;  1,208274173737e+01
  4,075440168381e-01;  1,561720180511e+01
  4,258018136024e-01;  1,719163894653e+01
  4,427360892296e-01;  1,894371414185e+01
  4,586184918880e-01;  2,086034393311e+01
  4,734420776367e-01;  2,289108276367e+01
  4,869281947613e-01;  2,489452743530e+01
  4,994530081749e-01;  2,676184844971e+01
  5,110931396484e-01;  2,849880981445e+01
  5,217859148979e-01;  3,011979484558e+01
  5,318168997765e-01;  3,163454627991e+01
  5,495731234550e-01;  3,436313247681e+01
  5,649191737175e-01;  3,672668075562e+01
  5,776877999306e-01;  3,876945495605e+01
  5,883178710938e-01;  4,052244949341e+01
  6,017273664474e-01;  4,266914367676e+01
  6,117444038391e-01;  4,436282730103e+01
  6,221237182617e-01;  4,603853607178e+01
  6,331020593643e-01;  4,782239151001e+01
  6,405417323112e-01;  4,891817474365e+01
  6,444496512413e-01;  4,888073348999e+01
  6,449999809265e-01;  4,699141693115e+01
  6,341539621353e-01;  4,391636276245e+01
  6,161956787109e-01;  4,204209518433e+01
  5,983418822289e-01;  3,998400878906e+01
  5,821529626846e-01;  3,776877593994e+01
  5,674199461937e-01;  3,541773986816e+01
  5,543308854103e-01;  3,303726196289e+01
  5,425584316254e-01;  3,085296630859e+01
  5,320328474045e-01;  2,896796607971e+01
  5,136078596115e-01;  2,592462348938e+01
  4,982896745205e-01;  2,358642387390e+01
  4,853747785091e-01;  2,174382209778e+01
  4,740899205208e-01;  2,025252532959e+01
  4,603181779385e-01;  1,847623634338e+01
  4,483994245529e-01;  1,710605049133e+01
  4,360139369965e-01;  1,568267536163e+01
  4,257182180882e-01;  1,459353733063e+01
  4,155130684376e-01;  1,356434249878e+01
  4,053567051888e-01;  1,256038093567e+01
  3,954301774502e-01;  1,163008785248e+01
  3,891747593880e-01;  1,107875156403e+01
  3,850857317448e-01;  1,075693798065e+01
  3,827660679817e-01;  1,192309284210e+01
  4,039426147938e-01;  1,532963562012e+01
  4,224581420422e-01;  1,686888504028e+01
  4,395456612110e-01;  1,858623695374e+01
  4,556231200695e-01;  2,047137641907e+01
  4,706766009331e-01;  2,248705673218e+01
  4,845249354839e-01;  2,450930976868e+01
  4,971333444118e-01;  2,640452384949e+01
  5,089824795723e-01;  2,816480255127e+01
  5,198354125023e-01;  2,980881881714e+01
  5,300057530403e-01;  3,134666824341e+01
  5,481242537498e-01;  3,411753845215e+01
  5,636444091797e-01;  3,651535797119e+01
  5,766429305077e-01;  3,858671951294e+01
  5,873913764954e-01;  4,036748886108e+01
  6,010307669640e-01;  4,253949737549e+01
  6,111871600151e-01;  4,425154876709e+01
  6,217405796051e-01;  4,595733261108e+01
  6,318621635437e-01;  4,759852981567e+01
  6,399635672569e-01;  4,882833480835e+01
  6,441779732704e-01;  4,927399444580e+01
  6,450695991516e-01;  4,711908340454e+01
  6,181461215019e-01;  4,224049758911e+01
  6,001182198524e-01;  4,019820404053e+01
  5,837900042534e-01;  3,799629974365e+01
  5,688967704773e-01;  3,565655136108e+01
  5,556753277779e-01;  3,326999664307e+01
  5,437914133072e-01;  3,105656051636e+01
  5,331334471703e-01;  2,914304924011e+01
  5,146109461784e-01;  2,605627632141e+01
  4,990907609463e-01;  2,368873405457e+01
  4,860783517361e-01;  2,182742500305e+01
  4,747029244900e-01;  2,031992530823e+01
  4,608476161957e-01;  1,852877235413e+01
  4,489009678364e-01;  1,715171623230e+01
  4,364318847656e-01;  1,571562576294e+01
  4,260526001453e-01;  1,461764049530e+01
  4,157708287239e-01;  1,357460403442e+01
  4,056701660156e-01;  1,256946468353e+01
  3,956739902496e-01;  1,163199901581e+01
  3,893837332726e-01;  1,108250617981e+01
  3,852738142014e-01;  1,076444911957e+01
  3,827103376389e-01;  1,225676536560e+01
  3,935633003712e-01;  1,449178886414e+01
  4,115146100521e-01;  1,591852283478e+01
  4,294101893902e-01;  1,752972221375e+01
  4,461285173893e-01;  1,931517601013e+01
  4,617879986763e-01;  2,126078796387e+01
  4,764235019684e-01;  2,330044937134e+01
  4,896101057529e-01;  2,527922058105e+01
  5,019955635071e-01;  2,711919784546e+01
  5,134615898132e-01;  2,883069419861e+01
  5,240150094032e-01;  3,043037986755e+01
  5,430530309677e-01;  3,331539154053e+01
  5,591861605644e-01;  3,581938934326e+01
  5,730345249176e-01;  3,798509597778e+01
  5,843263864517e-01;  3,984946823120e+01
  5,985926985741e-01;  4,214210510254e+01
  6,094456315041e-01;  4,394555282593e+01
  6,204518675804e-01;  4,574543380737e+01
  6,311306953430e-01;  4,747422027588e+01
  6,396849155426e-01;  4,878682327271e+01
  6,440038084984e-01;  4,931754302979e+01
  6,451392769814e-01;  4,672574234009e+01
  6,310471296310e-01;  4,355509567261e+01
  6,126430630684e-01;  4,164402389526e+01
  5,951514840126e-01;  3,955289459229e+01
  5,792272686958e-01;  3,730920410156e+01
  5,648704171181e-01;  3,494242477417e+01
  5,520669817924e-01;  3,258439254761e+01
  5,405313372612e-01;  3,046186256409e+01
  5,302147269249e-01;  2,863516235352e+01
  5,121171474457e-01;  2,567637062073e+01
  4,970497488976e-01;  2,339465141296e+01
  4,843020141125e-01;  2,159085655212e+01
  4,732539951801e-01;  2,012550926208e+01
  4,596146345139e-01;  1,837644386292e+01
  4,478560686111e-01;  1,702319717407e+01
  4,356307983398e-01;  1,561991214752e+01
  4,254256486893e-01;  1,454481601715e+01
  4,153389334679e-01;  1,352602005005e+01
  4,053358137608e-01;  1,253416633606e+01
  3,954859077930e-01;  1,161797046661e+01
  3,892513811588e-01;  1,107084465027e+01
  3,852111101151e-01;  1,075656986237e+01
  3,826963901520e-01;  1,244167709351e+01
  3,967397809029e-01;  1,476076126099e+01
  4,152274727821e-01;  1,622386932373e+01
  4,328235089779e-01;  1,787008666992e+01
  4,493885934353e-01;  1,968894004822e+01
  4,647694528103e-01;  2,166304588318e+01
  4,791611433029e-01;  2,370266914368e+01
  4,920830130577e-01;  2,565569114685e+01
  5,043292045593e-01;  2,746723556519e+01
  5,156349539757e-01;  2,915732383728e+01
  5,260003209114e-01;  3,073633575439e+01
  5,447596907616e-01;  3,358445739746e+01
  5,606490373611e-01;  3,605523300171e+01
  5,742535591125e-01;  3,819195556641e+01
  5,853155255318e-01;  4,002882003784e+01
  5,994076728821e-01;  4,228038406372e+01
  6,100029349327e-01;  4,405456924438e+01
  6,208350062370e-01;  4,581820678711e+01
  6,313396692276e-01;  4,751623535156e+01
  6,397406458855e-01;  4,879276275635e+01
  6,440734863281e-01;  4,931365585327e+01
  6,450208425522e-01;  4,645762634277e+01
  6,274944543839e-01;  4,319270706177e+01
  6,090346574783e-01;  4,124356842041e+01
  5,918774604797e-01;  3,912038803101e+01
  5,761970877647e-01;  3,684781265259e+01
  5,621885061264e-01;  3,446543502808e+01
  5,496985316277e-01;  3,213735580444e+01
  5,383718609810e-01;  3,007449722290e+01
  5,282503366470e-01;  2,829880905151e+01
  5,104662179947e-01;  2,541799926758e+01
  4,956913888454e-01;  2,319265174866e+01
  4,830968976021e-01;  2,142964744568e+01
  4,722578525543e-01;  1,999336814880e+01
  4,587996006012e-01;  1,827651977539e+01
  4,471664428711e-01;  1,694934844971e+01
  4,350386857986e-01;  1,556151485443e+01
  4,249519705772e-01;  1,449579429626e+01
  4,134441912174e-01;  1,332467651367e+01
  4,027444720268e-01;  1,228766536713e+01
  3,939325213432e-01;  1,146607208252e+01
  3,882552385330e-01;  1,098913192749e+01
  3,845214843750e-01;  1,070880794525e+01
  3,827451765537e-01;  1,253519725800e+01
  3,984603881836e-01;  1,489786148071e+01
  4,170804321766e-01;  1,637989807129e+01
  4,344953596592e-01;  1,804415512085e+01
  4,509768188000e-01;  1,987948608398e+01
  4,662671387196e-01;  2,186481857300e+01
  4,805334210396e-01;  2,390188407898e+01
  4,933229386806e-01;  2,584075355530e+01
  5,054994821548e-01;  2,763927650452e+01
  5,166310667992e-01;  2,931612777710e+01
  5,269755721092e-01;  3,088392257690e+01
  5,455816388130e-01;  3,371104431152e+01
  5,613456368446e-01;  3,616388702393e+01
  5,748108625412e-01;  3,828507995605e+01
  5,858240723610e-01;  4,010592269897e+01
  5,997768640518e-01;  4,233889007568e+01
  6,103024482727e-01;  4,409666061401e+01
  6,210788488388e-01;  4,585195159912e+01
  6,314650774002e-01;  4,753637313843e+01
  6,397545933723e-01;  4,880386734009e+01
  6,440734863281e-01;  4,931105422974e+01
  6,448536515236e-01;  4,631705474854e+01
  6,257042288780e-01;  4,300419235229e+01
  6,072235107422e-01;  4,103583526611e+01
  5,902195572853e-01;  3,889789581299e+01
  5,747551321983e-01;  3,661040496826e+01
  5,608789324760e-01;  3,422424697876e+01
  5,485143065453e-01;  3,191381645203e+01
  5,373478531837e-01;  2,988103866577e+01
  5,273098945618e-01;  2,813262748718e+01
  5,096859931946e-01;  2,529027748108e+01
  4,950644373894e-01;  2,309187316895e+01
  4,825396239758e-01;  2,134825515747e+01
  4,718259871006e-01;  1,992834472656e+01
  4,584164917469e-01;  1,822814178467e+01
  4,468668997288e-01;  1,691037178040e+01
  4,348436295986e-01;  1,553085517883e+01
  4,247638881207e-01;  1,446989345551e+01
  4,133188128471e-01;  1,331055259705e+01
  4,026747941971e-01;  1,228326034546e+01
  3,938628435135e-01;  1,146437835693e+01
  3,882064819336e-01;  1,098056125641e+01
  3,845772147179e-01;  1,070031452179e+01
  3,827660679817e-01;  1,253472137451e+01
  3,984812796116e-01;  1,489766979218e+01
  4,170943498611e-01;  1,638062477112e+01
  4,344953596592e-01;  1,804499626160e+01
  4,509768188000e-01;  1,987963485718e+01
  4,662671387196e-01;  2,186335945129e+01
  4,804846644402e-01;  2,389986038208e+01
  4,933020472527e-01;  2,583762359619e+01
  5,054925084114e-01;  2,763518714905e+01
  5,166102051735e-01;  2,931166076660e+01
  5,269755721092e-01;  3,087831687927e+01
  5,455676913261e-01;  3,370425033569e+01
  5,613456368446e-01;  3,615641784668e+01
  5,748317837715e-01;  3,827875137329e+01
  5,858379602432e-01;  4,010614776611e+01
  5,997908115387e-01;  4,234175872803e+01
  6,103163957596e-01;  4,410178756714e+01
  6,210649013519e-01;  4,585038757324e+01
  6,314790248871e-01;  4,752841949463e+01
  6,398451328278e-01;  4,880454254150e+01
  6,440944075584e-01;  4,930912399292e+01
  6,449024081230e-01;  4,631957244873e+01
  6,257042288780e-01;  4,300713348389e+01
  6,072374582291e-01;  4,103950500488e+01
  5,902544260025e-01;  3,890286636353e+01
  5,747690796852e-01;  3,661574935913e+01
  5,608997941017e-01;  3,422927856445e+01
  5,485491752625e-01;  3,191928672791e+01
  5,373618006706e-01;  2,988633155823e+01
  5,273447632790e-01;  2,813766098022e+01
  5,096999406815e-01;  2,529558753967e+01
  4,950992763042e-01;  2,309865570068e+01
  4,825883805752e-01;  2,135051727295e+01
  4,718607962132e-01;  1,992663192749e+01
  4,584513008595e-01;  1,822544479370e+01
  4,469017386436e-01;  1,690287971497e+01
  4,348784685135e-01;  1,552782154083e+01
  4,248474836349e-01;  1,446676731110e+01
  4,133884608746e-01;  1,330933856964e+01
  4,027444720268e-01;  1,228072071075e+01
  3,939464390278e-01;  1,146633720398e+01
  3,883039951324e-01;  1,098838520050e+01
  3,845981061459e-01;  1,070234489441e+01
  3,830377459526e-01;  1,273466491699e+01
  4,022011160851e-01;  1,518345737457e+01
  4,208002388477e-01;  1,670258331299e+01
  4,379574358463e-01;  1,840293884277e+01
  4,541951119900e-01;  2,027346038818e+01
  4,693182110786e-01;  2,228068733215e+01
  4,832362234592e-01;  2,430886268616e+01
  4,959003627300e-01;  2,621926879883e+01
  5,078678727150e-01;  2,799198341370e+01
  5,188044905663e-01;  2,964733314514e+01
  5,290305018425e-01;  3,119525718689e+01
  5,472744107246e-01;  3,398456573486e+01
  5,628781318665e-01;  3,639843368530e+01
  5,760159492493e-01;  3,848517608643e+01
  5,868341326714e-01;  4,027870941162e+01
  6,005570888519e-01;  4,246629333496e+01
  6,108945608139e-01;  4,419276809692e+01
  6,214828491211e-01;  4,591494750977e+01
  6,317089200020e-01;  4,757234954834e+01
  6,399008631706e-01;  4,881118774414e+01
  6,441779732704e-01;  4,930717468262e+01
  6,450487375259e-01;  4,748802947998e+01
  6,238930821419e-01;  4,283421325684e+01
  6,055168509483e-01;  4,084969329834e+01
  5,886870622635e-01;  3,869392013550e+01
  5,733549594879e-01;  3,639297485352e+01
  5,596459507942e-01;  3,400191116333e+01
  5,473649501801e-01;  3,171095848083e+01
  5,363377928734e-01;  2,970664596558e+01
  5,173485875130e-01;  2,648279571533e+01
  5,013546943665e-01;  2,401872253418e+01
  4,880984723568e-01;  2,209113311768e+01
  4,763886928558e-01;  2,053584480286e+01
  4,622825980186e-01;  1,869150543213e+01
  4,501618146896e-01;  1,727443885803e+01
  4,373931884766e-01;  1,581001663208e+01
  4,269372820854e-01;  1,469087123871e+01
  4,164952933788e-01;  1,363031578064e+01
  4,062135219574e-01;  1,260893440247e+01
  3,960919678211e-01;  1,166005897522e+01
  3,896623551846e-01;  1,109282302856e+01
  3,855524361134e-01;  1,076858139038e+01
  3,829402029514e-01;  1,200119209290e+01
  3,834417462349e-01;  1,294323348999e+01
  4,060114920139e-01;  1,547076892853e+01
  4,243946969509e-01;  1,702710533142e+01
  4,413568377495e-01;  1,876107215881e+01
  4,573297798634e-01;  2,066094207764e+01
  4,722230434418e-01;  2,268488311768e+01
  4,858275651932e-01;  2,469654846191e+01
  4,983732700348e-01;  2,657635688782e+01
  5,101666450500e-01;  2,832452201843e+01
  5,209151506424e-01;  2,995716285706e+01
  5,310297608376e-01;  3,148465919495e+01
  5,489810705185e-01;  3,423500823975e+01
  5,643200874329e-01;  3,661789321899e+01
  5,772350430489e-01;  3,867540359497e+01
  5,879138708115e-01;  4,044141006470e+01
  6,013929843903e-01;  4,259552001953e+01
  6,114866733551e-01;  4,429737472534e+01
  6,219844222069e-01;  4,598951721191e+01
  6,330672502518e-01;  4,779895782471e+01
  6,405696272850e-01;  4,890921783447e+01
  6,444914340973e-01;  4,903295516968e+01
  6,450695991516e-01;  4,736065292358e+01
  6,220679879189e-01;  4,263523864746e+01
  6,038101911545e-01;  4,063263702393e+01
  5,871754288673e-01;  3,846462249756e+01
  5,719478726387e-01;  3,615471267700e+01
  5,584269165993e-01;  3,376572036743e+01
  5,462852120399e-01;  3,150049400330e+01
  5,353626012802e-01;  2,952805328369e+01
  5,165265798569e-01;  2,635294342041e+01
  5,006720423698e-01;  2,392252159119e+01
  4,875063598156e-01;  2,201273727417e+01
  4,759428501129e-01;  2,046745109558e+01
  4,618994593620e-01;  1,863812065125e+01
  4,498274326324e-01;  1,722968292236e+01
  4,372120797634e-01;  1,577857875824e+01
  4,267700910568e-01;  1,466986465454e+01
  4,163629412651e-01;  1,362110519409e+01
  4,061229526997e-01;  1,260083580017e+01
  3,960153460503e-01;  1,165242290497e+01
  3,896623551846e-01;  1,109605789185e+01
  3,855176270008e-01;  1,076609897614e+01
  3,829402029514e-01;  1,208446121216e+01
  4,078783690929e-01;  1,561854171753e+01
  4,261361956596e-01;  1,719105720520e+01
  4,429938197136e-01;  1,894244194031e+01
  4,588623046875e-01;  2,085797309875e+01
  4,736858904362e-01;  2,288612556458e+01
  4,871023297310e-01;  2,488672256470e+01
  4,996271431446e-01;  2,675211906433e+01
  5,112951397896e-01;  2,848738861084e+01
  5,219391584396e-01;  3,010635185242e+01
  5,319910645485e-01;  3,162072944641e+01
  5,497264266014e-01;  3,434869384766e+01
  5,650445818901e-01;  3,671275711060e+01
  5,777922868729e-01;  3,875684738159e+01
  5,884502530098e-01;  4,051273345947e+01
  6,018109321594e-01;  4,265774154663e+01
  6,118488907814e-01;  4,434973144531e+01
  6,222282052040e-01;  4,602350616455e+01
  6,331856846809e-01;  4,780712127686e+01
  6,406810879707e-01;  4,891230010986e+01
  6,446307897568e-01;  4,888403320313e+01
  6,452089548111e-01;  4,699394226074e+01
  6,343837976456e-01;  4,392213439941e+01
  6,164394617081e-01;  4,204845046997e+01
  5,986205339432e-01;  3,999059677124e+01
  5,824525356293e-01;  3,777428054810e+01
  5,677473545074e-01;  3,542512512207e+01
  5,546792149544e-01;  3,304584121704e+01
  5,429206490517e-01;  3,086218452454e+01
  5,323811173439e-01;  2,897963333130e+01
  5,140188336372e-01;  2,593880653381e+01
  4,986379742622e-01;  2,360249710083e+01
  4,857648909092e-01;  2,175924873352e+01
  4,744591116905e-01;  2,026431655884e+01
  4,607152640820e-01;  1,848530960083e+01
  4,488173723221e-01;  1,711566352844e+01
  4,364318847656e-01;  1,569393157959e+01
  4,261361956596e-01;  1,460327434540e+01
  4,158962070942e-01;  1,356816959381e+01
  4,058094918728e-01;  1,256849479675e+01
  3,958481550217e-01;  1,163511085510e+01
  3,895578682423e-01;  1,109002685547e+01
  3,854131400585e-01;  1,076183605194e+01
  3,828357160091e-01;  1,216583347321e+01
  4,097034633160e-01;  1,575917911530e+01
  4,277731776237e-01;  1,734979057312e+01
  4,445472359657e-01;  1,911734008789e+01
  4,602763950825e-01;  2,104763412476e+01
  4,750303328037e-01;  2,308123207092e+01
  4,883213937283e-01;  2,507124519348e+01
  5,007765293121e-01;  2,692287445068e+01
  5,123261213303e-01;  2,864631271362e+01
  5,229004621506e-01;  3,025620841980e+01
  5,329174995422e-01;  3,176156044006e+01
  5,505065917969e-01;  3,447127914429e+01
  5,656993985176e-01;  3,681822586060e+01
  5,782938599586e-01;  3,884606552124e+01
  5,888542532921e-01;  4,058319473267e+01
  6,021592617035e-01;  4,270908355713e+01
  6,149626970291e-01;  4,486438751221e+01
  6,263241767883e-01;  4,669615554810e+01
  6,369333863258e-01;  4,838309097290e+01
  6,425618529320e-01;  4,915077209473e+01
  6,451392769814e-01;  4,672983932495e+01
  6,310749650002e-01;  4,356215286255e+01
  6,127126812935e-01;  4,165085220337e+01
  5,952141880989e-01;  3,956132888794e+01
  5,793178677559e-01;  3,731893539429e+01
  5,649400949478e-01;  3,495411300659e+01
  5,521854162216e-01;  3,259556579590e+01
  5,407055020332e-01;  3,047242927551e+01
  5,303958654404e-01;  2,864605140686e+01
  5,123121738434e-01;  2,568671607971e+01
  4,972238838673e-01;  2,340507316589e+01
  4,845458269119e-01;  2,160076713562e+01
  4,734490513802e-01;  2,013068962097e+01
  4,598305821419e-01;  1,838058662415e+01
  4,480998814106e-01;  1,702783966064e+01
  4,358746111393e-01;  1,562368679047e+01
  4,256834089756e-01;  1,454554367065e+01
  4,156036376953e-01;  1,352646636963e+01
  4,055865705013e-01;  1,253724956512e+01
  3,957436680794e-01;  1,161310291290e+01
  3,895439505577e-01;  1,107902908325e+01
  3,854479491711e-01;  1,075268554688e+01
  3,832676112652e-01;  1,273556613922e+01
  4,024309813976e-01;  1,518123626709e+01
  4,209744036198e-01;  1,669938850403e+01
  4,381524920464e-01;  1,839763832092e+01
  4,543553292751e-01;  2,026601409912e+01
  4,694436192513e-01;  2,227203750610e+01
  4,833894670010e-01;  2,429816055298e+01
  4,960675537586e-01;  2,620679283142e+01
  5,079863071442e-01;  2,797996520996e+01
  5,189507603645e-01;  2,963429450989e+01
  5,291698575020e-01;  3,118178176880e+01
  5,474485158920e-01;  3,396934890747e+01
  5,629965662956e-01;  3,638518142700e+01
  5,761691927910e-01;  3,847329711914e+01
  5,869873762131e-01;  4,026772308350e+01
  6,006963849068e-01;  4,246290588379e+01
  6,109920740128e-01;  4,419952011108e+01
  6,216570138931e-01;  4,592217636108e+01
  6,317785382271e-01;  4,756583404541e+01
  6,400192975998e-01;  4,881209564209e+01
  6,443033814430e-01;  4,922485733032e+01
  6,451392769814e-01;  4,685966873169e+01
  6,327468156815e-01;  4,373918533325e+01
  6,145377755165e-01;  4,184580993652e+01
  5,968581438065e-01;  3,977108001709e+01
  5,808643102646e-01;  3,754116821289e+01
  5,663193464279e-01;  3,518290328979e+01
  5,534253120422e-01;  3,281269073486e+01
  5,417851805687e-01;  3,065909576416e+01
  5,313501954079e-01;  2,880403709412e+01
  5,131829380989e-01;  2,580521202087e+01
  4,979901611805e-01;  2,349829864502e+01
  4,851866960526e-01;  2,167743110657e+01
  4,739854335785e-01;  2,019963836670e+01
  4,603321254253e-01;  1,843319511414e+01
  4,485039114952e-01;  1,706898307800e+01
  4,362020194530e-01;  1,565146732330e+01
  4,259829223156e-01;  1,456808376312e+01
  4,158265590668e-01;  1,354718494415e+01
  4,057746529579e-01;  1,255758380890e+01
  3,958829939365e-01;  1,162595653534e+01
  3,896484375000e-01;  1,108105754852e+01
  3,855176270008e-01;  1,075548362732e+01
  3,830307722092e-01;  1,243828964233e+01
  3,970532715321e-01;  1,475608253479e+01
  4,155618548393e-01;  1,621776008606e+01
  4,331021606922e-01;  1,786142921448e+01
  4,496114850044e-01;  1,967919158936e+01
  4,649784266949e-01;  2,165148544312e+01
  4,793840348721e-01;  2,368973922729e+01
  4,922780692577e-01;  2,564215660095e+01
  5,044894218445e-01;  2,745370674133e+01
  5,157254934311e-01;  2,914332962036e+01
  5,261605381966e-01;  3,072134208679e+01
  5,449059605598e-01;  3,357157135010e+01
  5,607674717903e-01;  3,604293823242e+01
  5,743580460548e-01;  3,817998504639e+01
  5,854061245918e-01;  4,001728057861e+01
  5,994773507118e-01;  4,226894760132e+01
  6,101074218750e-01;  4,404052734375e+01
  6,209046840668e-01;  4,580562973022e+01
  6,314302682877e-01;  4,750697708130e+01
  6,398451328278e-01;  4,879396057129e+01
  6,441292166710e-01;  4,930904388428e+01
  6,449860334396e-01;  4,632541275024e+01
  6,258087158203e-01;  4,301751708984e+01
  6,073628067970e-01;  4,105053710938e+01
  5,904146432877e-01;  3,891268539429e+01
  5,749292969704e-01;  3,662807083130e+01
  5,610948801041e-01;  3,424241638184e+01
  5,487024188042e-01;  3,193243789673e+01
  5,375220179558e-01;  2,989948654175e+01
  5,274840593338e-01;  2,814909934998e+01
  5,098741054535e-01;  2,530519676208e+01
  4,952943325043e-01;  2,310449028015e+01
  4,827695190907e-01;  2,135674667358e+01
  4,720697700977e-01;  1,993329238892e+01
  4,586742222309e-01;  1,823249244690e+01
  4,471107125282e-01;  1,691408729553e+01
  4,350735247135e-01;  1,553802776337e+01
  4,228273332119e-01;  1,425111770630e+01
  4,120301008224e-01;  1,316029357910e+01
  4,018528163433e-01;  1,217872428894e+01
  3,935006260872e-01;  1,141084671021e+01
  3,880601823330e-01;  1,095019149780e+01
  3,844936192036e-01;  1,068128395081e+01
  3,830237984657e-01;  1,253589153290e+01
  3,987599313259e-01;  1,489545726776e+01
  4,173172712326e-01;  1,637694740295e+01
  4,347182512283e-01;  1,803914642334e+01
  4,511440098286e-01;  1,987257385254e+01
  4,664064347744e-01;  2,185377311707e+01
  4,806727468967e-01;  2,388927078247e+01
  4,934622645378e-01;  2,582552719116e+01
  5,056039690971e-01;  2,762342071533e+01
  5,167355537415e-01;  2,930019187927e+01
  5,270661115646e-01;  3,086797904968e+01
  5,456373691559e-01;  3,369483184814e+01
  5,613943934441e-01;  3,614603042603e+01
  5,748665928841e-01;  3,826939392090e+01
  5,858588814735e-01;  4,009345626831e+01
  5,998256802559e-01;  4,232322311401e+01
  6,103303432465e-01;  4,408296203613e+01
  6,210788488388e-01;  4,583596038818e+01
  6,315347552299e-01;  4,752869796753e+01
  6,398451328278e-01;  4,880012893677e+01
  6,441988945007e-01;  4,927694702148e+01
  6,450138688087e-01;  4,723990631104e+01
  6,200966238976e-01;  4,243983459473e+01
  6,019990444183e-01;  4,041760635376e+01
  5,855523943901e-01;  3,823194885254e+01
  5,705128312111e-01;  3,590726470947e+01
  5,571730136871e-01;  3,352029418945e+01
  5,451497435570e-01;  3,128077888489e+01
  5,344012975693e-01;  2,933957862854e+01
  5,157254934311e-01;  2,621224021912e+01
  5,000659823418e-01;  2,381299018860e+01
  4,870187640190e-01;  2,193039512634e+01
  4,755388200283e-01;  2,040598678589e+01
  4,615999162197e-01;  1,859506988525e+01
  4,495836198330e-01;  1,719969177246e+01
  4,370239973068e-01;  1,575113201141e+01
  4,266586303711e-01;  1,464547824860e+01
  4,163350760937e-01;  1,360223674774e+01
  4,061438441277e-01;  1,258622455597e+01
  3,960919678211e-01;  1,165001392365e+01
  3,898016810417e-01;  1,109655857086e+01
  3,856221139431e-01;  1,076201725006e+01
  3,830656111240e-01;  1,207917976379e+01
  4,079968035221e-01;  1,560850429535e+01
  4,262197613716e-01;  1,718083953857e+01
  4,430634975433e-01;  1,892901229858e+01
  4,588623046875e-01;  2,084425926208e+01
  4,736858904362e-01;  2,287211799622e+01
  4,871580600739e-01;  2,487279701233e+01
  4,996480643749e-01;  2,673781013489e+01
  5,112811923027e-01;  2,847248840332e+01
  5,219252109528e-01;  3,009121322632e+01
  5,320119261742e-01;  3,160572052002e+01
  5,497472882271e-01;  3,433403778076e+01
  5,650236606598e-01;  3,669884109497e+01
  5,777922868729e-01;  3,874318695068e+01
  5,884153842926e-01;  4,049788665771e+01
  6,018458008766e-01;  4,264143753052e+01
  6,118488907814e-01;  4,433403778076e+01
  6,222630143166e-01;  4,601372909546e+01
  6,332762241364e-01;  4,781074905396e+01
  6,407019495964e-01;  4,890943527222e+01
  6,446516513824e-01;  4,868731307983e+01
  6,450905203819e-01;  4,659539031982e+01
  6,293404698372e-01;  4,337984085083e+01
  6,109015345573e-01;  4,144990921021e+01
  5,936189889908e-01;  3,934333038330e+01
  5,778549909592e-01;  3,708568572998e+01
  5,637071132660e-01;  3,471213912964e+01
  5,510569214821e-01;  3,236860275269e+01
  5,396814942360e-01;  3,027485656738e+01
  5,294693708420e-01;  2,847412872314e+01
  5,115668177605e-01;  2,555508422852e+01
  4,966875016689e-01;  2,330112075806e+01
  4,840233922005e-01;  2,151816940308e+01
  4,731007516384e-01;  2,006625175476e+01
  4,595658779144e-01;  1,833353424072e+01
  4,478769600391e-01;  1,699120712280e+01
  4,357352852821e-01;  1,559402084351e+01
  4,255998134613e-01;  1,451852130890e+01
  4,139805734158e-01;  1,333967494965e+01
  4,033226370811e-01;  1,230772399902e+01
  3,944061994553e-01;  1,148328685760e+01
  3,887080252171e-01;  1,099118328094e+01
  3,849672973156e-01;  1,070272541046e+01
  3,833093941212e-01;  1,208469390869e+01
  4,082963466644e-01;  1,561740875244e+01
  4,264496564865e-01;  1,719235038757e+01
  4,433282017708e-01;  1,894196701050e+01
  4,591548740864e-01;  2,085645866394e+01
  4,739645123482e-01;  2,288669967651e+01
  4,874367117882e-01;  2,488898849487e+01
  4,999406337738e-01;  2,675695037842e+01
  5,115250349045e-01;  2,849469375610e+01
  5,221829414368e-01;  3,011827468872e+01
  5,322487950325e-01;  3,163285064697e+01
  5,499492883682e-01;  3,436208343506e+01
  5,652187466621e-01;  3,672560501099e+01
  5,778967738152e-01;  3,876441192627e+01
  5,885059237480e-01;  4,051358413696e+01
  6,019154191017e-01;  4,265127182007e+01
  6,148094534874e-01;  4,481747055054e+01
  6,262545585632e-01;  4,666550445557e+01
  6,369681954384e-01;  4,837189102173e+01
  6,426106095314e-01;  4,914773559570e+01
  6,451601982117e-01;  4,659824371338e+01
  6,294101476669e-01;  4,338605117798e+01
  6,109851598740e-01;  4,145742797852e+01
  5,936677455902e-01;  3,935303497314e+01
  5,779385566711e-01;  3,709626388550e+01
  5,637767910957e-01;  3,472344207764e+01
  5,511614084244e-01;  3,238043975830e+01
  5,397511124611e-01;  3,028714179993e+01
  5,295390486717e-01;  2,848561286926e+01
  5,116295218468e-01;  2,556123924255e+01
  4,967014491558e-01;  2,330445098877e+01
  4,840721487999e-01;  2,151872062683e+01
  4,731216430664e-01;  2,006633949280e+01
  4,596146345139e-01;  1,833421516418e+01
  4,479466378689e-01;  1,699256324768e+01
  4,357840418816e-01;  1,559277057648e+01
  4,256485700607e-01;  1,452109813690e+01
  4,156315028667e-01;  1,350702285767e+01
  4,045207798481e-01;  1,240731525421e+01
  3,952351510525e-01;  1,154322147369e+01
  3,893001377583e-01;  1,103291988373e+01
  3,853783011436e-01;  1,072732925415e+01
  3,835601806641e-01;  1,273196315765e+01
  4,026539027691e-01;  1,517589092255e+01
  4,212042689323e-01;  1,669444656372e+01
  4,383266270161e-01;  1,839315795898e+01
  4,545294642448e-01;  2,026082611084e+01
  4,695898890495e-01;  2,226716995239e+01
  4,835496842861e-01;  2,429391098022e+01
  4,961929321289e-01;  2,620371627808e+01
  5,081117153168e-01;  2,797600173950e+01
  5,190204381943e-01;  2,963047218323e+01
  5,292603969574e-01;  3,117770767212e+01
  5,475181937218e-01;  3,396462249756e+01
  5,630522966385e-01;  3,637837219238e+01
  5,762180089951e-01;  3,846745300293e+01
  5,870221853256e-01;  4,025971603394e+01
  6,007660627365e-01;  4,245288467407e+01
  6,110617518425e-01;  4,418225860596e+01
  6,216709017754e-01;  4,590671157837e+01
  6,319317817688e-01;  4,756586074829e+01
  6,400889754295e-01;  4,880833053589e+01
  6,443939208984e-01;  4,926796722412e+01
  6,452577114105e-01;  4,712242126465e+01
  6,184735298157e-01;  4,225229644775e+01
  6,005013585091e-01;  4,021430206299e+01
  5,841940045357e-01;  3,801334762573e+01
  5,693495273590e-01;  3,567623138428e+01
  5,561420321465e-01;  3,329073333740e+01
  5,442790389061e-01;  3,107890510559e+01
  5,336559414864e-01;  2,916531562805e+01
  5,151473283768e-01;  2,607814979553e+01
  4,996271431446e-01;  2,370873451233e+01
  4,866843819618e-01;  2,184337043762e+01
  4,753089547157e-01;  2,033342170715e+01
  4,614606201649e-01;  1,853737640381e+01
  4,495627284050e-01;  1,715345382690e+01
  4,370936453342e-01;  1,572217082977e+01
  4,267840087414e-01;  1,462657165527e+01
  4,164883196354e-01;  1,358567523956e+01
  4,063319265842e-01;  1,257533359528e+01
  3,963705897331e-01;  1,164044189453e+01
  3,901012241840e-01;  1,109373188019e+01
  3,859216570854e-01;  1,076251506805e+01
  3,837343156338e-01;  1,273974990845e+01
  4,028419852257e-01;  1,518477821350e+01
  4,214132428169e-01;  1,670426368713e+01
  4,385007917881e-01;  1,840240097046e+01
  4,547036290169e-01;  2,026913070679e+01
  4,697849452496e-01;  2,227387428284e+01
  4,836890101433e-01;  2,429906082153e+01
  4,963322579861e-01;  2,620617103577e+01
  5,082649588585e-01;  2,797719383240e+01
  5,192084908485e-01;  2,962933349609e+01
  5,294345617294e-01;  3,117468452454e+01
  5,476366281509e-01;  3,396027374268e+01
  5,631915926933e-01;  3,637397003174e+01
  5,763294100761e-01;  3,846273803711e+01
  5,871615409851e-01;  4,025743484497e+01
  6,008914709091e-01;  4,245488739014e+01
  6,111871600151e-01;  4,418923568726e+01
  6,218172311783e-01;  4,591754531860e+01
  6,319527029991e-01;  4,756433868408e+01
  6,401725411415e-01;  4,881669998169e+01
  6,444426774979e-01;  4,924942779541e+01
  6,453134417534e-01;  4,699279785156e+01
  6,345022320747e-01;  4,392508697510e+01
  6,166136264801e-01;  4,205469131470e+01
  5,988086462021e-01;  3,999979019165e+01
  5,826754570007e-01;  3,778571319580e+01
  5,679702758789e-01;  3,543920516968e+01
  5,549578666687e-01;  3,306118774414e+01
  5,432132482529e-01;  3,087652015686e+01
  5,326946377754e-01;  2,899275779724e+01
  5,143671631813e-01;  2,594839286804e+01
  4,989862740040e-01;  2,360805892944e+01
  4,860783517361e-01;  2,176421356201e+01
  4,748770594597e-01;  2,027000427246e+01
  4,610844552517e-01;  1,849416351318e+01
  4,492353498936e-01;  1,711967086792e+01
  4,368150234222e-01;  1,569214725494e+01
  4,265750348568e-01;  1,459556865692e+01
  4,163489937782e-01;  1,356417083740e+01
  4,062971174717e-01;  1,256520748138e+01
  3,963496983051e-01;  1,162769508362e+01
  3,901221156120e-01;  1,108028602600e+01
  3,859704136848e-01;  1,075609683990e+01
  3,834626674652e-01;  1,234464454651e+01
  3,958551287651e-01;  1,461968612671e+01
  4,140780866146e-01;  1,606316566467e+01
  4,317438006401e-01;  1,768863868713e+01
  4,483785331249e-01;  1,948971557617e+01
  4,638638794422e-01;  2,144853210449e+01
  4,783391654491e-01;  2,348656845093e+01
  4,913167655468e-01;  2,545257186890e+01
  5,036326050758e-01;  2,727739524841e+01
  5,149383544922e-01;  2,897850608826e+01
  5,254082083702e-01;  3,056745147705e+01
  5,442929267883e-01;  3,343343734741e+01
  5,602171421051e-01;  3,592064666748e+01
  5,739400982857e-01;  3,807217407227e+01
  5,851065516472e-01;  3,991899108887e+01
  5,992683768272e-01;  4,218915557861e+01
  6,099681258202e-01;  4,397571563721e+01
  6,208907365799e-01;  4,576199340820e+01
  6,315347552299e-01;  4,748164749146e+01
  6,399635672569e-01;  4,878202438354e+01
  6,443591117859e-01;  4,929774856567e+01
  6,452437639236e-01;  4,747853851318e+01
  6,241229772568e-01;  4,282673263550e+01
  6,058093905449e-01;  4,084280014038e+01
  5,890214443207e-01;  3,869019317627e+01
  5,737241506577e-01;  3,639279174805e+01
  5,600638985634e-01;  3,400593185425e+01
  5,478177070618e-01;  3,172016525269e+01
  5,368254184723e-01;  2,971893882751e+01
  5,178710222244e-01;  2,650078392029e+01
  5,018771886826e-01;  2,403758621216e+01
  4,886209368706e-01;  2,209997558594e+01
  4,769459664822e-01;  2,053849983215e+01
  4,628886282444e-01;  1,868867874146e+01
  4,507817924023e-01;  1,726840400696e+01
  4,380479753017e-01;  1,581517410278e+01
  4,276547729969e-01;  1,470656490326e+01
  4,171500802040e-01;  1,365991401672e+01
  4,067847132683e-01;  1,261151123047e+01
  3,967397809029e-01;  1,166160964966e+01
  3,903101980686e-01;  1,112651348114e+01
  3,860400617123e-01;  1,075180244446e+01
  3,832885026932e-01;  1,074456214905e+01
  3,827451765537e-01;  1,259872245789e+01
  4,000625610352e-01;  1,498748302460e+01
  4,186268746853e-01;  1,648002243042e+01
  4,359024763107e-01;  1,815195846558e+01
  4,522446393967e-01;  1,999555587769e+01
  4,674374163151e-01;  2,198581314087e+01
  4,815435111523e-01;  2,401345443726e+01
  4,943121075630e-01;  2,593536567688e+01
  5,063353776932e-01;  2,771827888489e+01
  5,173625349998e-01;  2,938388442993e+01
  5,276860594749e-01;  3,094290733337e+01
  5,461389422417e-01;  3,375656127930e+01
  5,618680715561e-01;  3,620403289795e+01
  5,752427577972e-01;  3,832398605347e+01
  5,861723423004e-01;  4,015080261230e+01
  6,000694632530e-01;  4,237971496582e+01
  6,104418039322e-01;  4,412138748169e+01
  6,211484670639e-01;  4,584676361084e+01
  6,315138339996e-01;  4,750524520874e+01
  6,399496197701e-01;  4,881327438354e+01
  6,442127823830e-01;  4,929953765869e+01
  6,450417637825e-01;  4,631363296509e+01
  6,258783936501e-01;  4,300951766968e+01
  6,075021624565e-01;  4,104568099976e+01
  5,905469655991e-01;  3,891256332397e+01
  5,751173496246e-01;  3,663131713867e+01
  5,613178014755e-01;  3,425215911865e+01
  5,489810705185e-01;  3,194693565369e+01
  5,378354787827e-01;  2,991883659363e+01
  5,277975201607e-01;  2,817287254333e+01
  5,102223753929e-01;  2,532884025574e+01
  4,955869019032e-01;  2,312408828735e+01
  4,830481410027e-01;  2,137376022339e+01
  4,723275303841e-01;  1,994682502747e+01
  4,589528739452e-01;  1,823850440979e+01
  4,474241733551e-01;  1,691579627991e+01
  4,354218244553e-01;  1,553682422638e+01
  4,254117310047e-01;  1,448089027405e+01
  4,139108955860e-01;  1,331754207611e+01
  4,032669067383e-01;  1,228603935242e+01
  3,945106863976e-01;  1,146563148499e+01
  3,888821899891e-01;  1,099518203735e+01
  3,851414620876e-01;  1,069320487976e+01
  3,835323154926e-01;  1,225581359863e+01
  3,943295776844e-01;  1,448987102509e+01
  4,122460484505e-01;  1,591562652588e+01
  4,300858974457e-01;  1,752675437927e+01
  4,467554390430e-01;  1,931160354614e+01
  4,623104631901e-01;  2,125601196289e+01
  4,769459664822e-01;  2,329342079163e+01
  4,900628924370e-01;  2,527369117737e+01
  5,024483799934e-01;  2,711266708374e+01
  5,138238072395e-01;  2,882376289368e+01
  5,243284702301e-01;  3,042122268677e+01
  5,433316230774e-01;  3,330353927612e+01
  5,593603253365e-01;  3,580155181885e+01
  5,732086896896e-01;  3,796235656738e+01
  5,844587087631e-01;  3,982151412964e+01
  5,987319946289e-01;  4,211130905151e+01
  6,095849871635e-01;  4,391830062866e+01
  6,205772757530e-01;  4,573285675049e+01
  6,312491297722e-01;  4,747183990479e+01
  6,398103237152e-01;  4,876142501831e+01
  6,442127823830e-01;  4,926372146606e+01
  6,451392769814e-01;  4,712264251709e+01
  6,183202862740e-01;  4,225438308716e+01
  6,003759503365e-01;  4,021408843994e+01
  5,841034650803e-01;  3,801353836060e+01
  5,692450404167e-01;  3,567622756958e+01
  5,560932755470e-01;  3,329185485840e+01
  5,441954135895e-01;  3,107982254028e+01
  5,335653424263e-01;  2,916752052307e+01
  5,150985717773e-01;  2,608056831360e+01
  4,995783865452e-01;  2,371193313599e+01
  4,866495430470e-01;  2,185185050964e+01
  4,752950370312e-01;  2,034494209290e+01
  4,614606201649e-01;  1,855398559570e+01
  4,495139718056e-01;  1,717055702209e+01
  4,370448887348e-01;  1,572589492798e+01
  4,267282783985e-01;  1,462129783630e+01
  4,164534807205e-01;  1,357881355286e+01
  4,063667654991e-01;  1,257126045227e+01
  3,964402675629e-01;  1,163629722595e+01
  3,901360630989e-01;  1,108759403229e+01
  3,859704136848e-01;  1,076219177246e+01
  3,834278285503e-01;  1,199304199219e+01
  4,063806831837e-01;  1,545951080322e+01
  4,247429966927e-01;  1,701339149475e+01
  4,416842162609e-01;  1,874561119080e+01
  4,576084315777e-01;  2,064332580566e+01
  4,724668562412e-01;  2,266378784180e+01
  4,860783517361e-01;  2,467509269714e+01
  4,986519217491e-01;  2,655525016785e+01
  5,103268623352e-01;  2,830209350586e+01
  5,210196375847e-01;  2,993374061584e+01
  5,311203002930e-01;  3,145851135254e+01
  5,490855574608e-01;  3,420562744141e+01
  5,644454956055e-01;  3,658723831177e+01
  5,772907137871e-01;  3,864838027954e+01
  5,879834890366e-01;  4,041535949707e+01
  6,014696359634e-01;  4,257325744629e+01
  6,115354299545e-01;  4,427907180786e+01
  6,220401525497e-01;  4,597064971924e+01
  6,320571899414e-01;  4,759555053711e+01
  6,401585936546e-01;  4,882949066162e+01
  6,443521380424e-01;  4,928540420532e+01
  6,452785730362e-01;  4,725048828125e+01
  6,203752756119e-01;  4,245751190186e+01
  6,022567749023e-01;  4,043756103516e+01
  5,858310461044e-01;  3,825410079956e+01
  5,708124041557e-01;  3,593104171753e+01
  5,575004220009e-01;  3,354487228394e+01
  5,455189347267e-01;  3,130622863770e+01
  5,347495675087e-01;  2,936475372314e+01
  5,160946846008e-01;  2,623435211182e+01
  5,004143118858e-01;  2,383416938782e+01
  4,873809814453e-01;  2,194775962830e+01
  4,759010672569e-01;  2,041963005066e+01
  4,619830548763e-01;  1,860456848145e+01
  4,500015974045e-01;  1,720516204834e+01
  4,374071061611e-01;  1,575716590881e+01
  4,270765781403e-01;  1,465630245209e+01
  4,167112410069e-01;  1,360925865173e+01
  4,065269827843e-01;  1,258909893036e+01
  3,965099155903e-01;  1,164832115173e+01
  3,901848196983e-01;  1,109429836273e+01
  3,860400617123e-01;  1,076508522034e+01
  3,835601806641e-01;  1,272818946838e+01
  4,026330113411e-01;  1,516928005219e+01
  4,211694598198e-01;  1,668471908569e+01
  4,382708966732e-01;  1,838147163391e+01
  4,544598162174e-01;  2,024696540833e+01
  4,695062935352e-01;  2,224968719482e+01
  4,834591448307e-01;  2,427545738220e+01
  4,961302280426e-01;  2,618579864502e+01
  5,080420374870e-01;  2,795890235901e+01
  5,189437866211e-01;  2,961226081848e+01
  5,291559100151e-01;  3,115930557251e+01
  5,474067330360e-01;  3,394907760620e+01
  5,629478096962e-01;  3,636727905273e+01
  5,760856270790e-01;  3,845759582520e+01
  5,869037508965e-01;  4,025014877319e+01
  6,006128191948e-01;  4,244639587402e+01
  6,109224557877e-01;  4,417877578735e+01
  6,215455532074e-01;  4,590255737305e+01
  6,317576766014e-01;  4,755827331543e+01
  6,399635672569e-01;  4,880963516235e+01
  6,442337036133e-01;  4,929250717163e+01
  6,451392769814e-01;  4,736446380615e+01
  6,221515536308e-01;  4,264429092407e+01
  6,039494872093e-01;  4,064294052124e+01
  5,873495936394e-01;  3,847535705566e+01
  5,721777081490e-01;  3,616424179077e+01
  5,587194561958e-01;  3,377835845947e+01
  5,466126203537e-01;  3,151456069946e+01
  5,357108712196e-01;  2,954370498657e+01
  5,168957710266e-01;  2,637151908875e+01
  5,010761022568e-01;  2,394227790833e+01
  4,879800677299e-01;  2,203582000732e+01
  4,763747453690e-01;  2,049553489685e+01
  4,623661935329e-01;  1,866464805603e+01
  4,503150582314e-01;  1,725200080872e+01
  4,376509189606e-01;  1,578865242004e+01
  4,272367954254e-01;  1,468001461029e+01
  4,168714582920e-01;  1,362698936462e+01
  4,066105782986e-01;  1,260220527649e+01
  3,965447545052e-01;  1,165664863586e+01
  3,901848196983e-01;  1,110527420044e+01
  3,860121965408e-01;  1,076574230194e+01
  3,834487199783e-01;  1,199630928040e+01
  4,063806831837e-01;  1,546056652069e+01
  4,247081577778e-01;  1,701436042786e+01
  4,416006207466e-01;  1,874419975281e+01
  4,575248360634e-01;  2,064088821411e+01
  4,724180698395e-01;  2,266039466858e+01
  4,860226213932e-01;  2,466967582703e+01
  4,985265433788e-01;  2,654858970642e+01
  5,102711319923e-01;  2,829532814026e+01
  5,209848284721e-01;  2,992552757263e+01
  5,310715436935e-01;  3,144949340820e+01
  5,490089058876e-01;  3,419829177856e+01
  5,643200874329e-01;  3,658047866821e+01
  5,772350430489e-01;  3,864085388184e+01
  5,878929495811e-01;  4,040962219238e+01
  6,013929843903e-01;  4,257011032104e+01
  6,115145683289e-01;  4,426996231079e+01
  6,219704747200e-01;  4,596508407593e+01
  6,319875121117e-01;  4,759427261353e+01
  6,401028633118e-01;  4,882774734497e+01
  6,443033814430e-01;  4,926438140869e+01
  6,452089548111e-01;  4,712343597412e+01
  6,184735298157e-01;  4,226082229614e+01
  6,005570888519e-01;  4,022422409058e+01
  5,842636823654e-01;  3,802915954590e+01
  5,694192051888e-01;  3,569869613647e+01
  5,562813878059e-01;  3,331945037842e+01
  5,443974137306e-01;  3,111077880859e+01
  5,337395071983e-01;  2,919992065430e+01
  5,152518153191e-01;  2,611272239685e+01
  4,997525513172e-01;  2,373914337158e+01
  4,867401123047e-01;  2,186972999573e+01
  4,753646850586e-01;  2,035629081726e+01
  4,615511596203e-01;  1,855238723755e+01
  4,496184587479e-01;  1,716429519653e+01
  4,371633231640e-01;  1,573082542419e+01
  4,268676042557e-01;  1,463940429688e+01
  4,165231585503e-01;  1,359809970856e+01
  4,063876569271e-01;  1,257529354095e+01
  3,964402675629e-01;  1,165240478516e+01
  3,901012241840e-01;  1,109470081329e+01
  3,859564661980e-01;  1,076808261871e+01
  3,834417462349e-01;  1,271585845947e+01
  4,025354683399e-01;  1,515163707733e+01
  4,210301339626e-01;  1,666700553894e+01
  4,381873011589e-01;  1,836223030090e+01
  4,543553292751e-01;  2,022742271423e+01
  4,693878889084e-01;  2,223145103455e+01
  4,833407104015e-01;  2,425849342346e+01
  4,959839582443e-01;  2,616746711731e+01
  5,079166293144e-01;  2,794150924683e+01
  5,188253521919e-01;  2,959738922119e+01
  5,290792584419e-01;  3,114672279358e+01
  5,473231673241e-01;  3,393813323975e+01
  5,628433227539e-01;  3,636362075806e+01
  5,759950876236e-01;  3,845718383789e+01
  5,868132114410e-01;  4,025135803223e+01
  6,005431413651e-01;  4,243950271606e+01
  6,108249425888e-01;  4,415846252441e+01
  6,214828491211e-01;  4,587862396240e+01
  6,317228078842e-01;  4,755208969116e+01
  6,399496197701e-01;  4,881147384644e+01
  6,442127823830e-01;  4,931526947021e+01
  6,451950073242e-01;  4,647942733765e+01
  6,278288364410e-01;  4,322665023804e+01
  6,093829870224e-01;  4,128282165527e+01
  5,922954678535e-01;  3,916389846802e+01
  5,766847133636e-01;  3,689389419556e+01
  5,626761317253e-01;  3,451407623291e+01
  5,502001047134e-01;  3,218381881714e+01
  5,389500260353e-01;  3,011730384827e+01
  5,288215279579e-01;  2,834316444397e+01
  5,110931396484e-01;  2,546191596985e+01
  4,963183104992e-01;  2,322704696655e+01
  4,837795794010e-01;  2,145601463318e+01
  4,729056954384e-01;  2,001998519897e+01
  4,594962000847e-01;  1,831061935425e+01
  4,478909075260e-01;  1,697307205200e+01
  4,357352852821e-01;  1,558246517181e+01
  4,257182180882e-01;  1,450385761261e+01
  4,140989780426e-01;  1,333137321472e+01
  4,035455584526e-01;  1,229981040955e+01
  3,946639299393e-01;  1,146681404114e+01
  3,890214860439e-01;  1,099810409546e+01
  3,852738142014e-01;  1,070509910583e+01
  3,832676112652e-01;  1,251290893555e+01
  3,989131748676e-01;  1,486918735504e+01
  4,174426496029e-01;  1,634782600403e+01
  4,348227381706e-01;  1,800973129272e+01
  4,512136578560e-01;  1,984288597107e+01
  4,664761126041e-01;  2,182417869568e+01
  4,807075858116e-01;  2,385765457153e+01
  4,934971034527e-01;  2,579474639893e+01
  5,055830478668e-01;  2,759066772461e+01
  5,166798233986e-01;  2,926599502563e+01
  5,269894599915e-01;  3,083191490173e+01
  5,455955862999e-01;  3,365572357178e+01
  5,613456368446e-01;  3,610562133789e+01
  5,748317837715e-01;  3,822905349731e+01
  5,858449339867e-01;  4,005517578125e+01
  5,997768640518e-01;  4,229439544678e+01
  6,103303432465e-01;  4,405701446533e+01
  6,210997104645e-01;  4,581610488892e+01
  6,315277814865e-01;  4,749811935425e+01
  6,399844884872e-01;  4,878451156616e+01
  6,443033814430e-01;  4,932717132568e+01
  6,454666852951e-01;  4,686822509766e+01
  6,330951452255e-01;  4,375355529785e+01
  6,149766445160e-01;  4,186489868164e+01
  5,974014997482e-01;  3,979827117920e+01
  5,814215540886e-01;  3,757451248169e+01
  5,669114589691e-01;  3,522159576416e+01
  5,540313720703e-01;  3,285735321045e+01
  5,424121618271e-01;  3,070713043213e+01
  5,320119261742e-01;  2,885544013977e+01
  5,138446688652e-01;  2,585691261292e+01
  4,986170828342e-01;  2,354847526550e+01
  4,858484566212e-01;  2,172196197510e+01
  4,746332466602e-01;  2,023867225647e+01
  4,609729945660e-01;  1,846353912354e+01
  4,491308331490e-01;  1,708675384521e+01
  4,367941021919e-01;  1,566132545471e+01
  4,266237914562e-01;  1,458145141602e+01
  4,164186418056e-01;  1,356751346588e+01
  4,063876569271e-01;  1,256317329407e+01
  3,965099155903e-01;  1,162980842590e+01
  3,902753889561e-01;  1,108635807037e+01
  3,861445486546e-01;  1,074934959412e+01
  3,836368024349e-01;  1,234563636780e+01
  3,959735333920e-01;  1,461797428131e+01
  4,141616821289e-01;  1,605973815918e+01
  4,317925572395e-01;  1,768395042419e+01
  4,483924508095e-01;  1,948100280762e+01
  4,638290405273e-01;  2,143564033508e+01
  4,783043265343e-01;  2,346862792969e+01
  4,913167655468e-01;  2,543144989014e+01
  5,035838484764e-01;  2,725449562073e+01
  5,148895978928e-01;  2,895233726501e+01
  5,253037214279e-01;  3,053754806519e+01
  5,442093610764e-01;  3,340549468994e+01
  5,601405501366e-01;  3,589390563965e+01
  5,738704800606e-01;  3,804997634888e+01
  5,850090384483e-01;  3,990222167969e+01
  5,992196202278e-01;  4,217231750488e+01
  6,099123954773e-01;  4,395813751221e+01
  6,208350062370e-01;  4,574407577515e+01
  6,314998865128e-01;  4,746661758423e+01
  6,399983763695e-01;  4,877064132690e+01
  6,443869471550e-01;  4,931221771240e+01
  6,453482508659e-01;  4,647144317627e+01
  6,279681921005e-01;  4,321427536011e+01
  6,095222830772e-01;  4,126927185059e+01
  5,924695730209e-01;  3,915176773071e+01
  5,768797397614e-01;  3,688384628296e+01
  5,628851056099e-01;  3,450622558594e+01
  5,504299402237e-01;  3,218043899536e+01
  5,391729474068e-01;  3,011921119690e+01
  5,290722846985e-01;  2,834421157837e+01
  5,113578438759e-01;  2,546122360229e+01
  4,965830147266e-01;  2,323275756836e+01
  4,840233922005e-01;  2,146321868896e+01
  4,731634259224e-01;  2,002513122559e+01
  4,597748517990e-01;  1,830747222900e+01
  4,481416642666e-01;  1,697368049622e+01
  4,360487461090e-01;  1,558339595795e+01
  4,259968698025e-01;  1,451205921173e+01
  4,159867763519e-01;  1,350057029724e+01
  4,049039185047e-01;  1,240695571899e+01
  3,956182599068e-01;  1,154152584076e+01
  3,897320330143e-01;  1,103050041199e+01
  3,858450055122e-01;  1,072646522522e+01
  3,838806152344e-01;  1,199658107758e+01
  4,068334698677e-01;  1,546128940582e+01
  4,251261055470e-01;  1,701548767090e+01
  4,420673549175e-01;  1,874849128723e+01
  4,579567313194e-01;  2,064598846436e+01
  4,728151261806e-01;  2,266764640808e+01
  4,864057600498e-01;  2,467808723450e+01
  4,989444911480e-01;  2,655710983276e+01
  5,106403231621e-01;  2,830475997925e+01
  5,213330984116e-01;  2,993373870850e+01
  5,314198136330e-01;  3,145840454102e+01
  5,493153929710e-01;  3,420403289795e+01
  5,646335482597e-01;  3,658240509033e+01
  5,774440169334e-01;  3,863838195801e+01
  5,881716012955e-01;  4,040204620361e+01
  6,016437411308e-01;  4,256304931641e+01
  6,117653250694e-01;  4,426847839355e+01
  6,222630143166e-01;  4,597159576416e+01
  6,333459019661e-01;  4,777573013306e+01
  6,408900618553e-01;  4,889185714722e+01
  6,448954939842e-01;  4,893925857544e+01
  6,454666852951e-01;  4,712723159790e+01
  6,187591552734e-01;  4,226699829102e+01
  6,008148193359e-01;  4,023165130615e+01
  5,845771431923e-01;  3,803542327881e+01
  5,697326660156e-01;  3,570195007324e+01
  5,565600395203e-01;  3,331969833374e+01
  5,447317957878e-01;  3,110944557190e+01
  5,340877771378e-01;  2,919661521912e+01
  5,156210064888e-01;  2,610908508301e+01
  5,001147985458e-01;  2,373966407776e+01
  4,871371686459e-01;  2,187018966675e+01
  4,757617413998e-01;  2,035796165466e+01
  4,619691371918e-01;  1,856088256836e+01
  4,500573277473e-01;  1,716980934143e+01
  4,375325143337e-01;  1,572855281830e+01
  4,272855818272e-01;  1,462746906281e+01
  4,169759452343e-01;  1,359003257751e+01
  4,068543910980e-01;  1,258076381683e+01
  3,968930542469e-01;  1,164128684998e+01
  3,906376063824e-01;  1,108976364136e+01
  3,864789307117e-01;  1,076169204712e+01
  3,839502632618e-01;  1,208194255829e+01
  4,087630510330e-01;  1,560908508301e+01
  4,269163608551e-01;  1,718036270142e+01
  4,437252581120e-01;  1,892895126343e+01
  4,595031738281e-01;  2,084194564819e+01
  4,742988944054e-01;  2,286731910706e+01
  4,876805245876e-01;  2,486701583862e+01
  5,001705288887e-01;  2,673172187805e+01
  5,116991996765e-01;  2,846489524841e+01
  5,223571062088e-01;  3,008411598206e+01
  5,324090123177e-01;  3,159741210938e+01
  5,501234531403e-01;  3,432324981689e+01
  5,653719902039e-01;  3,668479156494e+01
  5,780709385872e-01;  3,872596359253e+01
  5,887149572372e-01;  4,047721862793e+01
  6,020756363869e-01;  4,262104034424e+01
  6,120927333832e-01;  4,431632614136e+01
  6,225068569183e-01;  4,599988937378e+01
  6,335200667381e-01;  4,779098892212e+01
  6,409875750542e-01;  4,890052413940e+01
  6,449999809265e-01;  4,868632507324e+01
  6,454736590385e-01;  4,660417938232e+01
  6,297374963760e-01;  4,339456558228e+01
  6,113821864128e-01;  4,146832656860e+01
  5,941066145897e-01;  3,936508941650e+01
  5,784471035004e-01;  3,710880661011e+01
  5,642783045769e-01;  3,473753356934e+01
  5,516977906227e-01;  3,239721298218e+01
  5,403084158897e-01;  3,030551910400e+01
  5,301172137260e-01;  2,850553131104e+01
  5,122773647308e-01;  2,558262634277e+01
  4,973632097244e-01;  2,332828903198e+01
  4,847687482834e-01;  2,154376983643e+01
  4,737764298916e-01;  2,009397506714e+01
  4,603181779385e-01;  1,835899162292e+01
  4,486083984375e-01;  1,701451492310e+01
  4,364667236805e-01;  1,560924053192e+01
  4,263451695442e-01;  1,453428554535e+01
  4,162793457508e-01;  1,351682186127e+01
  4,051825404167e-01;  1,241666603088e+01
  3,958829939365e-01;  1,154524612427e+01
  3,899618983269e-01;  1,103434753418e+01
  3,860609531403e-01;  1,073009109497e+01
  3,838806152344e-01;  1,243045711517e+01
  3,863326311111e-01;  1,348004055023e+01
  3,978543579578e-01;  1,474239540100e+01
  4,163072109222e-01;  1,620236778259e+01
  4,337778389454e-01;  1,784499168396e+01
  4,502593278885e-01;  1,965926933289e+01
  4,655705392361e-01;  2,162915229797e+01
  4,799064993858e-01;  2,366607475281e+01
  4,927796125412e-01;  2,561722755432e+01
  5,049561262131e-01;  2,742557525635e+01
  5,161434412003e-01;  2,911161041260e+01
  5,265436768532e-01;  3,068739891052e+01
  5,452333688736e-01;  3,353276443481e+01
  5,610669851303e-01;  3,600349807739e+01
  5,746366977692e-01;  3,813887023926e+01
  5,857334733009e-01;  3,997578430176e+01
  5,998117327690e-01;  4,223227310181e+01
  6,103860735893e-01;  4,401018142700e+01
  6,212529540062e-01;  4,578570938110e+01
  6,317785382271e-01;  4,749166870117e+01
  6,401725411415e-01;  4,877299880981e+01
  6,445750594139e-01;  4,931716537476e+01
  6,456269025803e-01;  4,661340713501e+01
  6,299673914909e-01;  4,340461730957e+01
  6,116120815277e-01;  4,147944641113e+01
  5,943294763565e-01;  3,937679672241e+01
  5,786700248718e-01;  3,712252426147e+01
  5,644733309746e-01;  3,475012588501e+01
  5,518928170204e-01;  3,240847778320e+01
  5,405313372612e-01;  3,031403160095e+01
  5,303401350975e-01;  2,851276016235e+01
  5,125002861023e-01;  2,559109878540e+01
  4,975861310959e-01;  2,333522033691e+01
  4,849638044834e-01;  2,154931449890e+01
  4,739854335785e-01;  2,009623908997e+01
  4,605062603951e-01;  1,836041259766e+01
  4,488313198090e-01;  1,701076889038e+01
  4,366756975651e-01;  1,560792827606e+01
  4,265959262848e-01;  1,453590106964e+01
  4,165092110634e-01;  1,352392196655e+01
  4,053915143013e-01;  1,242086124420e+01
  3,960222899914e-01;  1,155133914948e+01
  3,901499807835e-01;  1,103351020813e+01
  3,862142264843e-01;  1,072585010529e+01
  3,842289149761e-01;  1,208306407928e+01
  4,090974330902e-01;  1,561327743530e+01
  4,272507429123e-01;  1,718496513367e+01
  4,440735578537e-01;  1,893153762817e+01
  4,598584473133e-01;  2,084366989136e+01
  4,746263027191e-01;  2,286983871460e+01
  4,880079329014e-01;  2,486903381348e+01
  5,004630684853e-01;  2,673326873779e+01
  5,120126605034e-01;  2,846903038025e+01
  5,226566195488e-01;  3,008749008179e+01
  5,326876640320e-01;  3,160307884216e+01
  5,503742098808e-01;  3,433141708374e+01
  5,656436681747e-01;  3,669833755493e+01
  5,782938599586e-01;  3,874327468872e+01
  5,889587402344e-01;  4,049303436279e+01
  6,022846102715e-01;  4,263253021240e+01
  6,122877597809e-01;  4,431919097900e+01
  6,227018833160e-01;  4,600819015503e+01
  6,336454153061e-01;  4,779669570923e+01
  6,411129236221e-01;  4,889555358887e+01
  6,451392769814e-01;  4,868776702881e+01
  6,455920934677e-01;  4,660450744629e+01
  6,298768520355e-01;  4,339599990845e+01
  6,115215420723e-01;  4,146985626221e+01
  5,942946672440e-01;  3,936592483521e+01
  5,785933732986e-01;  3,711265563965e+01
  5,644315481186e-01;  3,474169540405e+01
  5,518580079079e-01;  3,240053939819e+01
  5,405173897743e-01;  3,030881118774e+01
  5,303401350975e-01;  2,850876426697e+01
  5,124723911285e-01;  2,558605003357e+01
  4,975861310959e-01;  2,333131599426e+01
  4,849498569965e-01;  2,154616928101e+01
  4,739854335785e-01;  2,009355163574e+01
  4,605062603951e-01;  1,835696220398e+01
  4,488522112370e-01;  1,700945663452e+01
  4,367105364799e-01;  1,560839653015e+01
  4,266098737717e-01;  1,453697872162e+01
  4,165231585503e-01;  1,352104854584e+01
  4,054124355316e-01;  1,241674041748e+01
  3,961407244205e-01;  1,155205821991e+01
  3,901848196983e-01;  1,104014587402e+01
  3,862699568272e-01;  1,072940635681e+01
  3,843821585178e-01;  1,272846508026e+01
  4,033992588520e-01;  1,516859149933e+01
  4,219357073307e-01;  1,668686676025e+01
  4,390232264996e-01;  1,838468170166e+01
  4,551564157009e-01;  2,025008201599e+01
  4,701889753342e-01;  2,225360298157e+01
  4,840582013130e-01;  2,427885627747e+01
  4,967362880707e-01;  2,618688011169e+01
  5,086132287979e-01;  2,795696449280e+01
  5,194871425629e-01;  2,960830116272e+01
  5,296922922134e-01;  3,115377998352e+01
  5,479013323784e-01;  3,393786239624e+01
  5,634214878082e-01;  3,635181808472e+01
  5,765384435654e-01;  3,844001770020e+01
  5,873774886131e-01;  4,023463439941e+01
  6,010795235634e-01;  4,243372344971e+01
  6,113543510437e-01;  4,416815567017e+01
  6,219844222069e-01;  4,589964675903e+01
  6,321616768837e-01;  4,755350875854e+01
  6,404024362564e-01;  4,879753112793e+01
  6,447213292122e-01;  4,927978515625e+01
  6,455920934677e-01;  4,724884033203e+01
  6,207792758942e-01;  4,246242523193e+01
  6,027444005013e-01;  4,044623947144e+01
  5,863534808159e-01;  3,826686096191e+01
  5,713696479797e-01;  3,594674301147e+01
  5,580577254295e-01;  3,356282424927e+01
  5,461459159851e-01;  3,132711982727e+01
  5,353416800499e-01;  2,938568878174e+01
  5,167355537415e-01;  2,625351905823e+01
  5,010551810265e-01;  2,385245513916e+01
  4,880427420139e-01;  2,196104431152e+01
  4,765489101410e-01;  2,043335723877e+01
  4,626448154449e-01;  1,861655426025e+01
  4,506981968880e-01;  1,721243858337e+01
  4,381176531315e-01;  1,576367664337e+01
  4,277940690517e-01;  1,466126441956e+01
  4,174078106880e-01;  1,360981464386e+01
  4,072723388672e-01;  1,259266662598e+01
  3,972552716732e-01;  1,164945316315e+01
  3,909859061241e-01;  1,109982585907e+01
  3,867923915386e-01;  1,076897811890e+01
  3,841801583767e-01;  1,225094985962e+01
  3,949147164822e-01;  1,447859096527e+01
  4,128242135048e-01;  1,590136051178e+01
  4,306153059006e-01;  1,750984764099e+01
  4,472639560699e-01;  1,929425621033e+01
  4,628050327301e-01;  2,123684310913e+01
  4,773778617382e-01;  2,327152824402e+01
  4,904878139496e-01;  2,524897003174e+01
  5,028523802757e-01;  2,708751106262e+01
  5,141929984093e-01;  2,879752540588e+01
  5,246976613998e-01;  3,039459800720e+01
  5,436799526215e-01;  3,328021621704e+01
  5,596877336502e-01;  3,578094482422e+01
  5,735082030296e-01;  3,794532012939e+01
  5,847791433334e-01;  3,980764389038e+01
  5,990454554558e-01;  4,209833145142e+01
  6,098427176476e-01;  4,390333175659e+01
  6,208350062370e-01;  4,571158981323e+01
  6,315695643425e-01;  4,745695495605e+01
  6,401028633118e-01;  4,876029586792e+01
  6,445471644402e-01;  4,931657791138e+01
  6,455920934677e-01;  4,661087036133e+01
  6,299116611481e-01;  4,340323638916e+01
  6,115424036980e-01;  4,147704315186e+01
  5,943294763565e-01;  3,937516784668e+01
  5,786351561546e-01;  3,712140274048e+01
  5,644524693489e-01;  3,474904251099e+01
  5,518928170204e-01;  3,240645980835e+01
  5,405313372612e-01;  3,031294059753e+01
  5,303540229797e-01;  2,851256561279e+01
  5,125072598457e-01;  2,559129905701e+01
  4,975931048393e-01;  2,333454322815e+01
  4,849777221680e-01;  2,154715347290e+01
  4,740341901779e-01;  2,009635353088e+01
  4,605550467968e-01;  1,835936737061e+01
  4,488870501518e-01;  1,701394653320e+01
  4,367453455925e-01;  1,561207580566e+01
  4,266586303711e-01;  1,453789138794e+01
  4,165579676628e-01;  1,351752471924e+01
  4,054820835590e-01;  1,242328166962e+01
  3,961267769337e-01;  1,155128669739e+01
  3,902266025543e-01;  1,104297351837e+01
  3,862560093403e-01;  1,072351837158e+01
  3,843194842339e-01;  1,208186435699e+01
  4,091531634331e-01;  1,560951805115e+01
  4,272646605968e-01;  1,718156051636e+01
  4,440944492817e-01;  1,892858505249e+01
  4,598932564259e-01;  2,084107398987e+01
  4,746471941471e-01;  2,286695480347e+01
  4,880079329014e-01;  2,486728477478e+01
  5,004770159721e-01;  2,673192596436e+01
  5,120266079903e-01;  2,846525382996e+01
  5,226566195488e-01;  3,008355140686e+01
  5,326737165451e-01;  3,159554862976e+01
  5,503742098808e-01;  3,432067871094e+01
  5,656157732010e-01;  3,668387222290e+01
  5,782938599586e-01;  3,872558593750e+01
  5,889447927475e-01;  4,047557449341e+01
  6,022707223892e-01;  4,262140655518e+01
  6,151925921440e-01;  4,479302215576e+01
  6,266725063324e-01;  4,664691162109e+01
  6,373583078384e-01;  4,835698699951e+01
  6,430494785309e-01;  4,914365768433e+01
  6,457174420357e-01;  4,712823104858e+01
  6,190168857574e-01;  4,227233886719e+01
  6,011282801628e-01;  4,024032211304e+01
  5,848906040192e-01;  3,804570770264e+01
  5,700461268425e-01;  3,571234512329e+01
  5,569083094597e-01;  3,333366775513e+01
  5,450801253319e-01;  3,112425613403e+01
  5,344500541687e-01;  2,921303558350e+01
  5,160041451454e-01;  2,612705230713e+01
  5,004978775978e-01;  2,375271606445e+01
  4,875063598156e-01;  2,188068580627e+01
  4,761448800564e-01;  2,036679840088e+01
  4,623313546181e-01;  1,857011032104e+01
  4,504404366016e-01;  1,718141555786e+01
  4,379365444183e-01;  1,574244880676e+01
  4,276895821095e-01;  1,463700866699e+01
  4,173381626606e-01;  1,359227371216e+01
  4,072374999523e-01;  1,257596206665e+01
  3,972970843315e-01;  1,164740276337e+01
  3,910416364670e-01;  1,110087299347e+01
  3,868063092232e-01;  1,076593303680e+01
  3,843473494053e-01;  1,252937316895e+01
  3,999441266060e-01;  1,488745498657e+01
  4,184666574001e-01;  1,636634063721e+01
  4,358049333096e-01;  1,802709007263e+01
  4,521749615669e-01;  1,985950851440e+01
  4,674165248871e-01;  2,184009552002e+01
  4,815435111523e-01;  2,387417602539e+01
  4,943678379059e-01;  2,581213951111e+01
  5,064050555229e-01;  2,760795593262e+01
  5,174251794815e-01;  2,928365325928e+01
  5,277766585350e-01;  3,084999847412e+01
  5,463269948959e-01;  3,367660903931e+01
  5,620213150978e-01;  3,612651824951e+01
  5,754099488258e-01;  3,824629592896e+01
  5,864161849022e-01;  4,006733703613e+01
  6,002923846245e-01;  4,229920578003e+01
  6,107831001282e-01;  4,405841827393e+01
  6,215664148331e-01;  4,581874847412e+01
  6,319666504860e-01;  4,751349258423e+01
  6,403257846832e-01;  4,878185272217e+01
  6,447213292122e-01;  4,924338150024e+01
  6,455572247505e-01;  4,699870300293e+01
  6,348366141319e-01;  4,393711090088e+01
  6,170315742493e-01;  4,206977844238e+01
  5,992823243141e-01;  4,001761245728e+01
  5,832187533379e-01;  3,780696868896e+01
  5,685484409332e-01;  3,546337890625e+01
  5,555499792099e-01;  3,309098052979e+01
  5,438401699066e-01;  3,090973281860e+01
  5,333563685417e-01;  2,902794456482e+01
  5,150637626648e-01;  2,598526954651e+01
  4,996828734875e-01;  2,364502525330e+01
  4,868585467339e-01;  2,179809951782e+01
  4,755876064301e-01;  2,029947471619e+01
  4,618089199066e-01;  1,851491165161e+01
  4,500015974045e-01;  1,713481903076e+01
  4,375812709332e-01;  1,570638561249e+01
  4,273691475391e-01;  1,461460685730e+01
  4,171500802040e-01;  1,357907295227e+01
  4,070494174957e-01;  1,257636928558e+01
  3,971159458160e-01;  1,164014625549e+01
  3,908814191818e-01;  1,108641529083e+01
  3,867366611958e-01;  1,076428413391e+01
  3,842985630035e-01;  1,252808952332e+01
  3,998884260654e-01;  1,488543033600e+01
  4,183969795704e-01;  1,636417961121e+01
  4,357352852821e-01;  1,802651786804e+01
  4,521262049675e-01;  1,985823631287e+01
  4,673468470573e-01;  2,183877944946e+01
  4,814947247505e-01;  2,387337303162e+01
  4,942772984505e-01;  2,581060409546e+01
  5,063144564629e-01;  2,760752487183e+01
  5,173973441124e-01;  2,928262519836e+01
  5,277069807053e-01;  3,084789657593e+01
  5,462434291840e-01;  3,367295074463e+01
  5,619586706161e-01;  3,612160491943e+01
  5,753332972527e-01;  3,824152374268e+01
  5,863116979599e-01;  4,005891036987e+01
  6,002436280251e-01;  4,228977584839e+01
  6,107134819031e-01;  4,405223846436e+01
  6,215385794640e-01;  4,581386184692e+01
  6,319317817688e-01;  4,750172424316e+01
  6,403118371964e-01;  4,878139877319e+01
  6,447004079819e-01;  4,930026245117e+01
  6,455920934677e-01;  4,748486709595e+01
  6,245548129082e-01;  4,284426116943e+01
  6,063318848610e-01;  4,086419677734e+01
  5,896135568619e-01;  3,871574020386e+01
  5,743302106857e-01;  3,642190551758e+01
  5,606699585915e-01;  3,403955459595e+01
  5,485143065453e-01;  3,175548171997e+01
  5,375150442123e-01;  2,975390434265e+01
  5,185815691948e-01;  2,653392219543e+01
  5,026434063911e-01;  2,407321548462e+01
  4,893871843815e-01;  2,213940811157e+01
  4,778027832508e-01;  2,057677078247e+01
  4,636618494987e-01;  1,872659111023e+01
  4,515828788280e-01;  1,729988098145e+01
  4,388212263584e-01;  1,583212089539e+01
  4,284558594227e-01;  1,471496677399e+01
  4,179511666298e-01;  1,365175151825e+01
  4,076763689518e-01;  1,261988544464e+01
  3,975548148155e-01;  1,166785049438e+01
  3,912297189236e-01;  1,110790920258e+01
  3,869665265083e-01;  1,077658939362e+01
  3,843682408333e-01;  1,216263389587e+01
  4,110827147961e-01;  1,575217151642e+01
  4,290270507336e-01;  1,734125328064e+01
  4,457593262196e-01;  1,910614395142e+01
  4,613909423351e-01;  2,103244209290e+01
  4,760612845421e-01;  2,306361007690e+01
  4,892966151237e-01;  2,505203437805e+01
  5,016821026802e-01;  2,690156745911e+01
  5,131411552429e-01;  2,862435531616e+01
  5,237015485764e-01;  3,023135185242e+01
  5,428649187088e-01;  3,313271331787e+01
  5,589911341667e-01;  3,565448760986e+01
  5,729300379753e-01;  3,783845138550e+01
  5,842706561089e-01;  3,971635055542e+01
  5,986553430557e-01;  4,202692413330e+01
  6,095640659332e-01;  4,384539031982e+01
  6,206817626953e-01;  4,566885757446e+01
  6,314232945442e-01;  4,742377471924e+01
  6,401028633118e-01;  4,875226974487e+01
  6,445611119270e-01;  4,930168533325e+01
  6,454249024391e-01;  4,633438110352e+01
  6,263660192490e-01;  4,303221893311e+01
  6,080245971680e-01;  4,107003021240e+01
  5,911112427711e-01;  3,893536758423e+01
  5,757094621658e-01;  3,665327835083e+01
  5,619098544121e-01;  3,427066040039e+01
  5,496288537979e-01;  3,196444511414e+01
  5,384972691536e-01;  2,993318557739e+01
  5,284941196442e-01;  2,818667984009e+01
  5,109677314758e-01;  2,534562301636e+01
  4,964088797569e-01;  2,314408493042e+01
  4,839676618576e-01;  2,139673805237e+01
  4,731843471527e-01;  1,997217178345e+01
  4,598514735699e-01;  1,826534843445e+01
  4,482949376106e-01;  1,693832588196e+01
  4,363273978233e-01;  1,555882072449e+01
  4,263103306293e-01;  1,449700832367e+01
  4,147329032421e-01;  1,331869029999e+01
  4,042282104492e-01;  1,228670024872e+01
  3,954441249371e-01;  1,146312713623e+01
  3,899061679840e-01;  1,099014663696e+01
  3,861445486546e-01;  1,070794487000e+01
  3,842985630035e-01;  1,242604637146e+01
  3,982026576996e-01;  1,473587322235e+01
  4,165858328342e-01;  1,619612693787e+01
  4,340564906597e-01;  1,783957290649e+01
  4,505240321159e-01;  1,965455055237e+01
  4,658282697201e-01;  2,162397003174e+01
  4,801503121853e-01;  2,365987014771e+01
  4,930234253407e-01;  2,561039924622e+01
  5,051651000977e-01;  2,741935729980e+01
  5,163315534592e-01;  2,910530853271e+01
  5,266969203949e-01;  3,068107223511e+01
  5,453726649284e-01;  3,352681732178e+01
  5,611923933029e-01;  3,599447631836e+01
  5,747621059418e-01;  3,813124084473e+01
  5,858379602432e-01;  3,996737670898e+01
  5,998604893684e-01;  4,222417068481e+01
  6,104696393013e-01;  4,400085449219e+01
  6,213574409485e-01;  4,577716445923e+01
  6,318482160568e-01;  4,748130798340e+01
  6,402630805969e-01;  4,877485656738e+01
  6,447213292122e-01;  4,930604553223e+01
  6,454876065254e-01;  4,633356857300e+01
  6,264356374741e-01;  4,303207397461e+01
  6,081290841103e-01;  4,107117843628e+01
  5,912505388260e-01;  3,893791198730e+01
  5,758139491081e-01;  3,665792083740e+01
  5,620492100716e-01;  3,427834320068e+01
  5,497333407402e-01;  3,197401809692e+01
  5,386017560959e-01;  2,994398689270e+01
  5,195289254189e-01;  2,667835044861e+01
  5,034444928169e-01;  2,418305778503e+01
  4,900837838650e-01;  2,222524452209e+01
  4,783948957920e-01;  2,064716720581e+01
  4,641843140125e-01;  1,878072929382e+01
  4,520913958549e-01;  1,734376907349e+01
  4,420743286610e-01;  1,619928359985e+01
  4,311864972115e-01;  1,499607467651e+01
  4,200758039951e-01;  1,385569190979e+01
  4,091392159462e-01;  1,275796318054e+01
  3,985300362110e-01;  1,174782180786e+01
  3,919123709202e-01;  1,116105747223e+01
  3,874541521072e-01;  1,079714488983e+01
  3,845284581184e-01;  1,208001422882e+01
  4,093272984028e-01;  1,560782814026e+01
  4,274039864540e-01;  1,717855262756e+01
  4,442128837109e-01;  1,892522811890e+01
  4,599629342556e-01;  2,083819580078e+01
  4,747516810894e-01;  2,286414909363e+01
  4,881124198437e-01;  2,486295890808e+01
  5,005815029144e-01;  2,672627830505e+01
  5,121171474457e-01;  2,846027946472e+01
  5,227611660957e-01;  3,007788848877e+01
  5,420290231705e-01;  3,299995803833e+01
  5,582805871964e-01;  3,553878021240e+01
  5,723379254341e-01;  3,773540878296e+01
  5,837830305099e-01;  3,962831878662e+01
  5,938000679016e-01;  4,124607849121e+01
  6,060114502907e-01;  4,322514724731e+01
  6,179441213608e-01;  4,522434997559e+01
  6,284139752388e-01;  4,692025756836e+01
  6,388141512871e-01;  4,855934906006e+01
  6,438854336739e-01;  4,924679183960e+01
  6,456478238106e-01;  4,661149978638e+01
  6,299673914909e-01;  4,340611267090e+01
  6,116329431534e-01;  4,148214340210e+01
  5,943991541862e-01;  3,938122940063e+01
  5,787396430969e-01;  3,712673568726e+01
  5,646126866341e-01;  3,475630950928e+01
  5,520669817924e-01;  3,241617965698e+01
  5,407055020332e-01;  3,032443046570e+01
  5,305351614952e-01;  2,852564811707e+01
  5,126953125000e-01;  2,560464859009e+01
  4,978020787239e-01;  2,334691810608e+01
  4,851866960526e-01;  2,156234741211e+01
  4,742292463779e-01;  2,011067962646e+01
  4,607640206814e-01;  1,837361717224e+01
  4,490751326084e-01;  1,702387428284e+01
  4,369055628777e-01;  1,561826229095e+01
  4,268327653408e-01;  1,454376220703e+01
  4,167669415474e-01;  1,352661323547e+01
  4,056353271008e-01;  1,242252445221e+01
  3,963148593903e-01;  1,155339908600e+01
  3,903589546680e-01;  1,104301548004e+01
  3,864580094814e-01;  1,073466396332e+01
  3,842567801476e-01;  1,243241977692e+01
  3,982026576996e-01;  1,474606990814e+01
  4,165858328342e-01;  1,620622444153e+01
  4,340077340603e-01;  1,784912490845e+01
  4,504683017731e-01;  1,966368865967e+01
  4,657586216927e-01;  2,163150215149e+01
  4,800806343555e-01;  2,366659355164e+01
  4,929189383984e-01;  2,561713027954e+01
  5,051163434982e-01;  2,742611312866e+01
  5,162479281425e-01;  2,911248016357e+01
  5,265924334526e-01;  3,068846321106e+01
  5,453029870987e-01;  3,353063201904e+01
  5,610879063606e-01;  3,599712371826e+01
  5,746227502823e-01;  3,813397216797e+01
  5,857195854187e-01;  3,996659469604e+01
  5,997420549393e-01;  4,221665573120e+01
  6,103163957596e-01;  4,399361801147e+01
  6,212181448936e-01;  4,577085876465e+01
  6,316879987717e-01;  4,747957611084e+01
  6,401725411415e-01;  4,877352142334e+01
  6,445959210396e-01;  4,930331039429e+01
  6,454039812088e-01;  4,633699035645e+01
  6,263520717621e-01;  4,303860473633e+01
  6,080455183983e-01;  4,107638168335e+01
  5,911251306534e-01;  3,894555282593e+01
  5,757442712784e-01;  3,666529083252e+01
  5,619307756424e-01;  3,428496932983e+01
  5,496288537979e-01;  3,197985458374e+01
  5,385460257530e-01;  2,994929695129e+01
  5,285289883614e-01;  2,820204162598e+01
  5,110234618187e-01;  2,535774230957e+01
  4,964367449284e-01;  2,315503692627e+01
  4,839189052582e-01;  2,140471458435e+01
  4,731495082378e-01;  1,997853660583e+01
  4,598653912544e-01;  1,826939201355e+01
  4,483297467232e-01;  1,694399833679e+01
  4,363622367382e-01;  1,556204032898e+01
  4,263451695442e-01;  1,450391864777e+01
  4,147468209267e-01;  1,333336925507e+01
  4,041933715343e-01;  1,229204940796e+01
  3,953744769096e-01;  1,147725009918e+01
  3,897320330143e-01;  1,098992061615e+01
  3,860261440277e-01;  1,069829082489e+01
  3,844030499458e-01;  1,225190067291e+01
  3,951445817947e-01;  1,447935676575e+01
  4,129983782768e-01;  1,590198802948e+01
  4,307685494423e-01;  1,750841522217e+01
  4,473823904991e-01;  1,929037857056e+01
  4,629025757313e-01;  2,123150825500e+01
  4,774823486805e-01;  2,326507759094e+01
  4,905504882336e-01;  2,524094009399e+01
  5,028523802757e-01;  2,707683372498e+01
  5,142417550087e-01;  2,878602409363e+01
  5,247116088867e-01;  3,038187217712e+01
  5,437008142471e-01;  3,326369857788e+01
  5,596737861633e-01;  3,576359939575e+01
  5,734733939171e-01;  3,792960739136e+01
  5,847443342209e-01;  3,979060363770e+01
  5,990106463432e-01;  4,207788848877e+01
  6,098148226738e-01;  4,388553237915e+01
  6,208489537239e-01;  4,569287490845e+01
  6,316043734550e-01;  4,743583297729e+01
  6,401934623718e-01;  4,875989913940e+01
  6,446307897568e-01;  4,931588745117e+01
  6,456965804100e-01;  4,661277770996e+01
  6,300022006035e-01;  4,340730285645e+01
  6,117026209831e-01;  4,148146820068e+01
  5,944827795029e-01;  3,937966918945e+01
  5,788093209267e-01;  3,712599182129e+01
  5,646474957466e-01;  3,475556182861e+01
  5,521157383919e-01;  3,241611480713e+01
  5,407751202583e-01;  3,032653427124e+01
  5,305908918381e-01;  2,852616500854e+01
  5,127858519554e-01;  2,560551261902e+01
  4,978856742382e-01;  2,335022544861e+01
  4,852772653103e-01;  2,156544113159e+01
  4,742988944054e-01;  2,011398124695e+01
  4,608336687088e-01;  1,837407684326e+01
  4,492074847221e-01;  1,702644729614e+01
  4,370239973068e-01;  1,562211227417e+01
  4,269233345985e-01;  1,455155944824e+01
  4,168505370617e-01;  1,353214359283e+01
  4,057189226151e-01;  1,243205738068e+01
  3,963496983051e-01;  1,155751037598e+01
  3,904286324978e-01;  1,104256343842e+01
  3,864580094814e-01;  1,073078632355e+01
  3,842985630035e-01;  1,233783340454e+01
  3,965865373611e-01;  1,460670661926e+01
  4,147050380707e-01;  1,604633140564e+01
  4,323149919510e-01;  1,767036628723e+01
  4,488661289215e-01;  1,946728324890e+01
  4,642957746983e-01;  2,142298698425e+01
  4,787013828754e-01;  2,345980453491e+01
  4,916511178017e-01;  2,542174148560e+01
  5,039111971855e-01;  2,724395179749e+01
  5,151682496071e-01;  2,894243431091e+01
  5,256171822548e-01;  3,052695465088e+01
  5,444322824478e-01;  3,338759613037e+01
  5,603146553040e-01;  3,587336349487e+01
  5,739749670029e-01;  3,802178573608e+01
  5,851622819901e-01;  3,987013244629e+01
  5,993241071701e-01;  4,214186096191e+01
  6,100168824196e-01;  4,393262100220e+01
  6,209952235222e-01;  4,572827529907e+01
  6,316043734550e-01;  4,745685577393e+01
  6,401725411415e-01;  4,875910186768e+01
  6,446168422699e-01;  4,931019592285e+01
  6,456965804100e-01;  4,660448837280e+01
  6,300022006035e-01;  4,339979934692e+01
  6,116956472397e-01;  4,147613906860e+01
  5,945036411285e-01;  3,937652206421e+01
  5,788580775261e-01;  3,712538528442e+01
  5,646962523460e-01;  3,475742340088e+01
  5,521714687347e-01;  3,241944885254e+01
  5,408308506012e-01;  3,033066368103e+01
  5,306605696678e-01;  2,853321647644e+01
  5,128346085548e-01;  2,561578750610e+01
  4,979414045811e-01;  2,335810470581e+01
  4,853608608246e-01;  2,156852722168e+01
  4,743197858334e-01;  2,011604309082e+01
  4,608476161957e-01;  1,837432098389e+01
  4,492214024067e-01;  1,702718353271e+01
  4,370588362217e-01;  1,562658214569e+01
  4,269581735134e-01;  1,455273532867e+01
  4,168505370617e-01;  1,353030586243e+01
  4,057607352734e-01;  1,242416477203e+01
  3,964054286480e-01;  1,155237865448e+01
  3,904843628407e-01;  1,103346061707e+01
  3,865625262260e-01;  1,072565841675e+01
  3,846050798893e-01;  1,262431526184e+01
  4,019085466862e-01;  1,502412128448e+01
  4,204031825066e-01;  1,652083396912e+01
  4,376161098480e-01;  1,819935035706e+01
  4,538119733334e-01;  2,004704856873e+01
  4,689490199089e-01;  2,203858947754e+01
  4,829227626324e-01;  2,406852531433e+01
  4,956217110157e-01;  2,599029541016e+01
  5,075753331184e-01;  2,777193450928e+01
  5,185258388519e-01;  2,943385887146e+01
  5,287867188454e-01;  3,098705863953e+01
  5,471280813217e-01;  3,378588485718e+01
  5,627040266991e-01;  3,621563720703e+01
  5,759463310242e-01;  3,832085800171e+01
  5,868689417839e-01;  4,012875747681e+01
  6,006963849068e-01;  4,234674072266e+01
  6,110478043556e-01;  4,409777832031e+01
  6,218102574348e-01;  4,584265518188e+01
  6,321129202843e-01;  4,752103424072e+01
  6,404163241386e-01;  4,878051757813e+01
  6,448048949242e-01;  4,928055191040e+01
  6,456965804100e-01;  4,725173950195e+01
  6,209116578102e-01;  4,247028732300e+01
  6,029185652733e-01;  4,045473861694e+01
  5,865415334702e-01;  3,827702713013e+01
  5,715995430946e-01;  3,595769500732e+01
  5,583015084267e-01;  3,357616043091e+01
  5,463548898697e-01;  3,134058189392e+01
  5,355854630470e-01;  2,940123939514e+01
  5,170142054558e-01;  2,627077484131e+01
  5,013895630836e-01;  2,386776733398e+01
  4,883910417557e-01;  2,197826385498e+01
  4,769111275673e-01;  2,044926071167e+01
  4,629791975021e-01;  1,863225364685e+01
  4,510813057423e-01;  1,722945976257e+01
  4,384520053864e-01;  1,577970409393e+01
  4,281563162804e-01;  1,467300224304e+01
  4,177909493446e-01;  1,362497997284e+01
  4,075509905815e-01;  1,260560035706e+01
  3,975339233875e-01;  1,165252494812e+01
  3,912645280361e-01;  1,110191631317e+01
  3,870710432529e-01;  1,076319694519e+01
  3,845075666904e-01;  1,198866271973e+01
  4,073698520660e-01;  1,544701480865e+01
  4,256485700607e-01;  1,699811935425e+01
  4,425201416016e-01;  1,872779273987e+01
  4,583746790886e-01;  2,062269210815e+01
  4,731982648373e-01;  2,264092445374e+01
  4,867192208767e-01;  2,464882278442e+01
  4,992300868034e-01;  2,652457237244e+01
  5,108981132507e-01;  2,826979255676e+01
  5,215769410133e-01;  2,989821243286e+01
  5,316427350044e-01;  3,142181396484e+01
  5,495383143425e-01;  3,416723632813e+01
  5,648286342621e-01;  3,654713058472e+01
  5,776529908180e-01;  3,860708618164e+01
  5,883666276932e-01;  4,037228775024e+01
  6,018318533897e-01;  4,253540420532e+01
  6,119325160980e-01;  4,424512863159e+01
  6,224719882011e-01;  4,595149993896e+01
  6,335688233376e-01;  4,776476669312e+01
  6,411129236221e-01;  4,888165664673e+01
  6,451880335808e-01;  4,887993621826e+01
  6,457453370094e-01;  4,700365829468e+01
  6,349968314171e-01;  4,394635009766e+01
  6,172196865082e-01;  4,208072662354e+01
  5,995400547981e-01;  4,003223800659e+01
  5,834625959396e-01;  3,782429122925e+01
  5,688131451607e-01;  3,548426818848e+01
  5,558285713196e-01;  3,311343002319e+01
  5,441606044769e-01;  3,093338394165e+01
  5,336489677429e-01;  2,905015182495e+01
  5,154120326042e-01;  2,600502777100e+01
  5,000451207161e-01;  2,366029548645e+01
  4,871720075607e-01;  2,180819702148e+01
  4,758801758289e-01;  2,030872535706e+01
  4,621781110764e-01;  1,852543258667e+01
  4,503847062588e-01;  1,714560317993e+01
  4,379504621029e-01;  1,571639347076e+01
  4,277383685112e-01;  1,462350368500e+01
  4,174774885178e-01;  1,358355903625e+01
  4,074325561523e-01;  1,257746601105e+01
  3,974712193012e-01;  1,163793659210e+01
  3,912645280361e-01;  1,109682655334e+01
  3,870849609375e-01;  1,076469612122e+01
  3,845075666904e-01;  1,198357486725e+01
  4,073907732964e-01;  1,543918800354e+01
  4,256137311459e-01;  1,698951148987e+01
  4,425062239170e-01;  1,872002983093e+01
  4,583746790886e-01;  2,061527442932e+01
  4,731982648373e-01;  2,263384819031e+01
  4,867192208767e-01;  2,464263343811e+01
  4,992440342903e-01;  2,652193641663e+01
  5,108981132507e-01;  2,826917648315e+01
  5,215769410133e-01;  2,989879989624e+01
  5,316984653473e-01;  3,142140388489e+01
  5,495522618294e-01;  3,416442871094e+01
  5,648286342621e-01;  3,654275131226e+01
  5,776529908180e-01;  3,860063552856e+01
  5,883457064629e-01;  4,036619186401e+01
  6,018666625023e-01;  4,253235244751e+01
  6,119533777237e-01;  4,424485397339e+01
  6,224929094315e-01;  4,594943618774e+01
  6,335896849632e-01;  4,776509475708e+01
  6,411477923393e-01;  4,887995147705e+01
  6,452089548111e-01;  4,888299179077e+01
  6,457801461220e-01;  4,700500488281e+01
  6,350107789040e-01;  4,394761276245e+01
  6,172057390213e-01;  4,208233261108e+01
  5,995400547981e-01;  4,003289794922e+01
  5,834765434265e-01;  3,782411956787e+01
  5,688270926476e-01;  3,548313522339e+01
  5,558634400368e-01;  3,311199188232e+01
  5,441745519638e-01;  3,093346405029e+01
  5,336837768555e-01;  2,905394744873e+01
  5,154329538345e-01;  2,601183891296e+01
  5,001008510590e-01;  2,366932106018e+01
  4,872277379036e-01;  2,182077598572e+01
  4,759010672569e-01;  2,032259750366e+01
  4,621781110764e-01;  1,853075218201e+01
  4,503847062588e-01;  1,714856147766e+01
  4,379504621029e-01;  1,571472263336e+01
  4,277731776237e-01;  1,462118434906e+01
  4,174774885178e-01;  1,358168411255e+01
  4,073907732964e-01;  1,258204460144e+01
  3,974712193012e-01;  1,164297199249e+01
  3,912297189236e-01;  1,110145473480e+01
  3,870153129101e-01;  1,076325893402e+01
  3,845075666904e-01;  1,224977684021e+01
  3,951724469662e-01;  1,447718238831e+01
  4,130471348763e-01;  1,589824199677e+01
  4,307824969292e-01;  1,750319480896e+01
  4,474241733551e-01;  1,928326606750e+01
  4,628886282444e-01;  2,122202491760e+01
  4,774335920811e-01;  2,325324440002e+01
  4,905156791210e-01;  2,522737312317e+01
  5,028315186501e-01;  2,706285667419e+01
  5,141929984093e-01;  2,877048873901e+01
  5,246419310570e-01;  3,036557006836e+01
  5,436102747917e-01;  3,324340057373e+01
  5,596529245377e-01;  3,574419403076e+01
  5,734524726868e-01;  3,791160583496e+01
  5,846886038780e-01;  3,977530288696e+01
  5,989966988564e-01;  4,206724929810e+01
  6,097730398178e-01;  4,387441635132e+01
  6,208350062370e-01;  4,568258666992e+01
  6,316183209419e-01;  4,742900466919e+01
  6,401934623718e-01;  4,875493240356e+01
  6,446516513824e-01;  4,931808090210e+01
  6,458706855774e-01;  4,713743591309e+01
  6,192258596420e-01;  4,228876113892e+01
  6,013860106468e-01;  4,025775909424e+01
  5,851692557335e-01;  3,806590270996e+01
  5,703247785568e-01;  3,573743820190e+01
  5,572217702866e-01;  3,336027145386e+01
  5,453796386719e-01;  3,115209770203e+01
  5,347843766212e-01;  2,924065971375e+01
  5,163872838020e-01;  2,615098762512e+01
  5,008670687675e-01;  2,377557373047e+01
  4,879243373871e-01;  2,190545845032e+01
  4,765489101410e-01;  2,038984107971e+01
  4,627144932747e-01;  1,858522605896e+01
  4,508723318577e-01;  1,719330406189e+01
  4,383475184441e-01;  1,575047206879e+01
  4,281075596809e-01;  1,465019321442e+01
  4,177421927452e-01;  1,360092258453e+01
  4,076415300369e-01;  1,258718109131e+01
  3,976732194424e-01;  1,164820289612e+01
  3,914247453213e-01;  1,110196971893e+01
  3,872103393078e-01;  1,076138687134e+01
  3,846677839756e-01;  1,207492828369e+01
  4,094457328320e-01;  1,559709072113e+01
  4,275293648243e-01;  1,716457748413e+01
  4,443034231663e-01;  1,890849876404e+01
  4,600186645985e-01;  2,081829452515e+01
  4,747516810894e-01;  2,284350967407e+01
  4,880984723568e-01;  2,484197998047e+01
  5,005466341972e-01;  2,670504570007e+01
  5,120822787285e-01;  2,843774795532e+01
  5,226705670357e-01;  3,005552864075e+01
  5,327433943748e-01;  3,156723022461e+01
  5,504230260849e-01;  3,429342651367e+01
  5,655948519707e-01;  3,665839004517e+01
  5,782799124718e-01;  3,870197296143e+01
  5,889030098915e-01;  4,045421981812e+01
  6,022846102715e-01;  4,259631347656e+01
  6,151716709137e-01;  4,476912689209e+01
  6,266725063324e-01;  4,662650299072e+01
  6,374000906944e-01;  4,834548187256e+01
  6,431539654732e-01;  4,913490676880e+01
  6,458219289780e-01;  4,749548721313e+01
  6,248683333397e-01;  4,286574554443e+01
  6,066313982010e-01;  4,088837051392e+01
  5,899618268013e-01;  3,874206161499e+01
  5,746994018555e-01;  3,645156478882e+01
  5,610948801041e-01;  3,406995391846e+01
  5,489113926888e-01;  3,178647804260e+01
  5,379191040993e-01;  2,978669929504e+01
  5,190343260765e-01;  2,656455230713e+01
  5,030753016472e-01;  2,409771919250e+01
  4,898190796375e-01;  2,216058540344e+01
  4,781858921051e-01;  2,059783363342e+01
  4,641285836697e-01;  1,874698066711e+01
  4,520913958549e-01;  1,732313346863e+01
  4,392530918121e-01;  1,585254859924e+01
  4,288529157639e-01;  1,473076438904e+01
  4,183343052864e-01;  1,365857887268e+01
  4,080595076084e-01;  1,262031459808e+01
  3,979379534721e-01;  1,167221260071e+01
  3,916128277779e-01;  1,111242675781e+01
  3,873845040798e-01;  1,077847194672e+01
  3,845284581184e-01;  1,233356666565e+01
  3,967746198177e-01;  1,459675312042e+01
  4,149140119553e-01;  1,603624725342e+01
  4,325100481510e-01;  1,766052246094e+01
  4,490542113781e-01;  1,945649147034e+01
  4,644350707531e-01;  2,140846633911e+01
  4,788337349892e-01;  2,344085884094e+01
  4,918252825737e-01;  2,540353965759e+01
  5,040505528450e-01;  2,722545623779e+01
  5,152727365494e-01;  2,892286491394e+01
  5,256868600845e-01;  3,050877571106e+01
  5,445367693901e-01;  3,337226867676e+01
  5,604400634766e-01;  3,585477447510e+01
  5,741212368011e-01;  3,800812911987e+01
  5,852807164192e-01;  3,985691833496e+01
  5,994634032249e-01;  4,212823867798e+01
  6,101213693619e-01;  4,391917419434e+01
  6,211345791817e-01;  4,571546936035e+01
  6,317785382271e-01;  4,744789505005e+01
  6,403118371964e-01;  4,875816726685e+01
  6,447561383247e-01;  4,930672836304e+01
  6,455781459808e-01;  4,633456802368e+01
  6,265401244164e-01;  4,303824234009e+01
  6,082335710526e-01;  4,107825469971e+01
  5,914247035980e-01;  3,894946670532e+01
  5,760229229927e-01;  3,667152404785e+01
  5,622791051865e-01;  3,429384613037e+01
  5,499771833420e-01;  3,199127197266e+01
  5,388942956924e-01;  2,996305656433e+01
  5,198354125023e-01;  2,669982719421e+01
  5,037231445313e-01;  2,420626068115e+01
  4,904111921787e-01;  2,224807739258e+01
  4,786944091320e-01;  2,067026901245e+01
  4,644977748394e-01;  1,880620193481e+01
  4,524048566818e-01;  1,736695671082e+01
  4,423738420010e-01;  1,621861648560e+01
  4,314999878407e-01;  1,501066780090e+01
  4,203753173351e-01;  1,386752796173e+01
  4,094317853451e-01;  1,277186489105e+01
  3,987738490105e-01;  1,175544357300e+01
  3,920865356922e-01;  1,116919994354e+01
  3,876422345638e-01;  1,080219554901e+01
  3,846817016602e-01;  1,147298145294e+01
  3,844239711761e-01;  1,224781799316e+01
  3,951306641102e-01;  1,447218608856e+01
  4,129495918751e-01;  1,589009571075e+01
  4,306989014149e-01;  1,749370765686e+01
  4,472779035568e-01;  1,927375984192e+01
  4,627632498741e-01;  2,121240997314e+01
  4,773151576519e-01;  2,324182510376e+01
  4,903763532639e-01;  2,521520996094e+01
  5,026782751083e-01;  2,704806137085e+01
  5,140327811241e-01;  2,875439071655e+01
  5,245165824890e-01;  3,034639930725e+01
  5,435057878494e-01;  3,322407531738e+01
  5,595065951347e-01;  3,572186660767e+01
  5,733131766319e-01;  3,788691329956e+01
  5,845631957054e-01;  3,974835968018e+01
  5,989200472832e-01;  4,204435348511e+01
  6,097242832184e-01;  4,386140060425e+01
  6,208001971245e-01;  4,567340087891e+01
  6,315695643425e-01;  4,741219711304e+01
  6,402212977409e-01;  4,874506759644e+01
  6,447352766991e-01;  4,928266143799e+01
  6,456199288368e-01;  4,747826385498e+01
  6,246593594551e-01;  4,284992599487e+01
  6,064711809158e-01;  4,087268066406e+01
  5,898364782333e-01;  3,872693252563e+01
  5,745601058006e-01;  3,643743515015e+01
  5,609694719315e-01;  3,406025695801e+01
  5,488417148590e-01;  3,178129386902e+01
  5,378703474998e-01;  2,978359794617e+01
  5,189995169640e-01;  2,656677055359e+01
  5,030404925346e-01;  2,410015487671e+01
  4,897703230381e-01;  2,216092300415e+01
  4,781719744205e-01;  2,059804916382e+01
  4,640728533268e-01;  1,874324226379e+01
  4,520565569401e-01;  1,731400108337e+01
  4,392391741276e-01;  1,584345722198e+01
  4,288738071918e-01;  1,472771739960e+01
  4,183760881424e-01;  1,365867042542e+01
  4,081291556358e-01;  1,262500858307e+01
  3,979936540127e-01;  1,167114830017e+01
  3,916825056076e-01;  1,111797523499e+01
  3,873636126518e-01;  1,077487850189e+01
  3,847304582596e-01;  1,261820697784e+01
  3,884294033051e-01;  1,371082305908e+01
  4,020269513130e-01;  1,501241016388e+01
  4,205076694489e-01;  1,650855255127e+01
  4,376300275326e-01;  1,818444824219e+01
  4,538677036762e-01;  2,003025627136e+01
  4,689142107964e-01;  2,201960754395e+01
  4,829227626324e-01;  2,404697036743e+01
  4,956217110157e-01;  2,596764183044e+01
  5,075753331184e-01;  2,774972343445e+01
  5,185049176216e-01;  2,941000175476e+01
  5,287309885025e-01;  3,096152877808e+01
  5,470793247223e-01;  3,376147460938e+01
  5,626343488693e-01;  3,619300842285e+01
  5,759114623070e-01;  3,829890441895e+01
  5,868132114410e-01;  4,010685729980e+01
  6,006824374199e-01;  4,233037567139e+01
  6,110269427299e-01;  4,408196640015e+01
  6,217963099480e-01;  4,582811355591e+01
  6,320850253105e-01;  4,750535202026e+01
  6,404581665993e-01;  4,877735519409e+01
  6,448745727539e-01;  4,931106185913e+01
  6,456826329231e-01;  4,634338760376e+01
  6,266446113586e-01;  4,305080413818e+01
  6,083728671074e-01;  4,109185409546e+01
  5,915431380272e-01;  3,896215057373e+01
  5,761622786522e-01;  3,668266296387e+01
  5,623974800110e-01;  3,430556869507e+01
  5,500816702843e-01;  3,200364303589e+01
  5,390127301216e-01;  2,997563362122e+01
  5,199398994446e-01;  2,670928001404e+01
  5,038833618164e-01;  2,421180915833e+01
  4,905226230621e-01;  2,225248908997e+01
  4,788128435612e-01;  2,067378807068e+01
  4,646162092686e-01;  1,880468940735e+01
  4,525441825390e-01;  1,736471176147e+01
  4,424922764301e-01;  1,621809577942e+01
  4,316253662109e-01;  1,501298809052e+01
  4,205146431923e-01;  1,386939144135e+01
  4,095571637154e-01;  1,276580333710e+01
  3,989271223545e-01;  1,175505256653e+01
  3,922606706619e-01;  1,116580772400e+01
  3,878163993359e-01;  1,080175209045e+01
  3,848558366299e-01;  1,191021728516e+01
  4,058234095573e-01;  1,530538749695e+01
  4,241648018360e-01;  1,683770751953e+01
  4,411130249500e-01;  1,854768753052e+01
  4,570372104645e-01;  2,042563629150e+01
  4,719304740429e-01;  2,243378067017e+01
  4,856046736240e-01;  2,444907760620e+01
  4,981642961502e-01;  2,633796501160e+01
  5,098880529404e-01;  2,809203147888e+01
  5,206574201584e-01;  2,972861099243e+01
  5,308068394661e-01;  3,125962638855e+01
  5,488069057465e-01;  3,402372741699e+01
  5,641668438911e-01;  3,642034912109e+01
  5,771653652191e-01;  3,849300765991e+01
  5,879138708115e-01;  4,027525711060e+01
  6,015323400497e-01;  4,245650482178e+01
  6,117095947266e-01;  4,417889404297e+01
  6,223187446594e-01;  4,590007019043e+01
  6,324054598808e-01;  4,754836273193e+01
  6,406253576279e-01;  4,879759979248e+01
  6,449790596962e-01;  4,929458618164e+01
  6,458358764648e-01;  4,737384796143e+01
  6,229875087738e-01;  4,266948699951e+01
  6,049038171768e-01;  4,067431640625e+01
  5,884084105492e-01;  3,851530456543e+01
  5,733062028885e-01;  3,621095657349e+01
  5,599036812782e-01;  3,382994461060e+01
  5,478664636612e-01;  3,156986427307e+01
  5,370135307312e-01;  2,960174942017e+01
  5,182889699936e-01;  2,642839622498e+01
  5,024831891060e-01;  2,399464035034e+01
  4,893732368946e-01;  2,207926368713e+01
  4,778724312782e-01;  2,053497123718e+01
  4,638638794422e-01;  1,870249938965e+01
  4,518823921680e-01;  1,728751945496e+01
  4,391486048698e-01;  1,582062053680e+01
  4,287832379341e-01;  1,469954681396e+01
  4,184039533138e-01;  1,363804244995e+01
  4,081779122353e-01;  1,261672115326e+01
  3,980563580990e-01;  1,167004203796e+01
  3,917521536350e-01;  1,111360454559e+01
  3,874889910221e-01;  1,076845836639e+01
  3,849115669727e-01;  1,225037002563e+01
  3,956461250782e-01;  1,447716331482e+01
  4,134511649609e-01;  1,589871883392e+01
  4,311656057835e-01;  1,750489234924e+01
  4,477655291557e-01;  1,928365325928e+01
  4,632230103016e-01;  2,122205543518e+01
  4,777470529079e-01;  2,325371932983e+01
  4,908151924610e-01;  2,522820854187e+01
  5,031310319901e-01;  2,706181335449e+01
  5,144646763802e-01;  2,876877021790e+01
  5,249205827713e-01;  3,036213684082e+01
  5,438889265060e-01;  3,324165725708e+01
  5,598479509354e-01;  3,574101257324e+01
  5,736266374588e-01;  3,790684890747e+01
  5,849115252495e-01;  3,977113342285e+01
  5,991848111153e-01;  4,206657409668e+01
  6,099681258202e-01;  4,387287521362e+01
  6,209882497787e-01;  4,568057250977e+01
  6,316740512848e-01;  4,742240142822e+01
  6,403118371964e-01;  4,874563598633e+01
  6,447910070419e-01;  4,931697463989e+01
  6,459473371506e-01;  4,675321960449e+01
  6,320014595985e-01;  4,360038375854e+01
  6,138063669205e-01;  4,169879531860e+01
  5,964750051498e-01;  3,961892700195e+01
  5,807249546051e-01;  3,738408279419e+01
  5,664168596268e-01;  3,502477264404e+01
  5,537736415863e-01;  3,267429351807e+01
  5,422937273979e-01;  3,055456542969e+01
  5,320676565170e-01;  2,872852516174e+01
  5,141024589539e-01;  2,576838684082e+01
  4,990489780903e-01;  2,348062705994e+01
  4,864266514778e-01;  2,167061614990e+01
  4,752950370312e-01;  2,020033264160e+01
  4,617601335049e-01;  1,844052505493e+01
  4,500712454319e-01;  1,707987022400e+01
  4,377902448177e-01;  1,566623401642e+01
  4,277035295963e-01;  1,458816051483e+01
  4,174774885178e-01;  1,355636692047e+01
  4,063667654991e-01;  1,244306373596e+01
  3,969418108463e-01;  1,156623077393e+01
  3,910276889801e-01;  1,104702663422e+01
  3,870153129101e-01;  1,073234748840e+01
  3,847861886024e-01;  1,224434375763e+01
  3,955277204514e-01;  1,447035694122e+01
  4,133466780186e-01;  1,588996696472e+01
  4,310611188412e-01;  1,749459266663e+01
  4,476819336414e-01;  1,927408409119e+01
  4,631463885307e-01;  2,121334075928e+01
  4,776773750782e-01;  2,324467086792e+01
  4,907107055187e-01;  2,521855545044e+01
  5,030265450478e-01;  2,705210685730e+01
  5,143671631813e-01;  2,875880241394e+01
  5,248021483421e-01;  3,035182952881e+01
  5,437496304512e-01;  3,322953033447e+01
  5,597225427628e-01;  3,572806549072e+01
  5,735569596291e-01;  3,789645004272e+01
  5,848278999329e-01;  3,976241302490e+01
  5,990942120552e-01;  4,205747222900e+01
  6,098984479904e-01;  4,386854171753e+01
  6,209394931793e-01;  4,567872238159e+01
  6,316392421722e-01;  4,742596435547e+01
  6,402422189713e-01;  4,874372100830e+01
  6,447561383247e-01;  4,931764984131e+01
  6,459751725197e-01;  4,713559722900e+01
  6,193860769272e-01;  4,229176712036e+01
  6,015810966492e-01;  4,026344680786e+01
  5,853782296181e-01;  3,807369995117e+01
  5,706034302711e-01;  3,574529647827e+01
  5,574656128883e-01;  3,336950302124e+01
  5,456930994987e-01;  3,116243934631e+01
  5,350769758224e-01;  2,925271606445e+01
  5,167007446289e-01;  2,616549682617e+01
  5,011805891991e-01;  2,378910636902e+01
  4,882517158985e-01;  2,191330146790e+01
  4,768762886524e-01;  2,039574050903e+01
  4,630627930164e-01;  1,858902549744e+01
  4,512345790863e-01;  1,719678306580e+01
  4,387306571007e-01;  1,575667095184e+01
  4,284906685352e-01;  1,465813541412e+01
  4,181462228298e-01;  1,361069583893e+01
  4,080037772655e-01;  1,259668731689e+01
  3,980215191841e-01;  1,165577793121e+01
  3,917730450630e-01;  1,111178207397e+01
  3,874889910221e-01;  1,076656913757e+01
  3,849255144596e-01;  1,224701213837e+01
  3,956322073936e-01;  1,447269439697e+01
  4,134511649609e-01;  1,589150524139e+01
  4,311516880989e-01;  1,749558448792e+01
  4,478003382683e-01;  1,927338218689e+01
  4,632369279861e-01;  2,121191787720e+01
  4,777470529079e-01;  2,324357414246e+01
  4,908012747765e-01;  2,521751976013e+01
  5,031101107597e-01;  2,705107307434e+01
  5,144367814064e-01;  2,875594711304e+01
  5,249205827713e-01;  3,034853553772e+01
  5,438749790192e-01;  3,322792053223e+01
  5,598618984222e-01;  3,572912597656e+01
  5,736266374588e-01;  3,789398574829e+01
  5,848836302757e-01;  3,975648117065e+01
  5,991848111153e-01;  4,205388259888e+01
  6,099472045898e-01;  4,386294174194e+01
  6,210300326347e-01;  4,567665481567e+01
  6,317645907402e-01;  4,742147827148e+01
  6,404024362564e-01;  4,874901962280e+01
  6,448815464973e-01;  4,930766296387e+01
  6,458567976952e-01;  4,647706985474e+01
  6,285254359245e-01;  4,322739410400e+01
  6,102188825607e-01;  4,128740310669e+01
  5,932288765907e-01;  3,917428588867e+01
  5,777505040169e-01;  3,691144943237e+01
  5,637906789780e-01;  3,453997802734e+01
  5,514191389084e-01;  3,222103881836e+01
  5,402178764343e-01;  3,016247749329e+01
  5,301868319511e-01;  2,839047431946e+01
  5,125350952148e-01;  2,551099205017e+01
  4,977811872959e-01;  2,328192138672e+01
  4,852563738823e-01;  2,151041030884e+01
  4,743894636631e-01;  2,006721305847e+01
  4,609938859940e-01;  1,833818244934e+01
  4,494443237782e-01;  1,699746131897e+01
  4,373722970486e-01;  1,560133647919e+01
  4,251470267773e-01;  1,430163669586e+01
  4,141338169575e-01;  1,319124126434e+01
  4,040679931641e-01;  1,220458412170e+01
  3,956182599068e-01;  1,143466186523e+01
  3,901499807835e-01;  1,096759605408e+01
  3,864928483963e-01;  1,067429828644e+01
  3,851693272591e-01;  1,215882968903e+01
  4,118141531944e-01;  1,574081516266e+01
  4,297027587891e-01;  1,732868576050e+01
  4,463932216167e-01;  1,909085655212e+01
  4,619482159615e-01;  2,101548576355e+01
  4,765976667404e-01;  2,304245376587e+01
  4,897494018078e-01;  2,503036880493e+01
  5,021209716797e-01;  2,687979888916e+01
  5,135242342949e-01;  2,859807205200e+01
  5,240498185158e-01;  3,020159721375e+01
  5,431783795357e-01;  3,310132980347e+01
  5,592558383942e-01;  3,562197875977e+01
  5,731599330902e-01;  3,780720901489e+01
  5,845144391060e-01;  3,968376922607e+01
  5,989061594009e-01;  4,199810409546e+01
  6,097521781921e-01;  4,381851196289e+01
  6,208698153496e-01;  4,564017486572e+01
  6,317228078842e-01;  4,740706253052e+01
  6,403815150261e-01;  4,874817276001e+01
  6,448745727539e-01;  4,931402587891e+01
  6,460448503494e-01;  4,688219070435e+01
  6,337429285049e-01;  4,378169631958e+01
  6,157080531120e-01;  4,190024948120e+01
  5,982304215431e-01;  3,983726501465e+01
  5,823271274567e-01;  3,761710357666e+01
  5,679215192795e-01;  3,526845169067e+01
  5,551319718361e-01;  3,290803146362e+01
  5,435475707054e-01;  3,075819015503e+01
  5,331822037697e-01;  2,890463066101e+01
  5,150985717773e-01;  2,590290451050e+01
  4,998849034309e-01;  2,358500480652e+01
  4,871371686459e-01;  2,175067901611e+01
  4,759707152843e-01;  2,026286315918e+01
  4,623383283615e-01;  1,849031257629e+01
  4,506076276302e-01;  1,711819648743e+01
  4,382569789886e-01;  1,569588375092e+01
  4,281214773655e-01;  1,460740375519e+01
  4,178815186024e-01;  1,357521533966e+01
  4,067011177540e-01;  1,245593166351e+01
  3,972413539886e-01;  1,157011508942e+01
  3,913202583790e-01;  1,105840301514e+01
  3,872590959072e-01;  1,073838138580e+01
  3,849951624870e-01;  1,233334350586e+01
  3,972970843315e-01;  1,460171222687e+01
  4,154085814953e-01;  1,603993415833e+01
  4,329767525196e-01;  1,766233253479e+01
  4,494930803776e-01;  1,945725631714e+01
  4,648182094097e-01;  2,141062545776e+01
  4,791890084743e-01;  2,344515609741e+01
  4,921387434006e-01;  2,540675926208e+01
  5,043292045593e-01;  2,722920227051e+01
  5,155513882637e-01;  2,892663192749e+01
  5,259863734245e-01;  3,051129531860e+01
  5,447805523872e-01;  3,337210845947e+01
  5,606908202171e-01;  3,585092926025e+01
  5,742884278297e-01;  3,799596405029e+01
  5,854061245918e-01;  3,984229660034e+01
  5,995678901672e-01;  4,211052703857e+01
  6,102606654167e-01;  4,390655136108e+01
  6,212947964668e-01;  4,571139907837e+01
  6,318969726563e-01;  4,743986511230e+01
  6,404860019684e-01;  4,874696731567e+01
  6,449999809265e-01;  4,926954269409e+01
  6,458498239517e-01;  4,724890899658e+01
  6,211624145508e-01;  4,247369003296e+01
  6,032111048698e-01;  4,046107101440e+01
  5,869107246399e-01;  3,828664779663e+01
  5,719826817513e-01;  3,597305297852e+01
  5,587194561958e-01;  3,359541320801e+01
  5,468215942383e-01;  3,136362838745e+01
  5,360940098763e-01;  2,942609596252e+01
  5,175853967667e-01;  2,629762077332e+01
  5,020164847374e-01;  2,389528846741e+01
  4,889552891254e-01;  2,200100898743e+01
  4,774684011936e-01;  2,047240447998e+01
  4,636061191559e-01;  1,864976882935e+01
  4,517082571983e-01;  1,724131393433e+01
  4,390650093555e-01;  1,578793048859e+01
  4,288041591644e-01;  1,467485141754e+01
  4,184387922287e-01;  1,361020851135e+01
  4,082963466644e-01;  1,259799766541e+01
  3,983210623264e-01;  1,165805625916e+01
  3,920516967773e-01;  1,110904979706e+01
  3,877815604210e-01;  1,076700115204e+01
  3,851693272591e-01;  1,207541465759e+01
  4,099542498589e-01;  1,559420681000e+01
  4,279821515083e-01;  1,716347122192e+01
  4,447214007378e-01;  1,890842437744e+01
  4,604157209396e-01;  2,081566238403e+01
  4,751348197460e-01;  2,283648300171e+01
  4,884467720985e-01;  2,483304023743e+01
  5,008670687675e-01;  2,669589805603e+01
  5,123957991600e-01;  2,842685508728e+01
  5,229701399803e-01;  3,004320907593e+01
  5,422031283379e-01;  3,296393966675e+01
  5,584547519684e-01;  3,549834060669e+01
  5,724772810936e-01;  3,769652175903e+01
  5,838875174522e-01;  3,958459091187e+01
  5,939394235611e-01;  4,120025253296e+01
  6,061367988586e-01;  4,318289566040e+01
  6,181182861328e-01;  4,519075012207e+01
  6,286229491234e-01;  4,689466476440e+01
  6,390789151192e-01;  4,854977416992e+01
  6,441988945007e-01;  4,923975372314e+01
  6,460448503494e-01;  4,687512207031e+01
  6,337429285049e-01;  4,377429962158e+01
  6,157568097115e-01;  4,189150238037e+01
  5,982722640038e-01;  3,982841110229e+01
  5,824176669121e-01;  3,760974121094e+01
  5,679563283920e-01;  3,526288604736e+01
  5,552016496658e-01;  3,290387344360e+01
  5,436381697655e-01;  3,075760841370e+01
  5,332658290863e-01;  2,890671920776e+01
  5,151891112328e-01;  2,590380287170e+01
  5,000103116035e-01;  2,358783721924e+01
  4,872625470161e-01;  2,175862312317e+01
  4,760264456272e-01;  2,027065467834e+01
  4,624358415604e-01;  1,849559783936e+01
  4,506981968880e-01;  1,712262725830e+01
  4,383684098721e-01;  1,569864559174e+01
  4,282468855381e-01;  1,461245441437e+01
  4,179302752018e-01;  1,357503890991e+01
  4,067986607552e-01;  1,245782566071e+01
  3,973110020161e-01;  1,157454013824e+01
  3,913899362087e-01;  1,105844211578e+01
  3,872939348221e-01;  1,072854900360e+01
  3,852389752865e-01;  1,252512359619e+01
  4,007939994335e-01;  1,487989330292e+01
  4,192537963390e-01;  1,635681724548e+01
  4,364806413651e-01;  1,801501083374e+01
  4,527810215950e-01;  1,984520912170e+01
  4,679041206837e-01;  2,182207679749e+01
  4,820311069489e-01;  2,385203742981e+01
  4,947509765625e-01;  2,578484535217e+01
  5,067672729492e-01;  2,757898902893e+01
  5,177595615387e-01;  2,925085258484e+01
  5,280761718750e-01;  3,081122779846e+01
  5,465916991234e-01;  3,362598037720e+01
  5,622512102127e-01;  3,606667327881e+01
  5,755771398544e-01;  3,818230438232e+01
  5,865206718445e-01;  4,000567626953e+01
  6,005431413651e-01;  4,224020004272e+01
  6,110129952431e-01;  4,402042770386e+01
  6,218659877777e-01;  4,579750442505e+01
  6,321964859962e-01;  4,749126815796e+01
  6,406392455101e-01;  4,875815200806e+01
  6,451044678688e-01;  4,917718505859e+01
  6,458358764648e-01;  4,661396408081e+01
  6,302112340927e-01;  4,340975952148e+01
  6,119464635849e-01;  4,148357009888e+01
  5,948171019554e-01;  3,938169097900e+01
  5,791924595833e-01;  3,712837600708e+01
  5,651142001152e-01;  3,476215362549e+01
  5,525894165039e-01;  3,242459487915e+01
  5,413045287132e-01;  3,033582305908e+01
  5,311412215233e-01;  2,853860473633e+01
  5,134058594704e-01;  2,561973190308e+01
  4,986519217491e-01;  2,336688423157e+01
  4,860226213932e-01;  2,159074211121e+01
  4,749954938889e-01;  2,014473342896e+01
  4,615999162197e-01;  1,840439796448e+01
  4,499319195747e-01;  1,705170822144e+01
  4,377414882183e-01;  1,563255023956e+01
  4,277035295963e-01;  1,454899978638e+01
  4,175819754601e-01;  1,353144836426e+01
  4,065409004688e-01;  1,244506740570e+01
  3,971159458160e-01;  1,154506874084e+01
  3,913342058659e-01;  1,105366706848e+01
  3,872800171375e-01;  1,072780227661e+01
  3,852738142014e-01;  1,224575233459e+01
  3,960153460503e-01;  1,446882534027e+01
  4,138551652431e-01;  1,589023876190e+01
  4,315487444401e-01;  1,749667167664e+01
  4,481486380100e-01;  1,927749061584e+01
  4,635991752148e-01;  2,121983718872e+01
  4,780814051628e-01;  2,325535774231e+01
  4,911286830902e-01;  2,523298645020e+01
  5,034096837044e-01;  2,706748962402e+01
  5,147084593773e-01;  2,877467155457e+01
  5,251644253731e-01;  3,037059211731e+01
  5,440839529037e-01;  3,325081253052e+01
  5,600221157074e-01;  3,575038146973e+01
  5,738008022308e-01;  3,791099929810e+01
  5,850229859352e-01;  3,976917266846e+01
  5,992683768272e-01;  4,205310440063e+01
  6,100516915321e-01;  4,385274124146e+01
  6,211136579514e-01;  4,566163635254e+01
  6,318830251694e-01;  4,742884063721e+01
  6,404163241386e-01;  4,875058746338e+01
  6,449303030968e-01;  4,931455230713e+01
  6,461493372917e-01;  4,689430236816e+01
  6,338405013084e-01;  4,379487991333e+01
  6,158264875412e-01;  4,191403961182e+01
  5,983210206032e-01;  3,985052871704e+01
  5,824664831161e-01;  3,763005828857e+01
  5,680050849915e-01;  3,527994155884e+01
  5,552016496658e-01;  3,291626358032e+01
  5,436660051346e-01;  3,076435470581e+01
  5,332866907120e-01;  2,890818977356e+01
  5,152378678322e-01;  2,589954566956e+01
  5,000103116035e-01;  2,358102416992e+01
  4,872625470161e-01;  2,174801445007e+01
  4,761239886284e-01;  2,026211357117e+01
  4,625055193901e-01;  1,849309921265e+01
  4,508375227451e-01;  1,712568473816e+01
  4,384311139584e-01;  1,570483684540e+01
  4,282956421375e-01;  1,461429595947e+01
  4,180556535721e-01;  1,356932640076e+01
  4,068752825260e-01;  1,245456600189e+01
  3,974294364452e-01;  1,157498741150e+01
  3,915083408356e-01;  1,106018829346e+01
  3,874332606792e-01;  1,073385238647e+01
  3,852389752865e-01;  1,242665576935e+01
  3,991430401802e-01;  1,473605728149e+01
  4,174914062023e-01;  1,619348907471e+01
  4,348436295986e-01;  1,783385658264e+01
  4,512554705143e-01;  1,964579010010e+01
  4,664900302887e-01;  2,160955047607e+01
  4,807284772396e-01;  2,364056587219e+01
  4,935458600521e-01;  2,558922576904e+01
  5,056527256966e-01;  2,739722061157e+01
  5,167704224586e-01;  2,908257865906e+01
  5,270939469337e-01;  3,065625953674e+01
  5,457558035851e-01;  3,349577331543e+01
  5,615198016167e-01;  3,596122360229e+01
  5,750058889389e-01;  3,809513473511e+01
  5,860469937325e-01;  3,992760848999e+01
  6,001042723656e-01;  4,217835617065e+01
  6,106925606728e-01;  4,395735931396e+01
  6,215873360634e-01;  4,574542236328e+01
  6,321059465408e-01;  4,746324920654e+01
  6,406253576279e-01;  4,876328277588e+01
  6,450695991516e-01;  4,930735778809e+01
  6,460518240929e-01;  4,648540496826e+01
  6,287483572960e-01;  4,324205398560e+01
  6,104418039322e-01;  4,130213928223e+01
  5,934796333313e-01;  3,918960189819e+01
  5,780430436134e-01;  3,692610549927e+01
  5,640902519226e-01;  3,455432128906e+01
  5,517186522484e-01;  3,223322677612e+01
  5,405173897743e-01;  3,017332649231e+01
  5,304446220398e-01;  2,840015602112e+01
  5,128137469292e-01;  2,551352119446e+01
  4,980807006359e-01;  2,327999496460e+01
  4,856185913086e-01;  2,150746726990e+01
  4,746820330620e-01;  2,006498146057e+01
  4,613770246506e-01;  1,833861351013e+01
  4,498065412045e-01;  1,700239562988e+01
  4,377066493034e-01;  1,560461616516e+01
  4,255301356316e-01;  1,430030250549e+01
  4,145378470421e-01;  1,318701362610e+01
  4,044859409332e-01;  1,220802974701e+01
  3,960153460503e-01;  1,142589473724e+01
  3,906376063824e-01;  1,096578121185e+01
  3,869317173958e-01;  1,067655467987e+01
  3,855733573437e-01;  1,224609947205e+01
  3,962939679623e-01;  1,446921825409e+01
  4,141477644444e-01;  1,588860034943e+01
  4,317925572395e-01;  1,749234390259e+01
  4,484133422375e-01;  1,927265357971e+01
  4,638499319553e-01;  2,121128273010e+01
  4,783391654491e-01;  2,324370193481e+01
  4,913376569748e-01;  2,521823120117e+01
  5,036326050758e-01;  2,705179786682e+01
  5,149383544922e-01;  2,875930404663e+01
  5,254082083702e-01;  3,035568809509e+01
  5,443416833878e-01;  3,323881912231e+01
  5,603146553040e-01;  3,574404144287e+01
  5,740445852280e-01;  3,791207885742e+01
  5,853015780449e-01;  3,977310562134e+01
  5,995330810547e-01;  4,205959320068e+01
  6,102815866470e-01;  4,386080932617e+01
  6,213435530663e-01;  4,567035675049e+01
  6,320711374283e-01;  4,742418670654e+01
  6,406741142273e-01;  4,874863815308e+01
  6,451880335808e-01;  4,931636428833e+01
  6,463792324066e-01;  4,701781845093e+01
  6,356307268143e-01;  4,396835708618e+01
  6,179371476173e-01;  4,210788345337e+01
  6,003063321114e-01;  4,006193161011e+01
  5,842776298523e-01;  3,785666275024e+01
  5,696769356728e-01;  3,551849365234e+01
  5,567341446877e-01;  3,314907455444e+01
  5,450801253319e-01;  3,097080802917e+01
  5,345893502235e-01;  2,908826255798e+01
  5,163872838020e-01;  2,604138946533e+01
  5,010551810265e-01;  2,369373321533e+01
  4,882029592991e-01;  2,184062004089e+01
  4,769459664822e-01;  2,033431434631e+01
  4,632369279861e-01;  1,854183006287e+01
  4,514783918858e-01;  1,715986442566e+01
  4,390092790127e-01;  1,572808837891e+01
  4,288738071918e-01;  1,463570117950e+01
  4,185920357704e-01;  1,358262252808e+01
  4,085819423199e-01;  1,257463073730e+01
  3,986484706402e-01;  1,165034484863e+01
  3,924139142036e-01;  1,110346126556e+01
  3,881855905056e-01;  1,075873184204e+01
  3,858241140842e-01;  1,263020706177e+01
  4,031066894531e-01;  1,503211975098e+01
  4,215177595615e-01;  1,652973365784e+01
  4,386400878429e-01;  1,820476341248e+01
  4,547872245312e-01;  2,004988098145e+01
  4,698755145073e-01;  2,203934860229e+01
  4,837586879730e-01;  2,406740760803e+01
  4,964367449284e-01;  2,598514938354e+01
  5,083554983139e-01;  2,776296234131e+01
  5,192432999611e-01;  2,942102241516e+01
  5,294484496117e-01;  3,096961975098e+01
  5,477550625801e-01;  3,376194000244e+01
  5,632264614105e-01;  3,619041442871e+01
  5,764687657356e-01;  3,829124450684e+01
  5,873913764954e-01;  4,009696960449e+01
  6,012188196182e-01;  4,232073593140e+01
  6,115354299545e-01;  4,407918930054e+01
  6,223326921463e-01;  4,583005523682e+01
  6,325448155403e-01;  4,749554061890e+01
  6,409596800804e-01;  4,877235794067e+01
  6,453830599785e-01;  4,924722290039e+01
  6,462538242340e-01;  4,700388717651e+01
  6,355332136154e-01;  4,395050048828e+01
  6,177978515625e-01;  4,208763122559e+01
  6,001809239388e-01;  4,004185485840e+01
  5,842288732529e-01;  3,783708572388e+01
  5,695933699608e-01;  3,550027084351e+01
  5,566645264626e-01;  3,313279342651e+01
  5,450452566147e-01;  3,095656776428e+01
  5,345754027367e-01;  2,907791137695e+01
  5,163733363152e-01;  2,603613471985e+01
  5,010203719139e-01;  2,369359207153e+01
  4,882029592991e-01;  2,184002113342e+01
  4,769111275673e-01;  2,033584403992e+01
  4,632230103016e-01;  1,854339408875e+01
  4,514505267143e-01;  1,715864372253e+01
  4,390092790127e-01;  1,572600460052e+01
  4,288529157639e-01;  1,463028812408e+01
  4,186129271984e-01;  1,358090400696e+01
  4,085819423199e-01;  1,258162593842e+01
  3,986345231533e-01;  1,164652252197e+01
  3,924348354340e-01;  1,110496330261e+01
  3,881786167622e-01;  1,076433849335e+01
  3,856917619705e-01;  1,252951049805e+01
  4,012676775455e-01;  1,488151168823e+01
  4,197205305099e-01;  1,635800170898e+01
  4,369543194771e-01;  1,801717376709e+01
  4,532198607922e-01;  1,984575462341e+01
  4,683917462826e-01;  2,182376861572e+01
  4,824003279209e-01;  2,385324668884e+01
  4,951480329037e-01;  2,578520011902e+01
  5,071712732315e-01;  2,757913017273e+01
  5,181636214256e-01;  2,925215911865e+01
  5,284383893013e-01;  3,081679725647e+01
  5,469051599503e-01;  3,363970947266e+01
  5,626204013824e-01;  3,608527755737e+01
  5,758766531944e-01;  3,820468902588e+01
  5,868132114410e-01;  4,002212524414e+01
  6,007312536240e-01;  4,224942398071e+01
  6,111871600151e-01;  4,401187515259e+01
  6,220610141754e-01;  4,577701187134e+01
  6,324403285980e-01;  4,747937774658e+01
  6,408900618553e-01;  4,878082275391e+01
  6,452437639236e-01;  4,932159042358e+01
  6,463931798935e-01;  4,675988388062e+01
  6,324542760849e-01;  4,361417007446e+01
  6,142939925194e-01;  4,171495437622e+01
  5,969974398613e-01;  3,963656234741e+01
  5,812822580338e-01;  3,740343856812e+01
  5,669950246811e-01;  3,504652786255e+01
  5,543518066406e-01;  3,269680786133e+01
  5,429415702820e-01;  3,057862854004e+01
  5,326876640320e-01;  2,875432395935e+01
  5,147851109505e-01;  2,579132080078e+01
  4,998013079166e-01;  2,349781036377e+01
  4,870884120464e-01;  2,168070220947e+01
  4,759428501129e-01;  2,020318412781e+01
  4,624358415604e-01;  1,843943595886e+01
  4,508026838303e-01;  1,708188247681e+01
  4,385356009007e-01;  1,567347335815e+01
  4,284558594227e-01;  1,459143352509e+01
  4,182785749435e-01;  1,355099105835e+01
  4,071817696095e-01;  1,243872261047e+01
  3,977777361870e-01;  1,157386302948e+01
  3,918566405773e-01;  1,106323337555e+01
  3,877815604210e-01;  1,073907375336e+01
  3,857057094574e-01;  1,261832332611e+01
  4,029673635960e-01;  1,501223945618e+01
  4,214132428169e-01;  1,650717926025e+01
  4,385564923286e-01;  1,818315505981e+01
  4,546478986740e-01;  2,002834320068e+01
  4,697501063347e-01;  2,202029609680e+01
  4,836402535439e-01;  2,405034446716e+01
  4,962974190712e-01;  2,597172546387e+01
  5,082510113716e-01;  2,775476646423e+01
  5,191388130188e-01;  2,941455459595e+01
  5,293788313866e-01;  3,096801567078e+01
  5,476714372635e-01;  3,377008438110e+01
  5,631428360939e-01;  3,620063781738e+01
  5,763642787933e-01;  3,830077362061e+01
  5,872660279274e-01;  4,010424804688e+01
  6,010655760765e-01;  4,231550598145e+01
  6,113961338997e-01;  4,406735992432e+01
  6,222142577171e-01;  4,582309722900e+01
  6,324194073677e-01;  4,751214599609e+01
  6,407646536827e-01;  4,877886962891e+01
  6,451392769814e-01;  4,930754089355e+01
  6,460448503494e-01;  4,749908828735e+01
  6,251538991928e-01;  4,287457275391e+01
  6,069936156273e-01;  4,090009689331e+01
  5,903240442276e-01;  3,875625991821e+01
  5,751522183418e-01;  3,646504974365e+01
  5,615755319595e-01;  3,408551025391e+01
  5,494686365128e-01;  3,180439186096e+01
  5,385112166405e-01;  2,980597305298e+01
  5,196821689606e-01;  2,658884811401e+01
  5,037022233009e-01;  2,412357521057e+01
  4,905226230621e-01;  2,218454170227e+01
  4,789173305035e-01;  2,062041473389e+01
  4,648739397526e-01;  1,876603889465e+01
  4,528436958790e-01;  1,733518028259e+01
  4,428266584873e-01;  1,618984031677e+01
  4,320921003819e-01;  1,498408603668e+01
  4,210649430752e-01;  1,384384155273e+01
  4,102189540863e-01;  1,275466060638e+01
  3,996794223785e-01;  1,174924945831e+01
  3,930408656597e-01;  1,117228412628e+01
  3,885896205902e-01;  1,080014610291e+01
  3,855872750282e-01;  1,207934665680e+01
  4,102955758572e-01;  1,559945583344e+01
  4,282747209072e-01;  1,716727638245e+01
  4,450487792492e-01;  1,891130447388e+01
  4,606595337391e-01;  2,081711006165e+01
  4,753437936306e-01;  2,283830642700e+01
  4,886209368706e-01;  2,483273506165e+01
  5,010551810265e-01;  2,669035530090e+01
  5,125699043274e-01;  2,841744041443e+01
  5,231233835220e-01;  3,002892494202e+01
  5,423564314842e-01;  3,294295501709e+01
  5,585592389107e-01;  3,547705078125e+01
  5,725678205490e-01;  3,767628479004e+01
  5,840477347374e-01;  3,957287979126e+01
  5,940787196159e-01;  4,119788742065e+01
  6,062412858009e-01;  4,319137191772e+01
  6,182018518448e-01;  4,519728088379e+01
  6,286786794662e-01;  4,689019012451e+01
  6,391485333443e-01;  4,854743957520e+01
  6,441988945007e-01;  4,924244308472e+01
  6,460936069489e-01;  4,725323867798e+01
  6,214340925217e-01;  4,248278808594e+01
  6,035454869270e-01;  4,047332763672e+01
  5,872241854668e-01;  3,830126953125e+01
  5,723309516907e-01;  3,598988342285e+01
  5,591025948524e-01;  3,361492538452e+01
  5,472395420074e-01;  3,138486289978e+01
  5,365398526192e-01;  2,944799041748e+01
  5,180242657661e-01;  2,632203292847e+01
  5,023787021637e-01;  2,392012786865e+01
  4,893314540386e-01;  2,202264976501e+01
  4,779072701931e-01;  2,048634529114e+01
  4,640240967274e-01;  1,866079711914e+01
  4,521610438824e-01;  1,724547576904e+01
  4,395108520985e-01;  1,578673744202e+01
  4,293057024479e-01;  1,467841053009e+01
  4,189473092556e-01;  1,362796783447e+01
  4,087700247765e-01;  1,261542510986e+01
  3,987390398979e-01;  1,165804195404e+01
  3,925253748894e-01;  1,112142181396e+01
  3,882064819336e-01;  1,076514816284e+01
  3,856221139431e-01;  1,243004608154e+01
  3,994913399220e-01;  1,474061584473e+01
  4,178397059441e-01;  1,619774055481e+01
  4,351919293404e-01;  1,783916282654e+01
  4,515480399132e-01;  1,965142059326e+01
  4,667547345161e-01;  2,161499023438e+01
  4,810071289539e-01;  2,364695358276e+01
  4,938105642796e-01;  2,559461212158e+01
  5,059174299240e-01;  2,740080833435e+01
  5,169933438301e-01;  2,908437728882e+01
  5,273238420486e-01;  3,065663528442e+01
  5,459299683571e-01;  3,349333572388e+01
  5,616242885590e-01;  3,595376968384e+01
  5,751243233681e-01;  3,808708953857e+01
  5,861723423004e-01;  3,991819763184e+01
  6,002644896507e-01;  4,217242050171e+01
  6,107831001282e-01;  4,395588684082e+01
  6,217266321182e-01;  4,574576568604e+01
  6,322313547134e-01;  4,747130203247e+01
  6,406601667404e-01;  4,875368881226e+01
  6,451532244682e-01;  4,927370071411e+01
  6,460448503494e-01;  4,725490570068e+01
  6,213504672050e-01;  4,248518371582e+01
  6,034758090973e-01;  4,047537994385e+01
  5,871893763542e-01;  3,830152511597e+01
  5,722613334656e-01;  3,598718261719e+01
  5,590538382530e-01;  3,360935974121e+01
  5,471838116646e-01;  3,137723541260e+01
  5,364910364151e-01;  2,943937492371e+01
  5,179894566536e-01;  2,631065750122e+01
  5,023647546768e-01;  2,390452957153e+01
  4,893314540386e-01;  2,200767898560e+01
  4,779072701931e-01;  2,047527503967e+01
  4,640380144119e-01;  1,865465545654e+01
  4,521749615669e-01;  1,724736022949e+01
  4,395526349545e-01;  1,578992748260e+01
  4,293057024479e-01;  1,467848014832e+01
  4,189403355122e-01;  1,362220764160e+01
  4,087909162045e-01;  1,261050415039e+01
  3,987738490105e-01;  1,166415691376e+01
  3,925393223763e-01;  1,110882377625e+01
  3,883039951324e-01;  1,077352714539e+01
  3,856430053711e-01;  1,057082271576e+01
  3,835532069206e-01;  1,044053649902e+01
  3,818953037262e-01;  1,033472347260e+01
  3,817560076714e-01;  1,032476902008e+01
  3,813450038433e-01;  1,030192565918e+01
  3,810802996159e-01;  1,028643035889e+01
  3,807111084461e-01;  1,027109241486e+01
  3,796662092209e-01;  1,022694110870e+01
  3,787606358528e-01;  1,019188117981e+01
  3,780849277973e-01;  1,024405002594e+01
  3,912018537521e-01;  1,237136459351e+01
  4,031415283680e-01;  1,403061866760e+01
  4,162584245205e-01;  1,586862468719e+01
  4,300092756748e-01;  1,777787208557e+01
  4,443452358246e-01;  1,971856880188e+01
  4,585000872612e-01;  2,170195770264e+01
  4,732888340950e-01;  2,370284271240e+01
  4,876039028168e-01;  2,575556373596e+01
  4,976975917816e-01;  2,714373779297e+01
  5,124584436417e-01;  2,927769279480e+01
  5,274283289909e-01;  3,145516967773e+01
  5,375150442123e-01;  3,293058395386e+01
  5,522480607033e-01;  3,518506622314e+01
  5,623278617859e-01;  3,670170974731e+01
  5,771653652191e-01;  3,902103424072e+01
  5,920237898827e-01;  4,139601898193e+01
  6,021383404732e-01;  4,301406860352e+01
  6,169967651367e-01;  4,552286529541e+01
  6,272994279861e-01;  4,721820449829e+01
  6,420742273331e-01;  4,981126785278e+01
  6,571903824806e-01;  5,236613845825e+01
  6,720627546310e-01;  5,486694717407e+01
  6,871928572655e-01;  5,728251266479e+01
  6,972238421440e-01;  5,886044692993e+01
  7,121310234070e-01;  6,119786453247e+01
  7,221968173981e-01;  6,273285293579e+01
  7,322835326195e-01;  6,425493621826e+01
  7,473439574242e-01;  6,650473785400e+01
  7,573749423027e-01;  6,797757720947e+01
  7,718850970268e-01;  7,017171478271e+01
  7,869106531143e-01;  7,233731079102e+01
  7,969416975975e-01;  7,379505920410e+01
  8,120229840279e-01;  7,598052978516e+01
  8,222978115082e-01;  7,743027496338e+01
  8,371074795723e-01;  7,960723876953e+01
  8,474101424217e-01;  8,103082275391e+01
  8,621431589127e-01;  8,316857910156e+01
  8,772453665733e-01;  8,527339935303e+01
  8,920271396637e-01;  8,737936401367e+01
  9,020581245422e-01;  8,878377532959e+01
  9,122841954231e-01;  9,017917633057e+01
  9,224336147308e-01;  9,157511901855e+01
  9,372711181641e-01;  9,365545654297e+01
  9,474275112152e-01;  9,500632476807e+01
  9,620351195335e-01;  9,703300476074e+01
  9,721218347549e-01;  9,836064147949e+01
  9,823409318924e-01;  9,967914581299e+01
  9,970600008965e-01;  1,016639938354e+02
  1,007522940636e+00;  1,029446792603e+02
  1,022367358208e+00;  1,048501892090e+02
  1,032461047173e+00;  1,060701370239e+02
  1,042582631111e+00;  1,072476119995e+02
  1,057036995888e+00;  1,089742584229e+02
  1,067207336426e+00;  1,100632247925e+02
  1,077287077904e+00;  1,111141433716e+02
  1,092243075371e+00;  1,125987472534e+02
  1,102385520935e+00;  1,134738082886e+02
  1,112500071526e+00;  1,142448730469e+02
  1,127407193184e+00;  1,151672821045e+02
  1,137528777122e+00;  1,155788192749e+02
  1,152101635933e+00;  1,159295043945e+02
  1,162118673325e+00;  1,159795074463e+02
  1,172337770462e+00;  1,159296417236e+02
  1,187126517296e+00;  1,157825317383e+02
  1,197575449944e+00;  1,156531219482e+02
  1,212322354317e+00;  1,155446548462e+02
  1,222409129143e+00;  1,155044326782e+02
  1,232509732246e+00;  1,154800109863e+02
  1,247166156769e+00;  1,155031051636e+02
  1,257343411446e+00;  1,155157470703e+02
  1,272320270538e+00;  1,155762252808e+02
  1,287401556969e+00;  1,156695022583e+02
  1,297557950020e+00;  1,157393951416e+02
  1,312409400940e+00;  1,158588714600e+02
  1,322440385818e+00;  1,159197235107e+02
  1,332485318184e+00;  1,159941635132e+02
  1,347065091133e+00;  1,161546096802e+02
  1,357305169106e+00;  1,162645797729e+02
  1,367370963097e+00;  1,164157485962e+02
  1,382361650467e+00;  1,166509094238e+02
  1,392706155777e+00;  1,167912063599e+02
  1,407355546951e+00;  1,170350875854e+02
  1,417609453201e+00;  1,171758956909e+02
  1,432377338409e+00;  1,174093399048e+02
  1,447444796562e+00;  1,176396713257e+02
  1,462435483932e+00;  1,178655242920e+02
  1,477502942085e+00;  1,180857086182e+02
  1,487582683563e+00;  1,182251358032e+02
  1,502441048622e+00;  1,184290618896e+02
  1,512485980988e+00;  1,185470886230e+02
  1,522565722466e+00;  1,186691665649e+02
  1,537201285362e+00;  1,188860244751e+02
  1,547476053238e+00;  1,190284194946e+02
  1,562299609184e+00;  1,192836303711e+02
  1,572449088097e+00;  1,194314575195e+02
  1,582737803459e+00;  1,195571517944e+02
  1,597366333008e+00;  1,197332305908e+02
  1,607592344284e+00;  1,197942428589e+02
  1,622429847717e+00;  1,198729934692e+02
  1,637525200844e+00;  1,199123611450e+02
  1,652487993240e+00;  1,199766921997e+02
  1,667443990707e+00;  1,200985336304e+02
  1,677614331245e+00;  1,201926498413e+02
  1,687631368637e+00;  1,203012084961e+02
  1,702503681183e+00;  1,204126892090e+02
  1,712534666061e+00;  1,204371185303e+02
  1,727107524872e+00;  1,204591827393e+02
  1,737347483635e+00;  1,204395751953e+02
  1,747385382652e+00;  1,204357223511e+02
  1,762355327606e+00;  1,204288024902e+02
  1,772664904594e+00;  1,204008483887e+02
  1,787349224091e+00;  1,203586502075e+02
  1,797603130341e+00;  1,202891998291e+02
  1,812357068062e+00;  1,202144317627e+02
  1,827417492867e+00;  1,201669845581e+02
  1,842380404472e+00;  1,201906890869e+02
  1,857405900955e+00;  1,202528762817e+02
  1,867492675781e+00;  1,202897872925e+02
  1,882364988327e+00;  1,203411865234e+02
  1,892375111580e+00;  1,203411560059e+02
  1,902510643005e+00;  1,203261032104e+02
  1,917083382607e+00;  1,202834930420e+02
  1,927358269691e+00;  1,201809844971e+02
  1,937465786934e+00;  1,200472030640e+02
  1,952317237854e+00;  1,197587661743e+02
  1,962661743164e+00;  1,194958419800e+02
  1,977506279945e+00;  1,191085357666e+02
  1,987634778023e+00;  1,188508529663e+02
  2,002332925797e+00;  1,185397720337e+02
  2,017344713211e+00;  1,183135147095e+02
  2,032342433929e+00;  1,181792221069e+02
  2,047340154648e+00;  1,181079711914e+02
  2,057440757751e+00;  1,180796737671e+02
  2,067450761795e+00;  1,180815124512e+02
  2,082441568375e+00;  1,181060256958e+02
  2,092528343201e+00;  1,181319427490e+02
  2,107121944427e+00;  1,182326812744e+02
  2,117292404175e+00;  1,182935485840e+02
  2,127358198166e+00;  1,183733139038e+02
  2,142188787460e+00;  1,184979553223e+02
  2,152554035187e+00;  1,185315017700e+02
  2,167412519455e+00;  1,185400466919e+02
  2,177526950836e+00;  1,184747161865e+02
  2,192211389542e+00;  1,183566970825e+02
  2,207292556763e+00;  1,182292098999e+02
  2,217323541641e+00;  1,181561508179e+02
  2,232161045074e+00;  1,180892562866e+02
  2,242331504822e+00;  1,180194778442e+02
  2,252460002899e+00;  1,179440536499e+02
  2,267353296280e+00;  1,178193283081e+02
  2,277453899384e+00;  1,176879501343e+02
  2,292159080505e+00;  1,174928741455e+02
  2,307275295258e+00;  1,172738037109e+02
  2,317375898361e+00;  1,171362228394e+02
  2,332296848297e+00;  1,169412307739e+02
  2,342585802078e+00;  1,167914123535e+02
  2,357304811478e+00;  1,165903625488e+02
  2,367509841919e+00;  1,164253692627e+02
  2,382291793823e+00;  1,162019195557e+02
  2,397338151932e+00;  1,159896316528e+02
  2,407355308533e+00;  1,158685607910e+02
  2,422297239304e+00;  1,157309036255e+02
  2,432446718216e+00;  1,156357803345e+02
  2,442463636398e+00;  1,155519485474e+02
  2,457440614700e+00;  1,154252090454e+02
  2,472410440445e+00;  1,153093948364e+02
  2,487150430679e+00;  1,152782974243e+02
  2,497195482254e+00;  1,152916641235e+02
  2,507351636887e+00;  1,153574371338e+02
  2,522203207016e+00;  1,155050888062e+02
  2,532568454742e+00;  1,155877151489e+02
  2,547231912613e+00;  1,157171783447e+02
  2,557471990585e+00;  1,157532730103e+02
  2,572274684906e+00;  1,157910232544e+02
  2,587355852127e+00;  1,158013916016e+02
  2,602346658707e+00;  1,158048400879e+02
  2,617379188538e+00;  1,158120269775e+02
  2,627479791641e+00;  1,158131790161e+02
  2,637490034103e+00;  1,158279571533e+02
  2,652418136597e+00;  1,158433914185e+02
  2,662483930588e+00;  1,158522186279e+02
  2,677021741867e+00;  1,159076461792e+02
  2,687268733978e+00;  1,159405136108e+02
  2,697383403778e+00;  1,159920883179e+02
  2,712255716324e+00;  1,160968170166e+02
  2,722600221634e+00;  1,161516036987e+02
  2,737298488617e+00;  1,162487869263e+02
  2,747607946396e+00;  1,162755050659e+02
  2,762445449829e+00;  1,163275070190e+02
  2,777471065521e+00;  1,163557281494e+02
  2,792399168015e+00;  1,163663101196e+02
  2,807341098785e+00;  1,163479461670e+02
  2,817511558533e+00;  1,163031616211e+02
  2,827577352524e+00;  1,162453460693e+02
  2,842512369156e+00;  1,161325836182e+02
  2,852550268173e+00;  1,160404891968e+02
  2,867109298706e+00;  1,159468612671e+02
  2,877244710922e+00;  1,159014892578e+02
  2,887359380722e+00;  1,158995208740e+02
  2,902231693268e+00;  1,159523468018e+02
  2,912611007690e+00;  1,159589233398e+02
  2,927343845367e+00;  1,159500503540e+02
  2,937549114227e+00;  1,158937072754e+02
  2,952386617661e+00;  1,157929229736e+02
  2,967384338379e+00;  1,156384963989e+02
  2,982326269150e+00;  1,154187774658e+02
  2,997282266617e+00;  1,151971588135e+02
  3,007473468781e+00;  1,150630569458e+02
  3,017504453659e+00;  1,149812316895e+02
  3,032376766205e+00;  1,149760284424e+02
  3,042442560196e+00;  1,150350723267e+02
  3,057001590729e+00;  1,152528228760e+02
  3,067185878754e+00;  1,154553680420e+02
  3,077377080917e+00;  1,156988983154e+02
  3,092193603516e+00;  1,160623245239e+02
  3,102607727051e+00;  1,162435455322e+02
  3,117326736450e+00;  1,164457550049e+02
  3,127532005310e+00;  1,164995422363e+02
  3,142348527908e+00;  1,165643997192e+02
  3,157311439514e+00;  1,166459274292e+02
  3,167391300201e+00;  1,167253417969e+02
  3,182263612747e+00;  1,168915176392e+02
  3,192420005798e+00;  1,169698486328e+02
  3,202513694763e+00;  1,170137100220e+02
  3,217372179031e+00;  1,169265594482e+02
  3,227403163910e+00;  1,167511520386e+02
  3,242156982422e+00;  1,164307022095e+02
  3,257168531418e+00;  1,161148376465e+02
  3,267338991165e+00;  1,159734954834e+02
  3,282141685486e+00;  1,158092803955e+02
  3,292520999908e+00;  1,156618576050e+02
  3,307240009308e+00;  1,154208526611e+02
  3,317438125610e+00;  1,152030258179e+02
  3,332317590714e+00;  1,149050140381e+02
  3,347308397293e+00;  1,146562271118e+02
  3,357311487198e+00;  1,145209808350e+02
  3,372211694717e+00;  1,143861007690e+02
  3,382416725159e+00;  1,142782211304e+02
  3,392552137375e+00;  1,141723785400e+02
  3,407459497452e+00;  1,140120239258e+02
  3,417490482330e+00;  1,138973770142e+02
  3,432258367538e+00;  1,138011398315e+02
  3,447200298309e+00;  1,137859115601e+02
  3,457245111465e+00;  1,138204727173e+02
  3,472103595734e+00;  1,139249343872e+02
  3,482517719269e+00;  1,139884567261e+02
  3,497334241867e+00;  1,141154632568e+02
  3,507455825806e+00;  1,141867980957e+02
  3,517466068268e+00;  1,142691574097e+02
  3,532233953476e+00;  1,144252777100e+02
  3,542487859726e+00;  1,145120697021e+02
  3,557450771332e+00;  1,146705474854e+02
  3,567467689514e+00;  1,147809600830e+02
  3,577651977539e+00;  1,148919754028e+02
  3,587682962418e+00;  1,150304718018e+02
  3,602422952652e+00;  1,152728347778e+02
  3,617357969284e+00;  1,155348052979e+02
  3,632007360458e+00;  1,158168945313e+02
  3,642296075821e+00;  1,159787521362e+02
  3,657050132751e+00;  1,162307586670e+02
  3,667547702789e+00;  1,163486175537e+02
  3,677704095840e+00;  1,164661102295e+02
  3,692367553711e+00;  1,166744384766e+02
  3,702551841736e+00;  1,167939224243e+02
  3,717236042023e+00;  1,170389099121e+02
  3,727371454239e+00;  1,171977157593e+02
  3,737486124039e+00;  1,173468322754e+02
  3,752393245697e+00;  1,175663528442e+02
  3,762549638748e+00;  1,176801452637e+02
  3,772650241852e+00;  1,177721939087e+02
  3,787452936172e+00;  1,178668670654e+02
  3,797518968582e+00;  1,178809585571e+02
  3,812265872955e+00;  1,178854980469e+02
  3,827172994614e+00;  1,178738403320e+02
  3,837329387665e+00;  1,178691253662e+02
  3,852145910263e+00;  1,178409347534e+02
  3,862629652023e+00;  1,177485351563e+02
  3,877348899841e+00;  1,175731658936e+02
  3,887533187866e+00;  1,174213867188e+02
  3,902391433716e+00;  1,172094726563e+02
  3,917333602905e+00;  1,170236968994e+02
  3,927385330200e+00;  1,168899536133e+02
  3,942250728607e+00;  1,166970367432e+02
  3,952372312546e+00;  1,165422210693e+02
  3,962577581406e+00;  1,163791122437e+02
  3,977415084839e+00;  1,161438140869e+02
  3,987501621246e+00;  1,159744644165e+02
  4,002234935760e+00;  1,157609252930e+02
  4,017218589783e+00;  1,155306701660e+02
  4,027374744415e+00;  1,153442153931e+02
  4,042233467102e+00;  1,150084075928e+02
  4,052626609802e+00;  1,147263031006e+02
  4,067324638367e+00;  1,143532257080e+02
  4,077481269836e+00;  1,141174163818e+02
  4,087512016296e+00;  1,139026794434e+02
  4,102175712585e+00;  1,136200561523e+02
  4,112450122833e+00;  1,134064102173e+02
  4,127357482910e+00;  1,131239624023e+02
  4,142404079437e+00;  1,128877029419e+02
  4,152518749237e+00;  1,127562866211e+02
  4,167411804199e+00;  1,125826644897e+02
  4,177491664886e+00;  1,124063873291e+02
  4,192294120789e+00;  1,120649566650e+02
  4,207187652588e+00;  1,116178054810e+02
  4,217357635498e+00;  1,112835311890e+02
  4,232139587402e+00;  1,108004608154e+02
  4,242518901825e+00;  1,104869613647e+02
  4,257307529449e+00;  1,100683822632e+02
  4,267470836639e+00;  1,097615661621e+02
  4,277523040771e+00;  1,094449462891e+02
  4,292207241058e+00;  1,089638595581e+02
  4,302412509918e+00;  1,085876007080e+02
  4,317375183105e+00;  1,080070266724e+02
  4,327385425568e+00;  1,075944519043e+02
  4,337464809418e+00;  1,071416702271e+02
  4,347530841827e+00;  1,066733016968e+02
  4,362458705902e+00;  1,059738845825e+02
  4,372524738312e+00;  1,055306930542e+02
  4,387118339539e+00;  1,049915924072e+02
  4,397219181061e+00;  1,046789474487e+02
  4,407354831696e+00;  1,043918838501e+02
  4,422136306763e+00;  1,039438629150e+02
  4,432515621185e+00;  1,035564041138e+02
  4,447304248810e+00;  1,028815460205e+02
  4,457453727722e+00;  1,023449401855e+02
  4,467519760132e+00;  1,017891845703e+02
  4,482203960419e+00;  1,009979248047e+02
  4,492423057556e+00;  1,004986190796e+02
  4,507350921631e+00;  9,991398620605e+01
  4,522376537323e+00;  9,943228912354e+01
  4,532498359680e+00;  9,908350372314e+01
  4,547405242920e+00;  9,839832305908e+01
  4,557485103607e+00;  9,782982635498e+01
  4,572308540344e+00;  9,695449829102e+01
  4,587250709534e+00;  9,619831848145e+01
  4,597386360168e+00;  9,581682586670e+01
  4,612188816071e+00;  9,536752319336e+01
  4,622512340546e+00;  9,508150482178e+01
  4,637252330780e+00;  9,472390747070e+01
  4,647380828857e+00;  9,450717926025e+01
  4,657488822937e+00;  9,431275177002e+01
  4,672179698944e+00;  9,409663391113e+01
  4,682357311249e+00;  9,394921875000e+01
  4,697292327881e+00;  9,374185943604e+01
  4,707378864288e+00;  9,356871032715e+01
  4,717500209808e+00;  9,333631134033e+01
  4,727545261383e+00;  9,307142639160e+01
  4,742383003235e+00;  9,260426330566e+01
  4,752427577972e+00;  9,220466613770e+01
  4,767097949982e+00;  9,148360443115e+01
  4,777177810669e+00;  9,090563964844e+01
  4,787396907806e+00;  9,027219390869e+01
  4,802150726318e+00;  8,932743072510e+01
  4,812564849854e+00;  8,874877929688e+01
  4,827367782593e+00;  8,806617736816e+01
  4,837482452393e+00;  8,771634674072e+01
  4,847499370575e+00;  8,743370056152e+01
  4,862162590027e+00;  8,695615386963e+01
  4,872451305389e+00;  8,644055938721e+01
  4,887310028076e+00;  8,538593292236e+01
  4,897354602814e+00;  8,454268646240e+01
  4,907511234283e+00;  8,375314331055e+01
  4,917562961578e+00;  8,317044830322e+01
  4,932463169098e+00;  8,268605804443e+01
  4,942494392395e+00;  8,248480224609e+01
  4,957087993622e+00;  8,200343322754e+01
  4,967167854309e+00;  8,142164611816e+01
  4,977379798889e+00;  8,077263641357e+01
  4,992112636566e+00;  7,992166137695e+01
  5,002491950989e+00;  7,953946685791e+01
  5,017225265503e+00;  7,940261840820e+01
  5,027360439301e+00;  7,938880157471e+01
  5,037509918213e+00;  7,937575531006e+01
  5,052187442780e+00;  7,939085388184e+01
  5,062378406525e+00;  7,934556579590e+01
  5,077355384827e+00;  7,925735473633e+01
  5,092422962189e+00;  7,911872100830e+01
  5,102523326874e+00;  7,901795959473e+01
  5,117409706116e+00;  7,895913696289e+01
  5,127440929413e+00;  7,893341827393e+01
  5,137457847595e+00;  7,891033172607e+01
  5,152079582214e+00;  7,887984466553e+01
  5,162305355072e+00;  7,885451507568e+01
  5,177128791809e+00;  7,892029571533e+01
  5,187313079834e+00;  7,900023651123e+01
  5,197587966919e+00;  7,907202911377e+01
  5,212327957153e+00;  7,918810272217e+01
  5,222595691681e+00;  7,923547363281e+01
  5,237315177917e+00;  7,933715820313e+01
  5,252465724945e+00;  7,950218963623e+01
  5,267373085022e+00;  7,968194580078e+01
  5,282398700714e+00;  7,968925476074e+01
  5,292499542236e+00;  7,954248046875e+01
  5,307378768921e+00;  7,912198638916e+01
  5,322418212891e+00;  7,860318756104e+01
  5,337067604065e+00;  7,817633819580e+01
  5,347168445587e+00;  7,792751312256e+01
  5,357317924500e+00;  7,772085571289e+01
  5,372085571289e+00;  7,746342468262e+01
  5,382520675659e+00;  7,729360198975e+01
  5,392537593842e+00;  7,720792388916e+01
  5,407493591309e+00;  7,717036437988e+01
  5,417608261108e+00;  7,715727233887e+01
  5,432236671448e+00;  7,716603088379e+01
  5,442407131195e+00;  7,714493560791e+01
  5,457300186157e+00;  7,708398437500e+01
  5,467310428619e+00;  7,703343963623e+01
  5,477410793304e+00;  7,699178314209e+01
  5,487511634827e+00;  7,697843170166e+01
  5,502369880676e+00;  7,702662658691e+01
  5,512470722198e+00;  7,711211395264e+01
  5,527183055878e+00;  7,730241394043e+01
  5,542319774628e+00;  7,744969177246e+01
  5,552364826202e+00;  7,753102111816e+01
  5,567341804504e+00;  7,762125396729e+01
  5,577651500702e+00;  7,767938232422e+01
  5,592279911041e+00;  7,785774993896e+01
  5,602589607239e+00;  7,799809265137e+01
  5,617287635803e+00;  7,829178619385e+01
  5,627325534821e+00;  7,851055908203e+01
  5,637440204620e+00;  7,872451782227e+01
  5,652312755585e+00;  7,904751586914e+01
  5,662364482880e+00;  7,919573211670e+01
  5,672548770905e+00;  7,927901458740e+01
  5,687469959259e+00;  7,930834197998e+01
  5,702467441559e+00;  7,925208282471e+01
  5,717165946960e+00;  7,925540161133e+01
  5,727245330811e+00;  7,929894256592e+01
  5,737401962280e+00;  7,939115142822e+01
  5,752169609070e+00;  7,965339660645e+01
  5,762632846832e+00;  7,988133239746e+01
  5,777400493622e+00;  8,033995056152e+01
  5,787452220917e+00;  8,067794036865e+01
  5,797574043274e+00;  8,100698852539e+01
  5,812195301056e+00;  8,140188598633e+01
  5,822400569916e+00;  8,153552246094e+01
  5,837363719940e+00;  8,154870605469e+01
  5,847373485565e+00;  8,142134094238e+01
  5,857495307922e+00;  8,120442199707e+01
  5,867595672607e+00;  8,092083740234e+01
  5,882433414459e+00;  8,033999633789e+01
  5,892464160919e+00;  7,983605957031e+01
  5,907093048096e+00;  7,890480041504e+01
  5,917193412781e+00;  7,811283874512e+01
  5,927398681641e+00;  7,717237091064e+01
  5,942131519318e+00;  7,546195220947e+01
  5,952559947968e+00;  7,394422149658e+01
  5,967397212982e+00;  7,147503662109e+01
  5,977498054504e+00;  7,001300811768e+01
  5,987584590912e+00;  6,888446807861e+01
  6,002213001251e+00;  6,822939300537e+01
  6,012369632721e+00;  6,845780944824e+01
  6,027325630188e+00;  6,933763885498e+01
  6,042392730713e+00;  7,042491149902e+01
  6,052472591400e+00;  7,112020874023e+01
  6,067358970642e+00;  7,202635955811e+01
  6,077375888824e+00;  7,250595092773e+01
  6,087441921234e+00;  7,289710235596e+01
  6,102049350739e+00;  7,335695648193e+01
  6,112240791321e+00;  7,352081298828e+01
  6,122320652008e+00;  7,351715850830e+01
  6,137269496918e+00;  7,301108551025e+01
  6,147606849670e+00;  7,232092285156e+01
  6,162291049957e+00;  7,091178131104e+01
  6,172586917877e+00;  6,980325317383e+01
  6,187298774719e+00;  6,825361633301e+01
  6,202338695526e+00;  6,704908752441e+01
  6,212355613708e+00;  6,649222564697e+01
  6,227227687836e+00;  6,615316009521e+01
  6,237419128418e+00;  6,619263458252e+01
  6,247519969940e+00;  6,637622070313e+01
  6,262426853180e+00;  6,679136657715e+01
  6,272513866425e+00;  6,703045654297e+01
  6,287072658539e+00;  6,727783203125e+01
  6,297096729279e+00;  6,736282348633e+01
  6,307357311249e+00;  6,742243957520e+01
  6,322069644928e+00;  6,753872680664e+01
  6,332483768463e+00;  6,752435302734e+01
  6,342514514923e+00;  6,733981323242e+01
  6,357429027557e+00;  6,663101196289e+01
  6,367592334747e+00;  6,589380645752e+01
  6,382220745087e+00;  6,474971771240e+01
  6,392391204834e+00;  6,414675903320e+01
  6,402408123016e+00;  6,377659606934e+01
  6,417350292206e+00;  6,358963775635e+01
  6,427464485168e+00;  6,358224868774e+01
  6,437551498413e+00;  6,363709259033e+01
  6,452403068542e+00;  6,375070571899e+01
  6,462503433228e+00;  6,381982040405e+01
  6,477166652679e+00;  6,401304626465e+01
  6,492269039154e+00;  6,424890136719e+01
  6,502369880676e+00;  6,446891021729e+01
  6,517346382141e+00;  6,488964080811e+01
  6,527635097504e+00;  6,518914794922e+01
  6,542298793793e+00;  6,566651916504e+01
  6,552538871765e+00;  6,596491241455e+01
  6,567397117615e+00;  6,646797180176e+01
  6,582478523254e+00;  6,702714538574e+01
  6,592509269714e+00;  6,740538787842e+01
  6,607381820679e+00;  6,788645172119e+01
  6,617496490479e+00;  6,810467529297e+01
  6,627596855164e+00;  6,826316833496e+01
  6,642399787903e+00;  6,846074676514e+01
  6,652465343475e+00;  6,860856628418e+01
  6,667198657990e+00;  6,893418884277e+01
  6,682265758514e+00;  6,931256866455e+01
  6,692366600037e+00;  6,955477905273e+01
  6,707273960114e+00;  6,984931945801e+01
  6,717583179474e+00;  6,998706817627e+01
  6,732281684875e+00;  7,019174957275e+01
  6,742556571960e+00;  7,030725860596e+01
  6,757393836975e+00;  7,045365142822e+01
  6,772384643555e+00;  7,036696624756e+01
  6,787326812744e+00;  6,966366577148e+01
  6,802324295044e+00;  6,832814025879e+01
  6,812473773956e+00;  6,746683502197e+01
  6,822525501251e+00;  6,679672241211e+01
  6,837398052216e+00;  6,651851654053e+01
  6,847428798676e+00;  6,687854003906e+01
  6,862057685852e+00;  6,770501708984e+01
  6,872241973877e+00;  6,826542663574e+01
  6,882245063782e+00;  6,878307342529e+01
  6,897270679474e+00;  6,940126037598e+01
  6,907600879669e+00;  6,967161560059e+01
  6,922292232513e+00;  6,988240051270e+01
  6,932504177094e+00;  6,985212707520e+01
  6,947320938110e+00;  6,963107299805e+01
  6,962402343750e+00;  6,929246520996e+01
  6,977344512939e+00;  6,897035980225e+01
  6,992390632629e+00;  6,856491088867e+01
  7,002491474152e+00;  6,818956756592e+01
  7,012501716614e+00;  6,774031066895e+01
  7,027429580688e+00;  6,664903259277e+01
  7,037530422211e+00;  6,540721893311e+01
  7,052089214325e+00;  6,308910751343e+01
  7,062294483185e+00;  6,134663772583e+01
  7,072373867035e+00;  5,964007949829e+01
  7,087267398834e+00;  5,766569900513e+01
  7,097577095032e+00;  5,667676544189e+01
  7,112288951874e+00;  5,537744522095e+01
  7,122515201569e+00;  5,464263534546e+01
  7,137352466583e+00;  5,384340667725e+01
  7,152399063110e+00;  5,342515563965e+01
  7,162409305573e+00;  5,334785079956e+01
  7,177267551422e+00;  5,320393753052e+01
  7,187451839447e+00;  5,301590728760e+01
  7,197573661804e+00;  5,276147460938e+01
  7,212480545044e+00;  5,216418075562e+01
  7,222490787506e+00;  5,157889938354e+01
  7,237188816071e+00;  5,049705505371e+01
  7,252256393433e+00;  4,925609207153e+01
  7,262336254120e+00;  4,851556777954e+01
  7,277208328247e+00;  4,776287460327e+01
  7,287504196167e+00;  4,751830673218e+01
  7,302327632904e+00;  4,752449417114e+01
  7,312490940094e+00;  4,764502716064e+01
  7,327349662781e+00;  4,783629989624e+01
  7,342360973358e+00;  4,780779647827e+01
  7,352392196655e+00;  4,758430862427e+01
  7,367243766785e+00;  4,691363525391e+01
  7,377434730530e+00;  4,633097457886e+01
  7,387639999390e+00;  4,577714157104e+01
  7,402477264404e+00;  4,507608032227e+01
  7,412543296814e+00;  4,466724014282e+01
  7,427136898041e+00;  4,397197723389e+01
  7,442287921906e+00;  4,318773269653e+01
  7,452353954315e+00;  4,273514175415e+01
  7,467260837555e+00;  4,226641845703e+01
  7,477500915527e+00;  4,209572982788e+01
  7,492254734039e+00;  4,178446197510e+01
  7,502473831177e+00;  4,146276092529e+01
  7,517311573029e+00;  4,099088287354e+01
  7,532322883606e+00;  4,066925811768e+01
  7,542354106903e+00;  4,059678268433e+01
  7,552371025085e+00;  4,059941864014e+01
  7,567375659943e+00;  4,056688308716e+01
  7,577546119690e+00;  4,048408508301e+01
  7,592418670654e+00;  4,012205886841e+01
  7,602519035339e+00;  3,963117599487e+01
  7,617203235626e+00;  3,869277954102e+01
  7,632249832153e+00;  3,756294631958e+01
  7,642364501953e+00;  3,689853668213e+01
  7,657250881195e+00;  3,629376602173e+01
  7,667567253113e+00;  3,609072875977e+01
  7,682300567627e+00;  3,610153198242e+01
  7,692533493042e+00;  3,626828002930e+01
  7,707343101501e+00;  3,666952514648e+01
  7,722354888916e+00;  3,718917465210e+01
  7,737331390381e+00;  3,774349594116e+01
  7,752308368683e+00;  3,827181625366e+01
  7,762423038483e+00;  3,857274246216e+01
  7,772509574890e+00;  3,881540679932e+01
  7,787326335907e+00;  3,898661804199e+01
  7,797482490540e+00;  3,894673919678e+01
  7,812020778656e+00;  3,868910598755e+01
  7,822260856628e+00;  3,843616104126e+01
  7,832347393036e+00;  3,818208312988e+01
  7,847233772278e+00;  3,773139572144e+01
  7,857592105865e+00;  3,738173675537e+01
  7,872276306152e+00;  3,697772979736e+01
  7,882467746735e+00;  3,684045410156e+01
  7,897339820862e+00;  3,700965499878e+01
  7,912212371826e+00;  3,761278533936e+01
  7,922361850739e+00;  3,811888504028e+01
  7,937262058258e+00;  3,890410995483e+01
  7,947390556335e+00;  3,935384750366e+01
  7,957560539246e+00;  3,971228790283e+01
  7,972516536713e+00;  4,007230758667e+01
  7,982533454895e+00;  4,017810440063e+01
  7,997266769409e+00;  4,024602890015e+01
  8,012257575989e+00;  4,029170227051e+01
  8,022357940674e+00;  4,032414245605e+01
  8,037230491638e+00;  4,034313964844e+01
  8,047581672668e+00;  4,030163574219e+01
  8,062294006348e+00;  4,019504165649e+01
  8,072478294373e+00;  4,007758331299e+01
  8,087350845337e+00;  3,987282562256e+01
  8,102293014526e+00;  3,962857055664e+01
  8,112483978271e+00;  3,947998428345e+01
  8,127321243286e+00;  3,936974716187e+01
  8,137471199036e+00;  3,938721466064e+01
  8,147522926331e+00;  3,947858810425e+01
  8,162429809570e+00;  3,964550018311e+01
  8,172474861145e+00;  3,971127319336e+01
  8,187298774719e+00;  3,970446014404e+01
  8,202239990234e+00;  3,965539550781e+01
  8,212389945984e+00;  3,969718170166e+01
  8,227227210999e+00;  3,991211318970e+01
  8,237523078918e+00;  4,013268661499e+01
  8,247532844543e+00;  4,039331817627e+01
  8,262475013733e+00;  4,069752120972e+01
  8,272541046143e+00;  4,085857391357e+01
  8,287155151367e+00;  4,110772705078e+01
  8,297374725342e+00;  4,124724197388e+01
  8,312316894531e+00;  4,151472091675e+01
  8,322381973267e+00;  4,172833251953e+01
  8,332448005676e+00;  4,198827743530e+01
  8,342499732971e+00;  4,233224868774e+01
  8,357337951660e+00;  4,299710845947e+01
  8,367438316345e+00;  4,351087570190e+01
  8,382011413574e+00;  4,436475753784e+01
  8,392146110535e+00;  4,492930221558e+01
  8,402317047119e+00;  4,548478317261e+01
  8,417189598083e+00;  4,625740051270e+01
  8,427568435669e+00;  4,669311523438e+01
  8,442232131958e+00;  4,729831695557e+01
  8,452471733093e+00;  4,765167236328e+01
  8,467308998108e+00;  4,815457916260e+01
  8,482272148132e+00;  4,863761138916e+01
  8,497248649597e+00;  4,912482833862e+01
  8,512226104736e+00;  4,961977386475e+01
  8,522431373596e+00;  4,992687606812e+01
  8,532567024231e+00;  5,016834259033e+01
  8,547438621521e+00;  5,028850555420e+01
  8,557539939880e+00;  5,017425537109e+01
  8,572133064270e+00;  4,971482086182e+01
  8,582283020020e+00;  4,923385238647e+01
  8,592438697815e+00;  4,865537261963e+01
  8,607186317444e+00;  4,766743850708e+01
  8,617600440979e+00;  4,698269653320e+01
  8,632319450378e+00;  4,598440933228e+01
  8,642524719238e+00;  4,531453704834e+01
  8,652541160583e+00;  4,453393173218e+01
  8,667219161987e+00;  4,303202438354e+01
  8,677423477173e+00;  4,204510498047e+01
  8,692365646362e+00;  4,097007751465e+01
  8,702397346497e+00;  4,069828414917e+01
  8,712511062622e+00;  4,087646102905e+01
  8,727425575256e+00;  4,154868316650e+01
  8,742381095886e+00;  4,221685028076e+01
  8,752447128296e+00;  4,253660583496e+01
  8,767089843750e+00;  4,279008865356e+01
  8,777350425720e+00;  4,283227920532e+01
  8,792119026184e+00;  4,278896713257e+01
  8,802407264709e+00;  4,268434143066e+01
  8,812646865845e+00;  4,254005050659e+01
  8,827310562134e+00;  4,210518264771e+01
  8,837536811829e+00;  4,160440063477e+01
  8,852165222168e+00;  4,052932357788e+01
  8,862328529358e+00;  3,954272842407e+01
  8,872366905212e+00;  3,853344726563e+01
  8,887273788452e+00;  3,731864166260e+01
  8,897443771362e+00;  3,679916000366e+01
  8,907545089722e+00;  3,658597946167e+01
  8,922451972961e+00;  3,669617462158e+01
  8,932461738586e+00;  3,682162094116e+01
  8,947319984436e+00;  3,690431976318e+01
  8,962158203125e+00;  3,672329330444e+01
  8,972363471985e+00;  3,637981414795e+01
  8,987131118774e+00;  3,567477798462e+01
  8,997545242310e+00;  3,515229034424e+01
  9,012327194214e+00;  3,447307205200e+01
  9,022482872009e+00;  3,418065643311e+01
  9,032584190369e+00;  3,403758239746e+01
  9,047233581543e+00;  3,403889846802e+01
  9,057452201843e+00;  3,413811111450e+01
  9,072443008423e+00;  3,440918731689e+01
  9,087475776672e+00;  3,466419982910e+01
  9,097645759583e+00;  3,478013992310e+01
  9,112518310547e+00;  3,485989379883e+01
  9,122584342957e+00;  3,483802413940e+01
  9,137366294861e+00;  3,472592163086e+01
  9,152224540710e+00;  3,450299072266e+01
  9,162360191345e+00;  3,437762069702e+01
  9,177246093750e+00;  3,431785202026e+01
  9,187660217285e+00;  3,434807205200e+01
  9,202414512634e+00;  3,459319305420e+01
  9,212479591370e+00;  3,478492736816e+01
  9,222594261169e+00;  3,495154953003e+01
  9,237209320068e+00;  3,521396255493e+01
  9,247414588928e+00;  3,538500595093e+01
  9,262251853943e+00;  3,568709182739e+01
  9,272317886353e+00;  3,592317199707e+01
  9,282453536987e+00;  3,617047500610e+01
  9,297269821167e+00;  3,650155639648e+01
  9,311988830566e+00;  3,666286087036e+01
  9,322019577026e+00;  3,667951583862e+01
  9,336731910706e+00;  3,659848022461e+01
  9,347041130066e+00;  3,647033309937e+01
  9,357128143311e+00;  3,632428359985e+01
  9,372209548950e+00;  3,600217819214e+01
  9,382533073425e+00;  3,566548919678e+01
  9,397231101990e+00;  3,490436172485e+01
  9,407596588135e+00;  3,431772232056e+01
  9,422294616699e+00;  3,361429214478e+01
  9,437376022339e+00;  3,327093124390e+01
  9,452318191528e+00;  3,342129516602e+01
  9,462363243103e+00;  3,364562606812e+01
  9,472414970398e+00;  3,389582824707e+01
  9,482550621033e+00;  3,413260269165e+01
  9,497387886047e+00;  3,438786315918e+01
  9,507502555847e+00;  3,451242065430e+01
  9,522130966187e+00;  3,466335678101e+01
  9,532266616821e+00;  3,474192047119e+01
  9,542471885681e+00;  3,483144378662e+01
  9,557205200195e+00;  3,486004257202e+01
  9,567653656006e+00;  3,475415802002e+01
  9,582372665405e+00;  3,449258422852e+01
  9,592522621155e+00;  3,427730560303e+01
  9,602629661560e+00;  3,413803100586e+01
  9,617217063904e+00;  3,416362380981e+01
  9,627442359924e+00;  3,432129669189e+01
  9,642363548279e+00;  3,475010681152e+01
  9,657396316528e+00;  3,524394989014e+01
  9,667510986328e+00;  3,556250000000e+01
  9,677520751953e+00;  3,585415649414e+01
  9,692428588867e+00;  3,617559051514e+01
  9,702480316162e+00;  3,628388595581e+01
  9,717060089111e+00;  3,632773971558e+01
  9,727278709412e+00;  3,628979873657e+01
  9,742047309875e+00;  3,613819885254e+01
  9,752301216125e+00;  3,587333297729e+01
  9,762638092041e+00;  3,542053222656e+01
  9,777315139771e+00;  3,455392837524e+01
  9,787625312805e+00;  3,399050521851e+01
  9,802253723145e+00;  3,350368118286e+01
  9,812305450439e+00;  3,349379348755e+01
  9,822399139404e+00;  3,367330169678e+01
  9,837341308594e+00;  3,411413574219e+01
  9,847407341003e+00;  3,439417648315e+01
  9,857528686523e+00;  3,457495880127e+01
  9,870262145996e+00;  3,461779403687e+01
  9,880732536316e+00;  3,430656051636e+01
  9,891069412231e+00;  3,348558044434e+01
  9,894253730774e+00;  3,290778732300e+01
  9,895200729370e+00;  3,253529739380e+01
  9,895493507385e+00;  3,228266906738e+01
  9,895584106445e+00;  3,211911010742e+01
  9,895632743835e+00;  3,199825286865e+01
  9,895618438721e+00;  3,192450714111e+01
  9,895646095276e+00;  3,186915588379e+01
  9,895653724670e+00;  3,186368370056e+01
  9,895597457886e+00;  3,185914802551e+01
